year,prefecture_code,prefecture_name,industry_code,industry_name,establishments,establishments_flag,employment,employment_flag,shipments,shipments_flag,value_added,value_added_flag,cash_wages,cash_wages_flag,raw_materials,raw_materials_flag,production_value,production_value_flag,establishments_30_99,establishments_30_99_flag,establishments_100_299,establishments_100_299_flag,establishments_300plus,establishments_300plus_flag
2017,01,北海道,09,食料品製造業,606.0,ok,61105.0,ok,1788866.0,ok,504259.0,ok,176002.0,ok,1208897.0,ok,1728003.0,ok,443.0,ok,133.0,ok,30.0,ok
2017,01,北海道,10,飲料・たばこ・飼料製造業,33.0,ok,1954.0,ok,164274.0,ok,49727.0,ok,8532.0,ok,68700.0,ok,162347.0,ok,31.0,ok,2.0,ok,,nil_or_na
2017,01,北海道,11,繊維工業,17.0,ok,1276.0,ok,15007.0,ok,8870.0,ok,3823.0,ok,5305.0,ok,14660.0,ok,15.0,ok,1.0,ok,1.0,ok
2017,01,北海道,12,木材・木製品製造業（家具を除く）,49.0,ok,3069.0,ok,86477.0,ok,27890.0,ok,10664.0,ok,55133.0,ok,71535.0,ok,43.0,ok,6.0,ok,,nil_or_na
2017,01,北海道,13,家具・装備品製造業,25.0,ok,1401.0,ok,18592.0,ok,8791.0,ok,4350.0,ok,8544.0,ok,18228.0,ok,23.0,ok,1.0,ok,1.0,ok
2017,01,北海道,14,パルプ・紙・紙加工品製造業,46.0,ok,5282.0,ok,380144.0,ok,106642.0,ok,27979.0,ok,250733.0,ok,365034.0,ok,26.0,ok,19.0,ok,1.0,ok
2017,01,北海道,15,印刷・同関連業,55.0,ok,3878.0,ok,67934.0,ok,29799.0,ok,15443.0,ok,33635.0,ok,65274.0,ok,46.0,ok,9.0,ok,,nil_or_na
2017,01,北海道,16,化学工業,31.0,ok,2569.0,ok,140223.0,ok,53762.0,ok,13517.0,ok,76779.0,ok,129309.0,ok,23.0,ok,7.0,ok,1.0,ok
2017,01,北海道,17,石油製品・石炭製品製造業,3.0,ok,541.0,ok,898272.0,ok,-6587.0,ok,5082.0,ok,738073.0,ok,915652.0,ok,1.0,ok,2.0,ok,,nil_or_na
2017,01,北海道,18,プラスチック製品製造業（別掲を除く）,40.0,ok,2872.0,ok,63029.0,ok,24213.0,ok,10657.0,ok,34244.0,ok,52365.0,ok,35.0,ok,4.0,ok,1.0,ok
2017,01,北海道,19,ゴム製品製造業,5.0,ok,430.0,ok,8482.0,ok,3316.0,ok,1529.0,ok,4495.0,ok,6439.0,ok,4.0,ok,1.0,ok,,nil_or_na
2017,01,北海道,20,なめし革・同製品・毛皮製造業,6.0,ok,439.0,ok,6046.0,ok,2703.0,ok,1329.0,ok,2959.0,ok,4531.0,ok,4.0,ok,2.0,ok,,nil_or_na
2017,01,北海道,21,窯業・土石製品製造業,34.0,ok,1985.0,ok,76319.0,ok,28247.0,ok,7959.0,ok,40765.0,ok,60351.0,ok,30.0,ok,4.0,ok,,nil_or_na
2017,01,北海道,22,鉄鋼業,31.0,ok,5333.0,ok,342692.0,ok,70672.0,ok,27174.0,ok,256218.0,ok,319748.0,ok,21.0,ok,5.0,ok,5.0,ok
2017,01,北海道,23,非鉄金属製造業,4.0,ok,220.0,ok,7739.0,ok,2058.0,ok,945.0,ok,5426.0,ok,6146.0,ok,4.0,ok,,nil_or_na,,nil_or_na
2017,01,北海道,24,金属製品製造業,84.0,ok,5511.0,ok,185318.0,ok,64916.0,ok,24911.0,ok,109462.0,ok,169124.0,ok,76.0,ok,6.0,ok,2.0,ok
2017,01,北海道,25,はん用機械器具製造業,21.0,ok,1530.0,ok,24411.0,ok,10638.0,ok,5616.0,ok,12415.0,ok,21387.0,ok,20.0,ok,,nil_or_na,1.0,ok
2017,01,北海道,26,生産用機械器具製造業,38.0,ok,2604.0,ok,70381.0,ok,32094.0,ok,11545.0,ok,34920.0,ok,59210.0,ok,31.0,ok,7.0,ok,,nil_or_na
2017,01,北海道,27,業務用機械器具製造業,3.0,ok,118.0,ok,1481.0,ok,899.0,ok,586.0,ok,495.0,ok,1450.0,ok,3.0,ok,,nil_or_na,,nil_or_na
2017,01,北海道,28,電子部品・デバイス・電子回路製造業,24.0,ok,6089.0,ok,205449.0,ok,56382.0,ok,29322.0,ok,133217.0,ok,201140.0,ok,10.0,ok,8.0,ok,6.0,ok
2017,01,北海道,29,電気機械器具製造業,20.0,ok,1433.0,ok,32692.0,ok,10154.0,ok,5768.0,ok,21223.0,ok,31613.0,ok,18.0,ok,2.0,ok,,nil_or_na
2017,01,北海道,30,情報通信機械器具製造業,6.0,ok,998.0,ok,99713.0,ok,36035.0,ok,5585.0,ok,57648.0,ok,97673.0,ok,4.0,ok,1.0,ok,1.0,ok
2017,01,北海道,31,輸送用機械器具製造業,28.0,ok,7821.0,ok,346693.0,ok,101057.0,ok,39585.0,ok,219780.0,ok,328947.0,ok,13.0,ok,9.0,ok,6.0,ok
2017,01,北海道,32,その他の製造業,8.0,ok,744.0,ok,16700.0,ok,6740.0,ok,2818.0,ok,9165.0,ok,16022.0,ok,5.0,ok,3.0,ok,,nil_or_na
2017,02,青森,09,食料品製造業,113.0,ok,11788.0,ok,308829.0,ok,65191.0,ok,30906.0,ok,231635.0,ok,288799.0,ok,80.0,ok,27.0,ok,6.0,ok
2017,02,青森,10,飲料・たばこ・飼料製造業,11.0,ok,709.0,ok,73798.0,ok,8393.0,ok,2587.0,ok,62766.0,ok,73519.0,ok,10.0,ok,1.0,ok,,nil_or_na
2017,02,青森,11,繊維工業,42.0,ok,3838.0,ok,17733.0,ok,9892.0,ok,7369.0,ok,6537.0,ok,17352.0,ok,31.0,ok,10.0,ok,1.0,ok
2017,02,青森,12,木材・木製品製造業（家具を除く）,4.0,ok,168.0,ok,7315.0,ok,1347.0,ok,489.0,ok,5976.0,ok,5033.0,ok,4.0,ok,,nil_or_na,,nil_or_na
2017,02,青森,13,家具・装備品製造業,3.0,ok,136.0,ok,3267.0,ok,1564.0,ok,507.0,ok,1491.0,ok,2809.0,ok,3.0,ok,,nil_or_na,,nil_or_na
2017,02,青森,14,パルプ・紙・紙加工品製造業,12.0,ok,1836.0,ok,99013.0,ok,31005.0,ok,9110.0,ok,61058.0,ok,98806.0,ok,10.0,ok,,nil_or_na,2.0,ok
2017,02,青森,15,印刷・同関連業,15.0,ok,686.0,ok,9866.0,ok,3868.0,ok,2222.0,ok,5080.0,ok,9757.0,ok,14.0,ok,1.0,ok,,nil_or_na
2017,02,青森,16,化学工業,3.0,ok,412.0,ok,31922.0,ok,17793.0,ok,2675.0,ok,10590.0,ok,30055.0,ok,1.0,ok,2.0,ok,,nil_or_na
2017,02,青森,17,石油製品・石炭製品製造業,,nil_or_na,,nil_or_na,,nil_or_na,,nil_or_na,,nil_or_na,,nil_or_na,,nil_or_na,,nil_or_na,,nil_or_na,,nil_or_na
2017,02,青森,18,プラスチック製品製造業（別掲を除く）,10.0,ok,726.0,ok,15204.0,ok,4470.0,ok,2594.0,ok,10041.0,ok,9973.0,ok,7.0,ok,3.0,ok,,nil_or_na
2017,02,青森,19,ゴム製品製造業,3.0,ok,160.0,ok,1772.0,ok,1044.0,ok,569.0,ok,609.0,ok,1789.0,ok,3.0,ok,,nil_or_na,,nil_or_na
2017,02,青森,20,なめし革・同製品・毛皮製造業,,nil_or_na,,nil_or_na,,nil_or_na,,nil_or_na,,nil_or_na,,nil_or_na,,nil_or_na,,nil_or_na,,nil_or_na,,nil_or_na
2017,02,青森,21,窯業・土石製品製造業,11.0,ok,555.0,ok,21172.0,ok,7130.0,ok,2317.0,ok,11963.0,ok,16180.0,ok,11.0,ok,,nil_or_na,,nil_or_na
2017,02,青森,22,鉄鋼業,9.0,ok,1438.0,ok,83463.0,ok,17667.0,ok,6920.0,ok,61821.0,ok,73940.0,ok,5.0,ok,2.0,ok,2.0,ok
2017,02,青森,23,非鉄金属製造業,10.0,ok,3660.0,ok,350490.0,ok,242655.0,ok,23462.0,ok,85519.0,ok,334335.0,ok,5.0,ok,3.0,ok,2.0,ok
2017,02,青森,24,金属製品製造業,22.0,ok,1309.0,ok,27135.0,ok,8957.0,ok,4634.0,ok,18407.0,ok,24496.0,ok,21.0,ok,1.0,ok,,nil_or_na
2017,02,青森,25,はん用機械器具製造業,3.0,ok,127.0,ok,1845.0,ok,844.0,ok,439.0,ok,947.0,ok,1859.0,ok,3.0,ok,,nil_or_na,,nil_or_na
2017,02,青森,26,生産用機械器具製造業,13.0,ok,1182.0,ok,35053.0,ok,9361.0,ok,5536.0,ok,24755.0,ok,35057.0,ok,9.0,ok,3.0,ok,1.0,ok
2017,02,青森,27,業務用機械器具製造業,17.0,ok,4319.0,ok,120802.0,ok,31504.0,ok,17428.0,ok,85501.0,ok,120989.0,ok,10.0,ok,3.0,ok,4.0,ok
2017,02,青森,28,電子部品・デバイス・電子回路製造業,44.0,ok,6479.0,ok,363095.0,ok,52268.0,ok,21732.0,ok,302682.0,ok,361412.0,ok,25.0,ok,13.0,ok,6.0,ok
2017,02,青森,29,電気機械器具製造業,18.0,ok,2605.0,ok,47493.0,ok,17062.0,ok,9330.0,ok,29532.0,ok,47471.0,ok,10.0,ok,7.0,ok,1.0,ok
2017,02,青森,30,情報通信機械器具製造業,6.0,ok,594.0,ok,4424.0,ok,2280.0,ok,2070.0,ok,1795.0,ok,4205.0,ok,5.0,ok,1.0,ok,,nil_or_na
2017,02,青森,31,輸送用機械器具製造業,9.0,ok,1160.0,ok,47478.0,ok,23173.0,ok,4501.0,ok,20912.0,ok,43636.0,ok,3.0,ok,6.0,ok,,nil_or_na
2017,02,青森,32,その他の製造業,4.0,ok,220.0,ok,3231.0,ok,1668.0,ok,869.0,ok,1719.0,ok,3419.0,ok,4.0,ok,,nil_or_na,,nil_or_na
2017,03,岩手,09,食料品製造業,141.0,ok,14692.0,ok,320644.0,ok,99066.0,ok,39789.0,ok,206750.0,ok,309637.0,ok,99.0,ok,34.0,ok,8.0,ok
2017,03,岩手,10,飲料・たばこ・飼料製造業,7.0,ok,386.0,ok,4896.0,ok,2690.0,ok,1280.0,ok,1559.0,ok,4728.0,ok,5.0,ok,2.0,ok,,nil_or_na
2017,03,岩手,11,繊維工業,51.0,ok,3497.0,ok,24926.0,ok,10673.0,ok,7262.0,ok,13147.0,ok,24798.0,ok,44.0,ok,7.0,ok,,nil_or_na
2017,03,岩手,12,木材・木製品製造業（家具を除く）,21.0,ok,1083.0,ok,42489.0,ok,10206.0,ok,3529.0,ok,30297.0,ok,41642.0,ok,20.0,ok,1.0,ok,,nil_or_na
2017,03,岩手,13,家具・装備品製造業,3.0,ok,213.0,ok,4018.0,ok,1091.0,ok,746.0,ok,2662.0,ok,4102.0,ok,2.0,ok,1.0,ok,,nil_or_na
2017,03,岩手,14,パルプ・紙・紙加工品製造業,12.0,ok,949.0,ok,38719.0,ok,8784.0,ok,3798.0,ok,27063.0,ok,37980.0,ok,8.0,ok,4.0,ok,,nil_or_na
2017,03,岩手,15,印刷・同関連業,17.0,ok,1098.0,ok,27129.0,ok,13519.0,ok,4235.0,ok,11246.0,ok,27084.0,ok,14.0,ok,3.0,ok,,nil_or_na
2017,03,岩手,16,化学工業,9.0,ok,1338.0,ok,50502.0,ok,19859.0,ok,7218.0,ok,25211.0,ok,50862.0,ok,5.0,ok,3.0,ok,1.0,ok
2017,03,岩手,17,石油製品・石炭製品製造業,,nil_or_na,,nil_or_na,,nil_or_na,,nil_or_na,,nil_or_na,,nil_or_na,,nil_or_na,,nil_or_na,,nil_or_na,,nil_or_na
2017,03,岩手,18,プラスチック製品製造業（別掲を除く）,33.0,ok,2769.0,ok,69661.0,ok,29583.0,ok,9404.0,ok,36509.0,ok,68591.0,ok,26.0,ok,6.0,ok,1.0,ok
2017,03,岩手,19,ゴム製品製造業,5.0,ok,435.0,ok,4221.0,ok,1762.0,ok,1028.0,ok,2245.0,ok,3611.0,ok,4.0,ok,1.0,ok,,nil_or_na
2017,03,岩手,20,なめし革・同製品・毛皮製造業,5.0,ok,340.0,ok,7893.0,ok,1544.0,ok,1048.0,ok,6125.0,ok,7807.0,ok,5.0,ok,,nil_or_na,,nil_or_na
2017,03,岩手,21,窯業・土石製品製造業,21.0,ok,1295.0,ok,62500.0,ok,27529.0,ok,5845.0,ok,29622.0,ok,53570.0,ok,19.0,ok,2.0,ok,,nil_or_na
2017,03,岩手,22,鉄鋼業,18.0,ok,1773.0,ok,83122.0,ok,19463.0,ok,8850.0,ok,60327.0,ok,70239.0,ok,16.0,ok,,nil_or_na,2.0,ok
2017,03,岩手,23,非鉄金属製造業,8.0,ok,623.0,ok,21453.0,ok,10409.0,ok,2245.0,ok,9708.0,ok,20559.0,ok,6.0,ok,2.0,ok,,nil_or_na
2017,03,岩手,24,金属製品製造業,45.0,ok,4128.0,ok,96406.0,ok,35639.0,ok,17811.0,ok,56457.0,ok,83850.0,ok,35.0,ok,8.0,ok,2.0,ok
2017,03,岩手,25,はん用機械器具製造業,14.0,ok,3680.0,ok,120872.0,ok,63685.0,ok,14784.0,ok,55694.0,ok,121515.0,ok,8.0,ok,2.0,ok,4.0,ok
2017,03,岩手,26,生産用機械器具製造業,62.0,ok,6399.0,ok,191157.0,ok,62585.0,ok,29682.0,ok,131002.0,ok,200621.0,ok,48.0,ok,10.0,ok,4.0,ok
2017,03,岩手,27,業務用機械器具製造業,19.0,ok,2906.0,ok,95202.0,ok,22750.0,ok,11057.0,ok,70328.0,ok,95323.0,ok,10.0,ok,6.0,ok,3.0,ok
2017,03,岩手,28,電子部品・デバイス・電子回路製造業,46.0,ok,7109.0,ok,195505.0,ok,66679.0,ok,33807.0,ok,112130.0,ok,196432.0,ok,28.0,ok,10.0,ok,8.0,ok
2017,03,岩手,29,電気機械器具製造業,24.0,ok,2525.0,ok,46742.0,ok,16775.0,ok,8915.0,ok,27228.0,ok,46373.0,ok,16.0,ok,7.0,ok,1.0,ok
2017,03,岩手,30,情報通信機械器具製造業,16.0,ok,1773.0,ok,44230.0,ok,13538.0,ok,8216.0,ok,29088.0,ok,43339.0,ok,10.0,ok,6.0,ok,,nil_or_na
2017,03,岩手,31,輸送用機械器具製造業,31.0,ok,7173.0,ok,638921.0,ok,87049.0,ok,36968.0,ok,533132.0,ok,634544.0,ok,14.0,ok,12.0,ok,5.0,ok
2017,03,岩手,32,その他の製造業,13.0,ok,1689.0,ok,38253.0,ok,10311.0,ok,7122.0,ok,25076.0,ok,37540.0,ok,10.0,ok,1.0,ok,2.0,ok
2017,04,宮城,09,食料品製造業,199.0,ok,21231.0,ok,493362.0,ok,166457.0,ok,60550.0,ok,305313.0,ok,460472.0,ok,145.0,ok,43.0,ok,11.0,ok
2017,04,宮城,10,飲料・たばこ・飼料製造業,15.0,ok,1067.0,ok,165056.0,ok,44891.0,ok,5081.0,ok,81793.0,ok,163117.0,ok,12.0,ok,3.0,ok,,nil_or_na
2017,04,宮城,11,繊維工業,29.0,ok,1856.0,ok,13290.0,ok,7330.0,ok,4305.0,ok,5193.0,ok,13232.0,ok,25.0,ok,4.0,ok,,nil_or_na
2017,04,宮城,12,木材・木製品製造業（家具を除く）,15.0,ok,1286.0,ok,64725.0,ok,19429.0,ok,5708.0,ok,41789.0,ok,51543.0,ok,11.0,ok,4.0,ok,,nil_or_na
2017,04,宮城,13,家具・装備品製造業,5.0,ok,1106.0,ok,14766.0,ok,3365.0,ok,4360.0,ok,9361.0,ok,6731.0,ok,3.0,ok,1.0,ok,1.0,ok
2017,04,宮城,14,パルプ・紙・紙加工品製造業,18.0,ok,1937.0,ok,169283.0,ok,48251.0,ok,9932.0,ok,103440.0,ok,165216.0,ok,13.0,ok,4.0,ok,1.0,ok
2017,04,宮城,15,印刷・同関連業,37.0,ok,3091.0,ok,76337.0,ok,31462.0,ok,13120.0,ok,39847.0,ok,72182.0,ok,26.0,ok,11.0,ok,,nil_or_na
2017,04,宮城,16,化学工業,13.0,ok,1165.0,ok,67440.0,ok,30020.0,ok,4985.0,ok,35042.0,ok,65611.0,ok,10.0,ok,2.0,ok,1.0,ok
2017,04,宮城,17,石油製品・石炭製品製造業,2.0,ok,372.0,ok,,suppressed,,suppressed,,suppressed,,suppressed,,suppressed,1.0,ok,,nil_or_na,1.0,ok
2017,04,宮城,18,プラスチック製品製造業（別掲を除く）,43.0,ok,3447.0,ok,78831.0,ok,31550.0,ok,13307.0,ok,41909.0,ok,75003.0,ok,33.0,ok,10.0,ok,,nil_or_na
2017,04,宮城,19,ゴム製品製造業,13.0,ok,2484.0,ok,65120.0,ok,18821.0,ok,12064.0,ok,42413.0,ok,63753.0,ok,7.0,ok,5.0,ok,1.0,ok
2017,04,宮城,20,なめし革・同製品・毛皮製造業,1.0,ok,114.0,ok,,suppressed,,suppressed,,suppressed,,suppressed,,suppressed,,nil_or_na,1.0,ok,,nil_or_na
2017,04,宮城,21,窯業・土石製品製造業,27.0,ok,2364.0,ok,67171.0,ok,29714.0,ok,10667.0,ok,33211.0,ok,58247.0,ok,20.0,ok,5.0,ok,2.0,ok
2017,04,宮城,22,鉄鋼業,12.0,ok,1798.0,ok,150361.0,ok,21966.0,ok,9611.0,ok,122110.0,ok,149548.0,ok,8.0,ok,1.0,ok,3.0,ok
2017,04,宮城,23,非鉄金属製造業,15.0,ok,1485.0,ok,76955.0,ok,22500.0,ok,6943.0,ok,50215.0,ok,73322.0,ok,9.0,ok,6.0,ok,,nil_or_na
2017,04,宮城,24,金属製品製造業,48.0,ok,5661.0,ok,166300.0,ok,66126.0,ok,25221.0,ok,89987.0,ok,150323.0,ok,37.0,ok,9.0,ok,2.0,ok
2017,04,宮城,25,はん用機械器具製造業,11.0,ok,977.0,ok,23314.0,ok,9980.0,ok,4395.0,ok,12689.0,ok,23065.0,ok,8.0,ok,3.0,ok,,nil_or_na
2017,04,宮城,26,生産用機械器具製造業,55.0,ok,5920.0,ok,419624.0,ok,139154.0,ok,27517.0,ok,272580.0,ok,426753.0,ok,44.0,ok,9.0,ok,2.0,ok
2017,04,宮城,27,業務用機械器具製造業,16.0,ok,2551.0,ok,57195.0,ok,9257.0,ok,11081.0,ok,46653.0,ok,52211.0,ok,9.0,ok,5.0,ok,2.0,ok
2017,04,宮城,28,電子部品・デバイス・電子回路製造業,52.0,ok,13725.0,ok,515466.0,ok,293888.0,ok,64419.0,ok,197131.0,ok,482202.0,ok,27.0,ok,12.0,ok,13.0,ok
2017,04,宮城,29,電気機械器具製造業,38.0,ok,4860.0,ok,149858.0,ok,59931.0,ok,21175.0,ok,85121.0,ok,145927.0,ok,21.0,ok,14.0,ok,3.0,ok
2017,04,宮城,30,情報通信機械器具製造業,18.0,ok,3848.0,ok,126761.0,ok,31503.0,ok,19208.0,ok,92925.0,ok,125119.0,ok,8.0,ok,4.0,ok,6.0,ok
2017,04,宮城,31,輸送用機械器具製造業,49.0,ok,9458.0,ok,537750.0,ok,121017.0,ok,48711.0,ok,401231.0,ok,534646.0,ok,30.0,ok,9.0,ok,10.0,ok
2017,04,宮城,32,その他の製造業,10.0,ok,758.0,ok,29839.0,ok,8328.0,ok,2979.0,ok,19576.0,ok,29409.0,ok,7.0,ok,3.0,ok,,nil_or_na
2017,05,秋田,09,食料品製造業,52.0,ok,4901.0,ok,87875.0,ok,28829.0,ok,12670.0,ok,54444.0,ok,83248.0,ok,37.0,ok,13.0,ok,2.0,ok
2017,05,秋田,10,飲料・たばこ・飼料製造業,7.0,ok,487.0,ok,14739.0,ok,6314.0,ok,2016.0,ok,3941.0,ok,14440.0,ok,6.0,ok,1.0,ok,,nil_or_na
2017,05,秋田,11,繊維工業,68.0,ok,4015.0,ok,28235.0,ok,12386.0,ok,8149.0,ok,14283.0,ok,28224.0,ok,62.0,ok,6.0,ok,,nil_or_na
2017,05,秋田,12,木材・木製品製造業（家具を除く）,23.0,ok,1515.0,ok,58340.0,ok,18126.0,ok,5275.0,ok,37490.0,ok,56560.0,ok,18.0,ok,5.0,ok,,nil_or_na
2017,05,秋田,13,家具・装備品製造業,7.0,ok,517.0,ok,6785.0,ok,2362.0,ok,1525.0,ok,4030.0,ok,6752.0,ok,6.0,ok,1.0,ok,,nil_or_na
2017,05,秋田,14,パルプ・紙・紙加工品製造業,5.0,ok,422.0,ok,40869.0,ok,6161.0,ok,2040.0,ok,32229.0,ok,40772.0,ok,3.0,ok,2.0,ok,,nil_or_na
2017,05,秋田,15,印刷・同関連業,9.0,ok,461.0,ok,5255.0,ok,3085.0,ok,1291.0,ok,1683.0,ok,5157.0,ok,9.0,ok,,nil_or_na,,nil_or_na
2017,05,秋田,16,化学工業,6.0,ok,1477.0,ok,76166.0,ok,39957.0,ok,6632.0,ok,29298.0,ok,75438.0,ok,2.0,ok,3.0,ok,1.0,ok
2017,05,秋田,17,石油製品・石炭製品製造業,,nil_or_na,,nil_or_na,,nil_or_na,,nil_or_na,,nil_or_na,,nil_or_na,,nil_or_na,,nil_or_na,,nil_or_na,,nil_or_na
2017,05,秋田,18,プラスチック製品製造業（別掲を除く）,15.0,ok,1342.0,ok,23413.0,ok,6834.0,ok,4024.0,ok,15558.0,ok,23066.0,ok,10.0,ok,4.0,ok,1.0,ok
2017,05,秋田,19,ゴム製品製造業,6.0,ok,423.0,ok,2431.0,ok,1507.0,ok,982.0,ok,788.0,ok,2434.0,ok,5.0,ok,1.0,ok,,nil_or_na
2017,05,秋田,20,なめし革・同製品・毛皮製造業,5.0,ok,195.0,ok,1652.0,ok,788.0,ok,452.0,ok,650.0,ok,1521.0,ok,5.0,ok,,nil_or_na,,nil_or_na
2017,05,秋田,21,窯業・土石製品製造業,15.0,ok,1130.0,ok,27901.0,ok,9564.0,ok,4959.0,ok,16842.0,ok,26220.0,ok,12.0,ok,3.0,ok,,nil_or_na
2017,05,秋田,22,鉄鋼業,6.0,ok,686.0,ok,14076.0,ok,5776.0,ok,2507.0,ok,7438.0,ok,13877.0,ok,2.0,ok,4.0,ok,,nil_or_na
2017,05,秋田,23,非鉄金属製造業,10.0,ok,1228.0,ok,50261.0,ok,16508.0,ok,5691.0,ok,27702.0,ok,49505.0,ok,6.0,ok,3.0,ok,1.0,ok
2017,05,秋田,24,金属製品製造業,33.0,ok,2149.0,ok,43590.0,ok,17963.0,ok,8432.0,ok,23162.0,ok,42118.0,ok,29.0,ok,4.0,ok,,nil_or_na
2017,05,秋田,25,はん用機械器具製造業,9.0,ok,733.0,ok,13412.0,ok,5631.0,ok,2511.0,ok,6834.0,ok,12085.0,ok,7.0,ok,2.0,ok,,nil_or_na
2017,05,秋田,26,生産用機械器具製造業,47.0,ok,4213.0,ok,109848.0,ok,51893.0,ok,18831.0,ok,50314.0,ok,107285.0,ok,34.0,ok,11.0,ok,2.0,ok
2017,05,秋田,27,業務用機械器具製造業,20.0,ok,3655.0,ok,77087.0,ok,32888.0,ok,14453.0,ok,38335.0,ok,76104.0,ok,12.0,ok,7.0,ok,1.0,ok
2017,05,秋田,28,電子部品・デバイス・電子回路製造業,55.0,ok,12116.0,ok,413489.0,ok,190453.0,ok,55491.0,ok,217366.0,ok,408853.0,ok,27.0,ok,12.0,ok,16.0,ok
2017,05,秋田,29,電気機械器具製造業,22.0,ok,1697.0,ok,22309.0,ok,10647.0,ok,5471.0,ok,10645.0,ok,22613.0,ok,17.0,ok,5.0,ok,,nil_or_na
2017,05,秋田,30,情報通信機械器具製造業,7.0,ok,870.0,ok,12064.0,ok,5959.0,ok,3550.0,ok,5530.0,ok,12186.0,ok,4.0,ok,2.0,ok,1.0,ok
2017,05,秋田,31,輸送用機械器具製造業,18.0,ok,2613.0,ok,66059.0,ok,19254.0,ok,11370.0,ok,44143.0,ok,66300.0,ok,12.0,ok,4.0,ok,2.0,ok
2017,05,秋田,32,その他の製造業,7.0,ok,460.0,ok,4062.0,ok,2084.0,ok,1385.0,ok,1764.0,ok,4045.0,ok,6.0,ok,1.0,ok,,nil_or_na
2017,06,山形,09,食料品製造業,107.0,ok,11687.0,ok,290760.0,ok,91060.0,ok,34579.0,ok,186027.0,ok,282639.0,ok,75.0,ok,24.0,ok,8.0,ok
2017,06,山形,10,飲料・たばこ・飼料製造業,10.0,ok,714.0,ok,35031.0,ok,10334.0,ok,3016.0,ok,22310.0,ok,33640.0,ok,7.0,ok,3.0,ok,,nil_or_na
2017,06,山形,11,繊維工業,69.0,ok,4602.0,ok,39731.0,ok,17613.0,ok,10552.0,ok,20173.0,ok,39188.0,ok,58.0,ok,11.0,ok,,nil_or_na
2017,06,山形,12,木材・木製品製造業（家具を除く）,8.0,ok,411.0,ok,9344.0,ok,2547.0,ok,1282.0,ok,6195.0,ok,7961.0,ok,8.0,ok,,nil_or_na,,nil_or_na
2017,06,山形,13,家具・装備品製造業,12.0,ok,1147.0,ok,17713.0,ok,7429.0,ok,3982.0,ok,9131.0,ok,16315.0,ok,7.0,ok,4.0,ok,1.0,ok
2017,06,山形,14,パルプ・紙・紙加工品製造業,11.0,ok,649.0,ok,15636.0,ok,4409.0,ok,2638.0,ok,10359.0,ok,13078.0,ok,10.0,ok,1.0,ok,,nil_or_na
2017,06,山形,15,印刷・同関連業,22.0,ok,1538.0,ok,23958.0,ok,9694.0,ok,5155.0,ok,12374.0,ok,22717.0,ok,15.0,ok,7.0,ok,,nil_or_na
2017,06,山形,16,化学工業,19.0,ok,3279.0,ok,272611.0,ok,89452.0,ok,15854.0,ok,164511.0,ok,263364.0,ok,8.0,ok,7.0,ok,4.0,ok
2017,06,山形,17,石油製品・石炭製品製造業,1.0,ok,31.0,ok,,suppressed,,suppressed,,suppressed,,suppressed,,suppressed,1.0,ok,,nil_or_na,,nil_or_na
2017,06,山形,18,プラスチック製品製造業（別掲を除く）,34.0,ok,2943.0,ok,46697.0,ok,20288.0,ok,10178.0,ok,23465.0,ok,45934.0,ok,28.0,ok,5.0,ok,1.0,ok
2017,06,山形,19,ゴム製品製造業,5.0,ok,353.0,ok,,suppressed,,suppressed,,suppressed,,suppressed,,suppressed,4.0,ok,1.0,ok,,nil_or_na
2017,06,山形,20,なめし革・同製品・毛皮製造業,9.0,ok,995.0,ok,20683.0,ok,6997.0,ok,3388.0,ok,12571.0,ok,20474.0,ok,8.0,ok,,nil_or_na,1.0,ok
2017,06,山形,21,窯業・土石製品製造業,24.0,ok,2855.0,ok,65551.0,ok,33435.0,ok,13236.0,ok,28462.0,ok,63504.0,ok,18.0,ok,4.0,ok,2.0,ok
2017,06,山形,22,鉄鋼業,13.0,ok,972.0,ok,22776.0,ok,7587.0,ok,3950.0,ok,14136.0,ok,21926.0,ok,10.0,ok,3.0,ok,,nil_or_na
2017,06,山形,23,非鉄金属製造業,9.0,ok,1339.0,ok,47867.0,ok,17747.0,ok,6514.0,ok,27673.0,ok,47673.0,ok,5.0,ok,2.0,ok,2.0,ok
2017,06,山形,24,金属製品製造業,49.0,ok,3151.0,ok,71158.0,ok,28068.0,ok,12250.0,ok,39441.0,ok,71294.0,ok,42.0,ok,7.0,ok,,nil_or_na
2017,06,山形,25,はん用機械器具製造業,25.0,ok,2480.0,ok,60264.0,ok,22395.0,ok,10412.0,ok,34803.0,ok,57894.0,ok,19.0,ok,5.0,ok,1.0,ok
2017,06,山形,26,生産用機械器具製造業,99.0,ok,8827.0,ok,226480.0,ok,89560.0,ok,37239.0,ok,129451.0,ok,214442.0,ok,76.0,ok,17.0,ok,6.0,ok
2017,06,山形,27,業務用機械器具製造業,27.0,ok,2395.0,ok,46055.0,ok,15849.0,ok,8019.0,ok,30138.0,ok,47657.0,ok,20.0,ok,6.0,ok,1.0,ok
2017,06,山形,28,電子部品・デバイス・電子回路製造業,51.0,ok,13088.0,ok,464590.0,ok,274878.0,ok,69739.0,ok,188848.0,ok,503005.0,ok,20.0,ok,15.0,ok,16.0,ok
2017,06,山形,29,電気機械器具製造業,49.0,ok,5143.0,ok,139613.0,ok,48079.0,ok,20009.0,ok,86589.0,ok,138902.0,ok,37.0,ok,8.0,ok,4.0,ok
2017,06,山形,30,情報通信機械器具製造業,18.0,ok,2346.0,ok,237422.0,ok,38163.0,ok,13187.0,ok,195400.0,ok,207899.0,ok,10.0,ok,6.0,ok,2.0,ok
2017,06,山形,31,輸送用機械器具製造業,43.0,ok,6039.0,ok,126337.0,ok,49391.0,ok,25845.0,ok,67628.0,ok,124811.0,ok,24.0,ok,15.0,ok,4.0,ok
2017,06,山形,32,その他の製造業,11.0,ok,2554.0,ok,254690.0,ok,71818.0,ok,12524.0,ok,173831.0,ok,253740.0,ok,6.0,ok,1.0,ok,4.0,ok
2017,07,福島,09,食料品製造業,119.0,ok,12388.0,ok,246356.0,ok,79592.0,ok,32956.0,ok,153925.0,ok,235613.0,ok,76.0,ok,36.0,ok,7.0,ok
2017,07,福島,10,飲料・たばこ・飼料製造業,9.0,ok,571.0,ok,122523.0,ok,43002.0,ok,2522.0,ok,21202.0,ok,122658.0,ok,8.0,ok,1.0,ok,,nil_or_na
2017,07,福島,11,繊維工業,52.0,ok,3276.0,ok,25516.0,ok,10503.0,ok,7706.0,ok,13424.0,ok,25321.0,ok,46.0,ok,6.0,ok,,nil_or_na
2017,07,福島,12,木材・木製品製造業（家具を除く）,13.0,ok,1064.0,ok,31127.0,ok,8072.0,ok,3187.0,ok,21048.0,ok,30335.0,ok,11.0,ok,2.0,ok,,nil_or_na
2017,07,福島,13,家具・装備品製造業,12.0,ok,1906.0,ok,40318.0,ok,11975.0,ok,8987.0,ok,25730.0,ok,37411.0,ok,7.0,ok,2.0,ok,3.0,ok
2017,07,福島,14,パルプ・紙・紙加工品製造業,30.0,ok,2901.0,ok,186566.0,ok,37164.0,ok,12897.0,ok,135169.0,ok,177625.0,ok,20.0,ok,9.0,ok,1.0,ok
2017,07,福島,15,印刷・同関連業,25.0,ok,1533.0,ok,29473.0,ok,11935.0,ok,5482.0,ok,15276.0,ok,28425.0,ok,22.0,ok,3.0,ok,,nil_or_na
2017,07,福島,16,化学工業,56.0,ok,7554.0,ok,488213.0,ok,186291.0,ok,40949.0,ok,258127.0,ok,420975.0,ok,36.0,ok,17.0,ok,3.0,ok
2017,07,福島,17,石油製品・石炭製品製造業,,nil_or_na,,nil_or_na,,nil_or_na,,nil_or_na,,nil_or_na,,nil_or_na,,nil_or_na,,nil_or_na,,nil_or_na,,nil_or_na
2017,07,福島,18,プラスチック製品製造業（別掲を除く）,71.0,ok,7287.0,ok,205160.0,ok,65263.0,ok,28621.0,ok,129395.0,ok,190848.0,ok,52.0,ok,17.0,ok,2.0,ok
2017,07,福島,19,ゴム製品製造業,31.0,ok,5428.0,ok,194744.0,ok,89830.0,ok,25871.0,ok,92465.0,ok,192622.0,ok,18.0,ok,10.0,ok,3.0,ok
2017,07,福島,20,なめし革・同製品・毛皮製造業,7.0,ok,645.0,ok,10795.0,ok,3195.0,ok,1635.0,ok,7357.0,ok,10829.0,ok,4.0,ok,3.0,ok,,nil_or_na
2017,07,福島,21,窯業・土石製品製造業,54.0,ok,4519.0,ok,131941.0,ok,61547.0,ok,21719.0,ok,63426.0,ok,125612.0,ok,42.0,ok,10.0,ok,2.0,ok
2017,07,福島,22,鉄鋼業,20.0,ok,2539.0,ok,77854.0,ok,22686.0,ok,12482.0,ok,51575.0,ok,72438.0,ok,13.0,ok,5.0,ok,2.0,ok
2017,07,福島,23,非鉄金属製造業,24.0,ok,3346.0,ok,204523.0,ok,49572.0,ok,16507.0,ok,147326.0,ok,202082.0,ok,12.0,ok,9.0,ok,3.0,ok
2017,07,福島,24,金属製品製造業,86.0,ok,7551.0,ok,219345.0,ok,77218.0,ok,34555.0,ok,130397.0,ok,216179.0,ok,68.0,ok,16.0,ok,2.0,ok
2017,07,福島,25,はん用機械器具製造業,39.0,ok,4827.0,ok,191817.0,ok,73525.0,ok,22909.0,ok,112617.0,ok,180693.0,ok,29.0,ok,7.0,ok,3.0,ok
2017,07,福島,26,生産用機械器具製造業,76.0,ok,6111.0,ok,135405.0,ok,56585.0,ok,25281.0,ok,78315.0,ok,139029.0,ok,57.0,ok,19.0,ok,,nil_or_na
2017,07,福島,27,業務用機械器具製造業,57.0,ok,9967.0,ok,243357.0,ok,83422.0,ok,41839.0,ok,148927.0,ok,238350.0,ok,35.0,ok,16.0,ok,6.0,ok
2017,07,福島,28,電子部品・デバイス・電子回路製造業,78.0,ok,12400.0,ok,447646.0,ok,123304.0,ok,55511.0,ok,304680.0,ok,414783.0,ok,38.0,ok,29.0,ok,11.0,ok
2017,07,福島,29,電気機械器具製造業,68.0,ok,8612.0,ok,280685.0,ok,85122.0,ok,32050.0,ok,187181.0,ok,218273.0,ok,46.0,ok,16.0,ok,6.0,ok
2017,07,福島,30,情報通信機械器具製造業,47.0,ok,10995.0,ok,563862.0,ok,111702.0,ok,52750.0,ok,454137.0,ok,352964.0,ok,24.0,ok,16.0,ok,7.0,ok
2017,07,福島,31,輸送用機械器具製造業,57.0,ok,10408.0,ok,502474.0,ok,214326.0,ok,49737.0,ok,270093.0,ok,507743.0,ok,35.0,ok,11.0,ok,11.0,ok
2017,07,福島,32,その他の製造業,17.0,ok,1210.0,ok,30417.0,ok,13056.0,ok,4422.0,ok,15621.0,ok,28053.0,ok,14.0,ok,3.0,ok,,nil_or_na
2017,08,茨城,09,食料品製造業,263.0,ok,36230.0,ok,1334849.0,ok,451767.0,ok,121701.0,ok,807367.0,ok,1298375.0,ok,153.0,ok,79.0,ok,31.0,ok
2017,08,茨城,10,飲料・たばこ・飼料製造業,22.0,ok,2011.0,ok,480231.0,ok,105985.0,ok,10355.0,ok,215914.0,ok,475985.0,ok,15.0,ok,7.0,ok,,nil_or_na
2017,08,茨城,11,繊維工業,26.0,ok,2170.0,ok,48533.0,ok,14494.0,ok,8352.0,ok,27047.0,ok,46069.0,ok,19.0,ok,6.0,ok,1.0,ok
2017,08,茨城,12,木材・木製品製造業（家具を除く）,26.0,ok,2582.0,ok,138443.0,ok,35754.0,ok,10675.0,ok,94767.0,ok,125601.0,ok,19.0,ok,5.0,ok,2.0,ok
2017,08,茨城,13,家具・装備品製造業,21.0,ok,1712.0,ok,49569.0,ok,19634.0,ok,7268.0,ok,27269.0,ok,49769.0,ok,14.0,ok,7.0,ok,,nil_or_na
2017,08,茨城,14,パルプ・紙・紙加工品製造業,51.0,ok,4738.0,ok,206247.0,ok,51792.0,ok,20475.0,ok,142784.0,ok,195015.0,ok,33.0,ok,17.0,ok,1.0,ok
2017,08,茨城,15,印刷・同関連業,41.0,ok,3807.0,ok,108574.0,ok,37107.0,ok,15847.0,ok,64055.0,ok,105136.0,ok,35.0,ok,5.0,ok,1.0,ok
2017,08,茨城,16,化学工業,100.0,ok,14144.0,ok,1496715.0,ok,560334.0,ok,80625.0,ok,871639.0,ok,1481423.0,ok,61.0,ok,27.0,ok,12.0,ok
2017,08,茨城,17,石油製品・石炭製品製造業,3.0,ok,711.0,ok,,suppressed,,suppressed,,suppressed,,suppressed,,suppressed,,nil_or_na,2.0,ok,1.0,ok
2017,08,茨城,18,プラスチック製品製造業（別掲を除く）,152.0,ok,16460.0,ok,679816.0,ok,231914.0,ok,79464.0,ok,415586.0,ok,598152.0,ok,105.0,ok,38.0,ok,9.0,ok
2017,08,茨城,19,ゴム製品製造業,24.0,ok,2627.0,ok,63304.0,ok,22269.0,ok,11324.0,ok,37428.0,ok,63071.0,ok,17.0,ok,5.0,ok,2.0,ok
2017,08,茨城,20,なめし革・同製品・毛皮製造業,1.0,ok,40.0,ok,,suppressed,,suppressed,,suppressed,,suppressed,,suppressed,1.0,ok,,nil_or_na,,nil_or_na
2017,08,茨城,21,窯業・土石製品製造業,74.0,ok,5848.0,ok,230538.0,ok,95916.0,ok,29479.0,ok,120341.0,ok,225252.0,ok,56.0,ok,17.0,ok,1.0,ok
2017,08,茨城,22,鉄鋼業,43.0,ok,9602.0,ok,713907.0,ok,117426.0,ok,49735.0,ok,563138.0,ok,715878.0,ok,22.0,ok,18.0,ok,3.0,ok
2017,08,茨城,23,非鉄金属製造業,45.0,ok,8406.0,ok,553016.0,ok,165795.0,ok,50885.0,ok,381874.0,ok,553176.0,ok,24.0,ok,12.0,ok,9.0,ok
2017,08,茨城,24,金属製品製造業,176.0,ok,16983.0,ok,709520.0,ok,240500.0,ok,75179.0,ok,431416.0,ok,627134.0,ok,136.0,ok,27.0,ok,13.0,ok
2017,08,茨城,25,はん用機械器具製造業,49.0,ok,13582.0,ok,684005.0,ok,316126.0,ok,82259.0,ok,365234.0,ok,695210.0,ok,26.0,ok,10.0,ok,13.0,ok
2017,08,茨城,26,生産用機械器具製造業,90.0,ok,18022.0,ok,1232827.0,ok,519631.0,ok,99184.0,ok,730299.0,ok,1242188.0,ok,58.0,ok,21.0,ok,11.0,ok
2017,08,茨城,27,業務用機械器具製造業,49.0,ok,13628.0,ok,281294.0,ok,76096.0,ok,80309.0,ok,189946.0,ok,267072.0,ok,25.0,ok,17.0,ok,7.0,ok
2017,08,茨城,28,電子部品・デバイス・電子回路製造業,43.0,ok,7931.0,ok,278277.0,ok,132066.0,ok,48628.0,ok,124489.0,ok,274355.0,ok,21.0,ok,18.0,ok,4.0,ok
2017,08,茨城,29,電気機械器具製造業,100.0,ok,20295.0,ok,722682.0,ok,253848.0,ok,121402.0,ok,446683.0,ok,727651.0,ok,62.0,ok,28.0,ok,10.0,ok
2017,08,茨城,30,情報通信機械器具製造業,11.0,ok,1791.0,ok,55348.0,ok,15794.0,ok,8660.0,ok,38588.0,ok,52768.0,ok,8.0,ok,1.0,ok,2.0,ok
2017,08,茨城,31,輸送用機械器具製造業,82.0,ok,19305.0,ok,908538.0,ok,440174.0,ok,98530.0,ok,413439.0,ok,904774.0,ok,54.0,ok,17.0,ok,11.0,ok
2017,08,茨城,32,その他の製造業,28.0,ok,3923.0,ok,188158.0,ok,60717.0,ok,17839.0,ok,119311.0,ok,181393.0,ok,16.0,ok,10.0,ok,2.0,ok
2017,09,栃木,09,食料品製造業,158.0,ok,20690.0,ok,602943.0,ok,230562.0,ok,65179.0,ok,339518.0,ok,580967.0,ok,89.0,ok,52.0,ok,17.0,ok
2017,09,栃木,10,飲料・たばこ・飼料製造業,13.0,ok,1539.0,ok,923244.0,ok,208197.0,ok,7872.0,ok,95491.0,ok,922031.0,ok,8.0,ok,4.0,ok,1.0,ok
2017,09,栃木,11,繊維工業,27.0,ok,1459.0,ok,36961.0,ok,12883.0,ok,5188.0,ok,22073.0,ok,32642.0,ok,23.0,ok,4.0,ok,,nil_or_na
2017,09,栃木,12,木材・木製品製造業（家具を除く）,30.0,ok,1841.0,ok,74891.0,ok,16745.0,ok,7112.0,ok,56387.0,ok,68978.0,ok,26.0,ok,4.0,ok,,nil_or_na
2017,09,栃木,13,家具・装備品製造業,11.0,ok,1020.0,ok,39902.0,ok,9777.0,ok,4496.0,ok,28629.0,ok,39849.0,ok,8.0,ok,3.0,ok,,nil_or_na
2017,09,栃木,14,パルプ・紙・紙加工品製造業,43.0,ok,5207.0,ok,256688.0,ok,103348.0,ok,25203.0,ok,137733.0,ok,238554.0,ok,31.0,ok,10.0,ok,2.0,ok
2017,09,栃木,15,印刷・同関連業,28.0,ok,2106.0,ok,46610.0,ok,16521.0,ok,7909.0,ok,27222.0,ok,46080.0,ok,22.0,ok,6.0,ok,,nil_or_na
2017,09,栃木,16,化学工業,47.0,ok,6012.0,ok,658418.0,ok,228475.0,ok,29446.0,ok,383350.0,ok,640579.0,ok,28.0,ok,15.0,ok,4.0,ok
2017,09,栃木,17,石油製品・石炭製品製造業,3.0,ok,175.0,ok,,suppressed,,suppressed,,suppressed,,suppressed,,suppressed,3.0,ok,,nil_or_na,,nil_or_na
2017,09,栃木,18,プラスチック製品製造業（別掲を除く）,132.0,ok,15247.0,ok,513695.0,ok,187550.0,ok,69192.0,ok,297915.0,ok,508819.0,ok,89.0,ok,33.0,ok,10.0,ok
2017,09,栃木,19,ゴム製品製造業,28.0,ok,4393.0,ok,129651.0,ok,58110.0,ok,21944.0,ok,59528.0,ok,123056.0,ok,17.0,ok,9.0,ok,2.0,ok
2017,09,栃木,20,なめし革・同製品・毛皮製造業,2.0,ok,100.0,ok,,suppressed,,suppressed,,suppressed,,suppressed,,suppressed,2.0,ok,,nil_or_na,,nil_or_na
2017,09,栃木,21,窯業・土石製品製造業,40.0,ok,2951.0,ok,97777.0,ok,39576.0,ok,13331.0,ok,50222.0,ok,92943.0,ok,32.0,ok,7.0,ok,1.0,ok
2017,09,栃木,22,鉄鋼業,29.0,ok,2992.0,ok,201443.0,ok,45846.0,ok,16099.0,ok,148402.0,ok,198897.0,ok,19.0,ok,10.0,ok,,nil_or_na
2017,09,栃木,23,非鉄金属製造業,29.0,ok,6360.0,ok,415648.0,ok,69436.0,ok,36859.0,ok,337919.0,ok,412199.0,ok,15.0,ok,7.0,ok,7.0,ok
2017,09,栃木,24,金属製品製造業,120.0,ok,9856.0,ok,422525.0,ok,140141.0,ok,46271.0,ok,262986.0,ok,401866.0,ok,91.0,ok,26.0,ok,3.0,ok
2017,09,栃木,25,はん用機械器具製造業,40.0,ok,6209.0,ok,365359.0,ok,108784.0,ok,33086.0,ok,252131.0,ok,344448.0,ok,24.0,ok,13.0,ok,3.0,ok
2017,09,栃木,26,生産用機械器具製造業,74.0,ok,14446.0,ok,576829.0,ok,192054.0,ok,88029.0,ok,367634.0,ok,509098.0,ok,50.0,ok,14.0,ok,10.0,ok
2017,09,栃木,27,業務用機械器具製造業,59.0,ok,9399.0,ok,248941.0,ok,105435.0,ok,44404.0,ok,130196.0,ok,245983.0,ok,41.0,ok,12.0,ok,6.0,ok
2017,09,栃木,28,電子部品・デバイス・電子回路製造業,48.0,ok,6601.0,ok,252055.0,ok,95401.0,ok,33249.0,ok,149733.0,ok,236940.0,ok,27.0,ok,16.0,ok,5.0,ok
2017,09,栃木,29,電気機械器具製造業,59.0,ok,12795.0,ok,959550.0,ok,487697.0,ok,66787.0,ok,429686.0,ok,841441.0,ok,38.0,ok,13.0,ok,8.0,ok
2017,09,栃木,30,情報通信機械器具製造業,22.0,ok,4575.0,ok,211729.0,ok,55246.0,ok,24249.0,ok,148272.0,ok,208525.0,ok,13.0,ok,5.0,ok,4.0,ok
2017,09,栃木,31,輸送用機械器具製造業,133.0,ok,30425.0,ok,1506619.0,ok,381476.0,ok,166227.0,ok,1108832.0,ok,1509519.0,ok,77.0,ok,34.0,ok,22.0,ok
2017,09,栃木,32,その他の製造業,18.0,ok,2064.0,ok,59705.0,ok,29539.0,ok,8232.0,ok,26782.0,ok,59543.0,ok,12.0,ok,5.0,ok,1.0,ok
2017,10,群馬,09,食料品製造業,187.0,ok,24124.0,ok,774535.0,ok,259084.0,ok,74010.0,ok,472347.0,ok,727704.0,ok,109.0,ok,62.0,ok,16.0,ok
2017,10,群馬,10,飲料・たばこ・飼料製造業,16.0,ok,1944.0,ok,320200.0,ok,120088.0,ok,11090.0,ok,141172.0,ok,320362.0,ok,8.0,ok,7.0,ok,1.0,ok
2017,10,群馬,11,繊維工業,25.0,ok,1487.0,ok,20023.0,ok,7824.0,ok,4653.0,ok,11132.0,ok,19504.0,ok,22.0,ok,3.0,ok,,nil_or_na
2017,10,群馬,12,木材・木製品製造業（家具を除く）,14.0,ok,1007.0,ok,48150.0,ok,12962.0,ok,4525.0,ok,32752.0,ok,44835.0,ok,11.0,ok,3.0,ok,,nil_or_na
2017,10,群馬,13,家具・装備品製造業,15.0,ok,1497.0,ok,38300.0,ok,14114.0,ok,6047.0,ok,22236.0,ok,34506.0,ok,10.0,ok,4.0,ok,1.0,ok
2017,10,群馬,14,パルプ・紙・紙加工品製造業,19.0,ok,1271.0,ok,65396.0,ok,19264.0,ok,5613.0,ok,42193.0,ok,59240.0,ok,15.0,ok,4.0,ok,,nil_or_na
2017,10,群馬,15,印刷・同関連業,30.0,ok,2563.0,ok,119023.0,ok,38064.0,ok,12080.0,ok,74752.0,ok,116724.0,ok,23.0,ok,6.0,ok,1.0,ok
2017,10,群馬,16,化学工業,54.0,ok,8911.0,ok,628570.0,ok,318050.0,ok,45289.0,ok,269872.0,ok,617393.0,ok,27.0,ok,18.0,ok,9.0,ok
2017,10,群馬,17,石油製品・石炭製品製造業,,nil_or_na,,nil_or_na,,nil_or_na,,nil_or_na,,nil_or_na,,nil_or_na,,nil_or_na,,nil_or_na,,nil_or_na,,nil_or_na
2017,10,群馬,18,プラスチック製品製造業（別掲を除く）,133.0,ok,13985.0,ok,484419.0,ok,167914.0,ok,59821.0,ok,284743.0,ok,458349.0,ok,91.0,ok,35.0,ok,7.0,ok
2017,10,群馬,19,ゴム製品製造業,14.0,ok,1941.0,ok,,suppressed,,suppressed,,suppressed,,suppressed,,suppressed,10.0,ok,2.0,ok,2.0,ok
2017,10,群馬,20,なめし革・同製品・毛皮製造業,1.0,ok,48.0,ok,,suppressed,,suppressed,,suppressed,,suppressed,,suppressed,1.0,ok,,nil_or_na,,nil_or_na
2017,10,群馬,21,窯業・土石製品製造業,27.0,ok,1606.0,ok,50151.0,ok,18727.0,ok,6784.0,ok,27857.0,ok,49045.0,ok,23.0,ok,4.0,ok,,nil_or_na
2017,10,群馬,22,鉄鋼業,31.0,ok,3447.0,ok,222211.0,ok,41817.0,ok,17825.0,ok,173101.0,ok,210432.0,ok,23.0,ok,4.0,ok,4.0,ok
2017,10,群馬,23,非鉄金属製造業,24.0,ok,2592.0,ok,129671.0,ok,36034.0,ok,11291.0,ok,87806.0,ok,128931.0,ok,16.0,ok,8.0,ok,,nil_or_na
2017,10,群馬,24,金属製品製造業,145.0,ok,11949.0,ok,341502.0,ok,138622.0,ok,52172.0,ok,178415.0,ok,316321.0,ok,119.0,ok,22.0,ok,4.0,ok
2017,10,群馬,25,はん用機械器具製造業,53.0,ok,7430.0,ok,240860.0,ok,99198.0,ok,37400.0,ok,129919.0,ok,211928.0,ok,36.0,ok,12.0,ok,5.0,ok
2017,10,群馬,26,生産用機械器具製造業,86.0,ok,7142.0,ok,201705.0,ok,80531.0,ok,32928.0,ok,112156.0,ok,200296.0,ok,69.0,ok,15.0,ok,2.0,ok
2017,10,群馬,27,業務用機械器具製造業,44.0,ok,5079.0,ok,256525.0,ok,127500.0,ok,25579.0,ok,118207.0,ok,235975.0,ok,32.0,ok,8.0,ok,4.0,ok
2017,10,群馬,28,電子部品・デバイス・電子回路製造業,38.0,ok,6240.0,ok,189338.0,ok,61203.0,ok,31570.0,ok,117885.0,ok,174324.0,ok,24.0,ok,9.0,ok,5.0,ok
2017,10,群馬,29,電気機械器具製造業,78.0,ok,10497.0,ok,350369.0,ok,122495.0,ok,48344.0,ok,219637.0,ok,350695.0,ok,52.0,ok,17.0,ok,9.0,ok
2017,10,群馬,30,情報通信機械器具製造業,19.0,ok,2513.0,ok,89944.0,ok,25597.0,ok,9236.0,ok,59018.0,ok,88452.0,ok,11.0,ok,6.0,ok,2.0,ok
2017,10,群馬,31,輸送用機械器具製造業,184.0,ok,49593.0,ok,3597811.0,ok,1102547.0,ok,264205.0,ok,2447138.0,ok,3548559.0,ok,103.0,ok,51.0,ok,30.0,ok
2017,10,群馬,32,その他の製造業,24.0,ok,2222.0,ok,60685.0,ok,27482.0,ok,10400.0,ok,30549.0,ok,60416.0,ok,21.0,ok,1.0,ok,2.0,ok
2017,11,埼玉,09,食料品製造業,395.0,ok,63865.0,ok,1737961.0,ok,628703.0,ok,182894.0,ok,1011223.0,ok,1655450.0,ok,230.0,ok,102.0,ok,63.0,ok
2017,11,埼玉,10,飲料・たばこ・飼料製造業,21.0,ok,1978.0,ok,158076.0,ok,45299.0,ok,8263.0,ok,98469.0,ok,152325.0,ok,12.0,ok,9.0,ok,,nil_or_na
2017,11,埼玉,11,繊維工業,42.0,ok,2885.0,ok,59227.0,ok,19398.0,ok,9395.0,ok,37295.0,ok,47007.0,ok,37.0,ok,4.0,ok,1.0,ok
2017,11,埼玉,12,木材・木製品製造業（家具を除く）,16.0,ok,778.0,ok,41449.0,ok,12232.0,ok,3251.0,ok,27673.0,ok,38425.0,ok,15.0,ok,1.0,ok,,nil_or_na
2017,11,埼玉,13,家具・装備品製造業,25.0,ok,2020.0,ok,99541.0,ok,27688.0,ok,7670.0,ok,67940.0,ok,60963.0,ok,20.0,ok,3.0,ok,2.0,ok
2017,11,埼玉,14,パルプ・紙・紙加工品製造業,133.0,ok,9609.0,ok,404860.0,ok,131523.0,ok,41098.0,ok,250914.0,ok,379644.0,ok,107.0,ok,25.0,ok,1.0,ok
2017,11,埼玉,15,印刷・同関連業,216.0,ok,25045.0,ok,620985.0,ok,262127.0,ok,117064.0,ok,317981.0,ok,610654.0,ok,146.0,ok,59.0,ok,11.0,ok
2017,11,埼玉,16,化学工業,153.0,ok,20868.0,ok,1581915.0,ok,643072.0,ok,102612.0,ok,858568.0,ok,1515238.0,ok,96.0,ok,37.0,ok,20.0,ok
2017,11,埼玉,17,石油製品・石炭製品製造業,3.0,ok,112.0,ok,6079.0,ok,810.0,ok,626.0,ok,5135.0,ok,5353.0,ok,3.0,ok,,nil_or_na,,nil_or_na
2017,11,埼玉,18,プラスチック製品製造業（別掲を除く）,194.0,ok,17068.0,ok,537979.0,ok,204908.0,ok,75168.0,ok,301406.0,ok,517845.0,ok,153.0,ok,35.0,ok,6.0,ok
2017,11,埼玉,19,ゴム製品製造業,46.0,ok,4761.0,ok,104396.0,ok,41299.0,ok,21525.0,ok,57164.0,ok,89368.0,ok,32.0,ok,11.0,ok,3.0,ok
2017,11,埼玉,20,なめし革・同製品・毛皮製造業,9.0,ok,468.0,ok,7350.0,ok,1688.0,ok,1477.0,ok,5442.0,ok,7060.0,ok,8.0,ok,1.0,ok,,nil_or_na
2017,11,埼玉,21,窯業・土石製品製造業,51.0,ok,3385.0,ok,154797.0,ok,59345.0,ok,16753.0,ok,83971.0,ok,131406.0,ok,42.0,ok,8.0,ok,1.0,ok
2017,11,埼玉,22,鉄鋼業,50.0,ok,3717.0,ok,256115.0,ok,62274.0,ok,19405.0,ok,182544.0,ok,227449.0,ok,41.0,ok,8.0,ok,1.0,ok
2017,11,埼玉,23,非鉄金属製造業,75.0,ok,8063.0,ok,526968.0,ok,122249.0,ok,41298.0,ok,397263.0,ok,524567.0,ok,56.0,ok,12.0,ok,7.0,ok
2017,11,埼玉,24,金属製品製造業,230.0,ok,16027.0,ok,441256.0,ok,171517.0,ok,71956.0,ok,241081.0,ok,426520.0,ok,187.0,ok,42.0,ok,1.0,ok
2017,11,埼玉,25,はん用機械器具製造業,74.0,ok,10086.0,ok,365616.0,ok,167137.0,ok,50490.0,ok,189393.0,ok,336483.0,ok,49.0,ok,19.0,ok,6.0,ok
2017,11,埼玉,26,生産用機械器具製造業,153.0,ok,12904.0,ok,364133.0,ok,122302.0,ok,66552.0,ok,235343.0,ok,350705.0,ok,122.0,ok,26.0,ok,5.0,ok
2017,11,埼玉,27,業務用機械器具製造業,95.0,ok,9820.0,ok,422767.0,ok,174126.0,ok,46730.0,ok,230310.0,ok,410982.0,ok,67.0,ok,24.0,ok,4.0,ok
2017,11,埼玉,28,電子部品・デバイス・電子回路製造業,67.0,ok,10813.0,ok,344989.0,ok,137473.0,ok,53972.0,ok,197007.0,ok,340250.0,ok,45.0,ok,16.0,ok,6.0,ok
2017,11,埼玉,29,電気機械器具製造業,126.0,ok,14886.0,ok,461443.0,ok,166117.0,ok,71917.0,ok,279366.0,ok,443353.0,ok,95.0,ok,19.0,ok,12.0,ok
2017,11,埼玉,30,情報通信機械器具製造業,39.0,ok,7497.0,ok,287368.0,ok,77556.0,ok,45453.0,ok,201539.0,ok,284009.0,ok,27.0,ok,7.0,ok,5.0,ok
2017,11,埼玉,31,輸送用機械器具製造業,207.0,ok,42467.0,ok,2458360.0,ok,629411.0,ok,218726.0,ok,1760402.0,ok,2439170.0,ok,115.0,ok,64.0,ok,28.0,ok
2017,11,埼玉,32,その他の製造業,83.0,ok,7416.0,ok,197550.0,ok,68612.0,ok,30763.0,ok,118601.0,ok,182583.0,ok,64.0,ok,14.0,ok,5.0,ok
2017,12,千葉,09,食料品製造業,279.0,ok,44127.0,ok,1398560.0,ok,429043.0,ok,142784.0,ok,902034.0,ok,1354804.0,ok,165.0,ok,79.0,ok,35.0,ok
2017,12,千葉,10,飲料・たばこ・飼料製造業,23.0,ok,3143.0,ok,353304.0,ok,129744.0,ok,15438.0,ok,118941.0,ok,350901.0,ok,13.0,ok,8.0,ok,2.0,ok
2017,12,千葉,11,繊維工業,12.0,ok,938.0,ok,10979.0,ok,5909.0,ok,3067.0,ok,3750.0,ok,10888.0,ok,9.0,ok,3.0,ok,,nil_or_na
2017,12,千葉,12,木材・木製品製造業（家具を除く）,20.0,ok,1125.0,ok,48504.0,ok,10415.0,ok,4031.0,ok,36290.0,ok,43574.0,ok,19.0,ok,1.0,ok,,nil_or_na
2017,12,千葉,13,家具・装備品製造業,10.0,ok,1523.0,ok,89679.0,ok,36845.0,ok,7440.0,ok,48238.0,ok,75781.0,ok,4.0,ok,5.0,ok,1.0,ok
2017,12,千葉,14,パルプ・紙・紙加工品製造業,41.0,ok,2984.0,ok,109608.0,ok,36912.0,ok,12337.0,ok,66228.0,ok,104741.0,ok,35.0,ok,5.0,ok,1.0,ok
2017,12,千葉,15,印刷・同関連業,44.0,ok,3385.0,ok,76584.0,ok,35829.0,ok,13401.0,ok,35187.0,ok,75747.0,ok,35.0,ok,9.0,ok,,nil_or_na
2017,12,千葉,16,化学工業,135.0,ok,21037.0,ok,2171670.0,ok,766849.0,ok,122440.0,ok,1307357.0,ok,2111452.0,ok,75.0,ok,41.0,ok,19.0,ok
2017,12,千葉,17,石油製品・石炭製品製造業,11.0,ok,2222.0,ok,2506962.0,ok,222282.0,ok,16157.0,ok,1797383.0,ok,2452938.0,ok,6.0,ok,1.0,ok,4.0,ok
2017,12,千葉,18,プラスチック製品製造業（別掲を除く）,82.0,ok,7048.0,ok,245257.0,ok,82319.0,ok,31587.0,ok,147785.0,ok,234720.0,ok,59.0,ok,22.0,ok,1.0,ok
2017,12,千葉,19,ゴム製品製造業,18.0,ok,1364.0,ok,24326.0,ok,11540.0,ok,6499.0,ok,10742.0,ok,23859.0,ok,15.0,ok,3.0,ok,,nil_or_na
2017,12,千葉,20,なめし革・同製品・毛皮製造業,5.0,ok,300.0,ok,6619.0,ok,1982.0,ok,1155.0,ok,4608.0,ok,6628.0,ok,4.0,ok,1.0,ok,,nil_or_na
2017,12,千葉,21,窯業・土石製品製造業,54.0,ok,5562.0,ok,207119.0,ok,92882.0,ok,28376.0,ok,99480.0,ok,182626.0,ok,39.0,ok,12.0,ok,3.0,ok
2017,12,千葉,22,鉄鋼業,80.0,ok,15190.0,ok,1562182.0,ok,285198.0,ok,97944.0,ok,1214515.0,ok,1538844.0,ok,54.0,ok,20.0,ok,6.0,ok
2017,12,千葉,23,非鉄金属製造業,26.0,ok,4592.0,ok,183339.0,ok,60681.0,ok,28320.0,ok,113025.0,ok,150609.0,ok,16.0,ok,8.0,ok,2.0,ok
2017,12,千葉,24,金属製品製造業,160.0,ok,12847.0,ok,473697.0,ok,188619.0,ok,61674.0,ok,261511.0,ok,455414.0,ok,126.0,ok,29.0,ok,5.0,ok
2017,12,千葉,25,はん用機械器具製造業,41.0,ok,4626.0,ok,199066.0,ok,89274.0,ok,23195.0,ok,101931.0,ok,166171.0,ok,30.0,ok,7.0,ok,4.0,ok
2017,12,千葉,26,生産用機械器具製造業,84.0,ok,10019.0,ok,495032.0,ok,149765.0,ok,56044.0,ok,338046.0,ok,451495.0,ok,52.0,ok,28.0,ok,4.0,ok
2017,12,千葉,27,業務用機械器具製造業,25.0,ok,2241.0,ok,93184.0,ok,34639.0,ok,9984.0,ok,52090.0,ok,81701.0,ok,17.0,ok,8.0,ok,,nil_or_na
2017,12,千葉,28,電子部品・デバイス・電子回路製造業,26.0,ok,5676.0,ok,206782.0,ok,23439.0,ok,35038.0,ok,128267.0,ok,189784.0,ok,14.0,ok,8.0,ok,4.0,ok
2017,12,千葉,29,電気機械器具製造業,46.0,ok,5318.0,ok,153389.0,ok,55364.0,ok,26318.0,ok,96221.0,ok,149390.0,ok,31.0,ok,11.0,ok,4.0,ok
2017,12,千葉,30,情報通信機械器具製造業,7.0,ok,2049.0,ok,155993.0,ok,15177.0,ok,18297.0,ok,134093.0,ok,76259.0,ok,3.0,ok,2.0,ok,2.0,ok
2017,12,千葉,31,輸送用機械器具製造業,35.0,ok,3580.0,ok,101614.0,ok,34033.0,ok,17603.0,ok,62690.0,ok,99024.0,ok,25.0,ok,9.0,ok,1.0,ok
2017,12,千葉,32,その他の製造業,29.0,ok,2528.0,ok,97484.0,ok,32250.0,ok,10007.0,ok,61599.0,ok,89507.0,ok,22.0,ok,6.0,ok,1.0,ok
2017,13,東京,09,食料品製造業,180.0,ok,24562.0,ok,604766.0,ok,221638.0,ok,79485.0,ok,352403.0,ok,555172.0,ok,116.0,ok,41.0,ok,23.0,ok
2017,13,東京,10,飲料・たばこ・飼料製造業,8.0,ok,727.0,ok,102465.0,ok,20657.0,ok,3765.0,ok,52185.0,ok,102011.0,ok,5.0,ok,3.0,ok,,nil_or_na
2017,13,東京,11,繊維工業,18.0,ok,1023.0,ok,11624.0,ok,5030.0,ok,3280.0,ok,6062.0,ok,11545.0,ok,16.0,ok,2.0,ok,,nil_or_na
2017,13,東京,12,木材・木製品製造業（家具を除く）,2.0,ok,121.0,ok,,suppressed,,suppressed,,suppressed,,suppressed,,suppressed,2.0,ok,,nil_or_na,,nil_or_na
2017,13,東京,13,家具・装備品製造業,16.0,ok,1688.0,ok,73565.0,ok,17416.0,ok,10345.0,ok,63169.0,ok,73408.0,ok,14.0,ok,1.0,ok,1.0,ok
2017,13,東京,14,パルプ・紙・紙加工品製造業,35.0,ok,2063.0,ok,81490.0,ok,25436.0,ok,10259.0,ok,52237.0,ok,63746.0,ok,32.0,ok,3.0,ok,,nil_or_na
2017,13,東京,15,印刷・同関連業,298.0,ok,27194.0,ok,525340.0,ok,251969.0,ok,140306.0,ok,235115.0,ok,515512.0,ok,242.0,ok,46.0,ok,10.0,ok
2017,13,東京,16,化学工業,62.0,ok,9001.0,ok,315385.0,ok,149612.0,ok,50798.0,ok,146194.0,ok,301492.0,ok,43.0,ok,14.0,ok,5.0,ok
2017,13,東京,17,石油製品・石炭製品製造業,2.0,ok,100.0,ok,,suppressed,,suppressed,,suppressed,,suppressed,,suppressed,2.0,ok,,nil_or_na,,nil_or_na
2017,13,東京,18,プラスチック製品製造業（別掲を除く）,37.0,ok,2043.0,ok,40830.0,ok,17529.0,ok,8653.0,ok,20623.0,ok,34512.0,ok,35.0,ok,2.0,ok,,nil_or_na
2017,13,東京,19,ゴム製品製造業,8.0,ok,608.0,ok,11894.0,ok,3619.0,ok,3025.0,ok,8076.0,ok,12215.0,ok,7.0,ok,1.0,ok,,nil_or_na
2017,13,東京,20,なめし革・同製品・毛皮製造業,23.0,ok,1598.0,ok,39551.0,ok,17672.0,ok,5498.0,ok,20051.0,ok,33900.0,ok,20.0,ok,2.0,ok,1.0,ok
2017,13,東京,21,窯業・土石製品製造業,20.0,ok,1565.0,ok,65125.0,ok,30063.0,ok,8279.0,ok,30819.0,ok,57749.0,ok,15.0,ok,5.0,ok,,nil_or_na
2017,13,東京,22,鉄鋼業,16.0,ok,1829.0,ok,124620.0,ok,31846.0,ok,10314.0,ok,87815.0,ok,124191.0,ok,9.0,ok,6.0,ok,1.0,ok
2017,13,東京,23,非鉄金属製造業,17.0,ok,1399.0,ok,54225.0,ok,15167.0,ok,6790.0,ok,37467.0,ok,52756.0,ok,13.0,ok,3.0,ok,1.0,ok
2017,13,東京,24,金属製品製造業,98.0,ok,5497.0,ok,106996.0,ok,48850.0,ok,25443.0,ok,51023.0,ok,101499.0,ok,90.0,ok,7.0,ok,1.0,ok
2017,13,東京,25,はん用機械器具製造業,48.0,ok,4447.0,ok,122431.0,ok,55174.0,ok,23560.0,ok,65621.0,ok,117853.0,ok,38.0,ok,7.0,ok,3.0,ok
2017,13,東京,26,生産用機械器具製造業,109.0,ok,7857.0,ok,239423.0,ok,94550.0,ok,40938.0,ok,142226.0,ok,220017.0,ok,95.0,ok,12.0,ok,2.0,ok
2017,13,東京,27,業務用機械器具製造業,94.0,ok,8340.0,ok,246523.0,ok,91069.0,ok,47620.0,ok,136473.0,ok,215061.0,ok,77.0,ok,13.0,ok,4.0,ok
2017,13,東京,28,電子部品・デバイス・電子回路製造業,57.0,ok,7605.0,ok,362317.0,ok,69770.0,ok,45233.0,ok,277461.0,ok,316621.0,ok,39.0,ok,14.0,ok,4.0,ok
2017,13,東京,29,電気機械器具製造業,120.0,ok,18153.0,ok,655645.0,ok,335990.0,ok,103014.0,ok,305698.0,ok,561966.0,ok,91.0,ok,20.0,ok,9.0,ok
2017,13,東京,30,情報通信機械器具製造業,29.0,ok,6849.0,ok,555088.0,ok,236809.0,ok,46972.0,ok,316455.0,ok,469243.0,ok,20.0,ok,6.0,ok,3.0,ok
2017,13,東京,31,輸送用機械器具製造業,59.0,ok,18779.0,ok,1550925.0,ok,703804.0,ok,90969.0,ok,789900.0,ok,1565740.0,ok,38.0,ok,17.0,ok,4.0,ok
2017,13,東京,32,その他の製造業,49.0,ok,4313.0,ok,128568.0,ok,47660.0,ok,21943.0,ok,76050.0,ok,102579.0,ok,40.0,ok,8.0,ok,1.0,ok
2017,14,神奈川,09,食料品製造業,263.0,ok,46491.0,ok,1513893.0,ok,550634.0,ok,147471.0,ok,891749.0,ok,1439467.0,ok,134.0,ok,82.0,ok,47.0,ok
2017,14,神奈川,10,飲料・たばこ・飼料製造業,22.0,ok,2722.0,ok,417667.0,ok,152199.0,ok,12280.0,ok,159358.0,ok,415405.0,ok,12.0,ok,10.0,ok,,nil_or_na
2017,14,神奈川,11,繊維工業,16.0,ok,1212.0,ok,26893.0,ok,11930.0,ok,5413.0,ok,13400.0,ok,23860.0,ok,12.0,ok,4.0,ok,,nil_or_na
2017,14,神奈川,12,木材・木製品製造業（家具を除く）,6.0,ok,303.0,ok,,suppressed,,suppressed,,suppressed,,suppressed,,suppressed,6.0,ok,,nil_or_na,,nil_or_na
2017,14,神奈川,13,家具・装備品製造業,15.0,ok,1858.0,ok,61334.0,ok,24752.0,ok,7916.0,ok,33608.0,ok,58666.0,ok,9.0,ok,5.0,ok,1.0,ok
2017,14,神奈川,14,パルプ・紙・紙加工品製造業,58.0,ok,5490.0,ok,198260.0,ok,62030.0,ok,24013.0,ok,127185.0,ok,175612.0,ok,40.0,ok,16.0,ok,2.0,ok
2017,14,神奈川,15,印刷・同関連業,69.0,ok,6306.0,ok,140535.0,ok,69891.0,ok,30853.0,ok,59430.0,ok,137680.0,ok,55.0,ok,12.0,ok,2.0,ok
2017,14,神奈川,16,化学工業,125.0,ok,20451.0,ok,1826908.0,ok,717591.0,ok,119327.0,ok,1032196.0,ok,1824385.0,ok,63.0,ok,46.0,ok,16.0,ok
2017,14,神奈川,17,石油製品・石炭製品製造業,13.0,ok,2635.0,ok,2214666.0,ok,261279.0,ok,20119.0,ok,1402213.0,ok,2203714.0,ok,10.0,ok,,nil_or_na,3.0,ok
2017,14,神奈川,18,プラスチック製品製造業（別掲を除く）,122.0,ok,10781.0,ok,431653.0,ok,164898.0,ok,53606.0,ok,235009.0,ok,416347.0,ok,97.0,ok,19.0,ok,6.0,ok
2017,14,神奈川,19,ゴム製品製造業,14.0,ok,3082.0,ok,64459.0,ok,16945.0,ok,17988.0,ok,41897.0,ok,46620.0,ok,7.0,ok,6.0,ok,1.0,ok
2017,14,神奈川,20,なめし革・同製品・毛皮製造業,1.0,ok,108.0,ok,,suppressed,,suppressed,,suppressed,,suppressed,,suppressed,,nil_or_na,1.0,ok,,nil_or_na
2017,14,神奈川,21,窯業・土石製品製造業,44.0,ok,5352.0,ok,187499.0,ok,75432.0,ok,33321.0,ok,93457.0,ok,174739.0,ok,33.0,ok,6.0,ok,5.0,ok
2017,14,神奈川,22,鉄鋼業,41.0,ok,7115.0,ok,560138.0,ok,56691.0,ok,46342.0,ok,487387.0,ok,548178.0,ok,27.0,ok,10.0,ok,4.0,ok
2017,14,神奈川,23,非鉄金属製造業,41.0,ok,5746.0,ok,360206.0,ok,98421.0,ok,29695.0,ok,255399.0,ok,359866.0,ok,24.0,ok,11.0,ok,6.0,ok
2017,14,神奈川,24,金属製品製造業,173.0,ok,16235.0,ok,501140.0,ok,183960.0,ok,85257.0,ok,291085.0,ok,414297.0,ok,142.0,ok,23.0,ok,8.0,ok
2017,14,神奈川,25,はん用機械器具製造業,96.0,ok,19138.0,ok,802602.0,ok,223036.0,ok,114221.0,ok,569460.0,ok,685389.0,ok,55.0,ok,28.0,ok,13.0,ok
2017,14,神奈川,26,生産用機械器具製造業,179.0,ok,22739.0,ok,998356.0,ok,294737.0,ok,135261.0,ok,704117.0,ok,919667.0,ok,119.0,ok,46.0,ok,14.0,ok
2017,14,神奈川,27,業務用機械器具製造業,89.0,ok,12632.0,ok,582741.0,ok,188352.0,ok,81011.0,ok,371179.0,ok,543580.0,ok,63.0,ok,20.0,ok,6.0,ok
2017,14,神奈川,28,電子部品・デバイス・電子回路製造業,88.0,ok,10024.0,ok,349706.0,ok,152535.0,ok,53427.0,ok,173869.0,ok,343592.0,ok,62.0,ok,18.0,ok,8.0,ok
2017,14,神奈川,29,電気機械器具製造業,134.0,ok,18792.0,ok,598573.0,ok,182127.0,ok,105114.0,ok,379510.0,ok,552812.0,ok,87.0,ok,36.0,ok,11.0,ok
2017,14,神奈川,30,情報通信機械器具製造業,57.0,ok,11718.0,ok,669794.0,ok,225379.0,ok,83605.0,ok,453428.0,ok,673199.0,ok,30.0,ok,17.0,ok,10.0,ok
2017,14,神奈川,31,輸送用機械器具製造業,198.0,ok,55262.0,ok,3971586.0,ok,962053.0,ok,311240.0,ok,2901621.0,ok,3950773.0,ok,117.0,ok,45.0,ok,36.0,ok
2017,14,神奈川,32,その他の製造業,40.0,ok,3499.0,ok,81870.0,ok,30092.0,ok,17149.0,ok,46493.0,ok,78629.0,ok,28.0,ok,11.0,ok,1.0,ok
2017,15,新潟,09,食料品製造業,193.0,ok,26504.0,ok,629342.0,ok,259863.0,ok,83388.0,ok,331808.0,ok,607919.0,ok,117.0,ok,53.0,ok,23.0,ok
2017,15,新潟,10,飲料・たばこ・飼料製造業,22.0,ok,1478.0,ok,45909.0,ok,18957.0,ok,7703.0,ok,18056.0,ok,44659.0,ok,18.0,ok,4.0,ok,,nil_or_na
2017,15,新潟,11,繊維工業,82.0,ok,5977.0,ok,53816.0,ok,27817.0,ok,16683.0,ok,21430.0,ok,50995.0,ok,71.0,ok,10.0,ok,1.0,ok
2017,15,新潟,12,木材・木製品製造業（家具を除く）,9.0,ok,681.0,ok,16878.0,ok,5621.0,ok,2525.0,ok,10417.0,ok,15118.0,ok,7.0,ok,2.0,ok,,nil_or_na
2017,15,新潟,13,家具・装備品製造業,17.0,ok,1595.0,ok,26024.0,ok,9445.0,ok,6273.0,ok,15343.0,ok,25231.0,ok,13.0,ok,3.0,ok,1.0,ok
2017,15,新潟,14,パルプ・紙・紙加工品製造業,32.0,ok,3002.0,ok,207717.0,ok,70121.0,ok,12878.0,ok,121313.0,ok,205848.0,ok,27.0,ok,3.0,ok,2.0,ok
2017,15,新潟,15,印刷・同関連業,46.0,ok,3531.0,ok,61492.0,ok,23378.0,ok,12232.0,ok,33932.0,ok,56787.0,ok,33.0,ok,13.0,ok,,nil_or_na
2017,15,新潟,16,化学工業,30.0,ok,7241.0,ok,590260.0,ok,228843.0,ok,42250.0,ok,334460.0,ok,482046.0,ok,12.0,ok,11.0,ok,7.0,ok
2017,15,新潟,17,石油製品・石炭製品製造業,2.0,ok,64.0,ok,,suppressed,,suppressed,,suppressed,,suppressed,,suppressed,2.0,ok,,nil_or_na,,nil_or_na
2017,15,新潟,18,プラスチック製品製造業（別掲を除く）,64.0,ok,5884.0,ok,159180.0,ok,48101.0,ok,22048.0,ok,104281.0,ok,139290.0,ok,46.0,ok,15.0,ok,3.0,ok
2017,15,新潟,19,ゴム製品製造業,8.0,ok,728.0,ok,11998.0,ok,4644.0,ok,2415.0,ok,6631.0,ok,11282.0,ok,5.0,ok,3.0,ok,,nil_or_na
2017,15,新潟,20,なめし革・同製品・毛皮製造業,2.0,ok,169.0,ok,,suppressed,,suppressed,,suppressed,,suppressed,,suppressed,2.0,ok,,nil_or_na,,nil_or_na
2017,15,新潟,21,窯業・土石製品製造業,31.0,ok,2090.0,ok,57333.0,ok,17220.0,ok,8962.0,ok,36376.0,ok,55406.0,ok,25.0,ok,5.0,ok,1.0,ok
2017,15,新潟,22,鉄鋼業,44.0,ok,4192.0,ok,173759.0,ok,42101.0,ok,18940.0,ok,122035.0,ok,162063.0,ok,35.0,ok,7.0,ok,2.0,ok
2017,15,新潟,23,非鉄金属製造業,14.0,ok,1660.0,ok,58873.0,ok,19306.0,ok,7442.0,ok,36643.0,ok,59199.0,ok,9.0,ok,4.0,ok,1.0,ok
2017,15,新潟,24,金属製品製造業,197.0,ok,15165.0,ok,366624.0,ok,135432.0,ok,59322.0,ok,208338.0,ok,343000.0,ok,155.0,ok,40.0,ok,2.0,ok
2017,15,新潟,25,はん用機械器具製造業,59.0,ok,8071.0,ok,217204.0,ok,88078.0,ok,36934.0,ok,120891.0,ok,211171.0,ok,35.0,ok,18.0,ok,6.0,ok
2017,15,新潟,26,生産用機械器具製造業,135.0,ok,11153.0,ok,291595.0,ok,119052.0,ok,49745.0,ok,166231.0,ok,291123.0,ok,106.0,ok,24.0,ok,5.0,ok
2017,15,新潟,27,業務用機械器具製造業,28.0,ok,3470.0,ok,144150.0,ok,49970.0,ok,16081.0,ok,86583.0,ok,140269.0,ok,18.0,ok,8.0,ok,2.0,ok
2017,15,新潟,28,電子部品・デバイス・電子回路製造業,88.0,ok,16127.0,ok,338397.0,ok,140446.0,ok,76050.0,ok,172643.0,ok,309537.0,ok,54.0,ok,20.0,ok,14.0,ok
2017,15,新潟,29,電気機械器具製造業,76.0,ok,8400.0,ok,278206.0,ok,84809.0,ok,35847.0,ok,184558.0,ok,262813.0,ok,57.0,ok,11.0,ok,8.0,ok
2017,15,新潟,30,情報通信機械器具製造業,14.0,ok,1868.0,ok,98232.0,ok,23776.0,ok,7916.0,ok,68324.0,ok,90617.0,ok,8.0,ok,4.0,ok,2.0,ok
2017,15,新潟,31,輸送用機械器具製造業,75.0,ok,8457.0,ok,232279.0,ok,81213.0,ok,35847.0,ok,140534.0,ok,224379.0,ok,50.0,ok,21.0,ok,4.0,ok
2017,15,新潟,32,その他の製造業,11.0,ok,1110.0,ok,17310.0,ok,11502.0,ok,4304.0,ok,4514.0,ok,16855.0,ok,8.0,ok,2.0,ok,1.0,ok
2017,16,富山,09,食料品製造業,77.0,ok,6013.0,ok,125477.0,ok,37839.0,ok,16615.0,ok,80820.0,ok,119188.0,ok,61.0,ok,16.0,ok,,nil_or_na
2017,16,富山,10,飲料・たばこ・飼料製造業,9.0,ok,802.0,ok,54614.0,ok,13446.0,ok,2737.0,ok,38902.0,ok,54340.0,ok,6.0,ok,3.0,ok,,nil_or_na
2017,16,富山,11,繊維工業,45.0,ok,3178.0,ok,58656.0,ok,20093.0,ok,11025.0,ok,34436.0,ok,53644.0,ok,37.0,ok,8.0,ok,,nil_or_na
2017,16,富山,12,木材・木製品製造業（家具を除く）,13.0,ok,735.0,ok,17732.0,ok,5106.0,ok,2995.0,ok,11732.0,ok,16341.0,ok,12.0,ok,1.0,ok,,nil_or_na
2017,16,富山,13,家具・装備品製造業,13.0,ok,933.0,ok,29380.0,ok,9726.0,ok,3857.0,ok,17903.0,ok,29149.0,ok,11.0,ok,2.0,ok,,nil_or_na
2017,16,富山,14,パルプ・紙・紙加工品製造業,25.0,ok,3113.0,ok,135881.0,ok,39893.0,ok,12848.0,ok,84536.0,ok,115475.0,ok,13.0,ok,11.0,ok,1.0,ok
2017,16,富山,15,印刷・同関連業,20.0,ok,1471.0,ok,27215.0,ok,10820.0,ok,5364.0,ok,14692.0,ok,25828.0,ok,16.0,ok,3.0,ok,1.0,ok
2017,16,富山,16,化学工業,78.0,ok,14138.0,ok,706488.0,ok,262665.0,ok,70875.0,ok,385996.0,ok,606168.0,ok,31.0,ok,30.0,ok,17.0,ok
2017,16,富山,17,石油製品・石炭製品製造業,,nil_or_na,,nil_or_na,,nil_or_na,,nil_or_na,,nil_or_na,,nil_or_na,,nil_or_na,,nil_or_na,,nil_or_na,,nil_or_na
2017,16,富山,18,プラスチック製品製造業（別掲を除く）,66.0,ok,6692.0,ok,148088.0,ok,56405.0,ok,26178.0,ok,81967.0,ok,134995.0,ok,43.0,ok,19.0,ok,4.0,ok
2017,16,富山,19,ゴム製品製造業,5.0,ok,932.0,ok,13020.0,ok,6208.0,ok,3880.0,ok,5942.0,ok,11945.0,ok,2.0,ok,2.0,ok,1.0,ok
2017,16,富山,20,なめし革・同製品・毛皮製造業,2.0,ok,144.0,ok,,suppressed,,suppressed,,suppressed,,suppressed,,suppressed,2.0,ok,,nil_or_na,,nil_or_na
2017,16,富山,21,窯業・土石製品製造業,26.0,ok,1854.0,ok,44824.0,ok,19415.0,ok,7581.0,ok,22331.0,ok,41021.0,ok,22.0,ok,4.0,ok,,nil_or_na
2017,16,富山,22,鉄鋼業,24.0,ok,3925.0,ok,167753.0,ok,43452.0,ok,21259.0,ok,116460.0,ok,159931.0,ok,13.0,ok,9.0,ok,2.0,ok
2017,16,富山,23,非鉄金属製造業,24.0,ok,5910.0,ok,353263.0,ok,67904.0,ok,30665.0,ok,273659.0,ok,314307.0,ok,13.0,ok,6.0,ok,5.0,ok
2017,16,富山,24,金属製品製造業,128.0,ok,14876.0,ok,341130.0,ok,120890.0,ok,67329.0,ok,200013.0,ok,329748.0,ok,92.0,ok,29.0,ok,7.0,ok
2017,16,富山,25,はん用機械器具製造業,25.0,ok,2259.0,ok,61147.0,ok,21143.0,ok,10182.0,ok,37125.0,ok,61345.0,ok,18.0,ok,6.0,ok,1.0,ok
2017,16,富山,26,生産用機械器具製造業,97.0,ok,12196.0,ok,488502.0,ok,158542.0,ok,63663.0,ok,334537.0,ok,491290.0,ok,74.0,ok,18.0,ok,5.0,ok
2017,16,富山,27,業務用機械器具製造業,6.0,ok,719.0,ok,35167.0,ok,10738.0,ok,3409.0,ok,23145.0,ok,35044.0,ok,1.0,ok,5.0,ok,,nil_or_na
2017,16,富山,28,電子部品・デバイス・電子回路製造業,46.0,ok,8729.0,ok,329162.0,ok,138556.0,ok,48819.0,ok,168229.0,ok,331553.0,ok,26.0,ok,13.0,ok,7.0,ok
2017,16,富山,29,電気機械器具製造業,21.0,ok,1786.0,ok,37829.0,ok,15746.0,ok,6702.0,ok,21001.0,ok,36472.0,ok,14.0,ok,6.0,ok,1.0,ok
2017,16,富山,30,情報通信機械器具製造業,4.0,ok,300.0,ok,,suppressed,,suppressed,,suppressed,,suppressed,,suppressed,4.0,ok,,nil_or_na,,nil_or_na
2017,16,富山,31,輸送用機械器具製造業,32.0,ok,5200.0,ok,143173.0,ok,51023.0,ok,27222.0,ok,80783.0,ok,140719.0,ok,17.0,ok,9.0,ok,6.0,ok
2017,16,富山,32,その他の製造業,12.0,ok,5111.0,ok,130423.0,ok,53779.0,ok,26100.0,ok,65085.0,ok,128794.0,ok,8.0,ok,3.0,ok,1.0,ok
2017,17,石川,09,食料品製造業,89.0,ok,8941.0,ok,144215.0,ok,56160.0,ok,24305.0,ok,80520.0,ok,138625.0,ok,61.0,ok,23.0,ok,5.0,ok
2017,17,石川,10,飲料・たばこ・飼料製造業,4.0,ok,261.0,ok,5519.0,ok,3007.0,ok,1078.0,ok,1748.0,ok,5636.0,ok,3.0,ok,1.0,ok,,nil_or_na
2017,17,石川,11,繊維工業,75.0,ok,6200.0,ok,143859.0,ok,53888.0,ok,23545.0,ok,79596.0,ok,137353.0,ok,62.0,ok,11.0,ok,2.0,ok
2017,17,石川,12,木材・木製品製造業（家具を除く）,4.0,ok,361.0,ok,14516.0,ok,2928.0,ok,1479.0,ok,10867.0,ok,13066.0,ok,3.0,ok,1.0,ok,,nil_or_na
2017,17,石川,13,家具・装備品製造業,7.0,ok,2232.0,ok,51008.0,ok,26469.0,ok,11108.0,ok,20496.0,ok,50945.0,ok,5.0,ok,,nil_or_na,2.0,ok
2017,17,石川,14,パルプ・紙・紙加工品製造業,11.0,ok,663.0,ok,15544.0,ok,4961.0,ok,2446.0,ok,9419.0,ok,14948.0,ok,10.0,ok,1.0,ok,,nil_or_na
2017,17,石川,15,印刷・同関連業,30.0,ok,2832.0,ok,65434.0,ok,27455.0,ok,11335.0,ok,33843.0,ok,59909.0,ok,23.0,ok,5.0,ok,2.0,ok
2017,17,石川,16,化学工業,12.0,ok,2055.0,ok,160313.0,ok,89466.0,ok,9872.0,ok,59629.0,ok,156799.0,ok,3.0,ok,7.0,ok,2.0,ok
2017,17,石川,17,石油製品・石炭製品製造業,1.0,ok,51.0,ok,,suppressed,,suppressed,,suppressed,,suppressed,,suppressed,1.0,ok,,nil_or_na,,nil_or_na
2017,17,石川,18,プラスチック製品製造業（別掲を除く）,24.0,ok,2078.0,ok,44127.0,ok,19101.0,ok,8721.0,ok,21794.0,ok,42972.0,ok,18.0,ok,5.0,ok,1.0,ok
2017,17,石川,19,ゴム製品製造業,2.0,ok,128.0,ok,,suppressed,,suppressed,,suppressed,,suppressed,,suppressed,2.0,ok,,nil_or_na,,nil_or_na
2017,17,石川,20,なめし革・同製品・毛皮製造業,,nil_or_na,,nil_or_na,,nil_or_na,,nil_or_na,,nil_or_na,,nil_or_na,,nil_or_na,,nil_or_na,,nil_or_na,,nil_or_na
2017,17,石川,21,窯業・土石製品製造業,12.0,ok,1374.0,ok,44013.0,ok,25548.0,ok,6306.0,ok,15447.0,ok,37471.0,ok,7.0,ok,4.0,ok,1.0,ok
2017,17,石川,22,鉄鋼業,14.0,ok,990.0,ok,35113.0,ok,11165.0,ok,4604.0,ok,22358.0,ok,33920.0,ok,12.0,ok,2.0,ok,,nil_or_na
2017,17,石川,23,非鉄金属製造業,3.0,ok,698.0,ok,25687.0,ok,10399.0,ok,3679.0,ok,14191.0,ok,26165.0,ok,,nil_or_na,3.0,ok,,nil_or_na
2017,17,石川,24,金属製品製造業,61.0,ok,4623.0,ok,98588.0,ok,40016.0,ok,20398.0,ok,53667.0,ok,98669.0,ok,46.0,ok,15.0,ok,,nil_or_na
2017,17,石川,25,はん用機械器具製造業,34.0,ok,3567.0,ok,94122.0,ok,32279.0,ok,16464.0,ok,57195.0,ok,88075.0,ok,22.0,ok,11.0,ok,1.0,ok
2017,17,石川,26,生産用機械器具製造業,119.0,ok,16228.0,ok,704135.0,ok,198929.0,ok,82939.0,ok,499949.0,ok,703947.0,ok,84.0,ok,22.0,ok,13.0,ok
2017,17,石川,27,業務用機械器具製造業,8.0,ok,1899.0,ok,106437.0,ok,36559.0,ok,9762.0,ok,67807.0,ok,107691.0,ok,2.0,ok,5.0,ok,1.0,ok
2017,17,石川,28,電子部品・デバイス・電子回路製造業,31.0,ok,10574.0,ok,387847.0,ok,97020.0,ok,54478.0,ok,219655.0,ok,388607.0,ok,11.0,ok,11.0,ok,9.0,ok
2017,17,石川,29,電気機械器具製造業,40.0,ok,4235.0,ok,97658.0,ok,37883.0,ok,19044.0,ok,55031.0,ok,90545.0,ok,24.0,ok,15.0,ok,1.0,ok
2017,17,石川,30,情報通信機械器具製造業,8.0,ok,2861.0,ok,167934.0,ok,35189.0,ok,13685.0,ok,131073.0,ok,155298.0,ok,2.0,ok,3.0,ok,3.0,ok
2017,17,石川,31,輸送用機械器具製造業,26.0,ok,4527.0,ok,177011.0,ok,50086.0,ok,22944.0,ok,118430.0,ok,172705.0,ok,19.0,ok,4.0,ok,3.0,ok
2017,17,石川,32,その他の製造業,9.0,ok,902.0,ok,19739.0,ok,8985.0,ok,3540.0,ok,8873.0,ok,19578.0,ok,7.0,ok,1.0,ok,1.0,ok
2017,18,福井,09,食料品製造業,30.0,ok,2796.0,ok,44075.0,ok,18549.0,ok,7062.0,ok,22957.0,ok,39527.0,ok,23.0,ok,4.0,ok,3.0,ok
2017,18,福井,10,飲料・たばこ・飼料製造業,,nil_or_na,,nil_or_na,,nil_or_na,,nil_or_na,,nil_or_na,,nil_or_na,,nil_or_na,,nil_or_na,,nil_or_na,,nil_or_na
2017,18,福井,11,繊維工業,115.0,ok,10265.0,ok,187044.0,ok,77117.0,ok,35824.0,ok,96155.0,ok,181198.0,ok,82.0,ok,32.0,ok,1.0,ok
2017,18,福井,12,木材・木製品製造業（家具を除く）,9.0,ok,931.0,ok,36739.0,ok,10435.0,ok,4491.0,ok,24833.0,ok,36993.0,ok,6.0,ok,3.0,ok,,nil_or_na
2017,18,福井,13,家具・装備品製造業,5.0,ok,429.0,ok,8428.0,ok,4951.0,ok,1626.0,ok,2776.0,ok,8329.0,ok,4.0,ok,1.0,ok,,nil_or_na
2017,18,福井,14,パルプ・紙・紙加工品製造業,13.0,ok,962.0,ok,44812.0,ok,10540.0,ok,5004.0,ok,31223.0,ok,41304.0,ok,10.0,ok,3.0,ok,,nil_or_na
2017,18,福井,15,印刷・同関連業,13.0,ok,1142.0,ok,18053.0,ok,8784.0,ok,4166.0,ok,8045.0,ok,17752.0,ok,9.0,ok,4.0,ok,,nil_or_na
2017,18,福井,16,化学工業,29.0,ok,3463.0,ok,217505.0,ok,84566.0,ok,18906.0,ok,119214.0,ok,217621.0,ok,19.0,ok,8.0,ok,2.0,ok
2017,18,福井,17,石油製品・石炭製品製造業,,nil_or_na,,nil_or_na,,nil_or_na,,nil_or_na,,nil_or_na,,nil_or_na,,nil_or_na,,nil_or_na,,nil_or_na,,nil_or_na
2017,18,福井,18,プラスチック製品製造業（別掲を除く）,36.0,ok,3804.0,ok,143417.0,ok,41233.0,ok,17155.0,ok,91066.0,ok,116883.0,ok,24.0,ok,10.0,ok,2.0,ok
2017,18,福井,19,ゴム製品製造業,2.0,ok,171.0,ok,,suppressed,,suppressed,,suppressed,,suppressed,,suppressed,1.0,ok,1.0,ok,,nil_or_na
2017,18,福井,20,なめし革・同製品・毛皮製造業,1.0,ok,43.0,ok,,suppressed,,suppressed,,suppressed,,suppressed,,suppressed,1.0,ok,,nil_or_na,,nil_or_na
2017,18,福井,21,窯業・土石製品製造業,13.0,ok,1138.0,ok,21990.0,ok,5868.0,ok,6039.0,ok,14370.0,ok,21799.0,ok,11.0,ok,1.0,ok,1.0,ok
2017,18,福井,22,鉄鋼業,2.0,ok,143.0,ok,,suppressed,,suppressed,,suppressed,,suppressed,,suppressed,2.0,ok,,nil_or_na,,nil_or_na
2017,18,福井,23,非鉄金属製造業,9.0,ok,1335.0,ok,154918.0,ok,31759.0,ok,8679.0,ok,119200.0,ok,156368.0,ok,6.0,ok,2.0,ok,1.0,ok
2017,18,福井,24,金属製品製造業,29.0,ok,2457.0,ok,69225.0,ok,27780.0,ok,10943.0,ok,37510.0,ok,68704.0,ok,22.0,ok,7.0,ok,,nil_or_na
2017,18,福井,25,はん用機械器具製造業,6.0,ok,470.0,ok,14353.0,ok,4262.0,ok,2125.0,ok,10601.0,ok,15449.0,ok,5.0,ok,1.0,ok,,nil_or_na
2017,18,福井,26,生産用機械器具製造業,29.0,ok,2243.0,ok,80096.0,ok,24368.0,ok,11942.0,ok,54351.0,ok,70826.0,ok,24.0,ok,4.0,ok,1.0,ok
2017,18,福井,27,業務用機械器具製造業,8.0,ok,777.0,ok,10841.0,ok,4124.0,ok,2636.0,ok,6072.0,ok,9539.0,ok,5.0,ok,3.0,ok,,nil_or_na
2017,18,福井,28,電子部品・デバイス・電子回路製造業,28.0,ok,9605.0,ok,333313.0,ok,119755.0,ok,51552.0,ok,194562.0,ok,332452.0,ok,9.0,ok,9.0,ok,10.0,ok
2017,18,福井,29,電気機械器具製造業,22.0,ok,2818.0,ok,170309.0,ok,67896.0,ok,13518.0,ok,93533.0,ok,170599.0,ok,13.0,ok,6.0,ok,3.0,ok
2017,18,福井,30,情報通信機械器具製造業,1.0,ok,181.0,ok,,suppressed,,suppressed,,suppressed,,suppressed,,suppressed,,nil_or_na,1.0,ok,,nil_or_na
2017,18,福井,31,輸送用機械器具製造業,5.0,ok,4467.0,ok,175045.0,ok,43912.0,ok,22781.0,ok,116732.0,ok,175354.0,ok,3.0,ok,1.0,ok,1.0,ok
2017,18,福井,32,その他の製造業,40.0,ok,3427.0,ok,57858.0,ok,26658.0,ok,13318.0,ok,28195.0,ok,50117.0,ok,31.0,ok,8.0,ok,1.0,ok
2017,19,山梨,09,食料品製造業,58.0,ok,9124.0,ok,190892.0,ok,72820.0,ok,26691.0,ok,108336.0,ok,185325.0,ok,31.0,ok,22.0,ok,5.0,ok
2017,19,山梨,10,飲料・たばこ・飼料製造業,24.0,ok,1922.0,ok,152163.0,ok,63377.0,ok,8815.0,ok,70501.0,ok,149502.0,ok,19.0,ok,5.0,ok,,nil_or_na
2017,19,山梨,11,繊維工業,11.0,ok,973.0,ok,26398.0,ok,13461.0,ok,4209.0,ok,11108.0,ok,25544.0,ok,9.0,ok,1.0,ok,1.0,ok
2017,19,山梨,12,木材・木製品製造業（家具を除く）,2.0,ok,160.0,ok,,suppressed,,suppressed,,suppressed,,suppressed,,suppressed,2.0,ok,,nil_or_na,,nil_or_na
2017,19,山梨,13,家具・装備品製造業,7.0,ok,363.0,ok,5327.0,ok,2402.0,ok,1281.0,ok,2599.0,ok,5105.0,ok,7.0,ok,,nil_or_na,,nil_or_na
2017,19,山梨,14,パルプ・紙・紙加工品製造業,8.0,ok,602.0,ok,14797.0,ok,4773.0,ok,2492.0,ok,9113.0,ok,13031.0,ok,7.0,ok,1.0,ok,,nil_or_na
2017,19,山梨,15,印刷・同関連業,2.0,ok,273.0,ok,,suppressed,,suppressed,,suppressed,,suppressed,,suppressed,1.0,ok,1.0,ok,,nil_or_na
2017,19,山梨,16,化学工業,10.0,ok,957.0,ok,31365.0,ok,17711.0,ok,4186.0,ok,11854.0,ok,31722.0,ok,5.0,ok,5.0,ok,,nil_or_na
2017,19,山梨,17,石油製品・石炭製品製造業,,nil_or_na,,nil_or_na,,nil_or_na,,nil_or_na,,nil_or_na,,nil_or_na,,nil_or_na,,nil_or_na,,nil_or_na,,nil_or_na
2017,19,山梨,18,プラスチック製品製造業（別掲を除く）,36.0,ok,2788.0,ok,73141.0,ok,22880.0,ok,10904.0,ok,44132.0,ok,70521.0,ok,25.0,ok,11.0,ok,,nil_or_na
2017,19,山梨,19,ゴム製品製造業,3.0,ok,173.0,ok,21204.0,ok,10456.0,ok,998.0,ok,9946.0,ok,20567.0,ok,3.0,ok,,nil_or_na,,nil_or_na
2017,19,山梨,20,なめし革・同製品・毛皮製造業,2.0,ok,84.0,ok,,suppressed,,suppressed,,suppressed,,suppressed,,suppressed,2.0,ok,,nil_or_na,,nil_or_na
2017,19,山梨,21,窯業・土石製品製造業,8.0,ok,807.0,ok,36340.0,ok,19322.0,ok,4052.0,ok,15808.0,ok,36023.0,ok,5.0,ok,3.0,ok,,nil_or_na
2017,19,山梨,22,鉄鋼業,5.0,ok,233.0,ok,6309.0,ok,2584.0,ok,998.0,ok,3272.0,ok,6336.0,ok,5.0,ok,,nil_or_na,,nil_or_na
2017,19,山梨,23,非鉄金属製造業,10.0,ok,1257.0,ok,37824.0,ok,15036.0,ok,6033.0,ok,20770.0,ok,37807.0,ok,6.0,ok,4.0,ok,,nil_or_na
2017,19,山梨,24,金属製品製造業,33.0,ok,2467.0,ok,79362.0,ok,35884.0,ok,11196.0,ok,39286.0,ok,78160.0,ok,27.0,ok,6.0,ok,,nil_or_na
2017,19,山梨,25,はん用機械器具製造業,14.0,ok,3030.0,ok,105969.0,ok,47507.0,ok,15557.0,ok,55518.0,ok,89209.0,ok,7.0,ok,4.0,ok,3.0,ok
2017,19,山梨,26,生産用機械器具製造業,59.0,ok,12062.0,ok,846464.0,ok,308455.0,ok,77518.0,ok,555950.0,ok,867215.0,ok,41.0,ok,12.0,ok,6.0,ok
2017,19,山梨,27,業務用機械器具製造業,16.0,ok,3453.0,ok,94105.0,ok,48565.0,ok,15925.0,ok,40957.0,ok,89970.0,ok,10.0,ok,2.0,ok,4.0,ok
2017,19,山梨,28,電子部品・デバイス・電子回路製造業,41.0,ok,6281.0,ok,206412.0,ok,64966.0,ok,32938.0,ok,133922.0,ok,209763.0,ok,23.0,ok,13.0,ok,5.0,ok
2017,19,山梨,29,電気機械器具製造業,26.0,ok,3655.0,ok,101927.0,ok,32352.0,ok,16345.0,ok,67167.0,ok,98865.0,ok,15.0,ok,9.0,ok,2.0,ok
2017,19,山梨,30,情報通信機械器具製造業,12.0,ok,1963.0,ok,117251.0,ok,25712.0,ok,13942.0,ok,90144.0,ok,117135.0,ok,8.0,ok,2.0,ok,2.0,ok
2017,19,山梨,31,輸送用機械器具製造業,23.0,ok,3517.0,ok,96700.0,ok,28222.0,ok,18486.0,ok,63311.0,ok,95042.0,ok,15.0,ok,6.0,ok,2.0,ok
2017,19,山梨,32,その他の製造業,22.0,ok,1371.0,ok,27444.0,ok,8672.0,ok,5473.0,ok,17083.0,ok,26116.0,ok,19.0,ok,3.0,ok,,nil_or_na
2017,20,長野,09,食料品製造業,161.0,ok,16569.0,ok,488482.0,ok,187996.0,ok,57179.0,ok,271332.0,ok,466914.0,ok,117.0,ok,34.0,ok,10.0,ok
2017,20,長野,10,飲料・たばこ・飼料製造業,22.0,ok,2358.0,ok,147768.0,ok,57650.0,ok,11556.0,ok,79645.0,ok,141400.0,ok,13.0,ok,7.0,ok,2.0,ok
2017,20,長野,11,繊維工業,17.0,ok,1196.0,ok,11189.0,ok,4249.0,ok,3459.0,ok,6218.0,ok,10342.0,ok,15.0,ok,2.0,ok,,nil_or_na
2017,20,長野,12,木材・木製品製造業（家具を除く）,8.0,ok,374.0,ok,13728.0,ok,3803.0,ok,1364.0,ok,9051.0,ok,13716.0,ok,8.0,ok,,nil_or_na,,nil_or_na
2017,20,長野,13,家具・装備品製造業,6.0,ok,680.0,ok,16626.0,ok,10952.0,ok,2633.0,ok,6277.0,ok,17692.0,ok,5.0,ok,,nil_or_na,1.0,ok
2017,20,長野,14,パルプ・紙・紙加工品製造業,18.0,ok,1323.0,ok,66804.0,ok,16218.0,ok,6013.0,ok,47481.0,ok,51967.0,ok,15.0,ok,3.0,ok,,nil_or_na
2017,20,長野,15,印刷・同関連業,43.0,ok,2527.0,ok,50613.0,ok,22905.0,ok,10127.0,ok,23507.0,ok,49790.0,ok,38.0,ok,5.0,ok,,nil_or_na
2017,20,長野,16,化学工業,17.0,ok,1449.0,ok,95419.0,ok,45418.0,ok,6718.0,ok,40166.0,ok,90011.0,ok,13.0,ok,4.0,ok,,nil_or_na
2017,20,長野,17,石油製品・石炭製品製造業,1.0,ok,36.0,ok,,suppressed,,suppressed,,suppressed,,suppressed,,suppressed,1.0,ok,,nil_or_na,,nil_or_na
2017,20,長野,18,プラスチック製品製造業（別掲を除く）,80.0,ok,6685.0,ok,139641.0,ok,52712.0,ok,24797.0,ok,77310.0,ok,135789.0,ok,61.0,ok,19.0,ok,,nil_or_na
2017,20,長野,19,ゴム製品製造業,10.0,ok,880.0,ok,12983.0,ok,5213.0,ok,3578.0,ok,7190.0,ok,8477.0,ok,6.0,ok,4.0,ok,,nil_or_na
2017,20,長野,20,なめし革・同製品・毛皮製造業,4.0,ok,257.0,ok,,suppressed,,suppressed,,suppressed,,suppressed,,suppressed,3.0,ok,1.0,ok,,nil_or_na
2017,20,長野,21,窯業・土石製品製造業,22.0,ok,2216.0,ok,78260.0,ok,25058.0,ok,11360.0,ok,48659.0,ok,73531.0,ok,15.0,ok,6.0,ok,1.0,ok
2017,20,長野,22,鉄鋼業,8.0,ok,1478.0,ok,32601.0,ok,10980.0,ok,6673.0,ok,16074.0,ok,31277.0,ok,5.0,ok,1.0,ok,2.0,ok
2017,20,長野,23,非鉄金属製造業,25.0,ok,2433.0,ok,91771.0,ok,23686.0,ok,10327.0,ok,66217.0,ok,92449.0,ok,19.0,ok,5.0,ok,1.0,ok
2017,20,長野,24,金属製品製造業,112.0,ok,9408.0,ok,244781.0,ok,95860.0,ok,40527.0,ok,133421.0,ok,236082.0,ok,88.0,ok,21.0,ok,3.0,ok
2017,20,長野,25,はん用機械器具製造業,67.0,ok,12573.0,ok,405240.0,ok,162712.0,ok,69379.0,ok,227750.0,ok,376873.0,ok,39.0,ok,14.0,ok,14.0,ok
2017,20,長野,26,生産用機械器具製造業,171.0,ok,16321.0,ok,594551.0,ok,197112.0,ok,78708.0,ok,387567.0,ok,575818.0,ok,124.0,ok,39.0,ok,8.0,ok
2017,20,長野,27,業務用機械器具製造業,75.0,ok,9641.0,ok,352587.0,ok,92259.0,ok,46835.0,ok,254841.0,ok,200437.0,ok,54.0,ok,16.0,ok,5.0,ok
2017,20,長野,28,電子部品・デバイス・電子回路製造業,154.0,ok,25411.0,ok,737832.0,ok,261974.0,ok,136475.0,ok,424674.0,ok,673824.0,ok,86.0,ok,48.0,ok,20.0,ok
2017,20,長野,29,電気機械器具製造業,89.0,ok,12321.0,ok,369340.0,ok,137835.0,ok,61558.0,ok,221905.0,ok,302929.0,ok,58.0,ok,22.0,ok,9.0,ok
2017,20,長野,30,情報通信機械器具製造業,41.0,ok,14580.0,ok,1021640.0,ok,283987.0,ok,84576.0,ok,713161.0,ok,492003.0,ok,21.0,ok,10.0,ok,10.0,ok
2017,20,長野,31,輸送用機械器具製造業,100.0,ok,12573.0,ok,369594.0,ok,133769.0,ok,58153.0,ok,212781.0,ok,366735.0,ok,61.0,ok,30.0,ok,9.0,ok
2017,20,長野,32,その他の製造業,35.0,ok,4216.0,ok,120482.0,ok,34924.0,ok,20895.0,ok,80249.0,ok,111675.0,ok,21.0,ok,12.0,ok,2.0,ok
2017,21,岐阜,09,食料品製造業,135.0,ok,12969.0,ok,304651.0,ok,101990.0,ok,39994.0,ok,187957.0,ok,294811.0,ok,89.0,ok,40.0,ok,6.0,ok
2017,21,岐阜,10,飲料・たばこ・飼料製造業,12.0,ok,835.0,ok,59625.0,ok,15498.0,ok,3845.0,ok,39594.0,ok,56765.0,ok,9.0,ok,3.0,ok,,nil_or_na
2017,21,岐阜,11,繊維工業,47.0,ok,3760.0,ok,96311.0,ok,26269.0,ok,14274.0,ok,65848.0,ok,90137.0,ok,36.0,ok,11.0,ok,,nil_or_na
2017,21,岐阜,12,木材・木製品製造業（家具を除く）,22.0,ok,1546.0,ok,43255.0,ok,14740.0,ok,6333.0,ok,26715.0,ok,40233.0,ok,19.0,ok,2.0,ok,1.0,ok
2017,21,岐阜,13,家具・装備品製造業,36.0,ok,3451.0,ok,79818.0,ok,34375.0,ok,14229.0,ok,40248.0,ok,71610.0,ok,25.0,ok,10.0,ok,1.0,ok
2017,21,岐阜,14,パルプ・紙・紙加工品製造業,54.0,ok,4216.0,ok,179180.0,ok,47889.0,ok,19051.0,ok,119884.0,ok,168516.0,ok,44.0,ok,9.0,ok,1.0,ok
2017,21,岐阜,15,印刷・同関連業,42.0,ok,3279.0,ok,71995.0,ok,33716.0,ok,11912.0,ok,33353.0,ok,71745.0,ok,35.0,ok,6.0,ok,1.0,ok
2017,21,岐阜,16,化学工業,44.0,ok,5256.0,ok,293342.0,ok,161703.0,ok,27211.0,ok,114016.0,ok,292613.0,ok,29.0,ok,11.0,ok,4.0,ok
2017,21,岐阜,17,石油製品・石炭製品製造業,1.0,ok,34.0,ok,,suppressed,,suppressed,,suppressed,,suppressed,,suppressed,1.0,ok,,nil_or_na,,nil_or_na
2017,21,岐阜,18,プラスチック製品製造業（別掲を除く）,124.0,ok,14324.0,ok,406300.0,ok,134198.0,ok,62078.0,ok,245184.0,ok,395975.0,ok,74.0,ok,41.0,ok,9.0,ok
2017,21,岐阜,19,ゴム製品製造業,22.0,ok,1860.0,ok,53175.0,ok,19641.0,ok,8443.0,ok,30978.0,ok,52040.0,ok,17.0,ok,5.0,ok,,nil_or_na
2017,21,岐阜,20,なめし革・同製品・毛皮製造業,,nil_or_na,,nil_or_na,,nil_or_na,,nil_or_na,,nil_or_na,,nil_or_na,,nil_or_na,,nil_or_na,,nil_or_na,,nil_or_na
2017,21,岐阜,21,窯業・土石製品製造業,122.0,ok,10604.0,ok,253848.0,ok,108317.0,ok,46982.0,ok,128349.0,ok,231552.0,ok,98.0,ok,19.0,ok,5.0,ok
2017,21,岐阜,22,鉄鋼業,30.0,ok,3580.0,ok,212117.0,ok,46519.0,ok,18968.0,ok,157395.0,ok,210141.0,ok,16.0,ok,13.0,ok,1.0,ok
2017,21,岐阜,23,非鉄金属製造業,24.0,ok,3186.0,ok,96371.0,ok,33508.0,ok,12671.0,ok,58234.0,ok,97410.0,ok,12.0,ok,10.0,ok,2.0,ok
2017,21,岐阜,24,金属製品製造業,141.0,ok,11967.0,ok,334207.0,ok,139182.0,ok,52488.0,ok,174696.0,ok,323571.0,ok,111.0,ok,26.0,ok,4.0,ok
2017,21,岐阜,25,はん用機械器具製造業,59.0,ok,9284.0,ok,260814.0,ok,88869.0,ok,41490.0,ok,163001.0,ok,259933.0,ok,39.0,ok,12.0,ok,8.0,ok
2017,21,岐阜,26,生産用機械器具製造業,124.0,ok,10966.0,ok,427912.0,ok,146641.0,ok,57479.0,ok,273624.0,ok,414877.0,ok,97.0,ok,23.0,ok,4.0,ok
2017,21,岐阜,27,業務用機械器具製造業,12.0,ok,2040.0,ok,40449.0,ok,19743.0,ok,7917.0,ok,18744.0,ok,38597.0,ok,4.0,ok,5.0,ok,3.0,ok
2017,21,岐阜,28,電子部品・デバイス・電子回路製造業,31.0,ok,5195.0,ok,126970.0,ok,58128.0,ok,24340.0,ok,62182.0,ok,124393.0,ok,17.0,ok,11.0,ok,3.0,ok
2017,21,岐阜,29,電気機械器具製造業,78.0,ok,9681.0,ok,304116.0,ok,94352.0,ok,41746.0,ok,197052.0,ok,296701.0,ok,46.0,ok,26.0,ok,6.0,ok
2017,21,岐阜,30,情報通信機械器具製造業,5.0,ok,1134.0,ok,,suppressed,,suppressed,,suppressed,,suppressed,,suppressed,2.0,ok,2.0,ok,1.0,ok
2017,21,岐阜,31,輸送用機械器具製造業,142.0,ok,29804.0,ok,984283.0,ok,263767.0,ok,149815.0,ok,671368.0,ok,974601.0,ok,74.0,ok,47.0,ok,21.0,ok
2017,21,岐阜,32,その他の製造業,17.0,ok,1349.0,ok,36091.0,ok,13815.0,ok,5553.0,ok,20743.0,ok,28929.0,ok,14.0,ok,3.0,ok,,nil_or_na
2017,22,静岡,09,食料品製造業,316.0,ok,35526.0,ok,1174981.0,ok,401135.0,ok,116285.0,ok,715369.0,ok,1111952.0,ok,207.0,ok,86.0,ok,23.0,ok
2017,22,静岡,10,飲料・たばこ・飼料製造業,59.0,ok,6083.0,ok,789912.0,ok,348342.0,ok,28306.0,ok,248540.0,ok,780726.0,ok,41.0,ok,14.0,ok,4.0,ok
2017,22,静岡,11,繊維工業,35.0,ok,3066.0,ok,85522.0,ok,33004.0,ok,13042.0,ok,47204.0,ok,79423.0,ok,26.0,ok,8.0,ok,1.0,ok
2017,22,静岡,12,木材・木製品製造業（家具を除く）,23.0,ok,2434.0,ok,177117.0,ok,53978.0,ok,12864.0,ok,117202.0,ok,131402.0,ok,18.0,ok,2.0,ok,3.0,ok
2017,22,静岡,13,家具・装備品製造業,26.0,ok,2165.0,ok,64979.0,ok,21663.0,ok,9314.0,ok,40353.0,ok,58799.0,ok,21.0,ok,4.0,ok,1.0,ok
2017,22,静岡,14,パルプ・紙・紙加工品製造業,160.0,ok,14105.0,ok,721278.0,ok,215413.0,ok,67367.0,ok,456449.0,ok,686487.0,ok,118.0,ok,38.0,ok,4.0,ok
2017,22,静岡,15,印刷・同関連業,55.0,ok,5310.0,ok,125298.0,ok,48979.0,ok,23691.0,ok,69578.0,ok,124481.0,ok,37.0,ok,14.0,ok,4.0,ok
2017,22,静岡,16,化学工業,108.0,ok,21848.0,ok,1754423.0,ok,808920.0,ok,126928.0,ok,876358.0,ok,1691695.0,ok,48.0,ok,38.0,ok,22.0,ok
2017,22,静岡,17,石油製品・石炭製品製造業,3.0,ok,139.0,ok,8838.0,ok,2008.0,ok,664.0,ok,6426.0,ok,8562.0,ok,3.0,ok,,nil_or_na,,nil_or_na
2017,22,静岡,18,プラスチック製品製造業（別掲を除く）,212.0,ok,19095.0,ok,566456.0,ok,178762.0,ok,78908.0,ok,353967.0,ok,540364.0,ok,159.0,ok,47.0,ok,6.0,ok
2017,22,静岡,19,ゴム製品製造業,32.0,ok,6748.0,ok,173605.0,ok,86766.0,ok,30372.0,ok,74965.0,ok,169444.0,ok,14.0,ok,13.0,ok,5.0,ok
2017,22,静岡,20,なめし革・同製品・毛皮製造業,3.0,ok,220.0,ok,4464.0,ok,1153.0,ok,645.0,ok,3253.0,ok,4020.0,ok,2.0,ok,1.0,ok,,nil_or_na
2017,22,静岡,21,窯業・土石製品製造業,27.0,ok,2622.0,ok,96204.0,ok,47498.0,ok,14192.0,ok,40244.0,ok,93289.0,ok,23.0,ok,1.0,ok,3.0,ok
2017,22,静岡,22,鉄鋼業,34.0,ok,2183.0,ok,158466.0,ok,26806.0,ok,10441.0,ok,129236.0,ok,131355.0,ok,29.0,ok,5.0,ok,,nil_or_na
2017,22,静岡,23,非鉄金属製造業,35.0,ok,6200.0,ok,491257.0,ok,105131.0,ok,33761.0,ok,371916.0,ok,493024.0,ok,20.0,ok,8.0,ok,7.0,ok
2017,22,静岡,24,金属製品製造業,182.0,ok,13214.0,ok,356141.0,ok,121772.0,ok,55889.0,ok,213856.0,ok,339824.0,ok,160.0,ok,18.0,ok,4.0,ok
2017,22,静岡,25,はん用機械器具製造業,66.0,ok,8814.0,ok,286897.0,ok,76297.0,ok,44103.0,ok,199908.0,ok,284138.0,ok,47.0,ok,15.0,ok,4.0,ok
2017,22,静岡,26,生産用機械器具製造業,201.0,ok,20470.0,ok,704090.0,ok,252614.0,ok,103426.0,ok,438838.0,ok,670259.0,ok,152.0,ok,41.0,ok,8.0,ok
2017,22,静岡,27,業務用機械器具製造業,49.0,ok,8437.0,ok,246499.0,ok,96515.0,ok,36302.0,ok,139636.0,ok,240724.0,ok,29.0,ok,14.0,ok,6.0,ok
2017,22,静岡,28,電子部品・デバイス・電子回路製造業,63.0,ok,11012.0,ok,290079.0,ok,119312.0,ok,53594.0,ok,153784.0,ok,283316.0,ok,42.0,ok,10.0,ok,11.0,ok
2017,22,静岡,29,電気機械器具製造業,179.0,ok,38767.0,ok,2139227.0,ok,723745.0,ok,227401.0,ok,1336726.0,ok,2019783.0,ok,114.0,ok,39.0,ok,26.0,ok
2017,22,静岡,30,情報通信機械器具製造業,18.0,ok,4792.0,ok,407319.0,ok,79638.0,ok,39755.0,ok,327621.0,ok,263369.0,ok,5.0,ok,8.0,ok,5.0,ok
2017,22,静岡,31,輸送用機械器具製造業,393.0,ok,80695.0,ok,4138442.0,ok,1387154.0,ok,443668.0,ok,2582198.0,ok,4125736.0,ok,233.0,ok,102.0,ok,58.0,ok
2017,22,静岡,32,その他の製造業,58.0,ok,6853.0,ok,192744.0,ok,84801.0,ok,33711.0,ok,99007.0,ok,163722.0,ok,43.0,ok,10.0,ok,5.0,ok
2017,23,愛知,09,食料品製造業,413.0,ok,54532.0,ok,1469464.0,ok,481051.0,ok,175214.0,ok,912284.0,ok,1414570.0,ok,256.0,ok,120.0,ok,37.0,ok
2017,23,愛知,10,飲料・たばこ・飼料製造業,29.0,ok,2822.0,ok,395899.0,ok,104936.0,ok,14178.0,ok,192644.0,ok,383795.0,ok,18.0,ok,10.0,ok,1.0,ok
2017,23,愛知,11,繊維工業,109.0,ok,9904.0,ok,257787.0,ok,82594.0,ok,40924.0,ok,157823.0,ok,247281.0,ok,85.0,ok,22.0,ok,2.0,ok
2017,23,愛知,12,木材・木製品製造業（家具を除く）,35.0,ok,2230.0,ok,96297.0,ok,28749.0,ok,9880.0,ok,63544.0,ok,91674.0,ok,32.0,ok,3.0,ok,,nil_or_na
2017,23,愛知,13,家具・装備品製造業,39.0,ok,3091.0,ok,90508.0,ok,28980.0,ok,13633.0,ok,57258.0,ok,83254.0,ok,30.0,ok,8.0,ok,1.0,ok
2017,23,愛知,14,パルプ・紙・紙加工品製造業,98.0,ok,8729.0,ok,361891.0,ok,102148.0,ok,39406.0,ok,238772.0,ok,325457.0,ok,74.0,ok,21.0,ok,3.0,ok
2017,23,愛知,15,印刷・同関連業,114.0,ok,9288.0,ok,241070.0,ok,85088.0,ok,42392.0,ok,143992.0,ok,233518.0,ok,92.0,ok,18.0,ok,4.0,ok
2017,23,愛知,16,化学工業,98.0,ok,12502.0,ok,1149913.0,ok,408136.0,ok,74281.0,ok,680776.0,ok,1122638.0,ok,61.0,ok,33.0,ok,4.0,ok
2017,23,愛知,17,石油製品・石炭製品製造業,5.0,ok,681.0,ok,666820.0,ok,221719.0,ok,4612.0,ok,422401.0,ok,658814.0,ok,4.0,ok,,nil_or_na,1.0,ok
2017,23,愛知,18,プラスチック製品製造業（別掲を除く）,384.0,ok,41315.0,ok,1288823.0,ok,453971.0,ok,183077.0,ok,756865.0,ok,1234570.0,ok,269.0,ok,86.0,ok,29.0,ok
2017,23,愛知,19,ゴム製品製造業,50.0,ok,9608.0,ok,379220.0,ok,148030.0,ok,47703.0,ok,207760.0,ok,377632.0,ok,33.0,ok,12.0,ok,5.0,ok
2017,23,愛知,20,なめし革・同製品・毛皮製造業,5.0,ok,510.0,ok,13257.0,ok,3196.0,ok,1891.0,ok,10151.0,ok,13202.0,ok,4.0,ok,,nil_or_na,1.0,ok
2017,23,愛知,21,窯業・土石製品製造業,139.0,ok,19185.0,ok,678783.0,ok,255285.0,ok,109975.0,ok,395050.0,ok,505218.0,ok,103.0,ok,26.0,ok,10.0,ok
2017,23,愛知,22,鉄鋼業,130.0,ok,23079.0,ok,2085374.0,ok,354947.0,ok,140081.0,ok,1662053.0,ok,2078916.0,ok,80.0,ok,37.0,ok,13.0,ok
2017,23,愛知,23,非鉄金属製造業,49.0,ok,7001.0,ok,507738.0,ok,106776.0,ok,35728.0,ok,387671.0,ok,491220.0,ok,34.0,ok,10.0,ok,5.0,ok
2017,23,愛知,24,金属製品製造業,378.0,ok,34502.0,ok,1148657.0,ok,425200.0,ok,159414.0,ok,659471.0,ok,1078840.0,ok,294.0,ok,68.0,ok,16.0,ok
2017,23,愛知,25,はん用機械器具製造業,123.0,ok,25263.0,ok,1122558.0,ok,296682.0,ok,150670.0,ok,806218.0,ok,1097614.0,ok,74.0,ok,33.0,ok,16.0,ok
2017,23,愛知,26,生産用機械器具製造業,394.0,ok,48602.0,ok,1899970.0,ok,712794.0,ok,288680.0,ok,1155213.0,ok,1642222.0,ok,297.0,ok,70.0,ok,27.0,ok
2017,23,愛知,27,業務用機械器具製造業,87.0,ok,12978.0,ok,949566.0,ok,297713.0,ok,76899.0,ok,608697.0,ok,743107.0,ok,59.0,ok,20.0,ok,8.0,ok
2017,23,愛知,28,電子部品・デバイス・電子回路製造業,39.0,ok,6958.0,ok,572220.0,ok,80733.0,ok,43073.0,ok,472359.0,ok,246717.0,ok,23.0,ok,11.0,ok,5.0,ok
2017,23,愛知,29,電気機械器具製造業,194.0,ok,48192.0,ok,2137204.0,ok,744375.0,ok,259656.0,ok,1343723.0,ok,2147917.0,ok,122.0,ok,45.0,ok,27.0,ok
2017,23,愛知,30,情報通信機械器具製造業,21.0,ok,3831.0,ok,142400.0,ok,64245.0,ok,20874.0,ok,72929.0,ok,139093.0,ok,9.0,ok,8.0,ok,4.0,ok
2017,23,愛知,31,輸送用機械器具製造業,750.0,ok,314767.0,ok,26255179.0,ok,6927258.0,ok,1987887.0,ok,18862822.0,ok,18187219.0,ok,386.0,ok,221.0,ok,143.0,ok
2017,23,愛知,32,その他の製造業,51.0,ok,6923.0,ok,270613.0,ok,79290.0,ok,34217.0,ok,182695.0,ok,261761.0,ok,35.0,ok,10.0,ok,6.0,ok
2017,24,三重,09,食料品製造業,117.0,ok,13408.0,ok,403050.0,ok,147945.0,ok,44042.0,ok,234727.0,ok,386953.0,ok,72.0,ok,38.0,ok,7.0,ok
2017,24,三重,10,飲料・たばこ・飼料製造業,10.0,ok,1042.0,ok,73049.0,ok,19815.0,ok,4457.0,ok,42599.0,ok,70125.0,ok,8.0,ok,1.0,ok,1.0,ok
2017,24,三重,11,繊維工業,23.0,ok,1437.0,ok,38760.0,ok,11245.0,ok,5124.0,ok,26050.0,ok,37913.0,ok,21.0,ok,2.0,ok,,nil_or_na
2017,24,三重,12,木材・木製品製造業（家具を除く）,9.0,ok,452.0,ok,50545.0,ok,9974.0,ok,2153.0,ok,39089.0,ok,23430.0,ok,9.0,ok,,nil_or_na,,nil_or_na
2017,24,三重,13,家具・装備品製造業,12.0,ok,1182.0,ok,26497.0,ok,10461.0,ok,4278.0,ok,14416.0,ok,26520.0,ok,9.0,ok,2.0,ok,1.0,ok
2017,24,三重,14,パルプ・紙・紙加工品製造業,17.0,ok,1491.0,ok,69963.0,ok,18334.0,ok,6415.0,ok,47520.0,ok,66923.0,ok,12.0,ok,4.0,ok,1.0,ok
2017,24,三重,15,印刷・同関連業,17.0,ok,1125.0,ok,24931.0,ok,8683.0,ok,4357.0,ok,14693.0,ok,24649.0,ok,14.0,ok,3.0,ok,,nil_or_na
2017,24,三重,16,化学工業,61.0,ok,13854.0,ok,1124855.0,ok,348657.0,ok,81984.0,ok,729438.0,ok,1090972.0,ok,29.0,ok,22.0,ok,10.0,ok
2017,24,三重,17,石油製品・石炭製品製造業,5.0,ok,1371.0,ok,,suppressed,,suppressed,,suppressed,,suppressed,,suppressed,2.0,ok,1.0,ok,2.0,ok
2017,24,三重,18,プラスチック製品製造業（別掲を除く）,89.0,ok,9675.0,ok,456580.0,ok,149280.0,ok,43670.0,ok,281523.0,ok,423330.0,ok,59.0,ok,26.0,ok,4.0,ok
2017,24,三重,19,ゴム製品製造業,33.0,ok,6811.0,ok,202056.0,ok,76887.0,ok,31115.0,ok,112470.0,ok,199991.0,ok,19.0,ok,9.0,ok,5.0,ok
2017,24,三重,20,なめし革・同製品・毛皮製造業,,nil_or_na,,nil_or_na,,nil_or_na,,nil_or_na,,nil_or_na,,nil_or_na,,nil_or_na,,nil_or_na,,nil_or_na,,nil_or_na
2017,24,三重,21,窯業・土石製品製造業,49.0,ok,4382.0,ok,203401.0,ok,88560.0,ok,23404.0,ok,97503.0,ok,186134.0,ok,35.0,ok,13.0,ok,1.0,ok
2017,24,三重,22,鉄鋼業,22.0,ok,1610.0,ok,85811.0,ok,18040.0,ok,7694.0,ok,65793.0,ok,55303.0,ok,20.0,ok,1.0,ok,1.0,ok
2017,24,三重,23,非鉄金属製造業,22.0,ok,5628.0,ok,458482.0,ok,85835.0,ok,36180.0,ok,365233.0,ok,455975.0,ok,11.0,ok,8.0,ok,3.0,ok
2017,24,三重,24,金属製品製造業,101.0,ok,9987.0,ok,310283.0,ok,129738.0,ok,45583.0,ok,161007.0,ok,301282.0,ok,75.0,ok,22.0,ok,4.0,ok
2017,24,三重,25,はん用機械器具製造業,49.0,ok,9584.0,ok,334720.0,ok,115206.0,ok,49644.0,ok,205282.0,ok,335518.0,ok,27.0,ok,14.0,ok,8.0,ok
2017,24,三重,26,生産用機械器具製造業,66.0,ok,7938.0,ok,255187.0,ok,111173.0,ok,43599.0,ok,135433.0,ok,248155.0,ok,44.0,ok,19.0,ok,3.0,ok
2017,24,三重,27,業務用機械器具製造業,17.0,ok,4205.0,ok,180167.0,ok,55222.0,ok,21045.0,ok,119474.0,ok,179919.0,ok,10.0,ok,4.0,ok,3.0,ok
2017,24,三重,28,電子部品・デバイス・電子回路製造業,50.0,ok,19491.0,ok,1992620.0,ok,848464.0,ok,115347.0,ok,1124931.0,ok,1986796.0,ok,30.0,ok,12.0,ok,8.0,ok
2017,24,三重,29,電気機械器具製造業,63.0,ok,12707.0,ok,569550.0,ok,167844.0,ok,63765.0,ok,395742.0,ok,559056.0,ok,34.0,ok,16.0,ok,13.0,ok
2017,24,三重,30,情報通信機械器具製造業,6.0,ok,2049.0,ok,,suppressed,,suppressed,,suppressed,,suppressed,,suppressed,1.0,ok,3.0,ok,2.0,ok
2017,24,三重,31,輸送用機械器具製造業,122.0,ok,38758.0,ok,2335647.0,ok,588087.0,ok,221685.0,ok,1708016.0,ok,2369863.0,ok,69.0,ok,36.0,ok,17.0,ok
2017,24,三重,32,その他の製造業,13.0,ok,1501.0,ok,69029.0,ok,22547.0,ok,5130.0,ok,43666.0,ok,68479.0,ok,9.0,ok,3.0,ok,1.0,ok
2017,25,滋賀,09,食料品製造業,74.0,ok,9731.0,ok,342602.0,ok,134514.0,ok,29538.0,ok,189353.0,ok,327917.0,ok,43.0,ok,24.0,ok,7.0,ok
2017,25,滋賀,10,飲料・たばこ・飼料製造業,9.0,ok,851.0,ok,125118.0,ok,52491.0,ok,4564.0,ok,48942.0,ok,124867.0,ok,5.0,ok,4.0,ok,,nil_or_na
2017,25,滋賀,11,繊維工業,54.0,ok,4872.0,ok,169878.0,ok,62138.0,ok,20230.0,ok,99067.0,ok,163499.0,ok,37.0,ok,16.0,ok,1.0,ok
2017,25,滋賀,12,木材・木製品製造業（家具を除く）,9.0,ok,603.0,ok,23121.0,ok,5525.0,ok,2298.0,ok,16876.0,ok,22531.0,ok,8.0,ok,1.0,ok,,nil_or_na
2017,25,滋賀,13,家具・装備品製造業,16.0,ok,1324.0,ok,50040.0,ok,14249.0,ok,5509.0,ok,33360.0,ok,38769.0,ok,10.0,ok,6.0,ok,,nil_or_na
2017,25,滋賀,14,パルプ・紙・紙加工品製造業,33.0,ok,2981.0,ok,113564.0,ok,36269.0,ok,13912.0,ok,71446.0,ok,104462.0,ok,21.0,ok,12.0,ok,,nil_or_na
2017,25,滋賀,15,印刷・同関連業,25.0,ok,3482.0,ok,133833.0,ok,49974.0,ok,16654.0,ok,75481.0,ok,134462.0,ok,15.0,ok,7.0,ok,3.0,ok
2017,25,滋賀,16,化学工業,69.0,ok,6899.0,ok,1037867.0,ok,560925.0,ok,37315.0,ok,425267.0,ok,995338.0,ok,40.0,ok,27.0,ok,2.0,ok
2017,25,滋賀,17,石油製品・石炭製品製造業,1.0,ok,35.0,ok,,suppressed,,suppressed,,suppressed,,suppressed,,suppressed,1.0,ok,,nil_or_na,,nil_or_na
2017,25,滋賀,18,プラスチック製品製造業（別掲を除く）,109.0,ok,13247.0,ok,618417.0,ok,235703.0,ok,69992.0,ok,344641.0,ok,587189.0,ok,69.0,ok,30.0,ok,10.0,ok
2017,25,滋賀,19,ゴム製品製造業,7.0,ok,2145.0,ok,97759.0,ok,43789.0,ok,13678.0,ok,46408.0,ok,96497.0,ok,4.0,ok,2.0,ok,1.0,ok
2017,25,滋賀,20,なめし革・同製品・毛皮製造業,,nil_or_na,,nil_or_na,,nil_or_na,,nil_or_na,,nil_or_na,,nil_or_na,,nil_or_na,,nil_or_na,,nil_or_na,,nil_or_na
2017,25,滋賀,21,窯業・土石製品製造業,49.0,ok,7612.0,ok,402018.0,ok,171051.0,ok,46976.0,ok,222349.0,ok,303227.0,ok,32.0,ok,12.0,ok,5.0,ok
2017,25,滋賀,22,鉄鋼業,12.0,ok,1347.0,ok,90662.0,ok,22245.0,ok,7644.0,ok,64760.0,ok,90751.0,ok,8.0,ok,3.0,ok,1.0,ok
2017,25,滋賀,23,非鉄金属製造業,21.0,ok,2083.0,ok,161396.0,ok,33864.0,ok,10410.0,ok,124468.0,ok,158655.0,ok,13.0,ok,7.0,ok,1.0,ok
2017,25,滋賀,24,金属製品製造業,95.0,ok,8617.0,ok,351971.0,ok,123111.0,ok,39261.0,ok,209116.0,ok,344185.0,ok,68.0,ok,24.0,ok,3.0,ok
2017,25,滋賀,25,はん用機械器具製造業,59.0,ok,12096.0,ok,684408.0,ok,222457.0,ok,69975.0,ok,450726.0,ok,679281.0,ok,28.0,ok,23.0,ok,8.0,ok
2017,25,滋賀,26,生産用機械器具製造業,69.0,ok,9364.0,ok,494074.0,ok,165775.0,ok,55537.0,ok,335443.0,ok,497432.0,ok,44.0,ok,16.0,ok,9.0,ok
2017,25,滋賀,27,業務用機械器具製造業,22.0,ok,3246.0,ok,160143.0,ok,74314.0,ok,16983.0,ok,80849.0,ok,159045.0,ok,12.0,ok,8.0,ok,2.0,ok
2017,25,滋賀,28,電子部品・デバイス・電子回路製造業,48.0,ok,13722.0,ok,478238.0,ok,131356.0,ok,80085.0,ok,332911.0,ok,408976.0,ok,25.0,ok,13.0,ok,10.0,ok
2017,25,滋賀,29,電気機械器具製造業,81.0,ok,14354.0,ok,703925.0,ok,236499.0,ok,83130.0,ok,443786.0,ok,551687.0,ok,44.0,ok,24.0,ok,13.0,ok
2017,25,滋賀,30,情報通信機械器具製造業,3.0,ok,1395.0,ok,,suppressed,,suppressed,,suppressed,,suppressed,,suppressed,,nil_or_na,2.0,ok,1.0,ok
2017,25,滋賀,31,輸送用機械器具製造業,47.0,ok,13990.0,ok,935429.0,ok,231679.0,ok,76068.0,ok,671951.0,ok,924676.0,ok,20.0,ok,17.0,ok,10.0,ok
2017,25,滋賀,32,その他の製造業,13.0,ok,1565.0,ok,102179.0,ok,27078.0,ok,7154.0,ok,72111.0,ok,101345.0,ok,9.0,ok,2.0,ok,2.0,ok
2017,26,京都,09,食料品製造業,147.0,ok,17936.0,ok,482940.0,ok,208417.0,ok,52317.0,ok,246876.0,ok,457304.0,ok,95.0,ok,41.0,ok,11.0,ok
2017,26,京都,10,飲料・たばこ・飼料製造業,30.0,ok,2779.0,ok,886190.0,ok,215737.0,ok,15100.0,ok,130712.0,ok,878752.0,ok,23.0,ok,6.0,ok,1.0,ok
2017,26,京都,11,繊維工業,44.0,ok,2509.0,ok,43141.0,ok,22885.0,ok,9124.0,ok,17941.0,ok,41002.0,ok,38.0,ok,6.0,ok,,nil_or_na
2017,26,京都,12,木材・木製品製造業（家具を除く）,10.0,ok,774.0,ok,44964.0,ok,9165.0,ok,3680.0,ok,34632.0,ok,40931.0,ok,8.0,ok,2.0,ok,,nil_or_na
2017,26,京都,13,家具・装備品製造業,7.0,ok,313.0,ok,6003.0,ok,2088.0,ok,1315.0,ok,3650.0,ok,6005.0,ok,7.0,ok,,nil_or_na,,nil_or_na
2017,26,京都,14,パルプ・紙・紙加工品製造業,32.0,ok,2432.0,ok,112187.0,ok,34023.0,ok,11230.0,ok,72156.0,ok,99456.0,ok,26.0,ok,6.0,ok,,nil_or_na
2017,26,京都,15,印刷・同関連業,49.0,ok,5509.0,ok,188317.0,ok,77264.0,ok,24106.0,ok,101948.0,ok,184153.0,ok,37.0,ok,8.0,ok,4.0,ok
2017,26,京都,16,化学工業,38.0,ok,4588.0,ok,182713.0,ok,91074.0,ok,23212.0,ok,79580.0,ok,181725.0,ok,20.0,ok,16.0,ok,2.0,ok
2017,26,京都,17,石油製品・石炭製品製造業,2.0,ok,96.0,ok,,suppressed,,suppressed,,suppressed,,suppressed,,suppressed,2.0,ok,,nil_or_na,,nil_or_na
2017,26,京都,18,プラスチック製品製造業（別掲を除く）,51.0,ok,4463.0,ok,123704.0,ok,45012.0,ok,16273.0,ok,71511.0,ok,117994.0,ok,38.0,ok,11.0,ok,2.0,ok
2017,26,京都,19,ゴム製品製造業,5.0,ok,781.0,ok,,suppressed,,suppressed,,suppressed,,suppressed,,suppressed,3.0,ok,,nil_or_na,2.0,ok
2017,26,京都,20,なめし革・同製品・毛皮製造業,6.0,ok,376.0,ok,5980.0,ok,3373.0,ok,1189.0,ok,2381.0,ok,5905.0,ok,5.0,ok,1.0,ok,,nil_or_na
2017,26,京都,21,窯業・土石製品製造業,19.0,ok,2765.0,ok,148297.0,ok,99092.0,ok,15034.0,ok,38738.0,ok,146940.0,ok,13.0,ok,3.0,ok,3.0,ok
2017,26,京都,22,鉄鋼業,11.0,ok,927.0,ok,54319.0,ok,11314.0,ok,4532.0,ok,41057.0,ok,50508.0,ok,7.0,ok,4.0,ok,,nil_or_na
2017,26,京都,23,非鉄金属製造業,11.0,ok,1442.0,ok,79161.0,ok,13339.0,ok,7442.0,ok,64909.0,ok,74725.0,ok,5.0,ok,5.0,ok,1.0,ok
2017,26,京都,24,金属製品製造業,78.0,ok,5682.0,ok,137321.0,ok,54122.0,ok,25563.0,ok,73821.0,ok,131079.0,ok,67.0,ok,9.0,ok,2.0,ok
2017,26,京都,25,はん用機械器具製造業,24.0,ok,4131.0,ok,181607.0,ok,62568.0,ok,21942.0,ok,110522.0,ok,173210.0,ok,15.0,ok,5.0,ok,4.0,ok
2017,26,京都,26,生産用機械器具製造業,110.0,ok,10351.0,ok,361800.0,ok,153821.0,ok,56406.0,ok,203138.0,ok,356565.0,ok,81.0,ok,25.0,ok,4.0,ok
2017,26,京都,27,業務用機械器具製造業,40.0,ok,7273.0,ok,284120.0,ok,127271.0,ok,44361.0,ok,149083.0,ok,259736.0,ok,28.0,ok,7.0,ok,5.0,ok
2017,26,京都,28,電子部品・デバイス・電子回路製造業,35.0,ok,8538.0,ok,422219.0,ok,232154.0,ok,48098.0,ok,171677.0,ok,425637.0,ok,16.0,ok,14.0,ok,5.0,ok
2017,26,京都,29,電気機械器具製造業,73.0,ok,11244.0,ok,340629.0,ok,111857.0,ok,62042.0,ok,209746.0,ok,324977.0,ok,43.0,ok,22.0,ok,8.0,ok
2017,26,京都,30,情報通信機械器具製造業,6.0,ok,1973.0,ok,76124.0,ok,24048.0,ok,12555.0,ok,50264.0,ok,47954.0,ok,3.0,ok,1.0,ok,2.0,ok
2017,26,京都,31,輸送用機械器具製造業,34.0,ok,8305.0,ok,452289.0,ok,91925.0,ok,50115.0,ok,353121.0,ok,437831.0,ok,20.0,ok,7.0,ok,7.0,ok
2017,26,京都,32,その他の製造業,21.0,ok,1426.0,ok,457160.0,ok,216176.0,ok,5651.0,ok,238026.0,ok,276287.0,ok,18.0,ok,3.0,ok,,nil_or_na
2017,27,大阪,09,食料品製造業,305.0,ok,42512.0,ok,1134241.0,ok,499184.0,ok,135873.0,ok,568089.0,ok,1077486.0,ok,193.0,ok,82.0,ok,30.0,ok
2017,27,大阪,10,飲料・たばこ・飼料製造業,12.0,ok,869.0,ok,234825.0,ok,92627.0,ok,4601.0,ok,63323.0,ok,248277.0,ok,11.0,ok,1.0,ok,,nil_or_na
2017,27,大阪,11,繊維工業,98.0,ok,6055.0,ok,160213.0,ok,51557.0,ok,21958.0,ok,102424.0,ok,123379.0,ok,89.0,ok,8.0,ok,1.0,ok
2017,27,大阪,12,木材・木製品製造業（家具を除く）,21.0,ok,1480.0,ok,69264.0,ok,18613.0,ok,7346.0,ok,47833.0,ok,63145.0,ok,16.0,ok,5.0,ok,,nil_or_na
2017,27,大阪,13,家具・装備品製造業,33.0,ok,6712.0,ok,122836.0,ok,29921.0,ok,47261.0,ok,88543.0,ok,99489.0,ok,25.0,ok,6.0,ok,2.0,ok
2017,27,大阪,14,パルプ・紙・紙加工品製造業,102.0,ok,7451.0,ok,255644.0,ok,91139.0,ok,31056.0,ok,151168.0,ok,237301.0,ok,83.0,ok,17.0,ok,2.0,ok
2017,27,大阪,15,印刷・同関連業,182.0,ok,13821.0,ok,317076.0,ok,131151.0,ok,61470.0,ok,168187.0,ok,309295.0,ok,149.0,ok,30.0,ok,3.0,ok
2017,27,大阪,16,化学工業,204.0,ok,26342.0,ok,1769365.0,ok,756211.0,ok,156330.0,ok,909239.0,ok,1644935.0,ok,138.0,ok,52.0,ok,14.0,ok
2017,27,大阪,17,石油製品・石炭製品製造業,11.0,ok,1366.0,ok,1412392.0,ok,188642.0,ok,9939.0,ok,916473.0,ok,1413207.0,ok,8.0,ok,1.0,ok,2.0,ok
2017,27,大阪,18,プラスチック製品製造業（別掲を除く）,237.0,ok,18676.0,ok,556623.0,ok,208022.0,ok,78351.0,ok,319293.0,ok,517560.0,ok,197.0,ok,35.0,ok,5.0,ok
2017,27,大阪,19,ゴム製品製造業,35.0,ok,3811.0,ok,108934.0,ok,46816.0,ok,17931.0,ok,55990.0,ok,103817.0,ok,22.0,ok,10.0,ok,3.0,ok
2017,27,大阪,20,なめし革・同製品・毛皮製造業,8.0,ok,381.0,ok,5185.0,ok,2162.0,ok,1439.0,ok,2761.0,ok,5068.0,ok,8.0,ok,,nil_or_na,,nil_or_na
2017,27,大阪,21,窯業・土石製品製造業,50.0,ok,4059.0,ok,137571.0,ok,67387.0,ok,18575.0,ok,54781.0,ok,128940.0,ok,39.0,ok,10.0,ok,1.0,ok
2017,27,大阪,22,鉄鋼業,139.0,ok,13584.0,ok,1140761.0,ok,237064.0,ok,77236.0,ok,876798.0,ok,1119599.0,ok,106.0,ok,23.0,ok,10.0,ok
2017,27,大阪,23,非鉄金属製造業,54.0,ok,7488.0,ok,718225.0,ok,102728.0,ok,46580.0,ok,610623.0,ok,658889.0,ok,33.0,ok,16.0,ok,5.0,ok
2017,27,大阪,24,金属製品製造業,404.0,ok,29241.0,ok,926372.0,ok,352973.0,ok,138298.0,ok,520827.0,ok,824886.0,ok,336.0,ok,61.0,ok,7.0,ok
2017,27,大阪,25,はん用機械器具製造業,144.0,ok,19914.0,ok,687461.0,ok,255548.0,ok,111404.0,ok,403710.0,ok,655992.0,ok,105.0,ok,23.0,ok,16.0,ok
2017,27,大阪,26,生産用機械器具製造業,268.0,ok,28703.0,ok,1185020.0,ok,413870.0,ok,159991.0,ok,757800.0,ok,1130791.0,ok,210.0,ok,47.0,ok,11.0,ok
2017,27,大阪,27,業務用機械器具製造業,55.0,ok,5353.0,ok,143099.0,ok,60805.0,ok,26450.0,ok,77207.0,ok,133641.0,ok,39.0,ok,13.0,ok,3.0,ok
2017,27,大阪,28,電子部品・デバイス・電子回路製造業,43.0,ok,5721.0,ok,514489.0,ok,67202.0,ok,32144.0,ok,416203.0,ok,491569.0,ok,30.0,ok,11.0,ok,2.0,ok
2017,27,大阪,29,電気機械器具製造業,166.0,ok,20543.0,ok,922272.0,ok,354393.0,ok,107693.0,ok,547690.0,ok,876667.0,ok,125.0,ok,31.0,ok,10.0,ok
2017,27,大阪,30,情報通信機械器具製造業,14.0,ok,2673.0,ok,141008.0,ok,69156.0,ok,19682.0,ok,71586.0,ok,143713.0,ok,8.0,ok,3.0,ok,3.0,ok
2017,27,大阪,31,輸送用機械器具製造業,95.0,ok,22931.0,ok,1361024.0,ok,340168.0,ok,140705.0,ok,972275.0,ok,1300749.0,ok,66.0,ok,20.0,ok,9.0,ok
2017,27,大阪,32,その他の製造業,68.0,ok,4777.0,ok,113817.0,ok,34541.0,ok,19761.0,ok,74628.0,ok,107625.0,ok,61.0,ok,6.0,ok,1.0,ok
2017,28,兵庫,09,食料品製造業,325.0,ok,46413.0,ok,1499297.0,ok,517936.0,ok,148348.0,ok,905427.0,ok,1428943.0,ok,188.0,ok,102.0,ok,35.0,ok
2017,28,兵庫,10,飲料・たばこ・飼料製造業,48.0,ok,5306.0,ok,394856.0,ok,129280.0,ok,24372.0,ok,178615.0,ok,380630.0,ok,28.0,ok,17.0,ok,3.0,ok
2017,28,兵庫,11,繊維工業,53.0,ok,4172.0,ok,92681.0,ok,29166.0,ok,14327.0,ok,56936.0,ok,78900.0,ok,40.0,ok,13.0,ok,,nil_or_na
2017,28,兵庫,12,木材・木製品製造業（家具を除く）,15.0,ok,907.0,ok,29809.0,ok,9533.0,ok,3696.0,ok,18948.0,ok,23959.0,ok,13.0,ok,2.0,ok,,nil_or_na
2017,28,兵庫,13,家具・装備品製造業,17.0,ok,1089.0,ok,59290.0,ok,21327.0,ok,3877.0,ok,35763.0,ok,46263.0,ok,14.0,ok,3.0,ok,,nil_or_na
2017,28,兵庫,14,パルプ・紙・紙加工品製造業,64.0,ok,5411.0,ok,262480.0,ok,89853.0,ok,26223.0,ok,152736.0,ok,250226.0,ok,46.0,ok,17.0,ok,1.0,ok
2017,28,兵庫,15,印刷・同関連業,44.0,ok,3753.0,ok,85309.0,ok,35027.0,ok,16722.0,ok,45571.0,ok,82326.0,ok,30.0,ok,13.0,ok,1.0,ok
2017,28,兵庫,16,化学工業,159.0,ok,21088.0,ok,1962439.0,ok,681596.0,ok,117891.0,ok,1181911.0,ok,1816872.0,ok,98.0,ok,49.0,ok,12.0,ok
2017,28,兵庫,17,石油製品・石炭製品製造業,6.0,ok,771.0,ok,149531.0,ok,26279.0,ok,4114.0,ok,118921.0,ok,149129.0,ok,5.0,ok,,nil_or_na,1.0,ok
2017,28,兵庫,18,プラスチック製品製造業（別掲を除く）,123.0,ok,10913.0,ok,423115.0,ok,154434.0,ok,50246.0,ok,244079.0,ok,395858.0,ok,88.0,ok,32.0,ok,3.0,ok
2017,28,兵庫,19,ゴム製品製造業,31.0,ok,3698.0,ok,99894.0,ok,30351.0,ok,19147.0,ok,64851.0,ok,90364.0,ok,23.0,ok,3.0,ok,5.0,ok
2017,28,兵庫,20,なめし革・同製品・毛皮製造業,18.0,ok,1393.0,ok,23410.0,ok,7632.0,ok,3967.0,ok,14556.0,ok,22913.0,ok,15.0,ok,3.0,ok,,nil_or_na
2017,28,兵庫,21,窯業・土石製品製造業,63.0,ok,4960.0,ok,209440.0,ok,84834.0,ok,25959.0,ok,110084.0,ok,194219.0,ok,49.0,ok,13.0,ok,1.0,ok
2017,28,兵庫,22,鉄鋼業,87.0,ok,17464.0,ok,1832924.0,ok,370307.0,ok,110396.0,ok,1413510.0,ok,1655009.0,ok,59.0,ok,15.0,ok,13.0,ok
2017,28,兵庫,23,非鉄金属製造業,45.0,ok,5592.0,ok,240375.0,ok,93482.0,ok,30500.0,ok,134331.0,ok,235295.0,ok,27.0,ok,15.0,ok,3.0,ok
2017,28,兵庫,24,金属製品製造業,219.0,ok,18209.0,ok,614462.0,ok,215400.0,ok,84101.0,ok,368073.0,ok,591204.0,ok,173.0,ok,41.0,ok,5.0,ok
2017,28,兵庫,25,はん用機械器具製造業,123.0,ok,23448.0,ok,1084710.0,ok,387863.0,ok,144458.0,ok,658361.0,ok,986386.0,ok,83.0,ok,27.0,ok,13.0,ok
2017,28,兵庫,26,生産用機械器具製造業,170.0,ok,21447.0,ok,974689.0,ok,278260.0,ok,120453.0,ok,675689.0,ok,915930.0,ok,123.0,ok,34.0,ok,13.0,ok
2017,28,兵庫,27,業務用機械器具製造業,41.0,ok,6734.0,ok,255213.0,ok,133194.0,ok,36611.0,ok,112591.0,ok,209710.0,ok,26.0,ok,10.0,ok,5.0,ok
2017,28,兵庫,28,電子部品・デバイス・電子回路製造業,54.0,ok,9614.0,ok,397747.0,ok,107497.0,ok,50609.0,ok,270761.0,ok,287169.0,ok,27.0,ok,19.0,ok,8.0,ok
2017,28,兵庫,29,電気機械器具製造業,172.0,ok,35119.0,ok,1463074.0,ok,395851.0,ok,200907.0,ok,985452.0,ok,1417989.0,ok,97.0,ok,47.0,ok,28.0,ok
2017,28,兵庫,30,情報通信機械器具製造業,27.0,ok,6989.0,ok,430991.0,ok,115172.0,ok,42130.0,ok,311995.0,ok,371625.0,ok,9.0,ok,11.0,ok,7.0,ok
2017,28,兵庫,31,輸送用機械器具製造業,120.0,ok,33012.0,ok,1502660.0,ok,426912.0,ok,181630.0,ok,1041630.0,ok,1348017.0,ok,72.0,ok,30.0,ok,18.0,ok
2017,28,兵庫,32,その他の製造業,38.0,ok,5025.0,ok,151183.0,ok,74659.0,ok,20196.0,ok,69224.0,ok,148623.0,ok,21.0,ok,14.0,ok,3.0,ok
2017,29,奈良,09,食料品製造業,55.0,ok,7132.0,ok,226509.0,ok,100745.0,ok,25507.0,ok,112753.0,ok,210807.0,ok,29.0,ok,20.0,ok,6.0,ok
2017,29,奈良,10,飲料・たばこ・飼料製造業,6.0,ok,288.0,ok,5062.0,ok,1905.0,ok,893.0,ok,2205.0,ok,4845.0,ok,6.0,ok,,nil_or_na,,nil_or_na
2017,29,奈良,11,繊維工業,46.0,ok,2741.0,ok,43980.0,ok,14990.0,ok,8642.0,ok,26706.0,ok,38847.0,ok,42.0,ok,4.0,ok,,nil_or_na
2017,29,奈良,12,木材・木製品製造業（家具を除く）,11.0,ok,576.0,ok,19096.0,ok,3266.0,ok,1985.0,ok,14628.0,ok,18525.0,ok,10.0,ok,1.0,ok,,nil_or_na
2017,29,奈良,13,家具・装備品製造業,12.0,ok,850.0,ok,23505.0,ok,7692.0,ok,3246.0,ok,14718.0,ok,23036.0,ok,10.0,ok,2.0,ok,,nil_or_na
2017,29,奈良,14,パルプ・紙・紙加工品製造業,17.0,ok,1604.0,ok,50334.0,ok,16628.0,ok,6123.0,ok,31350.0,ok,46155.0,ok,12.0,ok,4.0,ok,1.0,ok
2017,29,奈良,15,印刷・同関連業,19.0,ok,2465.0,ok,50999.0,ok,19177.0,ok,12299.0,ok,28314.0,ok,50706.0,ok,14.0,ok,4.0,ok,1.0,ok
2017,29,奈良,16,化学工業,26.0,ok,2899.0,ok,109072.0,ok,35318.0,ok,13477.0,ok,67454.0,ok,104171.0,ok,16.0,ok,9.0,ok,1.0,ok
2017,29,奈良,17,石油製品・石炭製品製造業,1.0,ok,80.0,ok,,suppressed,,suppressed,,suppressed,,suppressed,,suppressed,1.0,ok,,nil_or_na,,nil_or_na
2017,29,奈良,18,プラスチック製品製造業（別掲を除く）,49.0,ok,3958.0,ok,103664.0,ok,33864.0,ok,15664.0,ok,64045.0,ok,101841.0,ok,37.0,ok,12.0,ok,,nil_or_na
2017,29,奈良,19,ゴム製品製造業,14.0,ok,2226.0,ok,63457.0,ok,29592.0,ok,11630.0,ok,30429.0,ok,51639.0,ok,7.0,ok,4.0,ok,3.0,ok
2017,29,奈良,20,なめし革・同製品・毛皮製造業,2.0,ok,122.0,ok,,suppressed,,suppressed,,suppressed,,suppressed,,suppressed,2.0,ok,,nil_or_na,,nil_or_na
2017,29,奈良,21,窯業・土石製品製造業,11.0,ok,581.0,ok,13080.0,ok,4581.0,ok,2344.0,ok,7878.0,ok,9264.0,ok,10.0,ok,1.0,ok,,nil_or_na
2017,29,奈良,22,鉄鋼業,8.0,ok,376.0,ok,25266.0,ok,6217.0,ok,1617.0,ok,18252.0,ok,24816.0,ok,8.0,ok,,nil_or_na,,nil_or_na
2017,29,奈良,23,非鉄金属製造業,5.0,ok,440.0,ok,16326.0,ok,8982.0,ok,2416.0,ok,5888.0,ok,14982.0,ok,4.0,ok,1.0,ok,,nil_or_na
2017,29,奈良,24,金属製品製造業,35.0,ok,2575.0,ok,110779.0,ok,49629.0,ok,11043.0,ok,55447.0,ok,110678.0,ok,29.0,ok,6.0,ok,,nil_or_na
2017,29,奈良,25,はん用機械器具製造業,19.0,ok,1452.0,ok,53940.0,ok,23469.0,ok,6430.0,ok,27879.0,ok,46446.0,ok,16.0,ok,2.0,ok,1.0,ok
2017,29,奈良,26,生産用機械器具製造業,35.0,ok,3809.0,ok,127158.0,ok,51455.0,ok,20957.0,ok,71714.0,ok,118478.0,ok,25.0,ok,7.0,ok,3.0,ok
2017,29,奈良,27,業務用機械器具製造業,7.0,ok,2471.0,ok,153926.0,ok,53187.0,ok,17800.0,ok,94546.0,ok,149229.0,ok,4.0,ok,2.0,ok,1.0,ok
2017,29,奈良,28,電子部品・デバイス・電子回路製造業,6.0,ok,1326.0,ok,251837.0,ok,2587.0,ok,7840.0,ok,257085.0,ok,5741.0,ok,5.0,ok,,nil_or_na,1.0,ok
2017,29,奈良,29,電気機械器具製造業,9.0,ok,945.0,ok,63734.0,ok,16740.0,ok,6543.0,ok,43381.0,ok,50545.0,ok,6.0,ok,2.0,ok,1.0,ok
2017,29,奈良,30,情報通信機械器具製造業,1.0,ok,112.0,ok,,suppressed,,suppressed,,suppressed,,suppressed,,suppressed,,nil_or_na,1.0,ok,,nil_or_na
2017,29,奈良,31,輸送用機械器具製造業,12.0,ok,3427.0,ok,191750.0,ok,51970.0,ok,19265.0,ok,135619.0,ok,191988.0,ok,7.0,ok,2.0,ok,3.0,ok
2017,29,奈良,32,その他の製造業,10.0,ok,1341.0,ok,46159.0,ok,14161.0,ok,5069.0,ok,29869.0,ok,37470.0,ok,5.0,ok,5.0,ok,,nil_or_na
2017,30,和歌山,09,食料品製造業,68.0,ok,5153.0,ok,125325.0,ok,37088.0,ok,14044.0,ok,83189.0,ok,114477.0,ok,57.0,ok,10.0,ok,1.0,ok
2017,30,和歌山,10,飲料・たばこ・飼料製造業,14.0,ok,1283.0,ok,43921.0,ok,16589.0,ok,4726.0,ok,23246.0,ok,39421.0,ok,10.0,ok,4.0,ok,,nil_or_na
2017,30,和歌山,11,繊維工業,32.0,ok,2162.0,ok,38973.0,ok,14048.0,ok,7257.0,ok,22366.0,ok,38565.0,ok,28.0,ok,4.0,ok,,nil_or_na
2017,30,和歌山,12,木材・木製品製造業（家具を除く）,8.0,ok,516.0,ok,18737.0,ok,6069.0,ok,2412.0,ok,11636.0,ok,16777.0,ok,7.0,ok,1.0,ok,,nil_or_na
2017,30,和歌山,13,家具・装備品製造業,3.0,ok,269.0,ok,5744.0,ok,1668.0,ok,935.0,ok,3833.0,ok,5564.0,ok,2.0,ok,1.0,ok,,nil_or_na
2017,30,和歌山,14,パルプ・紙・紙加工品製造業,6.0,ok,675.0,ok,27591.0,ok,9345.0,ok,3276.0,ok,16659.0,ok,24760.0,ok,3.0,ok,3.0,ok,,nil_or_na
2017,30,和歌山,15,印刷・同関連業,8.0,ok,474.0,ok,6654.0,ok,3910.0,ok,1837.0,ok,2216.0,ok,6423.0,ok,8.0,ok,,nil_or_na,,nil_or_na
2017,30,和歌山,16,化学工業,36.0,ok,4946.0,ok,350601.0,ok,167485.0,ok,27328.0,ok,154505.0,ok,346555.0,ok,25.0,ok,10.0,ok,1.0,ok
2017,30,和歌山,17,石油製品・石炭製品製造業,5.0,ok,897.0,ok,471098.0,ok,-29759.0,ok,5214.0,ok,380081.0,ok,465698.0,ok,1.0,ok,3.0,ok,1.0,ok
2017,30,和歌山,18,プラスチック製品製造業（別掲を除く）,16.0,ok,769.0,ok,22854.0,ok,8334.0,ok,2816.0,ok,13315.0,ok,22650.0,ok,16.0,ok,,nil_or_na,,nil_or_na
2017,30,和歌山,19,ゴム製品製造業,8.0,ok,955.0,ok,17841.0,ok,7563.0,ok,3304.0,ok,9182.0,ok,15303.0,ok,6.0,ok,1.0,ok,1.0,ok
2017,30,和歌山,20,なめし革・同製品・毛皮製造業,1.0,ok,41.0,ok,,suppressed,,suppressed,,suppressed,,suppressed,,suppressed,1.0,ok,,nil_or_na,,nil_or_na
2017,30,和歌山,21,窯業・土石製品製造業,7.0,ok,403.0,ok,15705.0,ok,5161.0,ok,1819.0,ok,9577.0,ok,15509.0,ok,5.0,ok,2.0,ok,,nil_or_na
2017,30,和歌山,22,鉄鋼業,12.0,ok,3984.0,ok,674834.0,ok,104023.0,ok,24797.0,ok,574549.0,ok,671551.0,ok,7.0,ok,3.0,ok,2.0,ok
2017,30,和歌山,23,非鉄金属製造業,8.0,ok,543.0,ok,21773.0,ok,4460.0,ok,2441.0,ok,16860.0,ok,21808.0,ok,6.0,ok,2.0,ok,,nil_or_na
2017,30,和歌山,24,金属製品製造業,30.0,ok,2062.0,ok,67213.0,ok,26585.0,ok,9005.0,ok,36218.0,ok,64248.0,ok,24.0,ok,6.0,ok,,nil_or_na
2017,30,和歌山,25,はん用機械器具製造業,22.0,ok,3593.0,ok,287430.0,ok,182891.0,ok,17239.0,ok,86817.0,ok,287708.0,ok,15.0,ok,5.0,ok,2.0,ok
2017,30,和歌山,26,生産用機械器具製造業,34.0,ok,4257.0,ok,123577.0,ok,56056.0,ok,20156.0,ok,62848.0,ok,118539.0,ok,26.0,ok,7.0,ok,1.0,ok
2017,30,和歌山,27,業務用機械器具製造業,7.0,ok,831.0,ok,12917.0,ok,5364.0,ok,3127.0,ok,7108.0,ok,12512.0,ok,4.0,ok,3.0,ok,,nil_or_na
2017,30,和歌山,28,電子部品・デバイス・電子回路製造業,6.0,ok,1042.0,ok,,suppressed,,suppressed,,suppressed,,suppressed,,suppressed,1.0,ok,4.0,ok,1.0,ok
2017,30,和歌山,29,電気機械器具製造業,11.0,ok,841.0,ok,13681.0,ok,5673.0,ok,3148.0,ok,7013.0,ok,13586.0,ok,9.0,ok,2.0,ok,,nil_or_na
2017,30,和歌山,30,情報通信機械器具製造業,2.0,ok,297.0,ok,,suppressed,,suppressed,,suppressed,,suppressed,,suppressed,1.0,ok,1.0,ok,,nil_or_na
2017,30,和歌山,31,輸送用機械器具製造業,4.0,ok,660.0,ok,,suppressed,,suppressed,,suppressed,,suppressed,,suppressed,1.0,ok,3.0,ok,,nil_or_na
2017,30,和歌山,32,その他の製造業,8.0,ok,526.0,ok,9165.0,ok,3885.0,ok,1823.0,ok,4641.0,ok,9013.0,ok,7.0,ok,1.0,ok,,nil_or_na
2017,31,鳥取,09,食料品製造業,58.0,ok,6079.0,ok,146188.0,ok,47142.0,ok,19205.0,ok,91921.0,ok,127466.0,ok,35.0,ok,19.0,ok,4.0,ok
2017,31,鳥取,10,飲料・たばこ・飼料製造業,6.0,ok,443.0,ok,12230.0,ok,6160.0,ok,1886.0,ok,5144.0,ok,12062.0,ok,5.0,ok,1.0,ok,,nil_or_na
2017,31,鳥取,11,繊維工業,21.0,ok,2162.0,ok,14118.0,ok,6883.0,ok,4734.0,ok,6317.0,ok,14188.0,ok,16.0,ok,4.0,ok,1.0,ok
2017,31,鳥取,12,木材・木製品製造業（家具を除く）,6.0,ok,444.0,ok,20540.0,ok,2931.0,ok,1883.0,ok,16658.0,ok,20547.0,ok,5.0,ok,1.0,ok,,nil_or_na
2017,31,鳥取,13,家具・装備品製造業,2.0,ok,77.0,ok,,suppressed,,suppressed,,suppressed,,suppressed,,suppressed,2.0,ok,,nil_or_na,,nil_or_na
2017,31,鳥取,14,パルプ・紙・紙加工品製造業,12.0,ok,1508.0,ok,96852.0,ok,29241.0,ok,6886.0,ok,59898.0,ok,91375.0,ok,7.0,ok,4.0,ok,1.0,ok
2017,31,鳥取,15,印刷・同関連業,11.0,ok,508.0,ok,5915.0,ok,2776.0,ok,1549.0,ok,2693.0,ok,5886.0,ok,11.0,ok,,nil_or_na,,nil_or_na
2017,31,鳥取,16,化学工業,1.0,ok,118.0,ok,,suppressed,,suppressed,,suppressed,,suppressed,,suppressed,,nil_or_na,1.0,ok,,nil_or_na
2017,31,鳥取,17,石油製品・石炭製品製造業,,nil_or_na,,nil_or_na,,nil_or_na,,nil_or_na,,nil_or_na,,nil_or_na,,nil_or_na,,nil_or_na,,nil_or_na,,nil_or_na
2017,31,鳥取,18,プラスチック製品製造業（別掲を除く）,13.0,ok,781.0,ok,18953.0,ok,8202.0,ok,2490.0,ok,9681.0,ok,18812.0,ok,12.0,ok,1.0,ok,,nil_or_na
2017,31,鳥取,19,ゴム製品製造業,2.0,ok,156.0,ok,,suppressed,,suppressed,,suppressed,,suppressed,,suppressed,1.0,ok,1.0,ok,,nil_or_na
2017,31,鳥取,20,なめし革・同製品・毛皮製造業,1.0,ok,274.0,ok,,suppressed,,suppressed,,suppressed,,suppressed,,suppressed,,nil_or_na,1.0,ok,,nil_or_na
2017,31,鳥取,21,窯業・土石製品製造業,3.0,ok,125.0,ok,1539.0,ok,654.0,ok,397.0,ok,696.0,ok,1332.0,ok,3.0,ok,,nil_or_na,,nil_or_na
2017,31,鳥取,22,鉄鋼業,4.0,ok,661.0,ok,13976.0,ok,3538.0,ok,2536.0,ok,9278.0,ok,13902.0,ok,2.0,ok,1.0,ok,1.0,ok
2017,31,鳥取,23,非鉄金属製造業,1.0,ok,64.0,ok,,suppressed,,suppressed,,suppressed,,suppressed,,suppressed,1.0,ok,,nil_or_na,,nil_or_na
2017,31,鳥取,24,金属製品製造業,20.0,ok,1455.0,ok,28757.0,ok,11755.0,ok,5020.0,ok,15039.0,ok,28148.0,ok,14.0,ok,6.0,ok,,nil_or_na
2017,31,鳥取,25,はん用機械器具製造業,,nil_or_na,,nil_or_na,,nil_or_na,,nil_or_na,,nil_or_na,,nil_or_na,,nil_or_na,,nil_or_na,,nil_or_na,,nil_or_na
2017,31,鳥取,26,生産用機械器具製造業,13.0,ok,1069.0,ok,26718.0,ok,7877.0,ok,4289.0,ok,17573.0,ok,24308.0,ok,10.0,ok,3.0,ok,,nil_or_na
2017,31,鳥取,27,業務用機械器具製造業,6.0,ok,565.0,ok,7337.0,ok,3126.0,ok,1535.0,ok,3732.0,ok,7277.0,ok,4.0,ok,2.0,ok,,nil_or_na
2017,31,鳥取,28,電子部品・デバイス・電子回路製造業,31.0,ok,5042.0,ok,167674.0,ok,42562.0,ok,23632.0,ok,118829.0,ok,125775.0,ok,19.0,ok,7.0,ok,5.0,ok
2017,31,鳥取,29,電気機械器具製造業,29.0,ok,3077.0,ok,91088.0,ok,23356.0,ok,11111.0,ok,65664.0,ok,87542.0,ok,21.0,ok,5.0,ok,3.0,ok
2017,31,鳥取,30,情報通信機械器具製造業,3.0,ok,509.0,ok,22357.0,ok,6514.0,ok,2254.0,ok,15245.0,ok,22478.0,ok,1.0,ok,2.0,ok,,nil_or_na
2017,31,鳥取,31,輸送用機械器具製造業,9.0,ok,1271.0,ok,24703.0,ok,7419.0,ok,4263.0,ok,15257.0,ok,23537.0,ok,7.0,ok,1.0,ok,1.0,ok
2017,31,鳥取,32,その他の製造業,4.0,ok,269.0,ok,2982.0,ok,1192.0,ok,643.0,ok,1463.0,ok,2992.0,ok,3.0,ok,1.0,ok,,nil_or_na
2017,32,島根,09,食料品製造業,47.0,ok,3427.0,ok,51491.0,ok,18494.0,ok,8956.0,ok,30071.0,ok,47320.0,ok,37.0,ok,10.0,ok,,nil_or_na
2017,32,島根,10,飲料・たばこ・飼料製造業,5.0,ok,306.0,ok,7669.0,ok,3163.0,ok,894.0,ok,4005.0,ok,7082.0,ok,4.0,ok,1.0,ok,,nil_or_na
2017,32,島根,11,繊維工業,20.0,ok,1757.0,ok,28513.0,ok,8293.0,ok,4967.0,ok,19072.0,ok,27824.0,ok,13.0,ok,7.0,ok,,nil_or_na
2017,32,島根,12,木材・木製品製造業（家具を除く）,5.0,ok,357.0,ok,29201.0,ok,9213.0,ok,1718.0,ok,18461.0,ok,29294.0,ok,4.0,ok,1.0,ok,,nil_or_na
2017,32,島根,13,家具・装備品製造業,3.0,ok,237.0,ok,6593.0,ok,3147.0,ok,867.0,ok,3107.0,ok,4202.0,ok,3.0,ok,,nil_or_na,,nil_or_na
2017,32,島根,14,パルプ・紙・紙加工品製造業,11.0,ok,1031.0,ok,28942.0,ok,10061.0,ok,3739.0,ok,16329.0,ok,27963.0,ok,7.0,ok,4.0,ok,,nil_or_na
2017,32,島根,15,印刷・同関連業,8.0,ok,353.0,ok,4230.0,ok,1614.0,ok,1162.0,ok,2326.0,ok,4204.0,ok,8.0,ok,,nil_or_na,,nil_or_na
2017,32,島根,16,化学工業,5.0,ok,817.0,ok,30718.0,ok,13773.0,ok,2717.0,ok,14590.0,ok,30126.0,ok,3.0,ok,1.0,ok,1.0,ok
2017,32,島根,17,石油製品・石炭製品製造業,,nil_or_na,,nil_or_na,,nil_or_na,,nil_or_na,,nil_or_na,,nil_or_na,,nil_or_na,,nil_or_na,,nil_or_na,,nil_or_na
2017,32,島根,18,プラスチック製品製造業（別掲を除く）,11.0,ok,927.0,ok,21544.0,ok,6568.0,ok,3245.0,ok,13107.0,ok,21892.0,ok,7.0,ok,4.0,ok,,nil_or_na
2017,32,島根,19,ゴム製品製造業,7.0,ok,577.0,ok,7359.0,ok,3007.0,ok,1646.0,ok,4005.0,ok,7315.0,ok,4.0,ok,3.0,ok,,nil_or_na
2017,32,島根,20,なめし革・同製品・毛皮製造業,1.0,ok,35.0,ok,,suppressed,,suppressed,,suppressed,,suppressed,,suppressed,1.0,ok,,nil_or_na,,nil_or_na
2017,32,島根,21,窯業・土石製品製造業,10.0,ok,561.0,ok,10137.0,ok,4437.0,ok,1757.0,ok,5271.0,ok,10048.0,ok,9.0,ok,1.0,ok,,nil_or_na
2017,32,島根,22,鉄鋼業,17.0,ok,4453.0,ok,169116.0,ok,71236.0,ok,23992.0,ok,95797.0,ok,174703.0,ok,10.0,ok,4.0,ok,3.0,ok
2017,32,島根,23,非鉄金属製造業,2.0,ok,378.0,ok,,suppressed,,suppressed,,suppressed,,suppressed,,suppressed,1.0,ok,1.0,ok,,nil_or_na
2017,32,島根,24,金属製品製造業,15.0,ok,1188.0,ok,31093.0,ok,10815.0,ok,4688.0,ok,18466.0,ok,29660.0,ok,12.0,ok,3.0,ok,,nil_or_na
2017,32,島根,25,はん用機械器具製造業,10.0,ok,1306.0,ok,63154.0,ok,25350.0,ok,6935.0,ok,34747.0,ok,60011.0,ok,5.0,ok,4.0,ok,1.0,ok
2017,32,島根,26,生産用機械器具製造業,23.0,ok,1884.0,ok,52784.0,ok,14025.0,ok,7954.0,ok,36047.0,ok,52632.0,ok,19.0,ok,3.0,ok,1.0,ok
2017,32,島根,27,業務用機械器具製造業,2.0,ok,858.0,ok,,suppressed,,suppressed,,suppressed,,suppressed,,suppressed,1.0,ok,,nil_or_na,1.0,ok
2017,32,島根,28,電子部品・デバイス・電子回路製造業,16.0,ok,5982.0,ok,206213.0,ok,77200.0,ok,25371.0,ok,109975.0,ok,207523.0,ok,7.0,ok,7.0,ok,2.0,ok
2017,32,島根,29,電気機械器具製造業,13.0,ok,1359.0,ok,34947.0,ok,9390.0,ok,5407.0,ok,24133.0,ok,30952.0,ok,11.0,ok,1.0,ok,1.0,ok
2017,32,島根,30,情報通信機械器具製造業,6.0,ok,959.0,ok,128668.0,ok,6082.0,ok,3775.0,ok,121649.0,ok,128795.0,ok,5.0,ok,,nil_or_na,1.0,ok
2017,32,島根,31,輸送用機械器具製造業,16.0,ok,2572.0,ok,82682.0,ok,29977.0,ok,10918.0,ok,48594.0,ok,80569.0,ok,7.0,ok,6.0,ok,3.0,ok
2017,32,島根,32,その他の製造業,3.0,ok,111.0,ok,1365.0,ok,683.0,ok,263.0,ok,693.0,ok,1424.0,ok,3.0,ok,,nil_or_na,,nil_or_na
2017,33,岡山,09,食料品製造業,113.0,ok,16325.0,ok,483915.0,ok,172111.0,ok,54986.0,ok,282558.0,ok,466439.0,ok,68.0,ok,32.0,ok,13.0,ok
2017,33,岡山,10,飲料・たばこ・飼料製造業,8.0,ok,534.0,ok,139170.0,ok,43382.0,ok,2650.0,ok,53977.0,ok,138418.0,ok,7.0,ok,1.0,ok,,nil_or_na
2017,33,岡山,11,繊維工業,98.0,ok,7457.0,ok,170242.0,ok,65023.0,ok,23647.0,ok,97886.0,ok,158503.0,ok,81.0,ok,16.0,ok,1.0,ok
2017,33,岡山,12,木材・木製品製造業（家具を除く）,16.0,ok,1154.0,ok,69966.0,ok,16232.0,ok,5026.0,ok,52518.0,ok,64346.0,ok,12.0,ok,4.0,ok,,nil_or_na
2017,33,岡山,13,家具・装備品製造業,9.0,ok,819.0,ok,18206.0,ok,5349.0,ok,3288.0,ok,12376.0,ok,17907.0,ok,6.0,ok,3.0,ok,,nil_or_na
2017,33,岡山,14,パルプ・紙・紙加工品製造業,32.0,ok,2986.0,ok,102088.0,ok,39456.0,ok,11150.0,ok,56888.0,ok,94779.0,ok,22.0,ok,9.0,ok,1.0,ok
2017,33,岡山,15,印刷・同関連業,42.0,ok,3688.0,ok,96787.0,ok,38405.0,ok,15909.0,ok,51203.0,ok,94917.0,ok,33.0,ok,6.0,ok,3.0,ok
2017,33,岡山,16,化学工業,65.0,ok,10668.0,ok,877163.0,ok,266727.0,ok,63767.0,ok,562703.0,ok,820407.0,ok,36.0,ok,21.0,ok,8.0,ok
2017,33,岡山,17,石油製品・石炭製品製造業,3.0,ok,1125.0,ok,,suppressed,,suppressed,,suppressed,,suppressed,,suppressed,2.0,ok,,nil_or_na,1.0,ok
2017,33,岡山,18,プラスチック製品製造業（別掲を除く）,66.0,ok,6410.0,ok,263326.0,ok,85594.0,ok,28076.0,ok,165594.0,ok,234386.0,ok,48.0,ok,14.0,ok,4.0,ok
2017,33,岡山,19,ゴム製品製造業,28.0,ok,4229.0,ok,98632.0,ok,36081.0,ok,19019.0,ok,57328.0,ok,83607.0,ok,15.0,ok,9.0,ok,4.0,ok
2017,33,岡山,20,なめし革・同製品・毛皮製造業,1.0,ok,37.0,ok,,suppressed,,suppressed,,suppressed,,suppressed,,suppressed,1.0,ok,,nil_or_na,,nil_or_na
2017,33,岡山,21,窯業・土石製品製造業,38.0,ok,3067.0,ok,153259.0,ok,48477.0,ok,15750.0,ok,98698.0,ok,128400.0,ok,26.0,ok,12.0,ok,,nil_or_na
2017,33,岡山,22,鉄鋼業,35.0,ok,7728.0,ok,925652.0,ok,121858.0,ok,45422.0,ok,778949.0,ok,927480.0,ok,23.0,ok,8.0,ok,4.0,ok
2017,33,岡山,23,非鉄金属製造業,15.0,ok,1426.0,ok,74950.0,ok,23455.0,ok,7521.0,ok,41735.0,ok,69977.0,ok,11.0,ok,4.0,ok,,nil_or_na
2017,33,岡山,24,金属製品製造業,51.0,ok,5432.0,ok,170140.0,ok,65323.0,ok,24886.0,ok,92764.0,ok,163071.0,ok,37.0,ok,11.0,ok,3.0,ok
2017,33,岡山,25,はん用機械器具製造業,36.0,ok,4925.0,ok,214984.0,ok,75640.0,ok,26008.0,ok,131238.0,ok,213868.0,ok,20.0,ok,15.0,ok,1.0,ok
2017,33,岡山,26,生産用機械器具製造業,74.0,ok,7050.0,ok,236313.0,ok,87993.0,ok,35219.0,ok,147025.0,ok,239849.0,ok,57.0,ok,12.0,ok,5.0,ok
2017,33,岡山,27,業務用機械器具製造業,9.0,ok,917.0,ok,30080.0,ok,9816.0,ok,3141.0,ok,16908.0,ok,27168.0,ok,7.0,ok,1.0,ok,1.0,ok
2017,33,岡山,28,電子部品・デバイス・電子回路製造業,25.0,ok,7954.0,ok,451956.0,ok,92699.0,ok,40434.0,ok,342649.0,ok,453018.0,ok,11.0,ok,7.0,ok,7.0,ok
2017,33,岡山,29,電気機械器具製造業,44.0,ok,4323.0,ok,184329.0,ok,46133.0,ok,17818.0,ok,132349.0,ok,174523.0,ok,31.0,ok,10.0,ok,3.0,ok
2017,33,岡山,30,情報通信機械器具製造業,7.0,ok,1082.0,ok,37485.0,ok,17774.0,ok,5788.0,ok,19220.0,ok,33252.0,ok,5.0,ok,1.0,ok,1.0,ok
2017,33,岡山,31,輸送用機械器具製造業,89.0,ok,17173.0,ok,884505.0,ok,320647.0,ok,92185.0,ok,535849.0,ok,882552.0,ok,53.0,ok,24.0,ok,12.0,ok
2017,33,岡山,32,その他の製造業,12.0,ok,857.0,ok,27636.0,ok,5737.0,ok,3683.0,ok,21005.0,ok,27585.0,ok,10.0,ok,2.0,ok,,nil_or_na
2017,34,広島,09,食料品製造業,189.0,ok,23204.0,ok,596863.0,ok,218529.0,ok,72387.0,ok,350117.0,ok,508594.0,ok,123.0,ok,51.0,ok,15.0,ok
2017,34,広島,10,飲料・たばこ・飼料製造業,12.0,ok,846.0,ok,25382.0,ok,9041.0,ok,3419.0,ok,12708.0,ok,23938.0,ok,10.0,ok,2.0,ok,,nil_or_na
2017,34,広島,11,繊維工業,44.0,ok,3453.0,ok,91188.0,ok,28122.0,ok,12826.0,ok,57897.0,ok,77515.0,ok,35.0,ok,8.0,ok,1.0,ok
2017,34,広島,12,木材・木製品製造業（家具を除く）,31.0,ok,2288.0,ok,111794.0,ok,35820.0,ok,9727.0,ok,69244.0,ok,101491.0,ok,24.0,ok,7.0,ok,,nil_or_na
2017,34,広島,13,家具・装備品製造業,26.0,ok,1672.0,ok,25903.0,ok,10314.0,ok,5235.0,ok,13807.0,ok,24419.0,ok,24.0,ok,2.0,ok,,nil_or_na
2017,34,広島,14,パルプ・紙・紙加工品製造業,20.0,ok,1432.0,ok,88429.0,ok,21459.0,ok,6966.0,ok,61702.0,ok,82429.0,ok,17.0,ok,3.0,ok,,nil_or_na
2017,34,広島,15,印刷・同関連業,47.0,ok,2828.0,ok,59148.0,ok,22603.0,ok,12255.0,ok,31750.0,ok,56867.0,ok,43.0,ok,4.0,ok,,nil_or_na
2017,34,広島,16,化学工業,36.0,ok,5227.0,ok,411373.0,ok,168918.0,ok,32880.0,ok,223716.0,ok,401731.0,ok,23.0,ok,11.0,ok,2.0,ok
2017,34,広島,17,石油製品・石炭製品製造業,2.0,ok,82.0,ok,,suppressed,,suppressed,,suppressed,,suppressed,,suppressed,2.0,ok,,nil_or_na,,nil_or_na
2017,34,広島,18,プラスチック製品製造業（別掲を除く）,85.0,ok,10707.0,ok,480404.0,ok,153268.0,ok,49427.0,ok,316645.0,ok,472594.0,ok,57.0,ok,24.0,ok,4.0,ok
2017,34,広島,19,ゴム製品製造業,30.0,ok,3507.0,ok,89930.0,ok,40782.0,ok,17982.0,ok,42625.0,ok,80759.0,ok,19.0,ok,8.0,ok,3.0,ok
2017,34,広島,20,なめし革・同製品・毛皮製造業,2.0,ok,144.0,ok,,suppressed,,suppressed,,suppressed,,suppressed,,suppressed,1.0,ok,1.0,ok,,nil_or_na
2017,34,広島,21,窯業・土石製品製造業,24.0,ok,3025.0,ok,85681.0,ok,42934.0,ok,14530.0,ok,38486.0,ok,79380.0,ok,18.0,ok,3.0,ok,3.0,ok
2017,34,広島,22,鉄鋼業,39.0,ok,8614.0,ok,1224388.0,ok,194887.0,ok,50825.0,ok,1018515.0,ok,1205561.0,ok,25.0,ok,11.0,ok,3.0,ok
2017,34,広島,23,非鉄金属製造業,18.0,ok,4332.0,ok,303190.0,ok,86937.0,ok,28307.0,ok,197145.0,ok,304222.0,ok,6.0,ok,7.0,ok,5.0,ok
2017,34,広島,24,金属製品製造業,96.0,ok,6813.0,ok,206861.0,ok,76226.0,ok,30080.0,ok,119493.0,ok,199350.0,ok,75.0,ok,21.0,ok,,nil_or_na
2017,34,広島,25,はん用機械器具製造業,46.0,ok,8600.0,ok,343678.0,ok,129020.0,ok,51018.0,ok,205355.0,ok,278138.0,ok,29.0,ok,10.0,ok,7.0,ok
2017,34,広島,26,生産用機械器具製造業,128.0,ok,18776.0,ok,824246.0,ok,270931.0,ok,104576.0,ok,557601.0,ok,788219.0,ok,94.0,ok,18.0,ok,16.0,ok
2017,34,広島,27,業務用機械器具製造業,12.0,ok,2214.0,ok,59271.0,ok,27630.0,ok,10765.0,ok,27565.0,ok,58413.0,ok,4.0,ok,6.0,ok,2.0,ok
2017,34,広島,28,電子部品・デバイス・電子回路製造業,17.0,ok,6362.0,ok,373089.0,ok,138510.0,ok,39238.0,ok,179993.0,ok,376904.0,ok,9.0,ok,4.0,ok,4.0,ok
2017,34,広島,29,電気機械器具製造業,50.0,ok,7197.0,ok,241052.0,ok,79798.0,ok,32321.0,ok,149870.0,ok,235193.0,ok,31.0,ok,12.0,ok,7.0,ok
2017,34,広島,30,情報通信機械器具製造業,6.0,ok,802.0,ok,12330.0,ok,6711.0,ok,3907.0,ok,4180.0,ok,11382.0,ok,4.0,ok,1.0,ok,1.0,ok
2017,34,広島,31,輸送用機械器具製造業,173.0,ok,47543.0,ok,3543391.0,ok,1052263.0,ok,276305.0,ok,2559451.0,ok,3117937.0,ok,103.0,ok,44.0,ok,26.0,ok
2017,34,広島,32,その他の製造業,29.0,ok,2043.0,ok,38315.0,ok,17374.0,ok,7099.0,ok,19028.0,ok,34368.0,ok,24.0,ok,5.0,ok,,nil_or_na
2017,35,山口,09,食料品製造業,99.0,ok,9505.0,ok,202825.0,ok,84269.0,ok,26654.0,ok,108635.0,ok,192816.0,ok,69.0,ok,25.0,ok,5.0,ok
2017,35,山口,10,飲料・たばこ・飼料製造業,5.0,ok,743.0,ok,41459.0,ok,10134.0,ok,2864.0,ok,25904.0,ok,41431.0,ok,3.0,ok,1.0,ok,1.0,ok
2017,35,山口,11,繊維工業,14.0,ok,1809.0,ok,50706.0,ok,13314.0,ok,7241.0,ok,32433.0,ok,49591.0,ok,10.0,ok,1.0,ok,3.0,ok
2017,35,山口,12,木材・木製品製造業（家具を除く）,10.0,ok,919.0,ok,32029.0,ok,6280.0,ok,3391.0,ok,24547.0,ok,30260.0,ok,7.0,ok,3.0,ok,,nil_or_na
2017,35,山口,13,家具・装備品製造業,3.0,ok,114.0,ok,2100.0,ok,772.0,ok,449.0,ok,1278.0,ok,1981.0,ok,3.0,ok,,nil_or_na,,nil_or_na
2017,35,山口,14,パルプ・紙・紙加工品製造業,14.0,ok,1649.0,ok,97019.0,ok,24697.0,ok,7654.0,ok,65967.0,ok,92987.0,ok,10.0,ok,3.0,ok,1.0,ok
2017,35,山口,15,印刷・同関連業,18.0,ok,1485.0,ok,24745.0,ok,9567.0,ok,5576.0,ok,13204.0,ok,23405.0,ok,12.0,ok,6.0,ok,,nil_or_na
2017,35,山口,16,化学工業,58.0,ok,14472.0,ok,1838838.0,ok,779681.0,ok,91363.0,ok,918537.0,ok,1751383.0,ok,28.0,ok,13.0,ok,17.0,ok
2017,35,山口,17,石油製品・石炭製品製造業,4.0,ok,1065.0,ok,905631.0,ok,47128.0,ok,9009.0,ok,665077.0,ok,899016.0,ok,1.0,ok,1.0,ok,2.0,ok
2017,35,山口,18,プラスチック製品製造業（別掲を除く）,38.0,ok,3865.0,ok,97515.0,ok,33467.0,ok,14312.0,ok,59434.0,ok,97301.0,ok,24.0,ok,13.0,ok,1.0,ok
2017,35,山口,19,ゴム製品製造業,12.0,ok,2754.0,ok,162144.0,ok,89818.0,ok,13224.0,ok,69835.0,ok,162183.0,ok,7.0,ok,3.0,ok,2.0,ok
2017,35,山口,20,なめし革・同製品・毛皮製造業,,nil_or_na,,nil_or_na,,nil_or_na,,nil_or_na,,nil_or_na,,nil_or_na,,nil_or_na,,nil_or_na,,nil_or_na,,nil_or_na
2017,35,山口,21,窯業・土石製品製造業,29.0,ok,2532.0,ok,157041.0,ok,58197.0,ok,12490.0,ok,86571.0,ok,140230.0,ok,20.0,ok,9.0,ok,,nil_or_na
2017,35,山口,22,鉄鋼業,27.0,ok,6257.0,ok,616600.0,ok,126611.0,ok,36614.0,ok,467607.0,ok,620462.0,ok,13.0,ok,7.0,ok,7.0,ok
2017,35,山口,23,非鉄金属製造業,6.0,ok,1486.0,ok,121068.0,ok,28001.0,ok,9343.0,ok,91223.0,ok,124592.0,ok,2.0,ok,2.0,ok,2.0,ok
2017,35,山口,24,金属製品製造業,42.0,ok,3602.0,ok,148039.0,ok,52607.0,ok,18048.0,ok,91593.0,ok,117350.0,ok,34.0,ok,7.0,ok,1.0,ok
2017,35,山口,25,はん用機械器具製造業,22.0,ok,2713.0,ok,77719.0,ok,19990.0,ok,13729.0,ok,55344.0,ok,75056.0,ok,15.0,ok,5.0,ok,2.0,ok
2017,35,山口,26,生産用機械器具製造業,40.0,ok,4341.0,ok,170323.0,ok,67867.0,ok,24917.0,ok,95830.0,ok,150546.0,ok,32.0,ok,5.0,ok,3.0,ok
2017,35,山口,27,業務用機械器具製造業,4.0,ok,537.0,ok,,suppressed,,suppressed,,suppressed,,suppressed,,suppressed,1.0,ok,3.0,ok,,nil_or_na
2017,35,山口,28,電子部品・デバイス・電子回路製造業,12.0,ok,2446.0,ok,,suppressed,,suppressed,,suppressed,,suppressed,,suppressed,6.0,ok,3.0,ok,3.0,ok
2017,35,山口,29,電気機械器具製造業,18.0,ok,1510.0,ok,26190.0,ok,7062.0,ok,4823.0,ok,18365.0,ok,22025.0,ok,15.0,ok,2.0,ok,1.0,ok
2017,35,山口,30,情報通信機械器具製造業,1.0,ok,97.0,ok,,suppressed,,suppressed,,suppressed,,suppressed,,suppressed,1.0,ok,,nil_or_na,,nil_or_na
2017,35,山口,31,輸送用機械器具製造業,54.0,ok,13423.0,ok,967659.0,ok,309488.0,ok,69316.0,ok,655530.0,ok,953489.0,ok,28.0,ok,14.0,ok,12.0,ok
2017,35,山口,32,その他の製造業,6.0,ok,726.0,ok,7647.0,ok,4229.0,ok,2110.0,ok,2967.0,ok,7616.0,ok,4.0,ok,1.0,ok,1.0,ok
2017,36,徳島,09,食料品製造業,48.0,ok,4613.0,ok,112370.0,ok,33775.0,ok,13801.0,ok,72897.0,ok,106357.0,ok,37.0,ok,9.0,ok,2.0,ok
2017,36,徳島,10,飲料・たばこ・飼料製造業,5.0,ok,444.0,ok,28996.0,ok,10521.0,ok,1999.0,ok,17002.0,ok,27423.0,ok,4.0,ok,1.0,ok,,nil_or_na
2017,36,徳島,11,繊維工業,9.0,ok,805.0,ok,19943.0,ok,4909.0,ok,2683.0,ok,14493.0,ok,20194.0,ok,4.0,ok,5.0,ok,,nil_or_na
2017,36,徳島,12,木材・木製品製造業（家具を除く）,9.0,ok,719.0,ok,27707.0,ok,8477.0,ok,2993.0,ok,17614.0,ok,27325.0,ok,7.0,ok,2.0,ok,,nil_or_na
2017,36,徳島,13,家具・装備品製造業,10.0,ok,932.0,ok,15678.0,ok,4704.0,ok,3119.0,ok,10077.0,ok,15456.0,ok,7.0,ok,3.0,ok,,nil_or_na
2017,36,徳島,14,パルプ・紙・紙加工品製造業,19.0,ok,2271.0,ok,112882.0,ok,27221.0,ok,12360.0,ok,75011.0,ok,106600.0,ok,12.0,ok,6.0,ok,1.0,ok
2017,36,徳島,15,印刷・同関連業,6.0,ok,518.0,ok,,suppressed,,suppressed,,suppressed,,suppressed,,suppressed,5.0,ok,1.0,ok,,nil_or_na
2017,36,徳島,16,化学工業,29.0,ok,6506.0,ok,544898.0,ok,380543.0,ok,40618.0,ok,127073.0,ok,529497.0,ok,13.0,ok,10.0,ok,6.0,ok
2017,36,徳島,17,石油製品・石炭製品製造業,,nil_or_na,,nil_or_na,,nil_or_na,,nil_or_na,,nil_or_na,,nil_or_na,,nil_or_na,,nil_or_na,,nil_or_na,,nil_or_na
2017,36,徳島,18,プラスチック製品製造業（別掲を除く）,13.0,ok,1362.0,ok,44173.0,ok,15080.0,ok,6264.0,ok,25844.0,ok,42094.0,ok,7.0,ok,6.0,ok,,nil_or_na
2017,36,徳島,19,ゴム製品製造業,1.0,ok,327.0,ok,,suppressed,,suppressed,,suppressed,,suppressed,,suppressed,,nil_or_na,,nil_or_na,1.0,ok
2017,36,徳島,20,なめし革・同製品・毛皮製造業,,nil_or_na,,nil_or_na,,nil_or_na,,nil_or_na,,nil_or_na,,nil_or_na,,nil_or_na,,nil_or_na,,nil_or_na,,nil_or_na
2017,36,徳島,21,窯業・土石製品製造業,4.0,ok,237.0,ok,2582.0,ok,1042.0,ok,722.0,ok,1333.0,ok,2568.0,ok,4.0,ok,,nil_or_na,,nil_or_na
2017,36,徳島,22,鉄鋼業,4.0,ok,448.0,ok,32260.0,ok,4691.0,ok,2471.0,ok,28069.0,ok,31773.0,ok,2.0,ok,2.0,ok,,nil_or_na
2017,36,徳島,23,非鉄金属製造業,,nil_or_na,,nil_or_na,,nil_or_na,,nil_or_na,,nil_or_na,,nil_or_na,,nil_or_na,,nil_or_na,,nil_or_na,,nil_or_na
2017,36,徳島,24,金属製品製造業,20.0,ok,2144.0,ok,52085.0,ok,18946.0,ok,9552.0,ok,29866.0,ok,45216.0,ok,16.0,ok,2.0,ok,2.0,ok
2017,36,徳島,25,はん用機械器具製造業,11.0,ok,1945.0,ok,66854.0,ok,19890.0,ok,10323.0,ok,43643.0,ok,66096.0,ok,8.0,ok,2.0,ok,1.0,ok
2017,36,徳島,26,生産用機械器具製造業,17.0,ok,1673.0,ok,49425.0,ok,19695.0,ok,8899.0,ok,30411.0,ok,38329.0,ok,14.0,ok,2.0,ok,1.0,ok
2017,36,徳島,27,業務用機械器具製造業,,nil_or_na,,nil_or_na,,nil_or_na,,nil_or_na,,nil_or_na,,nil_or_na,,nil_or_na,,nil_or_na,,nil_or_na,,nil_or_na
2017,36,徳島,28,電子部品・デバイス・電子回路製造業,7.0,ok,8767.0,ok,366195.0,ok,153531.0,ok,46789.0,ok,161781.0,ok,367498.0,ok,1.0,ok,3.0,ok,3.0,ok
2017,36,徳島,29,電気機械器具製造業,16.0,ok,2129.0,ok,88941.0,ok,24329.0,ok,10334.0,ok,61075.0,ok,67317.0,ok,10.0,ok,4.0,ok,2.0,ok
2017,36,徳島,30,情報通信機械器具製造業,1.0,ok,61.0,ok,,suppressed,,suppressed,,suppressed,,suppressed,,suppressed,1.0,ok,,nil_or_na,,nil_or_na
2017,36,徳島,31,輸送用機械器具製造業,5.0,ok,350.0,ok,10986.0,ok,3132.0,ok,1616.0,ok,6858.0,ok,10530.0,ok,4.0,ok,1.0,ok,,nil_or_na
2017,36,徳島,32,その他の製造業,5.0,ok,529.0,ok,26807.0,ok,19560.0,ok,2311.0,ok,4771.0,ok,26960.0,ok,3.0,ok,2.0,ok,,nil_or_na
2017,37,香川,09,食料品製造業,109.0,ok,10885.0,ok,298970.0,ok,97000.0,ok,32987.0,ok,187374.0,ok,269953.0,ok,71.0,ok,34.0,ok,4.0,ok
2017,37,香川,10,飲料・たばこ・飼料製造業,4.0,ok,153.0,ok,15413.0,ok,1440.0,ok,781.0,ok,13419.0,ok,15263.0,ok,4.0,ok,,nil_or_na,,nil_or_na
2017,37,香川,11,繊維工業,24.0,ok,1735.0,ok,31212.0,ok,11660.0,ok,5139.0,ok,17502.0,ok,29621.0,ok,21.0,ok,3.0,ok,,nil_or_na
2017,37,香川,12,木材・木製品製造業（家具を除く）,11.0,ok,989.0,ok,42166.0,ok,11594.0,ok,3690.0,ok,28254.0,ok,40324.0,ok,8.0,ok,3.0,ok,,nil_or_na
2017,37,香川,13,家具・装備品製造業,3.0,ok,483.0,ok,12957.0,ok,3939.0,ok,1953.0,ok,8363.0,ok,11478.0,ok,,nil_or_na,3.0,ok,,nil_or_na
2017,37,香川,14,パルプ・紙・紙加工品製造業,28.0,ok,2761.0,ok,114300.0,ok,27702.0,ok,10860.0,ok,79472.0,ok,107565.0,ok,17.0,ok,10.0,ok,1.0,ok
2017,37,香川,15,印刷・同関連業,29.0,ok,2285.0,ok,45438.0,ok,19235.0,ok,8299.0,ok,23022.0,ok,43360.0,ok,23.0,ok,5.0,ok,1.0,ok
2017,37,香川,16,化学工業,22.0,ok,3011.0,ok,145586.0,ok,69275.0,ok,14099.0,ok,64834.0,ok,132971.0,ok,11.0,ok,8.0,ok,3.0,ok
2017,37,香川,17,石油製品・石炭製品製造業,1.0,ok,861.0,ok,,suppressed,,suppressed,,suppressed,,suppressed,,suppressed,,nil_or_na,,nil_or_na,1.0,ok
2017,37,香川,18,プラスチック製品製造業（別掲を除く）,29.0,ok,3215.0,ok,117045.0,ok,35565.0,ok,12832.0,ok,75857.0,ok,104475.0,ok,16.0,ok,12.0,ok,1.0,ok
2017,37,香川,19,ゴム製品製造業,4.0,ok,554.0,ok,14989.0,ok,7933.0,ok,2614.0,ok,5867.0,ok,14966.0,ok,1.0,ok,3.0,ok,,nil_or_na
2017,37,香川,20,なめし革・同製品・毛皮製造業,3.0,ok,157.0,ok,2428.0,ok,1095.0,ok,340.0,ok,1285.0,ok,2471.0,ok,3.0,ok,,nil_or_na,,nil_or_na
2017,37,香川,21,窯業・土石製品製造業,13.0,ok,1723.0,ok,42881.0,ok,14177.0,ok,8318.0,ok,22518.0,ok,39808.0,ok,8.0,ok,3.0,ok,2.0,ok
2017,37,香川,22,鉄鋼業,7.0,ok,382.0,ok,36848.0,ok,9442.0,ok,1854.0,ok,26873.0,ok,37836.0,ok,7.0,ok,,nil_or_na,,nil_or_na
2017,37,香川,23,非鉄金属製造業,7.0,ok,997.0,ok,435295.0,ok,129997.0,ok,5386.0,ok,332430.0,ok,472092.0,ok,3.0,ok,3.0,ok,1.0,ok
2017,37,香川,24,金属製品製造業,44.0,ok,4287.0,ok,123469.0,ok,47869.0,ok,20097.0,ok,66676.0,ok,119175.0,ok,34.0,ok,9.0,ok,1.0,ok
2017,37,香川,25,はん用機械器具製造業,23.0,ok,3226.0,ok,99001.0,ok,37437.0,ok,15652.0,ok,56388.0,ok,94240.0,ok,14.0,ok,7.0,ok,2.0,ok
2017,37,香川,26,生産用機械器具製造業,22.0,ok,2587.0,ok,115287.0,ok,42256.0,ok,13545.0,ok,70375.0,ok,112582.0,ok,16.0,ok,4.0,ok,2.0,ok
2017,37,香川,27,業務用機械器具製造業,3.0,ok,365.0,ok,,suppressed,,suppressed,,suppressed,,suppressed,,suppressed,2.0,ok,1.0,ok,,nil_or_na
2017,37,香川,28,電子部品・デバイス・電子回路製造業,7.0,ok,2383.0,ok,43417.0,ok,21216.0,ok,10120.0,ok,18614.0,ok,43316.0,ok,4.0,ok,1.0,ok,2.0,ok
2017,37,香川,29,電気機械器具製造業,36.0,ok,5278.0,ok,163690.0,ok,50376.0,ok,26093.0,ok,113839.0,ok,164895.0,ok,21.0,ok,10.0,ok,5.0,ok
2017,37,香川,30,情報通信機械器具製造業,,nil_or_na,,nil_or_na,,nil_or_na,,nil_or_na,,nil_or_na,,nil_or_na,,nil_or_na,,nil_or_na,,nil_or_na,,nil_or_na
2017,37,香川,31,輸送用機械器具製造業,22.0,ok,3387.0,ok,206879.0,ok,19987.0,ok,18733.0,ok,189018.0,ok,209726.0,ok,14.0,ok,5.0,ok,3.0,ok
2017,37,香川,32,その他の製造業,13.0,ok,815.0,ok,15316.0,ok,6165.0,ok,2650.0,ok,8286.0,ok,11544.0,ok,11.0,ok,2.0,ok,,nil_or_na
2017,38,愛媛,09,食料品製造業,107.0,ok,10155.0,ok,252171.0,ok,77105.0,ok,27480.0,ok,164871.0,ok,238925.0,ok,75.0,ok,26.0,ok,6.0,ok
2017,38,愛媛,10,飲料・たばこ・飼料製造業,4.0,ok,305.0,ok,86486.0,ok,21850.0,ok,1652.0,ok,43523.0,ok,60833.0,ok,4.0,ok,,nil_or_na,,nil_or_na
2017,38,愛媛,11,繊維工業,48.0,ok,5723.0,ok,160150.0,ok,48744.0,ok,24811.0,ok,97535.0,ok,155976.0,ok,37.0,ok,8.0,ok,3.0,ok
2017,38,愛媛,12,木材・木製品製造業（家具を除く）,10.0,ok,652.0,ok,18861.0,ok,4508.0,ok,2487.0,ok,13199.0,ok,18913.0,ok,8.0,ok,2.0,ok,,nil_or_na
2017,38,愛媛,13,家具・装備品製造業,3.0,ok,247.0,ok,3611.0,ok,1846.0,ok,943.0,ok,1475.0,ok,3578.0,ok,2.0,ok,1.0,ok,,nil_or_na
2017,38,愛媛,14,パルプ・紙・紙加工品製造業,76.0,ok,8465.0,ok,533877.0,ok,147925.0,ok,39160.0,ok,345948.0,ok,517337.0,ok,55.0,ok,14.0,ok,7.0,ok
2017,38,愛媛,15,印刷・同関連業,17.0,ok,1034.0,ok,14943.0,ok,6225.0,ok,3581.0,ok,7544.0,ok,13839.0,ok,16.0,ok,1.0,ok,,nil_or_na
2017,38,愛媛,16,化学工業,19.0,ok,3201.0,ok,300819.0,ok,90406.0,ok,21529.0,ok,194427.0,ok,300597.0,ok,12.0,ok,6.0,ok,1.0,ok
2017,38,愛媛,17,石油製品・石炭製品製造業,2.0,ok,589.0,ok,,suppressed,,suppressed,,suppressed,,suppressed,,suppressed,,nil_or_na,1.0,ok,1.0,ok
2017,38,愛媛,18,プラスチック製品製造業（別掲を除く）,28.0,ok,3099.0,ok,171965.0,ok,74468.0,ok,14843.0,ok,85792.0,ok,165263.0,ok,21.0,ok,5.0,ok,2.0,ok
2017,38,愛媛,19,ゴム製品製造業,4.0,ok,299.0,ok,2705.0,ok,1113.0,ok,954.0,ok,1480.0,ok,2714.0,ok,3.0,ok,1.0,ok,,nil_or_na
2017,38,愛媛,20,なめし革・同製品・毛皮製造業,1.0,ok,44.0,ok,,suppressed,,suppressed,,suppressed,,suppressed,,suppressed,1.0,ok,,nil_or_na,,nil_or_na
2017,38,愛媛,21,窯業・土石製品製造業,13.0,ok,622.0,ok,14416.0,ok,5736.0,ok,2201.0,ok,7824.0,ok,13901.0,ok,13.0,ok,,nil_or_na,,nil_or_na
2017,38,愛媛,22,鉄鋼業,8.0,ok,684.0,ok,109806.0,ok,8309.0,ok,3121.0,ok,98715.0,ok,109954.0,ok,5.0,ok,3.0,ok,,nil_or_na
2017,38,愛媛,23,非鉄金属製造業,9.0,ok,1397.0,ok,726548.0,ok,91224.0,ok,8329.0,ok,630341.0,ok,671655.0,ok,4.0,ok,4.0,ok,1.0,ok
2017,38,愛媛,24,金属製品製造業,20.0,ok,1488.0,ok,43064.0,ok,17656.0,ok,6222.0,ok,23522.0,ok,38550.0,ok,16.0,ok,3.0,ok,1.0,ok
2017,38,愛媛,25,はん用機械器具製造業,24.0,ok,3601.0,ok,146365.0,ok,71692.0,ok,17873.0,ok,68517.0,ok,147240.0,ok,15.0,ok,5.0,ok,4.0,ok
2017,38,愛媛,26,生産用機械器具製造業,56.0,ok,5599.0,ok,183787.0,ok,71896.0,ok,26720.0,ok,106056.0,ok,185120.0,ok,39.0,ok,15.0,ok,2.0,ok
2017,38,愛媛,27,業務用機械器具製造業,3.0,ok,161.0,ok,,suppressed,,suppressed,,suppressed,,suppressed,,suppressed,3.0,ok,,nil_or_na,,nil_or_na
2017,38,愛媛,28,電子部品・デバイス・電子回路製造業,9.0,ok,2279.0,ok,41349.0,ok,21852.0,ok,11575.0,ok,17679.0,ok,38333.0,ok,5.0,ok,2.0,ok,2.0,ok
2017,38,愛媛,29,電気機械器具製造業,18.0,ok,2738.0,ok,97557.0,ok,54976.0,ok,16173.0,ok,36943.0,ok,95936.0,ok,11.0,ok,4.0,ok,3.0,ok
2017,38,愛媛,30,情報通信機械器具製造業,,nil_or_na,,nil_or_na,,nil_or_na,,nil_or_na,,nil_or_na,,nil_or_na,,nil_or_na,,nil_or_na,,nil_or_na,,nil_or_na
2017,38,愛媛,31,輸送用機械器具製造業,32.0,ok,3932.0,ok,375192.0,ok,111906.0,ok,19201.0,ok,286613.0,ok,336018.0,ok,19.0,ok,10.0,ok,3.0,ok
2017,38,愛媛,32,その他の製造業,7.0,ok,448.0,ok,6399.0,ok,2867.0,ok,1177.0,ok,3068.0,ok,6333.0,ok,6.0,ok,1.0,ok,,nil_or_na
2017,39,高知,09,食料品製造業,49.0,ok,3545.0,ok,63059.0,ok,24001.0,ok,10521.0,ok,34940.0,ok,57862.0,ok,41.0,ok,8.0,ok,,nil_or_na
2017,39,高知,10,飲料・たばこ・飼料製造業,6.0,ok,310.0,ok,8999.0,ok,2665.0,ok,1051.0,ok,5040.0,ok,8944.0,ok,5.0,ok,1.0,ok,,nil_or_na
2017,39,高知,11,繊維工業,13.0,ok,682.0,ok,11087.0,ok,3545.0,ok,2339.0,ok,6694.0,ok,10356.0,ok,13.0,ok,,nil_or_na,,nil_or_na
2017,39,高知,12,木材・木製品製造業（家具を除く）,5.0,ok,204.0,ok,4524.0,ok,1400.0,ok,646.0,ok,2757.0,ok,3753.0,ok,5.0,ok,,nil_or_na,,nil_or_na
2017,39,高知,13,家具・装備品製造業,1.0,ok,46.0,ok,,suppressed,,suppressed,,suppressed,,suppressed,,suppressed,1.0,ok,,nil_or_na,,nil_or_na
2017,39,高知,14,パルプ・紙・紙加工品製造業,26.0,ok,2303.0,ok,56612.0,ok,22108.0,ok,9614.0,ok,30493.0,ok,55399.0,ok,22.0,ok,3.0,ok,1.0,ok
2017,39,高知,15,印刷・同関連業,7.0,ok,306.0,ok,5645.0,ok,1896.0,ok,1134.0,ok,3477.0,ok,5639.0,ok,7.0,ok,,nil_or_na,,nil_or_na
2017,39,高知,16,化学工業,4.0,ok,160.0,ok,6614.0,ok,2264.0,ok,533.0,ok,4195.0,ok,6581.0,ok,4.0,ok,,nil_or_na,,nil_or_na
2017,39,高知,17,石油製品・石炭製品製造業,,nil_or_na,,nil_or_na,,nil_or_na,,nil_or_na,,nil_or_na,,nil_or_na,,nil_or_na,,nil_or_na,,nil_or_na,,nil_or_na
2017,39,高知,18,プラスチック製品製造業（別掲を除く）,9.0,ok,471.0,ok,7908.0,ok,3168.0,ok,1278.0,ok,4503.0,ok,7992.0,ok,8.0,ok,1.0,ok,,nil_or_na
2017,39,高知,19,ゴム製品製造業,,nil_or_na,,nil_or_na,,nil_or_na,,nil_or_na,,nil_or_na,,nil_or_na,,nil_or_na,,nil_or_na,,nil_or_na,,nil_or_na
2017,39,高知,20,なめし革・同製品・毛皮製造業,1.0,ok,45.0,ok,,suppressed,,suppressed,,suppressed,,suppressed,,suppressed,1.0,ok,,nil_or_na,,nil_or_na
2017,39,高知,21,窯業・土石製品製造業,6.0,ok,417.0,ok,41113.0,ok,16618.0,ok,2021.0,ok,19999.0,ok,27680.0,ok,4.0,ok,2.0,ok,,nil_or_na
2017,39,高知,22,鉄鋼業,8.0,ok,769.0,ok,37447.0,ok,10609.0,ok,3598.0,ok,26061.0,ok,25728.0,ok,6.0,ok,1.0,ok,1.0,ok
2017,39,高知,23,非鉄金属製造業,2.0,ok,205.0,ok,,suppressed,,suppressed,,suppressed,,suppressed,,suppressed,1.0,ok,1.0,ok,,nil_or_na
2017,39,高知,24,金属製品製造業,7.0,ok,275.0,ok,4829.0,ok,1724.0,ok,1145.0,ok,2794.0,ok,4501.0,ok,7.0,ok,,nil_or_na,,nil_or_na
2017,39,高知,25,はん用機械器具製造業,6.0,ok,396.0,ok,8898.0,ok,26.0,ok,1446.0,ok,5201.0,ok,6944.0,ok,5.0,ok,1.0,ok,,nil_or_na
2017,39,高知,26,生産用機械器具製造業,28.0,ok,2206.0,ok,49908.0,ok,17358.0,ok,9419.0,ok,28688.0,ok,47908.0,ok,24.0,ok,3.0,ok,1.0,ok
2017,39,高知,27,業務用機械器具製造業,5.0,ok,488.0,ok,20759.0,ok,3788.0,ok,1536.0,ok,16773.0,ok,16567.0,ok,3.0,ok,2.0,ok,,nil_or_na
2017,39,高知,28,電子部品・デバイス・電子回路製造業,7.0,ok,950.0,ok,23964.0,ok,5626.0,ok,3997.0,ok,17275.0,ok,13090.0,ok,4.0,ok,3.0,ok,,nil_or_na
2017,39,高知,29,電気機械器具製造業,8.0,ok,551.0,ok,8115.0,ok,1906.0,ok,1804.0,ok,5824.0,ok,7893.0,ok,6.0,ok,2.0,ok,,nil_or_na
2017,39,高知,30,情報通信機械器具製造業,,nil_or_na,,nil_or_na,,nil_or_na,,nil_or_na,,nil_or_na,,nil_or_na,,nil_or_na,,nil_or_na,,nil_or_na,,nil_or_na
2017,39,高知,31,輸送用機械器具製造業,6.0,ok,587.0,ok,31164.0,ok,7795.0,ok,2012.0,ok,22402.0,ok,29464.0,ok,3.0,ok,3.0,ok,,nil_or_na
2017,39,高知,32,その他の製造業,7.0,ok,738.0,ok,17599.0,ok,5996.0,ok,2785.0,ok,11532.0,ok,10608.0,ok,5.0,ok,2.0,ok,,nil_or_na
2017,40,福岡,09,食料品製造業,292.0,ok,35762.0,ok,870048.0,ok,313417.0,ok,99756.0,ok,512997.0,ok,804716.0,ok,193.0,ok,80.0,ok,19.0,ok
2017,40,福岡,10,飲料・たばこ・飼料製造業,25.0,ok,2256.0,ok,623788.0,ok,154655.0,ok,11949.0,ok,115149.0,ok,620298.0,ok,18.0,ok,6.0,ok,1.0,ok
2017,40,福岡,11,繊維工業,33.0,ok,2192.0,ok,30056.0,ok,10827.0,ok,6266.0,ok,17790.0,ok,29133.0,ok,29.0,ok,4.0,ok,,nil_or_na
2017,40,福岡,12,木材・木製品製造業（家具を除く）,18.0,ok,1108.0,ok,30787.0,ok,8584.0,ok,4201.0,ok,20651.0,ok,29045.0,ok,17.0,ok,1.0,ok,,nil_or_na
2017,40,福岡,13,家具・装備品製造業,29.0,ok,1888.0,ok,42712.0,ok,12953.0,ok,6421.0,ok,27964.0,ok,33526.0,ok,24.0,ok,5.0,ok,,nil_or_na
2017,40,福岡,14,パルプ・紙・紙加工品製造業,45.0,ok,2584.0,ok,73354.0,ok,26717.0,ok,9935.0,ok,42151.0,ok,67287.0,ok,40.0,ok,5.0,ok,,nil_or_na
2017,40,福岡,15,印刷・同関連業,64.0,ok,6611.0,ok,155473.0,ok,61221.0,ok,27672.0,ok,85032.0,ok,148149.0,ok,47.0,ok,11.0,ok,6.0,ok
2017,40,福岡,16,化学工業,53.0,ok,6995.0,ok,402333.0,ok,157422.0,ok,39210.0,ok,214373.0,ok,385512.0,ok,40.0,ok,7.0,ok,6.0,ok
2017,40,福岡,17,石油製品・石炭製品製造業,2.0,ok,476.0,ok,,suppressed,,suppressed,,suppressed,,suppressed,,suppressed,1.0,ok,,nil_or_na,1.0,ok
2017,40,福岡,18,プラスチック製品製造業（別掲を除く）,87.0,ok,9244.0,ok,232212.0,ok,72642.0,ok,37390.0,ok,147317.0,ok,224421.0,ok,55.0,ok,28.0,ok,4.0,ok
2017,40,福岡,19,ゴム製品製造業,16.0,ok,4411.0,ok,213400.0,ok,94354.0,ok,22242.0,ok,115626.0,ok,213154.0,ok,8.0,ok,3.0,ok,5.0,ok
2017,40,福岡,20,なめし革・同製品・毛皮製造業,1.0,ok,66.0,ok,,suppressed,,suppressed,,suppressed,,suppressed,,suppressed,1.0,ok,,nil_or_na,,nil_or_na
2017,40,福岡,21,窯業・土石製品製造業,62.0,ok,6933.0,ok,280550.0,ok,103306.0,ok,35749.0,ok,166503.0,ok,230355.0,ok,43.0,ok,14.0,ok,5.0,ok
2017,40,福岡,22,鉄鋼業,56.0,ok,9102.0,ok,866639.0,ok,224746.0,ok,54591.0,ok,586103.0,ok,828858.0,ok,38.0,ok,13.0,ok,5.0,ok
2017,40,福岡,23,非鉄金属製造業,25.0,ok,2456.0,ok,118435.0,ok,33278.0,ok,11734.0,ok,74586.0,ok,111514.0,ok,17.0,ok,7.0,ok,1.0,ok
2017,40,福岡,24,金属製品製造業,135.0,ok,13295.0,ok,381505.0,ok,132792.0,ok,54828.0,ok,229541.0,ok,367080.0,ok,109.0,ok,21.0,ok,5.0,ok
2017,40,福岡,25,はん用機械器具製造業,53.0,ok,4891.0,ok,139999.0,ok,54652.0,ok,22653.0,ok,78450.0,ok,124044.0,ok,41.0,ok,9.0,ok,3.0,ok
2017,40,福岡,26,生産用機械器具製造業,110.0,ok,11406.0,ok,383956.0,ok,126241.0,ok,57759.0,ok,245639.0,ok,364979.0,ok,80.0,ok,24.0,ok,6.0,ok
2017,40,福岡,27,業務用機械器具製造業,13.0,ok,922.0,ok,25230.0,ok,6110.0,ok,3851.0,ok,18085.0,ok,20626.0,ok,11.0,ok,2.0,ok,,nil_or_na
2017,40,福岡,28,電子部品・デバイス・電子回路製造業,33.0,ok,6720.0,ok,194117.0,ok,62319.0,ok,31399.0,ok,119579.0,ok,197129.0,ok,13.0,ok,13.0,ok,7.0,ok
2017,40,福岡,29,電気機械器具製造業,76.0,ok,10908.0,ok,291819.0,ok,104671.0,ok,47382.0,ok,181535.0,ok,286347.0,ok,44.0,ok,22.0,ok,10.0,ok
2017,40,福岡,30,情報通信機械器具製造業,6.0,ok,889.0,ok,11973.0,ok,5105.0,ok,2636.0,ok,6127.0,ok,11621.0,ok,3.0,ok,2.0,ok,1.0,ok
2017,40,福岡,31,輸送用機械器具製造業,90.0,ok,30242.0,ok,3362949.0,ok,425384.0,ok,176456.0,ok,2915632.0,ok,3352719.0,ok,47.0,ok,26.0,ok,17.0,ok
2017,40,福岡,32,その他の製造業,6.0,ok,556.0,ok,30447.0,ok,9062.0,ok,2237.0,ok,20101.0,ok,28719.0,ok,4.0,ok,2.0,ok,,nil_or_na
2017,41,佐賀,09,食料品製造業,102.0,ok,14508.0,ok,325137.0,ok,119866.0,ok,41005.0,ok,188972.0,ok,307564.0,ok,63.0,ok,26.0,ok,13.0,ok
2017,41,佐賀,10,飲料・たばこ・飼料製造業,8.0,ok,759.0,ok,27540.0,ok,9548.0,ok,3873.0,ok,14628.0,ok,26917.0,ok,5.0,ok,3.0,ok,,nil_or_na
2017,41,佐賀,11,繊維工業,23.0,ok,1978.0,ok,20437.0,ok,8684.0,ok,4619.0,ok,10329.0,ok,19633.0,ok,16.0,ok,7.0,ok,,nil_or_na
2017,41,佐賀,12,木材・木製品製造業（家具を除く）,4.0,ok,316.0,ok,16630.0,ok,3607.0,ok,1430.0,ok,10836.0,ok,15334.0,ok,3.0,ok,1.0,ok,,nil_or_na
2017,41,佐賀,13,家具・装備品製造業,6.0,ok,586.0,ok,19306.0,ok,5283.0,ok,1966.0,ok,13444.0,ok,8153.0,ok,5.0,ok,,nil_or_na,1.0,ok
2017,41,佐賀,14,パルプ・紙・紙加工品製造業,15.0,ok,1399.0,ok,70498.0,ok,23540.0,ok,6146.0,ok,43264.0,ok,62650.0,ok,9.0,ok,6.0,ok,,nil_or_na
2017,41,佐賀,15,印刷・同関連業,9.0,ok,576.0,ok,13009.0,ok,6079.0,ok,2248.0,ok,6101.0,ok,12350.0,ok,8.0,ok,1.0,ok,,nil_or_na
2017,41,佐賀,16,化学工業,19.0,ok,2435.0,ok,166792.0,ok,90853.0,ok,10554.0,ok,65913.0,ok,159605.0,ok,13.0,ok,5.0,ok,1.0,ok
2017,41,佐賀,17,石油製品・石炭製品製造業,1.0,ok,34.0,ok,,suppressed,,suppressed,,suppressed,,suppressed,,suppressed,1.0,ok,,nil_or_na,,nil_or_na
2017,41,佐賀,18,プラスチック製品製造業（別掲を除く）,18.0,ok,1473.0,ok,29959.0,ok,10672.0,ok,4748.0,ok,17300.0,ok,29378.0,ok,15.0,ok,3.0,ok,,nil_or_na
2017,41,佐賀,19,ゴム製品製造業,5.0,ok,1855.0,ok,54043.0,ok,22681.0,ok,7243.0,ok,27504.0,ok,53742.0,ok,2.0,ok,,nil_or_na,3.0,ok
2017,41,佐賀,20,なめし革・同製品・毛皮製造業,4.0,ok,410.0,ok,7426.0,ok,1241.0,ok,975.0,ok,6041.0,ok,7407.0,ok,2.0,ok,2.0,ok,,nil_or_na
2017,41,佐賀,21,窯業・土石製品製造業,20.0,ok,1289.0,ok,17470.0,ok,10979.0,ok,4946.0,ok,5218.0,ok,16910.0,ok,19.0,ok,1.0,ok,,nil_or_na
2017,41,佐賀,22,鉄鋼業,6.0,ok,1015.0,ok,34995.0,ok,8450.0,ok,6022.0,ok,23773.0,ok,35101.0,ok,3.0,ok,2.0,ok,1.0,ok
2017,41,佐賀,23,非鉄金属製造業,5.0,ok,1432.0,ok,113191.0,ok,26690.0,ok,8581.0,ok,83903.0,ok,111800.0,ok,1.0,ok,2.0,ok,2.0,ok
2017,41,佐賀,24,金属製品製造業,28.0,ok,2285.0,ok,83223.0,ok,27985.0,ok,11082.0,ok,48624.0,ok,81794.0,ok,19.0,ok,9.0,ok,,nil_or_na
2017,41,佐賀,25,はん用機械器具製造業,6.0,ok,508.0,ok,11355.0,ok,4117.0,ok,2225.0,ok,6759.0,ok,9112.0,ok,4.0,ok,2.0,ok,,nil_or_na
2017,41,佐賀,26,生産用機械器具製造業,34.0,ok,3583.0,ok,83711.0,ok,44360.0,ok,15179.0,ok,35312.0,ok,80543.0,ok,20.0,ok,12.0,ok,2.0,ok
2017,41,佐賀,27,業務用機械器具製造業,2.0,ok,79.0,ok,,suppressed,,suppressed,,suppressed,,suppressed,,suppressed,2.0,ok,,nil_or_na,,nil_or_na
2017,41,佐賀,28,電子部品・デバイス・電子回路製造業,7.0,ok,3850.0,ok,164527.0,ok,59541.0,ok,21220.0,ok,97482.0,ok,166418.0,ok,2.0,ok,1.0,ok,4.0,ok
2017,41,佐賀,29,電気機械器具製造業,29.0,ok,4291.0,ok,154353.0,ok,47374.0,ok,18949.0,ok,97043.0,ok,152258.0,ok,14.0,ok,13.0,ok,2.0,ok
2017,41,佐賀,30,情報通信機械器具製造業,3.0,ok,423.0,ok,,suppressed,,suppressed,,suppressed,,suppressed,,suppressed,2.0,ok,1.0,ok,,nil_or_na
2017,41,佐賀,31,輸送用機械器具製造業,16.0,ok,3369.0,ok,195112.0,ok,55184.0,ok,16746.0,ok,138523.0,ok,193973.0,ok,10.0,ok,4.0,ok,2.0,ok
2017,41,佐賀,32,その他の製造業,5.0,ok,1237.0,ok,73832.0,ok,15120.0,ok,4821.0,ok,56472.0,ok,73697.0,ok,2.0,ok,2.0,ok,1.0,ok
2017,42,長崎,09,食料品製造業,98.0,ok,10518.0,ok,233763.0,ok,78668.0,ok,28537.0,ok,143776.0,ok,221578.0,ok,68.0,ok,24.0,ok,6.0,ok
2017,42,長崎,10,飲料・たばこ・飼料製造業,7.0,ok,339.0,ok,20440.0,ok,4454.0,ok,1270.0,ok,14294.0,ok,18804.0,ok,7.0,ok,,nil_or_na,,nil_or_na
2017,42,長崎,11,繊維工業,35.0,ok,2951.0,ok,23951.0,ok,11020.0,ok,6147.0,ok,11485.0,ok,23271.0,ok,26.0,ok,8.0,ok,1.0,ok
2017,42,長崎,12,木材・木製品製造業（家具を除く）,,nil_or_na,,nil_or_na,,nil_or_na,,nil_or_na,,nil_or_na,,nil_or_na,,nil_or_na,,nil_or_na,,nil_or_na,,nil_or_na
2017,42,長崎,13,家具・装備品製造業,2.0,ok,70.0,ok,,suppressed,,suppressed,,suppressed,,suppressed,,suppressed,2.0,ok,,nil_or_na,,nil_or_na
2017,42,長崎,14,パルプ・紙・紙加工品製造業,3.0,ok,229.0,ok,,suppressed,,suppressed,,suppressed,,suppressed,,suppressed,2.0,ok,1.0,ok,,nil_or_na
2017,42,長崎,15,印刷・同関連業,8.0,ok,441.0,ok,5278.0,ok,2898.0,ok,1559.0,ok,1932.0,ok,5261.0,ok,7.0,ok,1.0,ok,,nil_or_na
2017,42,長崎,16,化学工業,2.0,ok,234.0,ok,,suppressed,,suppressed,,suppressed,,suppressed,,suppressed,1.0,ok,1.0,ok,,nil_or_na
2017,42,長崎,17,石油製品・石炭製品製造業,,nil_or_na,,nil_or_na,,nil_or_na,,nil_or_na,,nil_or_na,,nil_or_na,,nil_or_na,,nil_or_na,,nil_or_na,,nil_or_na
2017,42,長崎,18,プラスチック製品製造業（別掲を除く）,7.0,ok,598.0,ok,18514.0,ok,5287.0,ok,2223.0,ok,10782.0,ok,17015.0,ok,5.0,ok,2.0,ok,,nil_or_na
2017,42,長崎,19,ゴム製品製造業,,nil_or_na,,nil_or_na,,nil_or_na,,nil_or_na,,nil_or_na,,nil_or_na,,nil_or_na,,nil_or_na,,nil_or_na,,nil_or_na
2017,42,長崎,20,なめし革・同製品・毛皮製造業,,nil_or_na,,nil_or_na,,nil_or_na,,nil_or_na,,nil_or_na,,nil_or_na,,nil_or_na,,nil_or_na,,nil_or_na,,nil_or_na
2017,42,長崎,21,窯業・土石製品製造業,13.0,ok,946.0,ok,15847.0,ok,7091.0,ok,3836.0,ok,7441.0,ok,15061.0,ok,12.0,ok,,nil_or_na,1.0,ok
2017,42,長崎,22,鉄鋼業,10.0,ok,664.0,ok,22748.0,ok,7008.0,ok,2810.0,ok,14558.0,ok,15435.0,ok,8.0,ok,2.0,ok,,nil_or_na
2017,42,長崎,23,非鉄金属製造業,,nil_or_na,,nil_or_na,,nil_or_na,,nil_or_na,,nil_or_na,,nil_or_na,,nil_or_na,,nil_or_na,,nil_or_na,,nil_or_na
2017,42,長崎,24,金属製品製造業,28.0,ok,2256.0,ok,36694.0,ok,18899.0,ok,8747.0,ok,15201.0,ok,33290.0,ok,23.0,ok,4.0,ok,1.0,ok
2017,42,長崎,25,はん用機械器具製造業,22.0,ok,5803.0,ok,328710.0,ok,105948.0,ok,32554.0,ok,188395.0,ok,297978.0,ok,13.0,ok,5.0,ok,4.0,ok
2017,42,長崎,26,生産用機械器具製造業,11.0,ok,1239.0,ok,29879.0,ok,13690.0,ok,5692.0,ok,14926.0,ok,27655.0,ok,7.0,ok,3.0,ok,1.0,ok
2017,42,長崎,27,業務用機械器具製造業,4.0,ok,570.0,ok,32212.0,ok,11536.0,ok,3731.0,ok,16328.0,ok,26960.0,ok,2.0,ok,1.0,ok,1.0,ok
2017,42,長崎,28,電子部品・デバイス・電子回路製造業,11.0,ok,4642.0,ok,304951.0,ok,173574.0,ok,27111.0,ok,50511.0,ok,280340.0,ok,3.0,ok,5.0,ok,3.0,ok
2017,42,長崎,29,電気機械器具製造業,17.0,ok,1983.0,ok,33721.0,ok,11591.0,ok,8130.0,ok,21111.0,ok,32941.0,ok,11.0,ok,5.0,ok,1.0,ok
2017,42,長崎,30,情報通信機械器具製造業,3.0,ok,1277.0,ok,75591.0,ok,-279.0,ok,4791.0,ok,74883.0,ok,60997.0,ok,1.0,ok,1.0,ok,1.0,ok
2017,42,長崎,31,輸送用機械器具製造業,44.0,ok,7455.0,ok,410435.0,ok,62244.0,ok,39739.0,ok,274608.0,ok,351730.0,ok,29.0,ok,11.0,ok,4.0,ok
2017,42,長崎,32,その他の製造業,3.0,ok,529.0,ok,9564.0,ok,2436.0,ok,1865.0,ok,7273.0,ok,9910.0,ok,2.0,ok,,nil_or_na,1.0,ok
2017,43,熊本,09,食料品製造業,116.0,ok,13757.0,ok,310266.0,ok,109708.0,ok,39045.0,ok,186590.0,ok,290989.0,ok,77.0,ok,31.0,ok,8.0,ok
2017,43,熊本,10,飲料・たばこ・飼料製造業,11.0,ok,793.0,ok,81363.0,ok,9779.0,ok,4414.0,ok,67901.0,ok,79206.0,ok,9.0,ok,2.0,ok,,nil_or_na
2017,43,熊本,11,繊維工業,30.0,ok,2364.0,ok,17488.0,ok,7824.0,ok,5959.0,ok,8439.0,ok,16899.0,ok,21.0,ok,8.0,ok,1.0,ok
2017,43,熊本,12,木材・木製品製造業（家具を除く）,17.0,ok,890.0,ok,24944.0,ok,7538.0,ok,3091.0,ok,15356.0,ok,21766.0,ok,16.0,ok,1.0,ok,,nil_or_na
2017,43,熊本,13,家具・装備品製造業,1.0,ok,193.0,ok,,suppressed,,suppressed,,suppressed,,suppressed,,suppressed,,nil_or_na,1.0,ok,,nil_or_na
2017,43,熊本,14,パルプ・紙・紙加工品製造業,13.0,ok,1190.0,ok,90743.0,ok,31456.0,ok,5814.0,ok,53089.0,ok,87104.0,ok,9.0,ok,4.0,ok,,nil_or_na
2017,43,熊本,15,印刷・同関連業,24.0,ok,1618.0,ok,32197.0,ok,13514.0,ok,5697.0,ok,16417.0,ok,31386.0,ok,22.0,ok,2.0,ok,,nil_or_na
2017,43,熊本,16,化学工業,23.0,ok,3818.0,ok,150047.0,ok,64765.0,ok,18017.0,ok,70666.0,ok,145015.0,ok,13.0,ok,8.0,ok,2.0,ok
2017,43,熊本,17,石油製品・石炭製品製造業,1.0,ok,30.0,ok,,suppressed,,suppressed,,suppressed,,suppressed,,suppressed,1.0,ok,,nil_or_na,,nil_or_na
2017,43,熊本,18,プラスチック製品製造業（別掲を除く）,40.0,ok,4133.0,ok,95939.0,ok,45587.0,ok,16052.0,ok,42927.0,ok,93221.0,ok,26.0,ok,13.0,ok,1.0,ok
2017,43,熊本,19,ゴム製品製造業,8.0,ok,1950.0,ok,88660.0,ok,27627.0,ok,10873.0,ok,55673.0,ok,36360.0,ok,3.0,ok,3.0,ok,2.0,ok
2017,43,熊本,20,なめし革・同製品・毛皮製造業,1.0,ok,51.0,ok,,suppressed,,suppressed,,suppressed,,suppressed,,suppressed,1.0,ok,,nil_or_na,,nil_or_na
2017,43,熊本,21,窯業・土石製品製造業,23.0,ok,1216.0,ok,33074.0,ok,15077.0,ok,4949.0,ok,15824.0,ok,29855.0,ok,21.0,ok,2.0,ok,,nil_or_na
2017,43,熊本,22,鉄鋼業,12.0,ok,1046.0,ok,52103.0,ok,10398.0,ok,4708.0,ok,39656.0,ok,51950.0,ok,10.0,ok,1.0,ok,1.0,ok
2017,43,熊本,23,非鉄金属製造業,5.0,ok,1064.0,ok,34544.0,ok,11743.0,ok,4741.0,ok,21329.0,ok,34682.0,ok,3.0,ok,1.0,ok,1.0,ok
2017,43,熊本,24,金属製品製造業,47.0,ok,5060.0,ok,138332.0,ok,59972.0,ok,23358.0,ok,66554.0,ok,127508.0,ok,36.0,ok,9.0,ok,2.0,ok
2017,43,熊本,25,はん用機械器具製造業,3.0,ok,172.0,ok,3435.0,ok,1180.0,ok,784.0,ok,1860.0,ok,3145.0,ok,3.0,ok,,nil_or_na,,nil_or_na
2017,43,熊本,26,生産用機械器具製造業,48.0,ok,8069.0,ok,404048.0,ok,151694.0,ok,46580.0,ok,244007.0,ok,408831.0,ok,36.0,ok,6.0,ok,6.0,ok
2017,43,熊本,27,業務用機械器具製造業,5.0,ok,366.0,ok,7959.0,ok,2954.0,ok,1829.0,ok,5216.0,ok,3292.0,ok,4.0,ok,1.0,ok,,nil_or_na
2017,43,熊本,28,電子部品・デバイス・電子回路製造業,33.0,ok,10864.0,ok,362043.0,ok,194320.0,ok,62252.0,ok,140694.0,ok,364461.0,ok,10.0,ok,14.0,ok,9.0,ok
2017,43,熊本,29,電気機械器具製造業,29.0,ok,4443.0,ok,158644.0,ok,69527.0,ok,18656.0,ok,84469.0,ok,159386.0,ok,14.0,ok,10.0,ok,5.0,ok
2017,43,熊本,30,情報通信機械器具製造業,1.0,ok,361.0,ok,,suppressed,,suppressed,,suppressed,,suppressed,,suppressed,,nil_or_na,,nil_or_na,1.0,ok
2017,43,熊本,31,輸送用機械器具製造業,41.0,ok,11027.0,ok,408142.0,ok,93752.0,ok,57245.0,ok,313138.0,ok,408482.0,ok,23.0,ok,9.0,ok,9.0,ok
2017,43,熊本,32,その他の製造業,10.0,ok,590.0,ok,8346.0,ok,3503.0,ok,2070.0,ok,4203.0,ok,7920.0,ok,8.0,ok,2.0,ok,,nil_or_na
2017,44,大分,09,食料品製造業,68.0,ok,5162.0,ok,122267.0,ok,39572.0,ok,14876.0,ok,75983.0,ok,117549.0,ok,54.0,ok,14.0,ok,,nil_or_na
2017,44,大分,10,飲料・たばこ・飼料製造業,11.0,ok,989.0,ok,114862.0,ok,48570.0,ok,6484.0,ok,25142.0,ok,114348.0,ok,8.0,ok,2.0,ok,1.0,ok
2017,44,大分,11,繊維工業,19.0,ok,1416.0,ok,16510.0,ok,7280.0,ok,3650.0,ok,8244.0,ok,16403.0,ok,17.0,ok,1.0,ok,1.0,ok
2017,44,大分,12,木材・木製品製造業（家具を除く）,5.0,ok,268.0,ok,7785.0,ok,2383.0,ok,871.0,ok,5192.0,ok,7894.0,ok,5.0,ok,,nil_or_na,,nil_or_na
2017,44,大分,13,家具・装備品製造業,7.0,ok,388.0,ok,6352.0,ok,2561.0,ok,1183.0,ok,3456.0,ok,6280.0,ok,7.0,ok,,nil_or_na,,nil_or_na
2017,44,大分,14,パルプ・紙・紙加工品製造業,5.0,ok,409.0,ok,31402.0,ok,10007.0,ok,1871.0,ok,19350.0,ok,30747.0,ok,4.0,ok,1.0,ok,,nil_or_na
2017,44,大分,15,印刷・同関連業,10.0,ok,591.0,ok,8401.0,ok,4001.0,ok,2110.0,ok,3860.0,ok,8289.0,ok,9.0,ok,1.0,ok,,nil_or_na
2017,44,大分,16,化学工業,19.0,ok,2910.0,ok,568451.0,ok,158473.0,ok,17955.0,ok,393084.0,ok,574056.0,ok,11.0,ok,6.0,ok,2.0,ok
2017,44,大分,17,石油製品・石炭製品製造業,2.0,ok,558.0,ok,,suppressed,,suppressed,,suppressed,,suppressed,,suppressed,,nil_or_na,1.0,ok,1.0,ok
2017,44,大分,18,プラスチック製品製造業（別掲を除く）,30.0,ok,2714.0,ok,75801.0,ok,34132.0,ok,10119.0,ok,37381.0,ok,75561.0,ok,22.0,ok,7.0,ok,1.0,ok
2017,44,大分,19,ゴム製品製造業,6.0,ok,874.0,ok,22887.0,ok,7910.0,ok,3224.0,ok,13548.0,ok,22900.0,ok,3.0,ok,3.0,ok,,nil_or_na
2017,44,大分,20,なめし革・同製品・毛皮製造業,1.0,ok,83.0,ok,,suppressed,,suppressed,,suppressed,,suppressed,,suppressed,1.0,ok,,nil_or_na,,nil_or_na
2017,44,大分,21,窯業・土石製品製造業,17.0,ok,2521.0,ok,72548.0,ok,33302.0,ok,11494.0,ok,36518.0,ok,67088.0,ok,10.0,ok,5.0,ok,2.0,ok
2017,44,大分,22,鉄鋼業,6.0,ok,2494.0,ok,514842.0,ok,106015.0,ok,15600.0,ok,411838.0,ok,506787.0,ok,5.0,ok,,nil_or_na,1.0,ok
2017,44,大分,23,非鉄金属製造業,5.0,ok,1126.0,ok,468623.0,ok,71649.0,ok,5886.0,ok,406939.0,ok,478129.0,ok,2.0,ok,2.0,ok,1.0,ok
2017,44,大分,24,金属製品製造業,33.0,ok,2203.0,ok,39958.0,ok,19674.0,ok,7783.0,ok,18193.0,ok,39603.0,ok,30.0,ok,3.0,ok,,nil_or_na
2017,44,大分,25,はん用機械器具製造業,10.0,ok,1993.0,ok,96822.0,ok,42108.0,ok,8916.0,ok,44990.0,ok,91210.0,ok,5.0,ok,2.0,ok,3.0,ok
2017,44,大分,26,生産用機械器具製造業,24.0,ok,2262.0,ok,43842.0,ok,18264.0,ok,9380.0,ok,22748.0,ok,41345.0,ok,16.0,ok,8.0,ok,,nil_or_na
2017,44,大分,27,業務用機械器具製造業,9.0,ok,3328.0,ok,102696.0,ok,31824.0,ok,16691.0,ok,66062.0,ok,101957.0,ok,3.0,ok,3.0,ok,3.0,ok
2017,44,大分,28,電子部品・デバイス・電子回路製造業,22.0,ok,6217.0,ok,197745.0,ok,77384.0,ok,32900.0,ok,108724.0,ok,206747.0,ok,9.0,ok,8.0,ok,5.0,ok
2017,44,大分,29,電気機械器具製造業,19.0,ok,1862.0,ok,33487.0,ok,11796.0,ok,7185.0,ok,20499.0,ok,32593.0,ok,13.0,ok,6.0,ok,,nil_or_na
2017,44,大分,30,情報通信機械器具製造業,10.0,ok,4793.0,ok,186201.0,ok,12169.0,ok,19320.0,ok,166313.0,ok,185529.0,ok,2.0,ok,5.0,ok,3.0,ok
2017,44,大分,31,輸送用機械器具製造業,43.0,ok,8213.0,ok,603187.0,ok,67164.0,ok,39825.0,ok,523523.0,ok,605702.0,ok,24.0,ok,14.0,ok,5.0,ok
2017,44,大分,32,その他の製造業,3.0,ok,155.0,ok,1722.0,ok,916.0,ok,388.0,ok,756.0,ok,1774.0,ok,3.0,ok,,nil_or_na,,nil_or_na
2017,45,宮崎,09,食料品製造業,106.0,ok,11153.0,ok,341581.0,ok,79037.0,ok,30297.0,ok,251376.0,ok,318094.0,ok,71.0,ok,31.0,ok,4.0,ok
2017,45,宮崎,10,飲料・たばこ・飼料製造業,20.0,ok,1643.0,ok,93475.0,ok,29604.0,ok,6740.0,ok,40616.0,ok,89962.0,ok,18.0,ok,1.0,ok,1.0,ok
2017,45,宮崎,11,繊維工業,35.0,ok,3402.0,ok,57727.0,ok,30806.0,ok,9926.0,ok,23085.0,ok,56988.0,ok,25.0,ok,7.0,ok,3.0,ok
2017,45,宮崎,12,木材・木製品製造業（家具を除く）,21.0,ok,1511.0,ok,45395.0,ok,11608.0,ok,5065.0,ok,29047.0,ok,44741.0,ok,18.0,ok,3.0,ok,,nil_or_na
2017,45,宮崎,13,家具・装備品製造業,2.0,ok,106.0,ok,,suppressed,,suppressed,,suppressed,,suppressed,,suppressed,2.0,ok,,nil_or_na,,nil_or_na
2017,45,宮崎,14,パルプ・紙・紙加工品製造業,6.0,ok,686.0,ok,39081.0,ok,12742.0,ok,3515.0,ok,24370.0,ok,38488.0,ok,3.0,ok,3.0,ok,,nil_or_na
2017,45,宮崎,15,印刷・同関連業,9.0,ok,476.0,ok,10294.0,ok,5599.0,ok,1772.0,ok,4097.0,ok,10140.0,ok,8.0,ok,1.0,ok,,nil_or_na
2017,45,宮崎,16,化学工業,14.0,ok,1737.0,ok,165499.0,ok,69943.0,ok,9486.0,ok,89223.0,ok,166706.0,ok,7.0,ok,6.0,ok,1.0,ok
2017,45,宮崎,17,石油製品・石炭製品製造業,1.0,ok,43.0,ok,,suppressed,,suppressed,,suppressed,,suppressed,,suppressed,1.0,ok,,nil_or_na,,nil_or_na
2017,45,宮崎,18,プラスチック製品製造業（別掲を除く）,21.0,ok,1607.0,ok,48157.0,ok,21515.0,ok,5940.0,ok,21575.0,ok,45747.0,ok,17.0,ok,3.0,ok,1.0,ok
2017,45,宮崎,19,ゴム製品製造業,6.0,ok,2041.0,ok,110320.0,ok,52266.0,ok,11051.0,ok,49346.0,ok,110064.0,ok,3.0,ok,2.0,ok,1.0,ok
2017,45,宮崎,20,なめし革・同製品・毛皮製造業,,nil_or_na,,nil_or_na,,nil_or_na,,nil_or_na,,nil_or_na,,nil_or_na,,nil_or_na,,nil_or_na,,nil_or_na,,nil_or_na
2017,45,宮崎,21,窯業・土石製品製造業,14.0,ok,885.0,ok,12799.0,ok,7432.0,ok,2634.0,ok,4242.0,ok,9160.0,ok,12.0,ok,2.0,ok,,nil_or_na
2017,45,宮崎,22,鉄鋼業,3.0,ok,357.0,ok,16009.0,ok,4888.0,ok,1597.0,ok,9657.0,ok,15825.0,ok,1.0,ok,2.0,ok,,nil_or_na
2017,45,宮崎,23,非鉄金属製造業,2.0,ok,153.0,ok,,suppressed,,suppressed,,suppressed,,suppressed,,suppressed,2.0,ok,,nil_or_na,,nil_or_na
2017,45,宮崎,24,金属製品製造業,21.0,ok,1357.0,ok,24155.0,ok,11549.0,ok,4389.0,ok,11212.0,ok,18936.0,ok,18.0,ok,3.0,ok,,nil_or_na
2017,45,宮崎,25,はん用機械器具製造業,5.0,ok,472.0,ok,11541.0,ok,3549.0,ok,1785.0,ok,7678.0,ok,11661.0,ok,3.0,ok,2.0,ok,,nil_or_na
2017,45,宮崎,26,生産用機械器具製造業,21.0,ok,1932.0,ok,40102.0,ok,18093.0,ok,8409.0,ok,20178.0,ok,31056.0,ok,16.0,ok,3.0,ok,2.0,ok
2017,45,宮崎,27,業務用機械器具製造業,9.0,ok,1476.0,ok,24163.0,ok,11079.0,ok,5123.0,ok,10548.0,ok,24202.0,ok,4.0,ok,3.0,ok,2.0,ok
2017,45,宮崎,28,電子部品・デバイス・電子回路製造業,23.0,ok,5563.0,ok,,suppressed,,suppressed,,suppressed,,suppressed,,suppressed,8.0,ok,8.0,ok,7.0,ok
2017,45,宮崎,29,電気機械器具製造業,16.0,ok,2235.0,ok,65476.0,ok,7235.0,ok,7933.0,ok,41582.0,ok,63963.0,ok,8.0,ok,6.0,ok,2.0,ok
2017,45,宮崎,30,情報通信機械器具製造業,4.0,ok,1194.0,ok,69298.0,ok,5092.0,ok,3334.0,ok,63764.0,ok,68995.0,ok,3.0,ok,,nil_or_na,1.0,ok
2017,45,宮崎,31,輸送用機械器具製造業,17.0,ok,2518.0,ok,50643.0,ok,15760.0,ok,9795.0,ok,32826.0,ok,50719.0,ok,9.0,ok,6.0,ok,2.0,ok
2017,45,宮崎,32,その他の製造業,5.0,ok,550.0,ok,13979.0,ok,3265.0,ok,2111.0,ok,10191.0,ok,13929.0,ok,2.0,ok,3.0,ok,,nil_or_na
2017,46,鹿児島,09,食料品製造業,192.0,ok,19086.0,ok,587669.0,ok,128552.0,ok,52820.0,ok,440012.0,ok,554395.0,ok,141.0,ok,38.0,ok,13.0,ok
2017,46,鹿児島,10,飲料・たばこ・飼料製造業,41.0,ok,2364.0,ok,261308.0,ok,48729.0,ok,8681.0,ok,184347.0,ok,256992.0,ok,38.0,ok,3.0,ok,,nil_or_na
2017,46,鹿児島,11,繊維工業,20.0,ok,1500.0,ok,10215.0,ok,4215.0,ok,3574.0,ok,5377.0,ok,9634.0,ok,16.0,ok,4.0,ok,,nil_or_na
2017,46,鹿児島,12,木材・木製品製造業（家具を除く）,6.0,ok,288.0,ok,8355.0,ok,1541.0,ok,988.0,ok,6038.0,ok,6840.0,ok,6.0,ok,,nil_or_na,,nil_or_na
2017,46,鹿児島,13,家具・装備品製造業,,nil_or_na,,nil_or_na,,nil_or_na,,nil_or_na,,nil_or_na,,nil_or_na,,nil_or_na,,nil_or_na,,nil_or_na,,nil_or_na
2017,46,鹿児島,14,パルプ・紙・紙加工品製造業,6.0,ok,641.0,ok,45371.0,ok,14222.0,ok,3159.0,ok,29463.0,ok,41959.0,ok,3.0,ok,3.0,ok,,nil_or_na
2017,46,鹿児島,15,印刷・同関連業,16.0,ok,921.0,ok,11077.0,ok,5178.0,ok,2952.0,ok,4990.0,ok,9292.0,ok,16.0,ok,,nil_or_na,,nil_or_na
2017,46,鹿児島,16,化学工業,4.0,ok,238.0,ok,7998.0,ok,2862.0,ok,997.0,ok,4826.0,ok,5655.0,ok,4.0,ok,,nil_or_na,,nil_or_na
2017,46,鹿児島,17,石油製品・石炭製品製造業,1.0,ok,45.0,ok,,suppressed,,suppressed,,suppressed,,suppressed,,suppressed,1.0,ok,,nil_or_na,,nil_or_na
2017,46,鹿児島,18,プラスチック製品製造業（別掲を除く）,10.0,ok,574.0,ok,11112.0,ok,4551.0,ok,1587.0,ok,6032.0,ok,9754.0,ok,9.0,ok,1.0,ok,,nil_or_na
2017,46,鹿児島,19,ゴム製品製造業,,nil_or_na,,nil_or_na,,nil_or_na,,nil_or_na,,nil_or_na,,nil_or_na,,nil_or_na,,nil_or_na,,nil_or_na,,nil_or_na
2017,46,鹿児島,20,なめし革・同製品・毛皮製造業,,nil_or_na,,nil_or_na,,nil_or_na,,nil_or_na,,nil_or_na,,nil_or_na,,nil_or_na,,nil_or_na,,nil_or_na,,nil_or_na
2017,46,鹿児島,21,窯業・土石製品製造業,19.0,ok,5221.0,ok,139684.0,ok,74303.0,ok,23721.0,ok,58304.0,ok,139176.0,ok,17.0,ok,1.0,ok,1.0,ok
2017,46,鹿児島,22,鉄鋼業,2.0,ok,73.0,ok,,suppressed,,suppressed,,suppressed,,suppressed,,suppressed,2.0,ok,,nil_or_na,,nil_or_na
2017,46,鹿児島,23,非鉄金属製造業,3.0,ok,403.0,ok,,suppressed,,suppressed,,suppressed,,suppressed,,suppressed,1.0,ok,2.0,ok,,nil_or_na
2017,46,鹿児島,24,金属製品製造業,23.0,ok,1372.0,ok,28173.0,ok,12767.0,ok,4860.0,ok,14287.0,ok,27033.0,ok,18.0,ok,5.0,ok,,nil_or_na
2017,46,鹿児島,25,はん用機械器具製造業,2.0,ok,130.0,ok,,suppressed,,suppressed,,suppressed,,suppressed,,suppressed,2.0,ok,,nil_or_na,,nil_or_na
2017,46,鹿児島,26,生産用機械器具製造業,33.0,ok,2618.0,ok,59293.0,ok,24215.0,ok,11065.0,ok,32339.0,ok,56230.0,ok,25.0,ok,7.0,ok,1.0,ok
2017,46,鹿児島,27,業務用機械器具製造業,4.0,ok,302.0,ok,3533.0,ok,1931.0,ok,898.0,ok,1442.0,ok,3512.0,ok,3.0,ok,1.0,ok,,nil_or_na
2017,46,鹿児島,28,電子部品・デバイス・電子回路製造業,39.0,ok,11647.0,ok,307726.0,ok,184539.0,ok,61422.0,ok,105344.0,ok,312015.0,ok,18.0,ok,14.0,ok,7.0,ok
2017,46,鹿児島,29,電気機械器具製造業,16.0,ok,2089.0,ok,111002.0,ok,73203.0,ok,10302.0,ok,33165.0,ok,111926.0,ok,11.0,ok,4.0,ok,1.0,ok
2017,46,鹿児島,30,情報通信機械器具製造業,4.0,ok,474.0,ok,,suppressed,,suppressed,,suppressed,,suppressed,,suppressed,2.0,ok,2.0,ok,,nil_or_na
2017,46,鹿児島,31,輸送用機械器具製造業,6.0,ok,547.0,ok,15075.0,ok,7221.0,ok,2375.0,ok,6918.0,ok,15000.0,ok,4.0,ok,2.0,ok,,nil_or_na
2017,46,鹿児島,32,その他の製造業,8.0,ok,819.0,ok,11185.0,ok,4639.0,ok,2651.0,ok,6039.0,ok,10519.0,ok,6.0,ok,1.0,ok,1.0,ok
2017,47,沖縄,09,食料品製造業,79.0,ok,8152.0,ok,141452.0,ok,48531.0,ok,21139.0,ok,85233.0,ok,121136.0,ok,60.0,ok,15.0,ok,4.0,ok
2017,47,沖縄,10,飲料・たばこ・飼料製造業,19.0,ok,1096.0,ok,57064.0,ok,16169.0,ok,3987.0,ok,26042.0,ok,51711.0,ok,17.0,ok,2.0,ok,,nil_or_na
2017,47,沖縄,11,繊維工業,5.0,ok,275.0,ok,1160.0,ok,547.0,ok,543.0,ok,524.0,ok,1131.0,ok,5.0,ok,,nil_or_na,,nil_or_na
2017,47,沖縄,12,木材・木製品製造業（家具を除く）,,nil_or_na,,nil_or_na,,nil_or_na,,nil_or_na,,nil_or_na,,nil_or_na,,nil_or_na,,nil_or_na,,nil_or_na,,nil_or_na
2017,47,沖縄,13,家具・装備品製造業,1.0,ok,39.0,ok,,suppressed,,suppressed,,suppressed,,suppressed,,suppressed,1.0,ok,,nil_or_na,,nil_or_na
2017,47,沖縄,14,パルプ・紙・紙加工品製造業,4.0,ok,366.0,ok,,suppressed,,suppressed,,suppressed,,suppressed,,suppressed,3.0,ok,1.0,ok,,nil_or_na
2017,47,沖縄,15,印刷・同関連業,10.0,ok,745.0,ok,12302.0,ok,5330.0,ok,2623.0,ok,5814.0,ok,11810.0,ok,8.0,ok,2.0,ok,,nil_or_na
2017,47,沖縄,16,化学工業,8.0,ok,537.0,ok,5172.0,ok,2185.0,ok,1711.0,ok,2437.0,ok,4503.0,ok,6.0,ok,2.0,ok,,nil_or_na
2017,47,沖縄,17,石油製品・石炭製品製造業,,nil_or_na,,nil_or_na,,nil_or_na,,nil_or_na,,nil_or_na,,nil_or_na,,nil_or_na,,nil_or_na,,nil_or_na,,nil_or_na
2017,47,沖縄,18,プラスチック製品製造業（別掲を除く）,5.0,ok,340.0,ok,7434.0,ok,2241.0,ok,1032.0,ok,4898.0,ok,4452.0,ok,5.0,ok,,nil_or_na,,nil_or_na
2017,47,沖縄,19,ゴム製品製造業,,nil_or_na,,nil_or_na,,nil_or_na,,nil_or_na,,nil_or_na,,nil_or_na,,nil_or_na,,nil_or_na,,nil_or_na,,nil_or_na
2017,47,沖縄,20,なめし革・同製品・毛皮製造業,,nil_or_na,,nil_or_na,,nil_or_na,,nil_or_na,,nil_or_na,,nil_or_na,,nil_or_na,,nil_or_na,,nil_or_na,,nil_or_na
2017,47,沖縄,21,窯業・土石製品製造業,19.0,ok,954.0,ok,23562.0,ok,9959.0,ok,3327.0,ok,11314.0,ok,21303.0,ok,18.0,ok,1.0,ok,,nil_or_na
2017,47,沖縄,22,鉄鋼業,4.0,ok,569.0,ok,25017.0,ok,3602.0,ok,2044.0,ok,20741.0,ok,23493.0,ok,1.0,ok,3.0,ok,,nil_or_na
2017,47,沖縄,23,非鉄金属製造業,,nil_or_na,,nil_or_na,,nil_or_na,,nil_or_na,,nil_or_na,,nil_or_na,,nil_or_na,,nil_or_na,,nil_or_na,,nil_or_na
2017,47,沖縄,24,金属製品製造業,23.0,ok,1346.0,ok,30986.0,ok,12022.0,ok,4994.0,ok,17900.0,ok,27486.0,ok,21.0,ok,2.0,ok,,nil_or_na
2017,47,沖縄,25,はん用機械器具製造業,1.0,ok,36.0,ok,,suppressed,,suppressed,,suppressed,,suppressed,,suppressed,1.0,ok,,nil_or_na,,nil_or_na
2017,47,沖縄,26,生産用機械器具製造業,3.0,ok,147.0,ok,1266.0,ok,574.0,ok,332.0,ok,641.0,ok,1298.0,ok,3.0,ok,,nil_or_na,,nil_or_na
2017,47,沖縄,27,業務用機械器具製造業,,nil_or_na,,nil_or_na,,nil_or_na,,nil_or_na,,nil_or_na,,nil_or_na,,nil_or_na,,nil_or_na,,nil_or_na,,nil_or_na
2017,47,沖縄,28,電子部品・デバイス・電子回路製造業,1.0,ok,60.0,ok,,suppressed,,suppressed,,suppressed,,suppressed,,suppressed,1.0,ok,,nil_or_na,,nil_or_na
2017,47,沖縄,29,電気機械器具製造業,4.0,ok,231.0,ok,3571.0,ok,1496.0,ok,802.0,ok,1823.0,ok,2509.0,ok,4.0,ok,,nil_or_na,,nil_or_na
2017,47,沖縄,30,情報通信機械器具製造業,,nil_or_na,,nil_or_na,,nil_or_na,,nil_or_na,,nil_or_na,,nil_or_na,,nil_or_na,,nil_or_na,,nil_or_na,,nil_or_na
2017,47,沖縄,31,輸送用機械器具製造業,1.0,ok,52.0,ok,,suppressed,,suppressed,,suppressed,,suppressed,,suppressed,1.0,ok,,nil_or_na,,nil_or_na
2017,47,沖縄,32,その他の製造業,3.0,ok,135.0,ok,1840.0,ok,798.0,ok,372.0,ok,952.0,ok,1157.0,ok,3.0,ok,,nil_or_na,,nil_or_na
