year,prefecture_code,prefecture_name,industry_code,industry_name,establishments,establishments_flag,employment,employment_flag,shipments,shipments_flag,cash_wages,cash_wages_flag,raw_materials,raw_materials_flag,gross_value_added,gross_value_added_flag,other_income,other_income_flag,tangible_fixed_assets_30plus,tangible_fixed_assets_30plus_flag,establishments_30_299,establishments_30_299_flag,establishments_300plus,establishments_300plus_flag
2014,01,北海道,09,食料品製造業,1890.0,ok,75567.0,ok,198458420.0,ok,19813366.0,ok,138298924.0,ok,56571741.0,ok,8497663.0,ok,39942097.0,ok,571.0,ok,24.0,ok
2014,01,北海道,10,飲料・たばこ・飼料製造業,169.0,ok,3388.0,ok,22521094.0,ok,1330593.0,ok,12032935.0,ok,5674488.0,ok,463277.0,ok,5308050.0,ok,29.0,ok,,nil_or_na
2014,01,北海道,11,繊維工業,169.0,ok,3042.0,ok,2758429.0,ok,707376.0,ok,1345980.0,ok,1319459.0,ok,175145.0,ok,331961.0,ok,17.0,ok,1.0,ok
2014,01,北海道,12,木材・木製品製造業（家具を除く）,367.0,ok,6861.0,ok,16072705.0,ok,2150639.0,ok,10303929.0,ok,5408990.0,ok,2182976.0,ok,2697429.0,ok,53.0,ok,,nil_or_na
2014,01,北海道,13,家具・装備品製造業,210.0,ok,2923.0,ok,3771365.0,ok,921646.0,ok,1855487.0,ok,1789702.0,ok,166291.0,ok,390080.0,ok,22.0,ok,,nil_or_na
2014,01,北海道,14,パルプ・紙・紙加工品製造業,99.0,ok,6157.0,ok,41191044.0,ok,3201072.0,ok,25342388.0,ok,14947486.0,ok,1569569.0,ok,17099931.0,ok,45.0,ok,1.0,ok
2014,01,北海道,15,印刷・同関連業,355.0,ok,7096.0,ok,10939266.0,ok,2649700.0,ok,5483634.0,ok,5101865.0,ok,352293.0,ok,2271133.0,ok,58.0,ok,,nil_or_na
2014,01,北海道,16,化学工業,94.0,ok,3273.0,ok,19074926.0,ok,1635437.0,ok,10774266.0,ok,7760213.0,ok,1074236.0,ok,5433791.0,ok,28.0,ok,1.0,ok
2014,01,北海道,17,石油製品・石炭製品製造業,43.0,ok,931.0,ok,161640418.0,ok,718307.0,ok,153071719.0,ok,-5891769.0,ok,15613248.0,ok,,suppressed,1.0,ok,1.0,ok
2014,01,北海道,18,プラスチック製品製造業（別掲を除く）,158.0,ok,4055.0,ok,9458038.0,ok,1438335.0,ok,5459082.0,ok,3743840.0,ok,1411866.0,ok,1582064.0,ok,38.0,ok,,nil_or_na
2014,01,北海道,19,ゴム製品製造業,22.0,ok,634.0,ok,1079286.0,ok,218771.0,ok,558651.0,ok,487630.0,ok,105131.0,ok,171796.0,ok,5.0,ok,,nil_or_na
2014,01,北海道,20,なめし革・同製品・毛皮製造業,15.0,ok,510.0,ok,608187.0,ok,137301.0,ok,273243.0,ok,313778.0,ok,6380.0,ok,90730.0,ok,6.0,ok,,nil_or_na
2014,01,北海道,21,窯業・土石製品製造業,394.0,ok,5474.0,ok,17445764.0,ok,2209424.0,ok,10163711.0,ok,6830956.0,ok,2044759.0,ok,3853950.0,ok,27.0,ok,,nil_or_na
2014,01,北海道,22,鉄鋼業,81.0,ok,5829.0,ok,55685450.0,ok,3044394.0,ok,42250957.0,ok,12926398.0,ok,2288078.0,ok,15337239.0,ok,27.0,ok,5.0,ok
2014,01,北海道,23,非鉄金属製造業,26.0,ok,440.0,ok,2006230.0,ok,179943.0,ok,1610374.0,ok,370256.0,ok,153891.0,ok,121933.0,ok,3.0,ok,,nil_or_na
2014,01,北海道,24,金属製品製造業,581.0,ok,10726.0,ok,26553564.0,ok,4262551.0,ok,15992581.0,ok,9888450.0,ok,2110671.0,ok,3859303.0,ok,71.0,ok,2.0,ok
2014,01,北海道,25,はん用機械器具製造業,126.0,ok,2404.0,ok,3935520.0,ok,858002.0,ok,1956891.0,ok,1849526.0,ok,507746.0,ok,978018.0,ok,17.0,ok,1.0,ok
2014,01,北海道,26,生産用機械器具製造業,224.0,ok,4774.0,ok,9364893.0,ok,2015008.0,ok,4726743.0,ok,4373226.0,ok,1168333.0,ok,1091833.0,ok,31.0,ok,1.0,ok
2014,01,北海道,27,業務用機械器具製造業,33.0,ok,405.0,ok,523422.0,ok,147645.0,ok,215286.0,ok,287382.0,ok,9599.0,ok,,suppressed,3.0,ok,,nil_or_na
2014,01,北海道,28,電子部品・デバイス・電子回路製造業,37.0,ok,5800.0,ok,17955658.0,ok,2742233.0,ok,9002575.0,ok,8651925.0,ok,6966.0,ok,3954861.0,ok,19.0,ok,6.0,ok
2014,01,北海道,29,電気機械器具製造業,70.0,ok,2301.0,ok,5021096.0,ok,830739.0,ok,3084684.0,ok,1811171.0,ok,443928.0,ok,803636.0,ok,19.0,ok,1.0,ok
2014,01,北海道,30,情報通信機械器具製造業,11.0,ok,1114.0,ok,2139819.0,ok,534242.0,ok,1193919.0,ok,841075.0,ok,71730.0,ok,309538.0,ok,5.0,ok,1.0,ok
2014,01,北海道,31,輸送用機械器具製造業,132.0,ok,9026.0,ok,35241430.0,ok,4464689.0,ok,23695664.0,ok,11211980.0,ok,793970.0,ok,10158049.0,ok,24.0,ok,6.0,ok
2014,01,北海道,32,その他の製造業,158.0,ok,1986.0,ok,3834894.0,ok,679479.0,ok,2242671.0,ok,1498726.0,ok,297600.0,ok,444786.0,ok,9.0,ok,,nil_or_na
2014,02,青森,09,食料品製造業,396.0,ok,15456.0,ok,32735962.0,ok,3664098.0,ok,24110558.0,ok,8126250.0,ok,2450463.0,ok,6283925.0,ok,108.0,ok,6.0,ok
2014,02,青森,10,飲料・たばこ・飼料製造業,65.0,ok,1149.0,ok,9334183.0,ok,389168.0,ok,7911841.0,ok,1267781.0,ok,144105.0,ok,1698983.0,ok,10.0,ok,,nil_or_na
2014,02,青森,11,繊維工業,138.0,ok,5334.0,ok,2168105.0,ok,940301.0,ok,714444.0,ok,1361437.0,ok,9517.0,ok,339058.0,ok,47.0,ok,1.0,ok
2014,02,青森,12,木材・木製品製造業（家具を除く）,62.0,ok,708.0,ok,1453003.0,ok,194653.0,ok,960109.0,ok,460218.0,ok,337126.0,ok,58571.0,ok,3.0,ok,,nil_or_na
2014,02,青森,13,家具・装備品製造業,36.0,ok,371.0,ok,501661.0,ok,105736.0,ok,227967.0,ok,256886.0,ok,39919.0,ok,100601.0,ok,3.0,ok,,nil_or_na
2014,02,青森,14,パルプ・紙・紙加工品製造業,35.0,ok,1747.0,ok,9230044.0,ok,796968.0,ok,6229773.0,ok,2816157.0,ok,182470.0,ok,6947041.0,ok,10.0,ok,1.0,ok
2014,02,青森,15,印刷・同関連業,85.0,ok,1451.0,ok,1740673.0,ok,426292.0,ok,775498.0,ok,902218.0,ok,18285.0,ok,595347.0,ok,16.0,ok,,nil_or_na
2014,02,青森,16,化学工業,15.0,ok,529.0,ok,3382099.0,ok,317937.0,ok,1432901.0,ok,1827166.0,ok,141005.0,ok,702168.0,ok,3.0,ok,,nil_or_na
2014,02,青森,17,石油製品・石炭製品製造業,16.0,ok,121.0,ok,832003.0,ok,45482.0,ok,566445.0,ok,247724.0,ok,75937.0,ok,,nil_or_na,,nil_or_na,,nil_or_na
2014,02,青森,18,プラスチック製品製造業（別掲を除く）,25.0,ok,930.0,ok,1836402.0,ok,304802.0,ok,1228707.0,ok,567908.0,ok,645355.0,ok,512440.0,ok,11.0,ok,,nil_or_na
2014,02,青森,19,ゴム製品製造業,7.0,ok,171.0,ok,,suppressed,,suppressed,,suppressed,,suppressed,1558.0,ok,,suppressed,3.0,ok,,nil_or_na
2014,02,青森,20,なめし革・同製品・毛皮製造業,1.0,ok,27.0,ok,,suppressed,,suppressed,,suppressed,,suppressed,,nil_or_na,,nil_or_na,,nil_or_na,,nil_or_na
2014,02,青森,21,窯業・土石製品製造業,100.0,ok,1723.0,ok,4705464.0,ok,608453.0,ok,2619645.0,ok,1966797.0,ok,502534.0,ok,1112943.0,ok,11.0,ok,,nil_or_na
2014,02,青森,22,鉄鋼業,28.0,ok,1605.0,ok,12122059.0,ok,769228.0,ok,8995679.0,ok,3019144.0,ok,1244662.0,ok,5254304.0,ok,7.0,ok,2.0,ok
2014,02,青森,23,非鉄金属製造業,13.0,ok,3357.0,ok,33918092.0,ok,2006819.0,ok,6364178.0,ok,26029607.0,ok,2078083.0,ok,33955826.0,ok,9.0,ok,2.0,ok
2014,02,青森,24,金属製品製造業,130.0,ok,2417.0,ok,4225631.0,ok,827372.0,ok,2551894.0,ok,1567554.0,ok,324628.0,ok,687282.0,ok,25.0,ok,,nil_or_na
2014,02,青森,25,はん用機械器具製造業,22.0,ok,293.0,ok,390979.0,ok,100769.0,ok,181285.0,ok,195611.0,ok,72681.0,ok,,suppressed,1.0,ok,,nil_or_na
2014,02,青森,26,生産用機械器具製造業,56.0,ok,1799.0,ok,3509420.0,ok,647628.0,ok,2148752.0,ok,1272789.0,ok,77414.0,ok,618547.0,ok,12.0,ok,1.0,ok
2014,02,青森,27,業務用機械器具製造業,35.0,ok,4964.0,ok,12534512.0,ok,1840022.0,ok,8848788.0,ok,3449295.0,ok,92898.0,ok,915161.0,ok,15.0,ok,5.0,ok
2014,02,青森,28,電子部品・デバイス・電子回路製造業,74.0,ok,6784.0,ok,15027807.0,ok,2436363.0,ok,9363538.0,ok,5325423.0,ok,453067.0,ok,2634903.0,ok,40.0,ok,6.0,ok
2014,02,青森,29,電気機械器具製造業,35.0,ok,2494.0,ok,5732515.0,ok,813585.0,ok,3696879.0,ok,2015574.0,ok,4907.0,ok,1369776.0,ok,18.0,ok,1.0,ok
2014,02,青森,30,情報通信機械器具製造業,8.0,ok,514.0,ok,338295.0,ok,167812.0,ok,102513.0,ok,220634.0,ok,2900.0,ok,152318.0,ok,6.0,ok,,nil_or_na
2014,02,青森,31,輸送用機械器具製造業,27.0,ok,1023.0,ok,2863599.0,ok,385647.0,ok,1586563.0,ok,1332094.0,ok,8418.0,ok,490698.0,ok,10.0,ok,,nil_or_na
2014,02,青森,32,その他の製造業,40.0,ok,497.0,ok,690496.0,ok,130113.0,ok,272183.0,ok,390909.0,ok,55905.0,ok,41065.0,ok,4.0,ok,,nil_or_na
2014,03,岩手,09,食料品製造業,499.0,ok,17996.0,ok,33912848.0,ok,4246746.0,ok,22666236.0,ok,10568590.0,ok,2105907.0,ok,6660644.0,ok,128.0,ok,5.0,ok
2014,03,岩手,10,飲料・たばこ・飼料製造業,59.0,ok,946.0,ok,1686949.0,ok,293307.0,ok,657175.0,ok,848305.0,ok,74058.0,ok,187801.0,ok,7.0,ok,,nil_or_na
2014,03,岩手,11,繊維工業,178.0,ok,5111.0,ok,2519639.0,ok,912989.0,ok,1032050.0,ok,1391970.0,ok,12770.0,ok,299857.0,ok,53.0,ok,,nil_or_na
2014,03,岩手,12,木材・木製品製造業（家具を除く）,137.0,ok,2419.0,ok,6132715.0,ok,688451.0,ok,4128138.0,ok,1886546.0,ok,170437.0,ok,864654.0,ok,19.0,ok,,nil_or_na
2014,03,岩手,13,家具・装備品製造業,43.0,ok,536.0,ok,687104.0,ok,142236.0,ok,391480.0,ok,276136.0,ok,11209.0,ok,214301.0,ok,3.0,ok,,nil_or_na
2014,03,岩手,14,パルプ・紙・紙加工品製造業,32.0,ok,1364.0,ok,8167607.0,ok,572190.0,ok,6524729.0,ok,1579886.0,ok,118709.0,ok,1870072.0,ok,13.0,ok,,nil_or_na
2014,03,岩手,15,印刷・同関連業,97.0,ok,1967.0,ok,3751697.0,ok,639413.0,ok,1559100.0,ok,2050740.0,ok,48131.0,ok,599565.0,ok,15.0,ok,,nil_or_na
2014,03,岩手,16,化学工業,21.0,ok,1574.0,ok,5319795.0,ok,814574.0,ok,3111355.0,ok,2090014.0,ok,50539.0,ok,3909880.0,ok,8.0,ok,1.0,ok
2014,03,岩手,17,石油製品・石炭製品製造業,19.0,ok,148.0,ok,1214466.0,ok,61697.0,ok,851621.0,ok,338476.0,ok,33349.0,ok,,nil_or_na,,nil_or_na,,nil_or_na
2014,03,岩手,18,プラスチック製品製造業（別掲を除く）,87.0,ok,3151.0,ok,4255400.0,ok,902256.0,ok,2457337.0,ok,1683326.0,ok,166776.0,ok,978608.0,ok,29.0,ok,1.0,ok
2014,03,岩手,19,ゴム製品製造業,15.0,ok,562.0,ok,766944.0,ok,137496.0,ok,470004.0,ok,277610.0,ok,13447.0,ok,132882.0,ok,6.0,ok,,nil_or_na
2014,03,岩手,20,なめし革・同製品・毛皮製造業,16.0,ok,499.0,ok,737862.0,ok,120898.0,ok,531430.0,ok,192641.0,ok,,nil_or_na,19709.0,ok,6.0,ok,,nil_or_na
2014,03,岩手,21,窯業・土石製品製造業,131.0,ok,2751.0,ok,10492820.0,ok,1075472.0,ok,5451953.0,ok,4729854.0,ok,1590338.0,ok,2140985.0,ok,20.0,ok,,nil_or_na
2014,03,岩手,22,鉄鋼業,47.0,ok,2057.0,ok,9566646.0,ok,918424.0,ok,7264040.0,ok,2157614.0,ok,1058124.0,ok,2316445.0,ok,14.0,ok,1.0,ok
2014,03,岩手,23,非鉄金属製造業,20.0,ok,781.0,ok,1519693.0,ok,257472.0,ok,1081751.0,ok,411554.0,ok,18449.0,ok,331746.0,ok,8.0,ok,,nil_or_na
2014,03,岩手,24,金属製品製造業,179.0,ok,4880.0,ok,8771619.0,ok,1827034.0,ok,5120851.0,ok,3428929.0,ok,561782.0,ok,1827451.0,ok,37.0,ok,1.0,ok
2014,03,岩手,25,はん用機械器具製造業,45.0,ok,3557.0,ok,9043190.0,ok,1362707.0,ok,3937877.0,ok,5025403.0,ok,31714.0,ok,1446936.0,ok,10.0,ok,3.0,ok
2014,03,岩手,26,生産用機械器具製造業,160.0,ok,6741.0,ok,16732675.0,ok,2720861.0,ok,11492981.0,ok,5028378.0,ok,73146.0,ok,2339609.0,ok,46.0,ok,5.0,ok
2014,03,岩手,27,業務用機械器具製造業,41.0,ok,2883.0,ok,7895625.0,ok,1116888.0,ok,4429034.0,ok,3269532.0,ok,35132.0,ok,1222975.0,ok,15.0,ok,3.0,ok
2014,03,岩手,28,電子部品・デバイス・電子回路製造業,87.0,ok,7732.0,ok,20927289.0,ok,3198660.0,ok,13604916.0,ok,6930607.0,ok,77835.0,ok,5060686.0,ok,41.0,ok,8.0,ok
2014,03,岩手,29,電気機械器具製造業,55.0,ok,2951.0,ok,4938029.0,ok,1031196.0,ok,2752667.0,ok,2089514.0,ok,80957.0,ok,1016130.0,ok,24.0,ok,1.0,ok
2014,03,岩手,30,情報通信機械器具製造業,33.0,ok,2619.0,ok,7064250.0,ok,1011872.0,ok,4941341.0,ok,1994950.0,ok,177685.0,ok,1037391.0,ok,17.0,ok,2.0,ok
2014,03,岩手,31,輸送用機械器具製造業,62.0,ok,6677.0,ok,56944456.0,ok,3046323.0,ok,47620105.0,ok,8774242.0,ok,809823.0,ok,6344978.0,ok,24.0,ok,5.0,ok
2014,03,岩手,32,その他の製造業,67.0,ok,2698.0,ok,4020301.0,ok,856230.0,ok,2461213.0,ok,1499048.0,ok,118885.0,ok,1289378.0,ok,10.0,ok,2.0,ok
2014,04,宮城,09,食料品製造業,637.0,ok,25151.0,ok,49441483.0,ok,6240637.0,ok,30921817.0,ok,17412435.0,ok,3803340.0,ok,13905460.0,ok,167.0,ok,7.0,ok
2014,04,宮城,10,飲料・たばこ・飼料製造業,72.0,ok,1693.0,ok,14709907.0,ok,764313.0,ok,6864885.0,ok,3549068.0,ok,103944.0,ok,3058084.0,ok,12.0,ok,,nil_or_na
2014,04,宮城,11,繊維工業,133.0,ok,3229.0,ok,1977574.0,ok,681541.0,ok,840766.0,ok,1061737.0,ok,85094.0,ok,198898.0,ok,30.0,ok,,nil_or_na
2014,04,宮城,12,木材・木製品製造業（家具を除く）,87.0,ok,1890.0,ok,7695318.0,ok,748054.0,ok,5316691.0,ok,2236452.0,ok,1660402.0,ok,1537919.0,ok,17.0,ok,,nil_or_na
2014,04,宮城,13,家具・装備品製造業,54.0,ok,1555.0,ok,2223118.0,ok,584865.0,ok,1539144.0,ok,650777.0,ok,1013359.0,ok,1058088.0,ok,3.0,ok,1.0,ok
2014,04,宮城,14,パルプ・紙・紙加工品製造業,70.0,ok,2587.0,ok,19012629.0,ok,1226834.0,ok,11023466.0,ok,7519441.0,ok,647012.0,ok,13475109.0,ok,19.0,ok,1.0,ok
2014,04,宮城,15,印刷・同関連業,190.0,ok,4725.0,ok,9850675.0,ok,1680344.0,ok,5365845.0,ok,4193649.0,ok,166779.0,ok,1885015.0,ok,38.0,ok,,nil_or_na
2014,04,宮城,16,化学工業,44.0,ok,1896.0,ok,8945722.0,ok,827134.0,ok,4351734.0,ok,4312793.0,ok,218524.0,ok,4841088.0,ok,15.0,ok,2.0,ok
2014,04,宮城,17,石油製品・石炭製品製造業,20.0,ok,519.0,ok,,suppressed,,suppressed,,suppressed,,suppressed,205869.0,ok,,suppressed,1.0,ok,1.0,ok
2014,04,宮城,18,プラスチック製品製造業（別掲を除く）,116.0,ok,3802.0,ok,6962772.0,ok,1185500.0,ok,4166589.0,ok,2620200.0,ok,425286.0,ok,1236497.0,ok,39.0,ok,,nil_or_na
2014,04,宮城,19,ゴム製品製造業,21.0,ok,2254.0,ok,7347796.0,ok,1040079.0,ok,4950271.0,ok,2591759.0,ok,219593.0,ok,1631589.0,ok,9.0,ok,1.0,ok
2014,04,宮城,20,なめし革・同製品・毛皮製造業,2.0,ok,112.0,ok,,suppressed,,suppressed,,suppressed,,suppressed,,nil_or_na,,suppressed,1.0,ok,,nil_or_na
2014,04,宮城,21,窯業・土石製品製造業,155.0,ok,4314.0,ok,12514403.0,ok,1730219.0,ok,6683417.0,ok,5488343.0,ok,1004901.0,ok,2041982.0,ok,24.0,ok,1.0,ok
2014,04,宮城,22,鉄鋼業,44.0,ok,2090.0,ok,18908656.0,ok,1085563.0,ok,15215442.0,ok,3516162.0,ok,364834.0,ok,7886133.0,ok,11.0,ok,3.0,ok
2014,04,宮城,23,非鉄金属製造業,27.0,ok,1455.0,ok,6655642.0,ok,610195.0,ok,4956678.0,ok,1610689.0,ok,178607.0,ok,2951975.0,ok,14.0,ok,,nil_or_na
2014,04,宮城,24,金属製品製造業,262.0,ok,7661.0,ok,17772825.0,ok,3091494.0,ok,11049793.0,ok,6411890.0,ok,2386328.0,ok,5202685.0,ok,41.0,ok,1.0,ok
2014,04,宮城,25,はん用機械器具製造業,62.0,ok,1692.0,ok,3155390.0,ok,634301.0,ok,1576720.0,ok,1511362.0,ok,204580.0,ok,698262.0,ok,11.0,ok,1.0,ok
2014,04,宮城,26,生産用機械器具製造業,178.0,ok,5836.0,ok,22923434.0,ok,2602300.0,ok,15722791.0,ok,6757403.0,ok,903293.0,ok,3419598.0,ok,44.0,ok,1.0,ok
2014,04,宮城,27,業務用機械器具製造業,45.0,ok,3026.0,ok,6698210.0,ok,923741.0,ok,5269392.0,ok,1358766.0,ok,980063.0,ok,1282559.0,ok,11.0,ok,2.0,ok
2014,04,宮城,28,電子部品・デバイス・電子回路製造業,98.0,ok,12852.0,ok,47862062.0,ok,6210843.0,ok,17613773.0,ok,29981258.0,ok,2299337.0,ok,7388645.0,ok,42.0,ok,13.0,ok
2014,04,宮城,29,電気機械器具製造業,103.0,ok,6122.0,ok,15304438.0,ok,2445025.0,ok,9060576.0,ok,6093501.0,ok,503397.0,ok,2685880.0,ok,33.0,ok,4.0,ok
2014,04,宮城,30,情報通信機械器具製造業,39.0,ok,4111.0,ok,10018454.0,ok,1838143.0,ok,6507649.0,ok,3328704.0,ok,461611.0,ok,1574554.0,ok,14.0,ok,5.0,ok
2014,04,宮城,31,輸送用機械器具製造業,101.0,ok,9064.0,ok,36597537.0,ok,4379200.0,ok,27180957.0,ok,9137556.0,ok,389004.0,ok,7823464.0,ok,42.0,ok,6.0,ok
2014,04,宮城,32,その他の製造業,87.0,ok,1272.0,ok,3379078.0,ok,439546.0,ok,2091255.0,ok,1203118.0,ok,104672.0,ok,241443.0,ok,7.0,ok,,nil_or_na
2014,05,秋田,09,食料品製造業,349.0,ok,7428.0,ok,9480230.0,ok,1584755.0,ok,5893284.0,ok,3353994.0,ok,660402.0,ok,1711658.0,ok,45.0,ok,1.0,ok
2014,05,秋田,10,飲料・たばこ・飼料製造業,49.0,ok,984.0,ok,2219558.0,ok,356423.0,ok,683138.0,ok,981227.0,ok,67675.0,ok,483985.0,ok,8.0,ok,,nil_or_na
2014,05,秋田,11,繊維工業,315.0,ok,7412.0,ok,4030923.0,ok,1308540.0,ok,1836908.0,ok,2049175.0,ok,61250.0,ok,509018.0,ok,76.0,ok,,nil_or_na
2014,05,秋田,12,木材・木製品製造業（家具を除く）,154.0,ok,2961.0,ok,7745432.0,ok,896887.0,ok,4657179.0,ok,2902714.0,ok,257580.0,ok,1304273.0,ok,24.0,ok,,nil_or_na
2014,05,秋田,13,家具・装備品製造業,47.0,ok,834.0,ok,1139042.0,ok,206968.0,ok,671280.0,ok,436739.0,ok,8482.0,ok,87440.0,ok,6.0,ok,,nil_or_na
2014,05,秋田,14,パルプ・紙・紙加工品製造業,16.0,ok,548.0,ok,4590548.0,ok,236352.0,ok,3110991.0,ok,1423431.0,ok,33276.0,ok,3107850.0,ok,3.0,ok,,nil_or_na
2014,05,秋田,15,印刷・同関連業,80.0,ok,1178.0,ok,1146226.0,ok,312124.0,ok,472215.0,ok,633279.0,ok,70529.0,ok,240802.0,ok,9.0,ok,,nil_or_na
2014,05,秋田,16,化学工業,14.0,ok,1426.0,ok,7847925.0,ok,623965.0,ok,3030398.0,ok,4502835.0,ok,25659.0,ok,3339516.0,ok,5.0,ok,1.0,ok
2014,05,秋田,17,石油製品・石炭製品製造業,16.0,ok,96.0,ok,530193.0,ok,38197.0,ok,366181.0,ok,152997.0,ok,36824.0,ok,,nil_or_na,,nil_or_na,,nil_or_na
2014,05,秋田,18,プラスチック製品製造業（別掲を除く）,42.0,ok,1641.0,ok,2846185.0,ok,454486.0,ok,1884351.0,ok,898588.0,ok,122285.0,ok,430191.0,ok,8.0,ok,1.0,ok
2014,05,秋田,19,ゴム製品製造業,15.0,ok,559.0,ok,543300.0,ok,125202.0,ok,227375.0,ok,295628.0,ok,5000.0,ok,136510.0,ok,5.0,ok,,nil_or_na
2014,05,秋田,20,なめし革・同製品・毛皮製造業,56.0,ok,737.0,ok,316485.0,ok,130624.0,ok,140408.0,ok,164349.0,ok,8.0,ok,47583.0,ok,6.0,ok,,nil_or_na
2014,05,秋田,21,窯業・土石製品製造業,91.0,ok,2084.0,ok,5014719.0,ok,782239.0,ok,3126211.0,ok,1798803.0,ok,48376.0,ok,1261569.0,ok,10.0,ok,1.0,ok
2014,05,秋田,22,鉄鋼業,24.0,ok,965.0,ok,2333690.0,ok,358562.0,ok,1365107.0,ok,906348.0,ok,68041.0,ok,531757.0,ok,7.0,ok,,nil_or_na
2014,05,秋田,23,非鉄金属製造業,21.0,ok,1328.0,ok,5249999.0,ok,622775.0,ok,3311364.0,ok,1830933.0,ok,143243.0,ok,2609464.0,ok,11.0,ok,1.0,ok
2014,05,秋田,24,金属製品製造業,153.0,ok,3670.0,ok,6293980.0,ok,1244803.0,ok,3393160.0,ok,2712601.0,ok,230831.0,ok,1232324.0,ok,37.0,ok,,nil_or_na
2014,05,秋田,25,はん用機械器具製造業,30.0,ok,738.0,ok,1124235.0,ok,256433.0,ok,626165.0,ok,472175.0,ok,56989.0,ok,358814.0,ok,9.0,ok,,nil_or_na
2014,05,秋田,26,生産用機械器具製造業,120.0,ok,4098.0,ok,7318849.0,ok,1521978.0,ok,4220300.0,ok,2911062.0,ok,53904.0,ok,1585160.0,ok,34.0,ok,1.0,ok
2014,05,秋田,27,業務用機械器具製造業,35.0,ok,3584.0,ok,7426441.0,ok,1338041.0,ok,3970006.0,ok,3399616.0,ok,163468.0,ok,2359449.0,ok,20.0,ok,1.0,ok
2014,05,秋田,28,電子部品・デバイス・電子回路製造業,103.0,ok,11056.0,ok,31777240.0,ok,4791807.0,ok,17325486.0,ok,14087605.0,ok,976201.0,ok,5825293.0,ok,42.0,ok,13.0,ok
2014,05,秋田,29,電気機械器具製造業,55.0,ok,1935.0,ok,2517072.0,ok,558986.0,ok,1342172.0,ok,1103520.0,ok,186128.0,ok,536882.0,ok,23.0,ok,,nil_or_na
2014,05,秋田,30,情報通信機械器具製造業,17.0,ok,1871.0,ok,2537224.0,ok,811726.0,ok,1420776.0,ok,1050446.0,ok,4313.0,ok,650953.0,ok,8.0,ok,1.0,ok
2014,05,秋田,31,輸送用機械器具製造業,28.0,ok,2466.0,ok,6185067.0,ok,1089539.0,ok,4196702.0,ok,1961245.0,ok,14653.0,ok,1282305.0,ok,12.0,ok,2.0,ok
2014,05,秋田,32,その他の製造業,67.0,ok,1060.0,ok,1279004.0,ok,275130.0,ok,602700.0,ok,631171.0,ok,61500.0,ok,187527.0,ok,7.0,ok,,nil_or_na
2014,06,山形,09,食料品製造業,442.0,ok,15131.0,ok,30105992.0,ok,4065600.0,ok,19556602.0,ok,9893391.0,ok,915395.0,ok,6595461.0,ok,103.0,ok,7.0,ok
2014,06,山形,10,飲料・たばこ・飼料製造業,71.0,ok,1400.0,ok,4397136.0,ok,490110.0,ok,2570886.0,ok,1544191.0,ok,40966.0,ok,1198913.0,ok,9.0,ok,,nil_or_na
2014,06,山形,11,繊維工業,290.0,ok,7726.0,ok,5201988.0,ok,1545079.0,ok,2548971.0,ok,2480225.0,ok,129014.0,ok,1080527.0,ok,76.0,ok,,nil_or_na
2014,06,山形,12,木材・木製品製造業（家具を除く）,85.0,ok,1052.0,ok,2191042.0,ok,276440.0,ok,1476626.0,ok,670734.0,ok,225044.0,ok,305205.0,ok,6.0,ok,,nil_or_na
2014,06,山形,13,家具・装備品製造業,85.0,ok,2071.0,ok,2836347.0,ok,613120.0,ok,1587154.0,ok,1168059.0,ok,441454.0,ok,608912.0,ok,14.0,ok,1.0,ok
2014,06,山形,14,パルプ・紙・紙加工品製造業,40.0,ok,995.0,ok,2184129.0,ok,331388.0,ok,1431231.0,ok,705690.0,ok,328149.0,ok,634429.0,ok,10.0,ok,,nil_or_na
2014,06,山形,15,印刷・同関連業,103.0,ok,2199.0,ok,2867382.0,ok,675501.0,ok,1424085.0,ok,1355814.0,ok,146315.0,ok,1038529.0,ok,19.0,ok,,nil_or_na
2014,06,山形,16,化学工業,31.0,ok,2779.0,ok,22966190.0,ok,1335312.0,ok,14990612.0,ok,7659416.0,ok,375938.0,ok,6396504.0,ok,16.0,ok,3.0,ok
2014,06,山形,17,石油製品・石炭製品製造業,13.0,ok,92.0,ok,692676.0,ok,45495.0,ok,526298.0,ok,155205.0,ok,,nil_or_na,,nil_or_na,,nil_or_na,,nil_or_na
2014,06,山形,18,プラスチック製品製造業（別掲を除く）,82.0,ok,3426.0,ok,6508828.0,ok,1065308.0,ok,3596713.0,ok,2724901.0,ok,56669.0,ok,1142306.0,ok,30.0,ok,,nil_or_na
2014,06,山形,19,ゴム製品製造業,13.0,ok,340.0,ok,179084.0,ok,73680.0,ok,66470.0,ok,105148.0,ok,6850.0,ok,38073.0,ok,4.0,ok,,nil_or_na
2014,06,山形,20,なめし革・同製品・毛皮製造業,28.0,ok,1356.0,ok,1984413.0,ok,417499.0,ok,1299634.0,ok,648772.0,ok,19395.0,ok,168125.0,ok,7.0,ok,1.0,ok
2014,06,山形,21,窯業・土石製品製造業,113.0,ok,3661.0,ok,8453322.0,ok,1432353.0,ok,4004820.0,ok,4243357.0,ok,182619.0,ok,2365520.0,ok,19.0,ok,2.0,ok
2014,06,山形,22,鉄鋼業,49.0,ok,1288.0,ok,3269430.0,ok,483096.0,ok,2208771.0,ok,1001824.0,ok,174942.0,ok,680273.0,ok,12.0,ok,,nil_or_na
2014,06,山形,23,非鉄金属製造業,31.0,ok,1542.0,ok,5357152.0,ok,644110.0,ok,3730616.0,ok,1568189.0,ok,12161.0,ok,1572303.0,ok,6.0,ok,2.0,ok
2014,06,山形,24,金属製品製造業,253.0,ok,4938.0,ok,8895091.0,ok,1741045.0,ok,4680602.0,ok,3955267.0,ok,187271.0,ok,1733668.0,ok,40.0,ok,,nil_or_na
2014,06,山形,25,はん用機械器具製造業,68.0,ok,2668.0,ok,4778648.0,ok,1018480.0,ok,2641933.0,ok,2006139.0,ok,164457.0,ok,1299303.0,ok,20.0,ok,1.0,ok
2014,06,山形,26,生産用機械器具製造業,314.0,ok,10872.0,ok,23538109.0,ok,4390426.0,ok,14493818.0,ok,8750972.0,ok,662014.0,ok,4645488.0,ok,91.0,ok,3.0,ok
2014,06,山形,27,業務用機械器具製造業,48.0,ok,2780.0,ok,4885872.0,ok,876109.0,ok,3196183.0,ok,1582246.0,ok,2683.0,ok,813216.0,ok,22.0,ok,1.0,ok
2014,06,山形,28,電子部品・デバイス・電子回路製造業,128.0,ok,13903.0,ok,40936388.0,ok,6676745.0,ok,22597148.0,ok,17793384.0,ok,2336681.0,ok,7807795.0,ok,42.0,ok,15.0,ok
2014,06,山形,29,電気機械器具製造業,136.0,ok,6277.0,ok,14127866.0,ok,2171704.0,ok,8903553.0,ok,4972078.0,ok,77601.0,ok,1824634.0,ok,45.0,ok,3.0,ok
2014,06,山形,30,情報通信機械器具製造業,37.0,ok,3904.0,ok,36075046.0,ok,1982896.0,ok,30901406.0,ok,4875566.0,ok,3044019.0,ok,1834271.0,ok,18.0,ok,4.0,ok
2014,06,山形,31,輸送用機械器具製造業,110.0,ok,5913.0,ok,12588152.0,ok,2545293.0,ok,6629792.0,ok,5604077.0,ok,265475.0,ok,3435139.0,ok,35.0,ok,4.0,ok
2014,06,山形,32,その他の製造業,64.0,ok,2121.0,ok,15787068.0,ok,933814.0,ok,12875368.0,ok,2745217.0,ok,137143.0,ok,1229218.0,ok,7.0,ok,3.0,ok
2014,07,福島,09,食料品製造業,498.0,ok,16443.0,ok,28794633.0,ok,4050231.0,ok,18576695.0,ok,9582570.0,ok,1408367.0,ok,7111328.0,ok,116.0,ok,5.0,ok
2014,07,福島,10,飲料・たばこ・飼料製造業,83.0,ok,1608.0,ok,39101793.0,ok,736754.0,ok,5758403.0,ok,11738072.0,ok,70801.0,ok,3245595.0,ok,10.0,ok,,nil_or_na
2014,07,福島,11,繊維工業,330.0,ok,7187.0,ok,5404266.0,ok,1502168.0,ok,2949095.0,ok,2294436.0,ok,509641.0,ok,979366.0,ok,58.0,ok,,nil_or_na
2014,07,福島,12,木材・木製品製造業（家具を除く）,143.0,ok,2307.0,ok,5781060.0,ok,724161.0,ok,3935933.0,ok,1733138.0,ok,477204.0,ok,751287.0,ok,14.0,ok,,nil_or_na
2014,07,福島,13,家具・装備品製造業,91.0,ok,2300.0,ok,4844763.0,ok,921227.0,ok,2944136.0,ok,1789357.0,ok,255172.0,ok,1436572.0,ok,11.0,ok,2.0,ok
2014,07,福島,14,パルプ・紙・紙加工品製造業,82.0,ok,3275.0,ok,15938053.0,ok,1436222.0,ok,11718800.0,ok,4207388.0,ok,831623.0,ok,9092632.0,ok,27.0,ok,1.0,ok
2014,07,福島,15,印刷・同関連業,140.0,ok,2826.0,ok,4486248.0,ok,919056.0,ok,2140872.0,ok,2201458.0,ok,128007.0,ok,1504050.0,ok,28.0,ok,,nil_or_na
2014,07,福島,16,化学工業,102.0,ok,7721.0,ok,44209839.0,ok,4016158.0,ok,25220396.0,ok,18318895.0,ok,3210384.0,ok,21628626.0,ok,53.0,ok,3.0,ok
2014,07,福島,17,石油製品・石炭製品製造業,24.0,ok,232.0,ok,1642159.0,ok,103808.0,ok,1104216.0,ok,501871.0,ok,159740.0,ok,,suppressed,1.0,ok,,nil_or_na
2014,07,福島,18,プラスチック製品製造業（別掲を除く）,222.0,ok,7653.0,ok,18790042.0,ok,2815997.0,ok,12655857.0,ok,5773914.0,ok,1445833.0,ok,4063866.0,ok,61.0,ok,1.0,ok
2014,07,福島,19,ゴム製品製造業,55.0,ok,5535.0,ok,19934434.0,ok,2558785.0,ok,9466835.0,ok,9822198.0,ok,220928.0,ok,4149350.0,ok,25.0,ok,3.0,ok
2014,07,福島,20,なめし革・同製品・毛皮製造業,40.0,ok,1056.0,ok,1137837.0,ok,249163.0,ok,742680.0,ok,370077.0,ok,1591.0,ok,,suppressed,10.0,ok,,nil_or_na
2014,07,福島,21,窯業・土石製品製造業,239.0,ok,7072.0,ok,21056818.0,ok,3010835.0,ok,9655662.0,ok,10685991.0,ok,861223.0,ok,5897652.0,ok,46.0,ok,2.0,ok
2014,07,福島,22,鉄鋼業,62.0,ok,2788.0,ok,10444531.0,ok,1318102.0,ok,7418886.0,ok,2864187.0,ok,522263.0,ok,1911411.0,ok,18.0,ok,1.0,ok
2014,07,福島,23,非鉄金属製造業,58.0,ok,4035.0,ok,21480746.0,ok,1908522.0,ok,16419345.0,ok,4990912.0,ok,367091.0,ok,11461137.0,ok,24.0,ok,3.0,ok
2014,07,福島,24,金属製品製造業,383.0,ok,10614.0,ok,26797778.0,ok,4309270.0,ok,15389459.0,ok,10859987.0,ok,421791.0,ok,6381699.0,ok,81.0,ok,2.0,ok
2014,07,福島,25,はん用機械器具製造業,109.0,ok,5210.0,ok,16456701.0,ok,2244611.0,ok,8823294.0,ok,7385259.0,ok,198821.0,ok,3689848.0,ok,33.0,ok,3.0,ok
2014,07,福島,26,生産用機械器具製造業,299.0,ok,8749.0,ok,15986087.0,ok,3536165.0,ok,8923379.0,ok,6819739.0,ok,999811.0,ok,4312153.0,ok,67.0,ok,1.0,ok
2014,07,福島,27,業務用機械器具製造業,127.0,ok,9148.0,ok,24945934.0,ok,3833456.0,ok,14568370.0,ok,9940218.0,ok,176070.0,ok,4022776.0,ok,49.0,ok,6.0,ok
2014,07,福島,28,電子部品・デバイス・電子回路製造業,185.0,ok,13686.0,ok,34809032.0,ok,5594961.0,ok,23885904.0,ok,10875194.0,ok,240793.0,ok,12583269.0,ok,75.0,ok,11.0,ok
2014,07,福島,29,電気機械器具製造業,176.0,ok,8617.0,ok,28710492.0,ok,4092940.0,ok,20869577.0,ok,7401658.0,ok,797109.0,ok,7333028.0,ok,53.0,ok,5.0,ok
2014,07,福島,30,情報通信機械器具製造業,105.0,ok,12353.0,ok,75243762.0,ok,5873087.0,ok,57752029.0,ok,17698229.0,ok,21178072.0,ok,4510045.0,ok,44.0,ok,10.0,ok
2014,07,福島,31,輸送用機械器具製造業,119.0,ok,10189.0,ok,40083658.0,ok,4915413.0,ok,24224028.0,ok,15020756.0,ok,141964.0,ok,10225734.0,ok,49.0,ok,8.0,ok
2014,07,福島,32,その他の製造業,126.0,ok,2164.0,ok,3819261.0,ok,648245.0,ok,2151481.0,ok,1569357.0,ok,110098.0,ok,663636.0,ok,14.0,ok,,nil_or_na
2014,08,茨城,09,食料品製造業,786.0,ok,41671.0,ok,127225933.0,ok,12919048.0,ok,82252138.0,ok,42342717.0,ok,3556394.0,ok,39342700.0,ok,227.0,ok,28.0,ok
2014,08,茨城,10,飲料・たばこ・飼料製造業,87.0,ok,2780.0,ok,52868218.0,ok,1312784.0,ok,26355965.0,ok,11317633.0,ok,160917.0,ok,11981863.0,ok,21.0,ok,,nil_or_na
2014,08,茨城,11,繊維工業,179.0,ok,3821.0,ok,5532267.0,ok,1197060.0,ok,2791202.0,ok,2669985.0,ok,184571.0,ok,3096298.0,ok,25.0,ok,1.0,ok
2014,08,茨城,12,木材・木製品製造業（家具を除く）,151.0,ok,3994.0,ok,17060444.0,ok,1515297.0,ok,13686732.0,ok,3168294.0,ok,671317.0,ok,4543676.0,ok,23.0,ok,2.0,ok
2014,08,茨城,13,家具・装備品製造業,89.0,ok,2318.0,ok,6244892.0,ok,899436.0,ok,3574342.0,ok,2505901.0,ok,16254.0,ok,1621826.0,ok,21.0,ok,,nil_or_na
2014,08,茨城,14,パルプ・紙・紙加工品製造業,146.0,ok,5705.0,ok,21717570.0,ok,2361155.0,ok,14806222.0,ok,6505792.0,ok,949823.0,ok,7227790.0,ok,53.0,ok,2.0,ok
2014,08,茨城,15,印刷・同関連業,203.0,ok,5325.0,ok,10822378.0,ok,2001505.0,ok,5922419.0,ok,4608635.0,ok,330019.0,ok,4182165.0,ok,40.0,ok,1.0,ok
2014,08,茨城,16,化学工業,192.0,ok,14312.0,ok,149247210.0,ok,8132165.0,ok,93093092.0,ok,53865501.0,ok,4011425.0,ok,40469262.0,ok,83.0,ok,6.0,ok
2014,08,茨城,17,石油製品・石炭製品製造業,25.0,ok,900.0,ok,10932374.0,ok,700520.0,ok,6409747.0,ok,4306501.0,ok,851426.0,ok,,suppressed,2.0,ok,1.0,ok
2014,08,茨城,18,プラスチック製品製造業（別掲を除く）,481.0,ok,19827.0,ok,75571433.0,ok,8274370.0,ok,47420161.0,ok,27146850.0,ok,7529389.0,ok,16436880.0,ok,145.0,ok,7.0,ok
2014,08,茨城,19,ゴム製品製造業,92.0,ok,3282.0,ok,7106397.0,ok,1287815.0,ok,4162545.0,ok,2781532.0,ok,34576.0,ok,1360387.0,ok,20.0,ok,2.0,ok
2014,08,茨城,20,なめし革・同製品・毛皮製造業,24.0,ok,271.0,ok,195147.0,ok,60079.0,ok,97218.0,ok,91716.0,ok,,nil_or_na,,suppressed,1.0,ok,,nil_or_na
2014,08,茨城,21,窯業・土石製品製造業,408.0,ok,9510.0,ok,33709558.0,ok,4315958.0,ok,17805571.0,ok,14973678.0,ok,1007608.0,ok,8715443.0,ok,71.0,ok,,nil_or_na
2014,08,茨城,22,鉄鋼業,115.0,ok,9078.0,ok,92376934.0,ok,5078331.0,ok,76314600.0,ok,16914747.0,ok,1953383.0,ok,40266212.0,ok,41.0,ok,3.0,ok
2014,08,茨城,23,非鉄金属製造業,116.0,ok,9566.0,ok,66454470.0,ok,5979788.0,ok,51290032.0,ok,14709225.0,ok,3598237.0,ok,26761161.0,ok,34.0,ok,10.0,ok
2014,08,茨城,24,金属製品製造業,754.0,ok,22814.0,ok,76970265.0,ok,9325446.0,ok,48731274.0,ok,26649468.0,ok,8794967.0,ok,15598171.0,ok,152.0,ok,10.0,ok
2014,08,茨城,25,はん用機械器具製造業,189.0,ok,15093.0,ok,58335116.0,ok,8322675.0,ok,28198605.0,ok,29132293.0,ok,928060.0,ok,11050132.0,ok,40.0,ok,7.0,ok
2014,08,茨城,26,生産用機械器具製造業,385.0,ok,18865.0,ok,117754465.0,ok,10208630.0,ok,81344736.0,ok,39010511.0,ok,636151.0,ok,21005692.0,ok,73.0,ok,11.0,ok
2014,08,茨城,27,業務用機械器具製造業,151.0,ok,15259.0,ok,28603006.0,ok,8960362.0,ok,18075052.0,ok,10311404.0,ok,1718386.0,ok,8389062.0,ok,39.0,ok,10.0,ok
2014,08,茨城,28,電子部品・デバイス・電子回路製造業,115.0,ok,11039.0,ok,29547468.0,ok,6460651.0,ok,19639514.0,ok,9969381.0,ok,111165.0,ok,10070741.0,ok,40.0,ok,6.0,ok
2014,08,茨城,29,電気機械器具製造業,350.0,ok,23690.0,ok,82125789.0,ok,14854371.0,ok,48448156.0,ok,31700660.0,ok,1041333.0,ok,16311421.0,ok,96.0,ok,11.0,ok
2014,08,茨城,30,情報通信機械器具製造業,38.0,ok,2402.0,ok,8075771.0,ok,986354.0,ok,5532075.0,ok,2401128.0,ok,368953.0,ok,424342.0,ok,15.0,ok,2.0,ok
2014,08,茨城,31,輸送用機械器具製造業,224.0,ok,13037.0,ok,43247812.0,ok,5603129.0,ok,27278044.0,ok,15183169.0,ok,224087.0,ok,8355881.0,ok,66.0,ok,7.0,ok
2014,08,茨城,32,その他の製造業,185.0,ok,5036.0,ok,19124754.0,ok,1935993.0,ok,11471174.0,ok,7218439.0,ok,822645.0,ok,2448226.0,ok,29.0,ok,1.0,ok
2014,09,栃木,09,食料品製造業,449.0,ok,21871.0,ok,56581480.0,ok,6286597.0,ok,31391402.0,ok,23622512.0,ok,2725372.0,ok,13082262.0,ok,128.0,ok,17.0,ok
2014,09,栃木,10,飲料・たばこ・飼料製造業,61.0,ok,1859.0,ok,87004775.0,ok,929917.0,ok,9519694.0,ok,23723914.0,ok,412276.0,ok,5672258.0,ok,11.0,ok,1.0,ok
2014,09,栃木,11,繊維工業,262.0,ok,3891.0,ok,5531641.0,ok,1026341.0,ok,3039467.0,ok,2338410.0,ok,139427.0,ok,806869.0,ok,27.0,ok,,nil_or_na
2014,09,栃木,12,木材・木製品製造業（家具を除く）,139.0,ok,2841.0,ok,9593670.0,ok,974224.0,ok,6984099.0,ok,2443704.0,ok,2469447.0,ok,1117874.0,ok,25.0,ok,,nil_or_na
2014,09,栃木,13,家具・装備品製造業,133.0,ok,1975.0,ok,4438037.0,ok,717428.0,ok,2909400.0,ok,1435734.0,ok,76123.0,ok,605389.0,ok,11.0,ok,,nil_or_na
2014,09,栃木,14,パルプ・紙・紙加工品製造業,116.0,ok,5851.0,ok,23851309.0,ok,2627931.0,ok,14304592.0,ok,9096846.0,ok,640685.0,ok,8129076.0,ok,41.0,ok,2.0,ok
2014,09,栃木,15,印刷・同関連業,154.0,ok,3104.0,ok,5140707.0,ok,1042034.0,ok,2822574.0,ok,2173677.0,ok,117224.0,ok,1445913.0,ok,26.0,ok,,nil_or_na
2014,09,栃木,16,化学工業,77.0,ok,5222.0,ok,59139788.0,ok,2574247.0,ok,36593861.0,ok,21180331.0,ok,454746.0,ok,9262303.0,ok,38.0,ok,4.0,ok
2014,09,栃木,17,石油製品・石炭製品製造業,26.0,ok,311.0,ok,1869822.0,ok,151745.0,ok,1432339.0,ok,409005.0,ok,77679.0,ok,,suppressed,1.0,ok,,nil_or_na
2014,09,栃木,18,プラスチック製品製造業（別掲を除く）,468.0,ok,16642.0,ok,47997097.0,ok,6939954.0,ok,28630267.0,ok,18495720.0,ok,814464.0,ok,14435821.0,ok,115.0,ok,6.0,ok
2014,09,栃木,19,ゴム製品製造業,74.0,ok,4994.0,ok,14878294.0,ok,2328908.0,ok,7371277.0,ok,7077356.0,ok,233077.0,ok,3091518.0,ok,25.0,ok,2.0,ok
2014,09,栃木,20,なめし革・同製品・毛皮製造業,16.0,ok,278.0,ok,276790.0,ok,63866.0,ok,160659.0,ok,108636.0,ok,15.0,ok,,suppressed,2.0,ok,,nil_or_na
2014,09,栃木,21,窯業・土石製品製造業,240.0,ok,5354.0,ok,16881701.0,ok,2214529.0,ok,8186949.0,ok,8154980.0,ok,1004519.0,ok,4875451.0,ok,36.0,ok,1.0,ok
2014,09,栃木,22,鉄鋼業,70.0,ok,3313.0,ok,23873658.0,ok,1708708.0,ok,17781768.0,ok,5728151.0,ok,92525.0,ok,7292105.0,ok,26.0,ok,1.0,ok
2014,09,栃木,23,非鉄金属製造業,88.0,ok,6455.0,ok,35931240.0,ok,3561030.0,ok,29274595.0,ok,6563889.0,ok,670999.0,ok,7442841.0,ok,19.0,ok,7.0,ok
2014,09,栃木,24,金属製品製造業,552.0,ok,13648.0,ok,41645426.0,ok,5629392.0,ok,26750811.0,ok,14001464.0,ok,3731754.0,ok,10455471.0,ok,97.0,ok,3.0,ok
2014,09,栃木,25,はん用機械器具製造業,108.0,ok,6016.0,ok,23754171.0,ok,3020390.0,ok,17646269.0,ok,5816374.0,ok,432597.0,ok,7206285.0,ok,28.0,ok,3.0,ok
2014,09,栃木,26,生産用機械器具製造業,372.0,ok,14402.0,ok,42474288.0,ok,8021302.0,ok,24596252.0,ok,17313549.0,ok,6168336.0,ok,8022568.0,ok,49.0,ok,7.0,ok
2014,09,栃木,27,業務用機械器具製造業,167.0,ok,10858.0,ok,30773562.0,ok,5321827.0,ok,16643180.0,ok,13521624.0,ok,413672.0,ok,5487858.0,ok,46.0,ok,8.0,ok
2014,09,栃木,28,電子部品・デバイス・電子回路製造業,97.0,ok,7316.0,ok,24802984.0,ok,3426288.0,ok,14762755.0,ok,10084381.0,ok,1958572.0,ok,6010729.0,ok,39.0,ok,7.0,ok
2014,09,栃木,29,電気機械器具製造業,178.0,ok,14591.0,ok,80115733.0,ok,6997503.0,ok,42761717.0,ok,35684889.0,ok,3251634.0,ok,6979703.0,ok,52.0,ok,8.0,ok
2014,09,栃木,30,情報通信機械器具製造業,53.0,ok,4973.0,ok,27672019.0,ok,2709335.0,ok,17791863.0,ok,9316419.0,ok,16209.0,ok,3006414.0,ok,21.0,ok,2.0,ok
2014,09,栃木,31,輸送用機械器具製造業,303.0,ok,31107.0,ok,158408485.0,ok,16672277.0,ok,116783851.0,ok,42947147.0,ok,1238988.0,ok,28967301.0,ok,107.0,ok,21.0,ok
2014,09,栃木,32,その他の製造業,151.0,ok,3319.0,ok,6741308.0,ok,1138772.0,ok,3274630.0,ok,3261872.0,ok,94791.0,ok,1457600.0,ok,16.0,ok,1.0,ok
2014,10,群馬,09,食料品製造業,489.0,ok,25482.0,ok,70778840.0,ok,7293051.0,ok,42281408.0,ok,26822102.0,ok,3022991.0,ok,23511021.0,ok,155.0,ok,13.0,ok
2014,10,群馬,10,飲料・たばこ・飼料製造業,58.0,ok,3172.0,ok,45876091.0,ok,1628544.0,ok,24902507.0,ok,14893944.0,ok,393343.0,ok,9714634.0,ok,17.0,ok,2.0,ok
2014,10,群馬,11,繊維工業,323.0,ok,4558.0,ok,5563493.0,ok,1128048.0,ok,2785718.0,ok,2595052.0,ok,98566.0,ok,609151.0,ok,25.0,ok,,nil_or_na
2014,10,群馬,12,木材・木製品製造業（家具を除く）,117.0,ok,2155.0,ok,7379537.0,ok,852917.0,ok,5054862.0,ok,2183887.0,ok,357741.0,ok,,suppressed,12.0,ok,,nil_or_na
2014,10,群馬,13,家具・装備品製造業,132.0,ok,2533.0,ok,4545598.0,ok,869437.0,ok,2608238.0,ok,1822740.0,ok,51733.0,ok,838916.0,ok,13.0,ok,1.0,ok
2014,10,群馬,14,パルプ・紙・紙加工品製造業,96.0,ok,2241.0,ok,7896130.0,ok,845327.0,ok,5527967.0,ok,2250335.0,ok,776592.0,ok,2138269.0,ok,20.0,ok,,nil_or_na
2014,10,群馬,15,印刷・同関連業,168.0,ok,3903.0,ok,10711493.0,ok,1433929.0,ok,5896689.0,ok,4499016.0,ok,71010.0,ok,1294231.0,ok,27.0,ok,1.0,ok
2014,10,群馬,16,化学工業,83.0,ok,7524.0,ok,53976238.0,ok,4434277.0,ok,23190707.0,ok,29478381.0,ok,1432609.0,ok,17828462.0,ok,40.0,ok,6.0,ok
2014,10,群馬,17,石油製品・石炭製品製造業,15.0,ok,141.0,ok,963873.0,ok,71400.0,ok,655900.0,ok,287287.0,ok,65839.0,ok,,nil_or_na,,nil_or_na,,nil_or_na
2014,10,群馬,18,プラスチック製品製造業（別掲を除く）,498.0,ok,17427.0,ok,49515771.0,ok,6460508.0,ok,30500037.0,ok,17941629.0,ok,2270199.0,ok,15090996.0,ok,121.0,ok,8.0,ok
2014,10,群馬,19,ゴム製品製造業,51.0,ok,2322.0,ok,5178828.0,ok,933482.0,ok,2401062.0,ok,2601315.0,ok,766716.0,ok,1363572.0,ok,13.0,ok,2.0,ok
2014,10,群馬,20,なめし革・同製品・毛皮製造業,6.0,ok,87.0,ok,163878.0,ok,21698.0,ok,115847.0,ok,44802.0,ok,19298.0,ok,,suppressed,1.0,ok,,nil_or_na
2014,10,群馬,21,窯業・土石製品製造業,176.0,ok,3495.0,ok,9532007.0,ok,1372469.0,ok,4981459.0,ok,4253981.0,ok,541178.0,ok,2224478.0,ok,24.0,ok,,nil_or_na
2014,10,群馬,22,鉄鋼業,82.0,ok,4130.0,ok,26595281.0,ok,2069894.0,ok,21193738.0,ok,5210029.0,ok,1787565.0,ok,5104247.0,ok,29.0,ok,3.0,ok
2014,10,群馬,23,非鉄金属製造業,68.0,ok,2905.0,ok,12629375.0,ok,1249192.0,ok,9873865.0,ok,2581588.0,ok,509898.0,ok,2839355.0,ok,25.0,ok,,nil_or_na
2014,10,群馬,24,金属製品製造業,729.0,ok,17118.0,ok,39187949.0,ok,6959880.0,ok,21699866.0,ok,16474834.0,ok,2401171.0,ok,10105116.0,ok,129.0,ok,3.0,ok
2014,10,群馬,25,はん用機械器具製造業,182.0,ok,7796.0,ok,13868933.0,ok,3188416.0,ok,7608437.0,ok,5869820.0,ok,525582.0,ok,3120091.0,ok,37.0,ok,4.0,ok
2014,10,群馬,26,生産用機械器具製造業,461.0,ok,9694.0,ok,20632452.0,ok,4081040.0,ok,10793854.0,ok,9309183.0,ok,462158.0,ok,4989653.0,ok,75.0,ok,1.0,ok
2014,10,群馬,27,業務用機械器具製造業,167.0,ok,8849.0,ok,58675603.0,ok,4488662.0,ok,27102261.0,ok,29507926.0,ok,2537986.0,ok,5819773.0,ok,34.0,ok,6.0,ok
2014,10,群馬,28,電子部品・デバイス・電子回路製造業,134.0,ok,8113.0,ok,22692868.0,ok,3793292.0,ok,13358029.0,ok,9082531.0,ok,1700971.0,ok,6088341.0,ok,37.0,ok,7.0,ok
2014,10,群馬,29,電気機械器具製造業,278.0,ok,12932.0,ok,36699742.0,ok,5396432.0,ok,22924428.0,ok,13094290.0,ok,675887.0,ok,6024176.0,ok,66.0,ok,9.0,ok
2014,10,群馬,30,情報通信機械器具製造業,60.0,ok,3056.0,ok,10734705.0,ok,1060095.0,ok,6847314.0,ok,3651685.0,ok,201743.0,ok,1971343.0,ok,14.0,ok,3.0,ok
2014,10,群馬,31,輸送用機械器具製造業,518.0,ok,47023.0,ok,315626669.0,ok,24422672.0,ok,212659407.0,ok,104943929.0,ok,2840606.0,ok,35797406.0,ok,155.0,ok,26.0,ok
2014,10,群馬,32,その他の製造業,173.0,ok,3221.0,ok,6925632.0,ok,1221840.0,ok,3536263.0,ok,3274932.0,ok,34017.0,ok,1710074.0,ok,18.0,ok,1.0,ok
2014,11,埼玉,09,食料品製造業,893.0,ok,66587.0,ok,160137830.0,ok,17851569.0,ok,96585181.0,ok,59645217.0,ok,8698498.0,ok,33691592.0,ok,324.0,ok,53.0,ok
2014,11,埼玉,10,飲料・たばこ・飼料製造業,94.0,ok,2599.0,ok,21581507.0,ok,1025759.0,ok,14606376.0,ok,5981303.0,ok,449358.0,ok,3578477.0,ok,17.0,ok,,nil_or_na
2014,11,埼玉,11,繊維工業,387.0,ok,6334.0,ok,9165370.0,ok,1732234.0,ok,4421392.0,ok,4442542.0,ok,204943.0,ok,1662913.0,ok,34.0,ok,1.0,ok
2014,11,埼玉,12,木材・木製品製造業（家具を除く）,141.0,ok,2165.0,ok,6833941.0,ok,804893.0,ok,4575732.0,ok,2126984.0,ok,379010.0,ok,1028714.0,ok,16.0,ok,,nil_or_na
2014,11,埼玉,13,家具・装備品製造業,310.0,ok,5013.0,ok,12407662.0,ok,1824568.0,ok,8687388.0,ok,3484237.0,ok,3771074.0,ok,1610242.0,ok,22.0,ok,2.0,ok
2014,11,埼玉,14,パルプ・紙・紙加工品製造業,472.0,ok,13043.0,ok,42467533.0,ok,5145592.0,ok,27670043.0,ok,13927211.0,ok,2147979.0,ok,14337351.0,ok,126.0,ok,1.0,ok
2014,11,埼玉,15,印刷・同関連業,932.0,ok,32275.0,ok,74135279.0,ok,14112160.0,ok,38857950.0,ok,33093233.0,ok,2380961.0,ok,21423548.0,ok,204.0,ok,10.0,ok
2014,11,埼玉,16,化学工業,335.0,ok,20972.0,ok,155007974.0,ok,10037428.0,ok,86423030.0,ok,64632509.0,ok,7710083.0,ok,28495878.0,ok,125.0,ok,14.0,ok
2014,11,埼玉,17,石油製品・石炭製品製造業,38.0,ok,519.0,ok,4375679.0,ok,305769.0,ok,3141628.0,ok,1170707.0,ok,367941.0,ok,,suppressed,1.0,ok,,nil_or_na
2014,11,埼玉,18,プラスチック製品製造業（別掲を除く）,1002.0,ok,25442.0,ok,69243608.0,ok,9960120.0,ok,38955250.0,ok,28528470.0,ok,3325708.0,ok,15070184.0,ok,186.0,ok,4.0,ok
2014,11,埼玉,19,ゴム製品製造業,230.0,ok,5733.0,ok,10480622.0,ok,2196507.0,ok,5427598.0,ok,4747371.0,ok,793275.0,ok,3320793.0,ok,35.0,ok,2.0,ok
2014,11,埼玉,20,なめし革・同製品・毛皮製造業,95.0,ok,1313.0,ok,2015647.0,ok,354054.0,ok,1209863.0,ok,752067.0,ok,59196.0,ok,,suppressed,8.0,ok,,nil_or_na
2014,11,埼玉,21,窯業・土石製品製造業,374.0,ok,7839.0,ok,27227319.0,ok,3501797.0,ok,15556719.0,ok,10967509.0,ok,3264210.0,ok,6115230.0,ok,53.0,ok,1.0,ok
2014,11,埼玉,22,鉄鋼業,217.0,ok,5741.0,ok,33336817.0,ok,2749025.0,ok,23511100.0,ok,9240410.0,ok,2390142.0,ok,7755256.0,ok,43.0,ok,1.0,ok
2014,11,埼玉,23,非鉄金属製造業,296.0,ok,10233.0,ok,59878316.0,ok,4977379.0,ok,46328724.0,ok,12927089.0,ok,1126381.0,ok,9708929.0,ok,65.0,ok,6.0,ok
2014,11,埼玉,24,金属製品製造業,1893.0,ok,32574.0,ok,69362368.0,ok,13114096.0,ok,37352173.0,ok,30052436.0,ok,2639150.0,ok,15601635.0,ok,202.0,ok,3.0,ok
2014,11,埼玉,25,はん用機械器具製造業,393.0,ok,12789.0,ok,38307314.0,ok,6035819.0,ok,22824557.0,ok,15085141.0,ok,3643178.0,ok,7195303.0,ok,61.0,ok,6.0,ok
2014,11,埼玉,26,生産用機械器具製造業,1072.0,ok,21440.0,ok,52180099.0,ok,10152867.0,ok,32997577.0,ok,18251221.0,ok,3409846.0,ok,9632738.0,ok,126.0,ok,4.0,ok
2014,11,埼玉,27,業務用機械器具製造業,382.0,ok,11676.0,ok,37876353.0,ok,4825604.0,ok,18962094.0,ok,17891091.0,ok,2053212.0,ok,7853594.0,ok,72.0,ok,4.0,ok
2014,11,埼玉,28,電子部品・デバイス・電子回路製造業,251.0,ok,12551.0,ok,34509962.0,ok,5722858.0,ok,19611185.0,ok,14603319.0,ok,828769.0,ok,7360434.0,ok,54.0,ok,8.0,ok
2014,11,埼玉,29,電気機械器具製造業,535.0,ok,18071.0,ok,45081309.0,ok,7789778.0,ok,26512649.0,ok,17709286.0,ok,2227315.0,ok,7563169.0,ok,121.0,ok,9.0,ok
2014,11,埼玉,30,情報通信機械器具製造業,118.0,ok,9092.0,ok,30598769.0,ok,4646622.0,ok,22398097.0,ok,7727831.0,ok,299112.0,ok,4300131.0,ok,35.0,ok,5.0,ok
2014,11,埼玉,31,輸送用機械器具製造業,597.0,ok,43920.0,ok,220116306.0,ok,23039951.0,ok,165671060.0,ok,52412132.0,ok,5333411.0,ok,63298895.0,ok,171.0,ok,23.0,ok
2014,11,埼玉,32,その他の製造業,557.0,ok,11317.0,ok,22752691.0,ok,4239217.0,ok,12578069.0,ok,9643473.0,ok,1957028.0,ok,5523760.0,ok,77.0,ok,3.0,ok
2014,12,千葉,09,食料品製造業,909.0,ok,49159.0,ok,133927903.0,ok,15061260.0,ok,88717914.0,ok,42520451.0,ok,5590305.0,ok,37888751.0,ok,238.0,ok,34.0,ok
2014,12,千葉,10,飲料・たばこ・飼料製造業,97.0,ok,3772.0,ok,37503479.0,ok,1550778.0,ok,14582376.0,ok,10813424.0,ok,425182.0,ok,6894198.0,ok,22.0,ok,1.0,ok
2014,12,千葉,11,繊維工業,141.0,ok,2503.0,ok,2294570.0,ok,703438.0,ok,906378.0,ok,1297586.0,ok,73305.0,ok,708010.0,ok,11.0,ok,,nil_or_na
2014,12,千葉,12,木材・木製品製造業（家具を除く）,78.0,ok,1716.0,ok,5987002.0,ok,687584.0,ok,4125075.0,ok,1750638.0,ok,576363.0,ok,1291842.0,ok,17.0,ok,,nil_or_na
2014,12,千葉,13,家具・装備品製造業,87.0,ok,2214.0,ok,8638802.0,ok,929929.0,ok,5406958.0,ok,3022986.0,ok,1267526.0,ok,2327718.0,ok,8.0,ok,1.0,ok
2014,12,千葉,14,パルプ・紙・紙加工品製造業,124.0,ok,3789.0,ok,10382950.0,ok,1472574.0,ok,6650229.0,ok,3505413.0,ok,532821.0,ok,2842593.0,ok,35.0,ok,1.0,ok
2014,12,千葉,15,印刷・同関連業,230.0,ok,5933.0,ok,17328457.0,ok,2350281.0,ok,6917750.0,ok,9741449.0,ok,82728.0,ok,5233884.0,ok,45.0,ok,2.0,ok
2014,12,千葉,16,化学工業,251.0,ok,20372.0,ok,313107966.0,ok,12278500.0,ok,237930858.0,ok,72595283.0,ok,14632767.0,ok,63103956.0,ok,122.0,ok,13.0,ok
2014,12,千葉,17,石油製品・石炭製品製造業,43.0,ok,2643.0,ok,360652025.0,ok,1972041.0,ok,318209913.0,ok,7111066.0,ok,12478443.0,ok,40957444.0,ok,6.0,ok,4.0,ok
2014,12,千葉,18,プラスチック製品製造業（別掲を除く）,343.0,ok,9484.0,ok,26645277.0,ok,3706367.0,ok,16967334.0,ok,9100677.0,ok,1065186.0,ok,5727996.0,ok,76.0,ok,1.0,ok
2014,12,千葉,19,ゴム製品製造業,96.0,ok,2219.0,ok,3269856.0,ok,910002.0,ok,1422769.0,ok,1734419.0,ok,162297.0,ok,954433.0,ok,14.0,ok,,nil_or_na
2014,12,千葉,20,なめし革・同製品・毛皮製造業,59.0,ok,981.0,ok,1396856.0,ok,249304.0,ok,911014.0,ok,454303.0,ok,40658.0,ok,122064.0,ok,7.0,ok,,nil_or_na
2014,12,千葉,21,窯業・土石製品製造業,227.0,ok,7441.0,ok,27317163.0,ok,3481018.0,ok,15733616.0,ok,10893089.0,ok,1705918.0,ok,7304467.0,ok,43.0,ok,4.0,ok
2014,12,千葉,22,鉄鋼業,223.0,ok,16708.0,ok,183762752.0,ok,10536563.0,ok,150886771.0,ok,31316417.0,ok,6636995.0,ok,69101590.0,ok,76.0,ok,6.0,ok
2014,12,千葉,23,非鉄金属製造業,83.0,ok,4328.0,ok,22132293.0,ok,2591101.0,ok,15870918.0,ok,5969224.0,ok,2969039.0,ok,4267627.0,ok,20.0,ok,1.0,ok
2014,12,千葉,24,金属製品製造業,829.0,ok,19177.0,ok,57832194.0,ok,8649233.0,ok,34624704.0,ok,21796910.0,ok,3682634.0,ok,13975072.0,ok,134.0,ok,3.0,ok
2014,12,千葉,25,はん用機械器具製造業,189.0,ok,6226.0,ok,23053564.0,ok,3044914.0,ok,13168250.0,ok,9684129.0,ok,2537445.0,ok,5506466.0,ok,35.0,ok,4.0,ok
2014,12,千葉,26,生産用機械器具製造業,410.0,ok,12796.0,ok,46359041.0,ok,6969906.0,ok,30836715.0,ok,15495187.0,ok,4952592.0,ok,10472047.0,ok,75.0,ok,5.0,ok
2014,12,千葉,27,業務用機械器具製造業,112.0,ok,3232.0,ok,17053539.0,ok,1294900.0,ok,8077724.0,ok,8525915.0,ok,1098511.0,ok,4526606.0,ok,25.0,ok,,nil_or_na
2014,12,千葉,28,電子部品・デバイス・電子回路製造業,78.0,ok,7535.0,ok,23131732.0,ok,4145482.0,ok,13041834.0,ok,10505017.0,ok,525368.0,ok,23213606.0,ok,23.0,ok,4.0,ok
2014,12,千葉,29,電気機械器具製造業,151.0,ok,7536.0,ok,20737102.0,ok,3722242.0,ok,16382565.0,ok,4425881.0,ok,607766.0,ok,5315703.0,ok,42.0,ok,4.0,ok
2014,12,千葉,30,情報通信機械器具製造業,28.0,ok,1587.0,ok,11180062.0,ok,977226.0,ok,8339197.0,ok,2713967.0,ok,6211129.0,ok,1810254.0,ok,4.0,ok,1.0,ok
2014,12,千葉,31,輸送用機械器具製造業,124.0,ok,4666.0,ok,12860717.0,ok,2342565.0,ok,7897989.0,ok,4934880.0,ok,275236.0,ok,5480177.0,ok,32.0,ok,1.0,ok
2014,12,千葉,32,その他の製造業,189.0,ok,4701.0,ok,20877680.0,ok,2058685.0,ok,15011341.0,ok,5550445.0,ok,8296953.0,ok,2667282.0,ok,24.0,ok,2.0,ok
2014,13,東京,09,食料品製造業,799.0,ok,30267.0,ok,69887278.0,ok,9140806.0,ok,41989543.0,ok,26162664.0,ok,4223441.0,ok,15982933.0,ok,157.0,ok,24.0,ok
2014,13,東京,10,飲料・たばこ・飼料製造業,51.0,ok,1493.0,ok,13931390.0,ok,836335.0,ok,5571073.0,ok,5006592.0,ok,166285.0,ok,6471584.0,ok,8.0,ok,,nil_or_na
2014,13,東京,11,繊維工業,506.0,ok,5345.0,ok,6268651.0,ok,1490557.0,ok,3148858.0,ok,2913645.0,ok,407422.0,ok,409229.0,ok,14.0,ok,,nil_or_na
2014,13,東京,12,木材・木製品製造業（家具を除く）,75.0,ok,783.0,ok,1487275.0,ok,285551.0,ok,865319.0,ok,583050.0,ok,34795.0,ok,,suppressed,2.0,ok,,nil_or_na
2014,13,東京,13,家具・装備品製造業,282.0,ok,3772.0,ok,9709518.0,ok,1691877.0,ok,6164023.0,ok,3578001.0,ok,560497.0,ok,1211264.0,ok,16.0,ok,1.0,ok
2014,13,東京,14,パルプ・紙・紙加工品製造業,501.0,ok,6700.0,ok,13752024.0,ok,2554752.0,ok,8117721.0,ok,5277666.0,ok,1341624.0,ok,2671854.0,ok,30.0,ok,,nil_or_na
2014,13,東京,15,印刷・同関連業,2236.0,ok,48054.0,ok,100070199.0,ok,22802757.0,ok,48006882.0,ok,48823283.0,ok,1321235.0,ok,33450102.0,ok,292.0,ok,11.0,ok
2014,13,東京,16,化学工業,221.0,ok,10905.0,ok,39556447.0,ok,6610045.0,ok,15973222.0,ok,22344525.0,ok,1743988.0,ok,12207095.0,ok,63.0,ok,5.0,ok
2014,13,東京,17,石油製品・石炭製品製造業,18.0,ok,353.0,ok,2973484.0,ok,176599.0,ok,1868944.0,ok,1032068.0,ok,371163.0,ok,,suppressed,2.0,ok,,nil_or_na
2014,13,東京,18,プラスチック製品製造業（別掲を除く）,671.0,ok,8211.0,ok,12076558.0,ok,2965541.0,ok,6052321.0,ok,5675935.0,ok,546331.0,ok,1865828.0,ok,35.0,ok,,nil_or_na
2014,13,東京,19,ゴム製品製造業,221.0,ok,3314.0,ok,5692454.0,ok,1355327.0,ok,2827796.0,ok,2732459.0,ok,139588.0,ok,1486893.0,ok,10.0,ok,1.0,ok
2014,13,東京,20,なめし革・同製品・毛皮製造業,292.0,ok,3558.0,ok,7081747.0,ok,1197879.0,ok,4395690.0,ok,2511538.0,ok,409479.0,ok,637068.0,ok,19.0,ok,,nil_or_na
2014,13,東京,21,窯業・土石製品製造業,209.0,ok,3933.0,ok,17075859.0,ok,1911327.0,ok,10078437.0,ok,6608043.0,ok,869097.0,ok,2951318.0,ok,20.0,ok,,nil_or_na
2014,13,東京,22,鉄鋼業,120.0,ok,2665.0,ok,15914285.0,ok,1400577.0,ok,12200207.0,ok,3505629.0,ok,234727.0,ok,4257264.0,ok,18.0,ok,,nil_or_na
2014,13,東京,23,非鉄金属製造業,124.0,ok,2468.0,ok,7976072.0,ok,1006713.0,ok,5632084.0,ok,2197533.0,ok,360139.0,ok,857079.0,ok,15.0,ok,1.0,ok
2014,13,東京,24,金属製品製造業,1642.0,ok,18995.0,ok,28429357.0,ok,7389618.0,ok,13647186.0,ok,13825022.0,ok,1351994.0,ok,4782507.0,ok,88.0,ok,,nil_or_na
2014,13,東京,25,はん用機械器具製造業,408.0,ok,7563.0,ok,13498806.0,ok,3583288.0,ok,7707919.0,ok,5465051.0,ok,1334151.0,ok,3463849.0,ok,45.0,ok,2.0,ok
2014,13,東京,26,生産用機械器具製造業,1081.0,ok,16311.0,ok,33117257.0,ok,7710357.0,ok,17492147.0,ok,14940722.0,ok,2487315.0,ok,5940857.0,ok,84.0,ok,2.0,ok
2014,13,東京,27,業務用機械器具製造業,599.0,ok,13462.0,ok,34359103.0,ok,6749414.0,ok,17137121.0,ok,16380230.0,ok,2048678.0,ok,6562441.0,ok,80.0,ok,5.0,ok
2014,13,東京,28,電子部品・デバイス・電子回路製造業,326.0,ok,8754.0,ok,29877491.0,ok,3929365.0,ok,21512343.0,ok,8315278.0,ok,1979537.0,ok,5493313.0,ok,52.0,ok,2.0,ok
2014,13,東京,29,電気機械器具製造業,657.0,ok,27626.0,ok,83508251.0,ok,17740117.0,ok,46615401.0,ok,35510307.0,ok,10360861.0,ok,12784475.0,ok,99.0,ok,12.0,ok
2014,13,東京,30,情報通信機械器具製造業,167.0,ok,13572.0,ok,87707647.0,ok,9747151.0,ok,70105570.0,ok,16821730.0,ok,6269705.0,ok,8069812.0,ok,38.0,ok,8.0,ok
2014,13,東京,31,輸送用機械器具製造業,303.0,ok,21996.0,ok,154926094.0,ok,12910829.0,ok,80020254.0,ok,70124000.0,ok,1004141.0,ok,14361716.0,ok,51.0,ok,4.0,ok
2014,13,東京,32,その他の製造業,647.0,ok,9715.0,ok,27057819.0,ok,4101338.0,ok,16956477.0,ok,9587123.0,ok,3061221.0,ok,5768905.0,ok,43.0,ok,1.0,ok
2014,14,神奈川,09,食料品製造業,680.0,ok,50341.0,ok,140399566.0,ok,14804979.0,ok,82330573.0,ok,54626719.0,ok,5815110.0,ok,32144322.0,ok,206.0,ok,44.0,ok
2014,14,神奈川,10,飲料・たばこ・飼料製造業,56.0,ok,3147.0,ok,43323677.0,ok,1505870.0,ok,20254115.0,ok,12608041.0,ok,708812.0,ok,11732566.0,ok,23.0,ok,,nil_or_na
2014,14,神奈川,11,繊維工業,147.0,ok,2609.0,ok,3857147.0,ok,898479.0,ok,2153650.0,ok,1601197.0,ok,368226.0,ok,595073.0,ok,14.0,ok,,nil_or_na
2014,14,神奈川,12,木材・木製品製造業（家具を除く）,62.0,ok,792.0,ok,1608436.0,ok,284345.0,ok,913709.0,ok,649670.0,ok,91836.0,ok,,suppressed,6.0,ok,,nil_or_na
2014,14,神奈川,13,家具・装備品製造業,124.0,ok,2597.0,ok,6720936.0,ok,1006684.0,ok,3927541.0,ok,2636844.0,ok,130283.0,ok,1846248.0,ok,17.0,ok,1.0,ok
2014,14,神奈川,14,パルプ・紙・紙加工品製造業,185.0,ok,6743.0,ok,19929214.0,ok,2692828.0,ok,13490640.0,ok,6049958.0,ok,1202463.0,ok,6511585.0,ok,53.0,ok,2.0,ok
2014,14,神奈川,15,印刷・同関連業,378.0,ok,9127.0,ok,21318789.0,ok,4106671.0,ok,9199584.0,ok,11370664.0,ok,329336.0,ok,8448677.0,ok,67.0,ok,2.0,ok
2014,14,神奈川,16,化学工業,258.0,ok,20902.0,ok,183045971.0,ok,12576135.0,ok,126191091.0,ok,55158397.0,ok,2418920.0,ok,45543057.0,ok,117.0,ok,13.0,ok
2014,14,神奈川,17,石油製品・石炭製品製造業,52.0,ok,2926.0,ok,305248127.0,ok,2271700.0,ok,228442363.0,ok,29078464.0,ok,2773360.0,ok,30032999.0,ok,11.0,ok,3.0,ok
2014,14,神奈川,18,プラスチック製品製造業（別掲を除く）,533.0,ok,15132.0,ok,53399233.0,ok,7918083.0,ok,26074151.0,ok,26601578.0,ok,1318328.0,ok,18813169.0,ok,92.0,ok,6.0,ok
2014,14,神奈川,19,ゴム製品製造業,76.0,ok,4015.0,ok,9690078.0,ok,2113832.0,ok,6487260.0,ok,3105540.0,ok,2061681.0,ok,3034573.0,ok,15.0,ok,2.0,ok
2014,14,神奈川,20,なめし革・同製品・毛皮製造業,9.0,ok,126.0,ok,542767.0,ok,40576.0,ok,436266.0,ok,99384.0,ok,8000.0,ok,,suppressed,1.0,ok,,nil_or_na
2014,14,神奈川,21,窯業・土石製品製造業,239.0,ok,8185.0,ok,31059613.0,ok,4704047.0,ok,17735791.0,ok,12545311.0,ok,1224165.0,ok,9195020.0,ok,41.0,ok,5.0,ok
2014,14,神奈川,22,鉄鋼業,156.0,ok,8379.0,ok,72986176.0,ok,5190269.0,ok,63457019.0,ok,9902954.0,ok,1924104.0,ok,35147344.0,ok,40.0,ok,4.0,ok
2014,14,神奈川,23,非鉄金属製造業,114.0,ok,6898.0,ok,34700993.0,ok,3784131.0,ok,26435829.0,ok,8005424.0,ok,641820.0,ok,9853244.0,ok,39.0,ok,6.0,ok
2014,14,神奈川,24,金属製品製造業,1277.0,ok,26581.0,ok,64144763.0,ok,12507692.0,ok,33973306.0,ok,28445336.0,ok,7261032.0,ok,17180388.0,ok,139.0,ok,9.0,ok
2014,14,神奈川,25,はん用機械器具製造業,412.0,ok,22495.0,ok,74474090.0,ok,13476974.0,ok,49435216.0,ok,24668576.0,ok,4939072.0,ok,18855065.0,ok,86.0,ok,13.0,ok
2014,14,神奈川,26,生産用機械器具製造業,1065.0,ok,30735.0,ok,102339020.0,ok,16903167.0,ok,68000891.0,ok,34477070.0,ok,7449736.0,ok,20435236.0,ok,155.0,ok,12.0,ok
2014,14,神奈川,27,業務用機械器具製造業,307.0,ok,14335.0,ok,55703193.0,ok,7914622.0,ok,32440593.0,ok,22165082.0,ok,4882805.0,ok,7640744.0,ok,80.0,ok,7.0,ok
2014,14,神奈川,28,電子部品・デバイス・電子回路製造業,335.0,ok,11653.0,ok,28029085.0,ok,5753827.0,ok,12129249.0,ok,15140794.0,ok,1059789.0,ok,9325968.0,ok,76.0,ok,6.0,ok
2014,14,神奈川,29,電気機械器具製造業,632.0,ok,23800.0,ok,58884578.0,ok,12111740.0,ok,37020499.0,ok,20919685.0,ok,5362995.0,ok,19292597.0,ok,116.0,ok,9.0,ok
2014,14,神奈川,30,情報通信機械器具製造業,201.0,ok,17160.0,ok,82501587.0,ok,12761474.0,ok,49474367.0,ok,32486427.0,ok,972465.0,ok,13931216.0,ok,58.0,ok,13.0,ok
2014,14,神奈川,31,輸送用機械器具製造業,600.0,ok,56139.0,ok,368558548.0,ok,33364697.0,ok,270966196.0,ok,95823751.0,ok,1856961.0,ok,80602553.0,ok,161.0,ok,33.0,ok
2014,14,神奈川,32,その他の製造業,242.0,ok,4915.0,ok,9639518.0,ok,2075848.0,ok,5183741.0,ok,4188283.0,ok,413906.0,ok,3163303.0,ok,31.0,ok,1.0,ok
2014,15,新潟,09,食料品製造業,759.0,ok,34239.0,ok,72835038.0,ok,9494977.0,ok,39200553.0,ok,31594535.0,ok,1974228.0,ok,17103541.0,ok,181.0,ok,23.0,ok
2014,15,新潟,10,飲料・たばこ・飼料製造業,119.0,ok,2651.0,ok,7529960.0,ok,998514.0,ok,3127681.0,ok,3488916.0,ok,137374.0,ok,3649764.0,ok,20.0,ok,,nil_or_na
2014,15,新潟,11,繊維工業,428.0,ok,9404.0,ok,7385956.0,ok,2078951.0,ok,3743261.0,ok,3409354.0,ok,239782.0,ok,1877927.0,ok,84.0,ok,,nil_or_na
2014,15,新潟,12,木材・木製品製造業（家具を除く）,132.0,ok,2073.0,ok,4472571.0,ok,671064.0,ok,2861339.0,ok,1511319.0,ok,610146.0,ok,748464.0,ok,11.0,ok,,nil_or_na
2014,15,新潟,13,家具・装備品製造業,192.0,ok,3419.0,ok,4250085.0,ok,1071957.0,ok,2293202.0,ok,1828702.0,ok,119911.0,ok,691093.0,ok,19.0,ok,1.0,ok
2014,15,新潟,14,パルプ・紙・紙加工品製造業,101.0,ok,3700.0,ok,22188810.0,ok,1477552.0,ok,14468262.0,ok,7243073.0,ok,313816.0,ok,10939192.0,ok,29.0,ok,2.0,ok
2014,15,新潟,15,印刷・同関連業,234.0,ok,5405.0,ok,8270586.0,ok,1752475.0,ok,4669364.0,ok,3371288.0,ok,486616.0,ok,2120030.0,ok,47.0,ok,,nil_or_na
2014,15,新潟,16,化学工業,74.0,ok,7792.0,ok,60544519.0,ok,4507225.0,ok,37159169.0,ok,22946011.0,ok,12384841.0,ok,18800332.0,ok,22.0,ok,7.0,ok
2014,15,新潟,17,石油製品・石炭製品製造業,34.0,ok,341.0,ok,2053628.0,ok,149427.0,ok,1246780.0,ok,755888.0,ok,167992.0,ok,,suppressed,2.0,ok,,nil_or_na
2014,15,新潟,18,プラスチック製品製造業（別掲を除く）,227.0,ok,7528.0,ok,18010836.0,ok,2581793.0,ok,11081192.0,ok,6603911.0,ok,1636215.0,ok,4722523.0,ok,60.0,ok,4.0,ok
2014,15,新潟,19,ゴム製品製造業,26.0,ok,993.0,ok,1382176.0,ok,303668.0,ok,861353.0,ok,490571.0,ok,40531.0,ok,367383.0,ok,9.0,ok,,nil_or_na
2014,15,新潟,20,なめし革・同製品・毛皮製造業,18.0,ok,332.0,ok,303516.0,ok,85424.0,ok,169889.0,ok,124704.0,ok,717.0,ok,,suppressed,2.0,ok,,nil_or_na
2014,15,新潟,21,窯業・土石製品製造業,238.0,ok,4745.0,ok,11100874.0,ok,1770314.0,ok,6513174.0,ok,4313642.0,ok,816133.0,ok,2522351.0,ok,31.0,ok,,nil_or_na
2014,15,新潟,22,鉄鋼業,155.0,ok,5595.0,ok,22023403.0,ok,2370813.0,ok,15403121.0,ok,6233602.0,ok,1543512.0,ok,6246063.0,ok,42.0,ok,1.0,ok
2014,15,新潟,23,非鉄金属製造業,50.0,ok,2168.0,ok,9473832.0,ok,976215.0,ok,6955545.0,ok,2385981.0,ok,11588.0,ok,1582330.0,ok,14.0,ok,1.0,ok
2014,15,新潟,24,金属製品製造業,1112.0,ok,24120.0,ok,52318861.0,ok,8696627.0,ok,29932452.0,ok,21020452.0,ok,2892136.0,ok,11704137.0,ok,164.0,ok,4.0,ok
2014,15,新潟,25,はん用機械器具製造業,206.0,ok,9261.0,ok,22435659.0,ok,3822036.0,ok,12087480.0,ok,9887486.0,ok,952917.0,ok,10847168.0,ok,52.0,ok,5.0,ok
2014,15,新潟,26,生産用機械器具製造業,642.0,ok,15629.0,ok,33165088.0,ok,6388758.0,ok,18783563.0,ok,13955234.0,ok,593644.0,ok,7607689.0,ok,114.0,ok,4.0,ok
2014,15,新潟,27,業務用機械器具製造業,82.0,ok,4359.0,ok,14911614.0,ok,1840465.0,ok,9476222.0,ok,5167017.0,ok,136781.0,ok,2893770.0,ok,24.0,ok,3.0,ok
2014,15,新潟,28,電子部品・デバイス・電子回路製造業,175.0,ok,14814.0,ok,31741955.0,ok,6598608.0,ok,18659849.0,ok,12815319.0,ok,2952025.0,ok,9461250.0,ok,71.0,ok,12.0,ok
2014,15,新潟,29,電気機械器具製造業,222.0,ok,9500.0,ok,25706654.0,ok,3873903.0,ok,16960907.0,ok,8285339.0,ok,2147176.0,ok,4009850.0,ok,67.0,ok,7.0,ok
2014,15,新潟,30,情報通信機械器具製造業,47.0,ok,3080.0,ok,11426415.0,ok,1177076.0,ok,8379618.0,ok,2876447.0,ok,569702.0,ok,1549755.0,ok,20.0,ok,2.0,ok
2014,15,新潟,31,輸送用機械器具製造業,151.0,ok,7552.0,ok,17702929.0,ok,3207028.0,ok,9222560.0,ok,8020127.0,ok,267782.0,ok,5312887.0,ok,57.0,ok,4.0,ok
2014,15,新潟,32,その他の製造業,140.0,ok,2232.0,ok,3027457.0,ok,800465.0,ok,1110752.0,ok,1805372.0,ok,238445.0,ok,934648.0,ok,9.0,ok,1.0,ok
2014,16,富山,09,食料品製造業,353.0,ok,9079.0,ok,14657216.0,ok,2278196.0,ok,9336922.0,ok,4983030.0,ok,927098.0,ok,3360117.0,ok,73.0,ok,,nil_or_na
2014,16,富山,10,飲料・たばこ・飼料製造業,42.0,ok,1172.0,ok,6178100.0,ok,409670.0,ok,4397769.0,ok,1573787.0,ok,160069.0,ok,1048911.0,ok,11.0,ok,,nil_or_na
2014,16,富山,11,繊維工業,165.0,ok,4893.0,ok,7443959.0,ok,1421584.0,ok,4517203.0,ok,2745169.0,ok,359446.0,ok,2431391.0,ok,44.0,ok,,nil_or_na
2014,16,富山,12,木材・木製品製造業（家具を除く）,81.0,ok,1461.0,ok,3211458.0,ok,531475.0,ok,2190251.0,ok,957472.0,ok,458210.0,ok,754132.0,ok,13.0,ok,,nil_or_na
2014,16,富山,13,家具・装備品製造業,79.0,ok,1443.0,ok,3294040.0,ok,506560.0,ok,2172925.0,ok,1048669.0,ok,56391.0,ok,450237.0,ok,13.0,ok,,nil_or_na
2014,16,富山,14,パルプ・紙・紙加工品製造業,80.0,ok,3980.0,ok,13809362.0,ok,1469506.0,ok,8734483.0,ok,4799716.0,ok,1435655.0,ok,6091035.0,ok,24.0,ok,2.0,ok
2014,16,富山,15,印刷・同関連業,110.0,ok,2319.0,ok,3388533.0,ok,762338.0,ok,1748960.0,ok,1537050.0,ok,112482.0,ok,1002606.0,ok,18.0,ok,1.0,ok
2014,16,富山,16,化学工業,112.0,ok,13667.0,ok,59938230.0,ok,6651447.0,ok,32474876.0,ok,26042668.0,ok,6525074.0,ok,22883111.0,ok,56.0,ok,15.0,ok
2014,16,富山,17,石油製品・石炭製品製造業,13.0,ok,115.0,ok,698266.0,ok,59083.0,ok,480636.0,ok,203013.0,ok,76618.0,ok,,nil_or_na,,nil_or_na,,nil_or_na
2014,16,富山,18,プラスチック製品製造業（別掲を除く）,228.0,ok,8866.0,ok,22552951.0,ok,3178772.0,ok,13830538.0,ok,8433358.0,ok,1832456.0,ok,4300829.0,ok,63.0,ok,6.0,ok
2014,16,富山,19,ゴム製品製造業,13.0,ok,1022.0,ok,1195956.0,ok,370422.0,ok,534020.0,ok,620176.0,ok,932.0,ok,423831.0,ok,4.0,ok,1.0,ok
2014,16,富山,20,なめし革・同製品・毛皮製造業,3.0,ok,124.0,ok,195556.0,ok,31744.0,ok,116127.0,ok,74584.0,ok,,nil_or_na,,suppressed,1.0,ok,,nil_or_na
2014,16,富山,21,窯業・土石製品製造業,156.0,ok,3136.0,ok,8341808.0,ok,1225419.0,ok,4542785.0,ok,3609028.0,ok,642271.0,ok,1927269.0,ok,22.0,ok,,nil_or_na
2014,16,富山,22,鉄鋼業,55.0,ok,4251.0,ok,18847480.0,ok,2224615.0,ok,13310405.0,ok,5238210.0,ok,951170.0,ok,6211609.0,ok,23.0,ok,2.0,ok
2014,16,富山,23,非鉄金属製造業,87.0,ok,8443.0,ok,39958150.0,ok,4261278.0,ok,31120975.0,ok,8467991.0,ok,3130231.0,ok,8795213.0,ok,21.0,ok,6.0,ok
2014,16,富山,24,金属製品製造業,465.0,ok,16353.0,ok,35945869.0,ok,6797299.0,ok,22042455.0,ok,13045466.0,ok,1520895.0,ok,8037653.0,ok,113.0,ok,5.0,ok
2014,16,富山,25,はん用機械器具製造業,91.0,ok,5003.0,ok,16836249.0,ok,2296497.0,ok,10273284.0,ok,6274068.0,ok,108793.0,ok,4624381.0,ok,22.0,ok,1.0,ok
2014,16,富山,26,生産用機械器具製造業,327.0,ok,11323.0,ok,33474749.0,ok,5146437.0,ok,17061705.0,ok,16317322.0,ok,795488.0,ok,6287619.0,ok,84.0,ok,4.0,ok
2014,16,富山,27,業務用機械器具製造業,12.0,ok,697.0,ok,3162688.0,ok,302097.0,ok,2018794.0,ok,1071869.0,ok,110113.0,ok,276653.0,ok,6.0,ok,,nil_or_na
2014,16,富山,28,電子部品・デバイス・電子回路製造業,91.0,ok,8601.0,ok,30465241.0,ok,4598436.0,ok,13997034.0,ok,15537130.0,ok,53434.0,ok,6288342.0,ok,49.0,ok,5.0,ok
2014,16,富山,29,電気機械器具製造業,85.0,ok,2812.0,ok,5164452.0,ok,1055517.0,ok,2944904.0,ok,2095325.0,ok,61725.0,ok,969545.0,ok,21.0,ok,1.0,ok
2014,16,富山,30,情報通信機械器具製造業,12.0,ok,443.0,ok,745308.0,ok,127779.0,ok,415204.0,ok,309922.0,ok,,nil_or_na,,suppressed,5.0,ok,,nil_or_na
2014,16,富山,31,輸送用機械器具製造業,66.0,ok,4942.0,ok,13975712.0,ok,2496021.0,ok,8796435.0,ok,4902703.0,ok,125341.0,ok,3263427.0,ok,26.0,ok,4.0,ok
2014,16,富山,32,その他の製造業,86.0,ok,5518.0,ok,13240953.0,ok,2610917.0,ok,7189095.0,ok,6093736.0,ok,43022.0,ok,6053616.0,ok,11.0,ok,1.0,ok
2014,17,石川,09,食料品製造業,395.0,ok,11756.0,ok,15499658.0,ok,2682292.0,ok,9015705.0,ok,6086954.0,ok,408515.0,ok,3587555.0,ok,74.0,ok,3.0,ok
2014,17,石川,10,飲料・たばこ・飼料製造業,36.0,ok,548.0,ok,1095844.0,ok,199651.0,ok,366013.0,ok,586373.0,ok,51940.0,ok,544997.0,ok,5.0,ok,,nil_or_na
2014,17,石川,11,繊維工業,511.0,ok,10367.0,ok,20019162.0,ok,3390502.0,ok,11396747.0,ok,8151778.0,ok,630558.0,ok,5118940.0,ok,74.0,ok,1.0,ok
2014,17,石川,12,木材・木製品製造業（家具を除く）,73.0,ok,993.0,ok,2355765.0,ok,339355.0,ok,1529908.0,ok,777042.0,ok,231884.0,ok,360917.0,ok,5.0,ok,,nil_or_na
2014,17,石川,13,家具・装備品製造業,63.0,ok,2388.0,ok,7290655.0,ok,1048959.0,ok,2244043.0,ok,4729906.0,ok,34843.0,ok,2319838.0,ok,5.0,ok,2.0,ok
2014,17,石川,14,パルプ・紙・紙加工品製造業,70.0,ok,1170.0,ok,2304119.0,ok,382282.0,ok,1366555.0,ok,878814.0,ok,80041.0,ok,551853.0,ok,9.0,ok,,nil_or_na
2014,17,石川,15,印刷・同関連業,132.0,ok,3627.0,ok,6929406.0,ok,1334688.0,ok,3313945.0,ok,3386683.0,ok,570935.0,ok,1820225.0,ok,27.0,ok,2.0,ok
2014,17,石川,16,化学工業,24.0,ok,1685.0,ok,14911824.0,ok,866148.0,ok,5578581.0,ok,8776509.0,ok,368591.0,ok,2752203.0,ok,10.0,ok,,nil_or_na
2014,17,石川,17,石油製品・石炭製品製造業,9.0,ok,121.0,ok,,suppressed,,suppressed,,suppressed,,suppressed,,suppressed,,suppressed,1.0,ok,,nil_or_na
2014,17,石川,18,プラスチック製品製造業（別掲を除く）,104.0,ok,3060.0,ok,6084040.0,ok,1069615.0,ok,3604674.0,ok,2324767.0,ok,381388.0,ok,1276605.0,ok,22.0,ok,1.0,ok
2014,17,石川,19,ゴム製品製造業,15.0,ok,244.0,ok,486573.0,ok,80449.0,ok,322399.0,ok,154036.0,ok,6550.0,ok,,suppressed,2.0,ok,,nil_or_na
2014,17,石川,20,なめし革・同製品・毛皮製造業,2.0,ok,22.0,ok,,suppressed,,suppressed,,suppressed,,suppressed,,suppressed,,nil_or_na,,nil_or_na,,nil_or_na
2014,17,石川,21,窯業・土石製品製造業,167.0,ok,2924.0,ok,6672991.0,ok,1111652.0,ok,2746094.0,ok,3749027.0,ok,647056.0,ok,1494458.0,ok,10.0,ok,1.0,ok
2014,17,石川,22,鉄鋼業,55.0,ok,1472.0,ok,4937787.0,ok,609994.0,ok,3291186.0,ok,1545233.0,ok,146945.0,ok,1194157.0,ok,13.0,ok,,nil_or_na
2014,17,石川,23,非鉄金属製造業,24.0,ok,929.0,ok,4063995.0,ok,477879.0,ok,2567617.0,ok,1412894.0,ok,331.0,ok,527356.0,ok,3.0,ok,,nil_or_na
2014,17,石川,24,金属製品製造業,319.0,ok,7028.0,ok,13612790.0,ok,2845362.0,ok,7346789.0,ok,5879981.0,ok,387791.0,ok,3299760.0,ok,52.0,ok,,nil_or_na
2014,17,石川,25,はん用機械器具製造業,105.0,ok,3983.0,ok,8952212.0,ok,1729790.0,ok,4960480.0,ok,3780114.0,ok,497588.0,ok,3166265.0,ok,29.0,ok,1.0,ok
2014,17,石川,26,生産用機械器具製造業,427.0,ok,18420.0,ok,64845873.0,ok,8517565.0,ok,43791434.0,ok,20759123.0,ok,537502.0,ok,15723852.0,ok,103.0,ok,8.0,ok
2014,17,石川,27,業務用機械器具製造業,22.0,ok,971.0,ok,4419593.0,ok,568362.0,ok,2995092.0,ok,1333911.0,ok,100140.0,ok,537271.0,ok,5.0,ok,1.0,ok
2014,17,石川,28,電子部品・デバイス・電子回路製造業,43.0,ok,9816.0,ok,33999361.0,ok,5201648.0,ok,17054558.0,ok,16124466.0,ok,70467.0,ok,13176568.0,ok,18.0,ok,10.0,ok
2014,17,石川,29,電気機械器具製造業,97.0,ok,4362.0,ok,9446002.0,ok,1882205.0,ok,4772651.0,ok,4377659.0,ok,269253.0,ok,2064522.0,ok,33.0,ok,1.0,ok
2014,17,石川,30,情報通信機械器具製造業,16.0,ok,2725.0,ok,15642547.0,ok,1351595.0,ok,12019854.0,ok,3498195.0,ok,478675.0,ok,1303406.0,ok,5.0,ok,3.0,ok
2014,17,石川,31,輸送用機械器具製造業,81.0,ok,4401.0,ok,13107795.0,ok,1989249.0,ok,8103196.0,ok,4686335.0,ok,748925.0,ok,2352846.0,ok,14.0,ok,3.0,ok
2014,17,石川,32,その他の製造業,141.0,ok,2071.0,ok,2947632.0,ok,611818.0,ok,1605795.0,ok,1275915.0,ok,43717.0,ok,881565.0,ok,6.0,ok,1.0,ok
2014,18,福井,09,食料品製造業,221.0,ok,4698.0,ok,5656517.0,ok,1085496.0,ok,3003024.0,ok,2492731.0,ok,419493.0,ok,1202703.0,ok,24.0,ok,2.0,ok
2014,18,福井,10,飲料・たばこ・飼料製造業,23.0,ok,266.0,ok,540191.0,ok,74568.0,ok,147335.0,ok,329536.0,ok,2984.0,ok,,nil_or_na,,nil_or_na,,nil_or_na
2014,18,福井,11,繊維工業,577.0,ok,15540.0,ok,23992713.0,ok,4693322.0,ok,14329944.0,ok,9112154.0,ok,598755.0,ok,11418866.0,ok,116.0,ok,2.0,ok
2014,18,福井,12,木材・木製品製造業（家具を除く）,66.0,ok,1020.0,ok,2005550.0,ok,310398.0,ok,1223361.0,ok,728708.0,ok,48770.0,ok,248452.0,ok,8.0,ok,,nil_or_na
2014,18,福井,13,家具・装備品製造業,49.0,ok,948.0,ok,1627212.0,ok,308920.0,ok,732829.0,ok,842123.0,ok,12895.0,ok,332040.0,ok,7.0,ok,,nil_or_na
2014,18,福井,14,パルプ・紙・紙加工品製造業,84.0,ok,1533.0,ok,4650259.0,ok,593550.0,ok,2576075.0,ok,1949829.0,ok,352036.0,ok,1110050.0,ok,10.0,ok,,nil_or_na
2014,18,福井,15,印刷・同関連業,100.0,ok,2131.0,ok,3040478.0,ok,692307.0,ok,1369501.0,ok,1566135.0,ok,70361.0,ok,932226.0,ok,15.0,ok,,nil_or_na
2014,18,福井,16,化学工業,59.0,ok,4000.0,ok,26400512.0,ok,2123784.0,ok,14235160.0,ok,11576124.0,ok,357308.0,ok,7165988.0,ok,26.0,ok,3.0,ok
2014,18,福井,17,石油製品・石炭製品製造業,9.0,ok,81.0,ok,479157.0,ok,40588.0,ok,294093.0,ok,172634.0,ok,9419.0,ok,,nil_or_na,,nil_or_na,,nil_or_na
2014,18,福井,18,プラスチック製品製造業（別掲を除く）,116.0,ok,4640.0,ok,15039470.0,ok,1877168.0,ok,9440991.0,ok,5254982.0,ok,3139417.0,ok,3042774.0,ok,33.0,ok,2.0,ok
2014,18,福井,19,ゴム製品製造業,6.0,ok,163.0,ok,168233.0,ok,55604.0,ok,87448.0,ok,75500.0,ok,14148.0,ok,,suppressed,2.0,ok,,nil_or_na
2014,18,福井,20,なめし革・同製品・毛皮製造業,3.0,ok,48.0,ok,35653.0,ok,8140.0,ok,22852.0,ok,11941.0,ok,,nil_or_na,,suppressed,1.0,ok,,nil_or_na
2014,18,福井,21,窯業・土石製品製造業,78.0,ok,1928.0,ok,4408581.0,ok,887981.0,ok,2261279.0,ok,2022435.0,ok,113250.0,ok,1578148.0,ok,14.0,ok,1.0,ok
2014,18,福井,22,鉄鋼業,21.0,ok,340.0,ok,2896236.0,ok,148381.0,ok,1776388.0,ok,1052561.0,ok,42151.0,ok,,suppressed,2.0,ok,,nil_or_na
2014,18,福井,23,非鉄金属製造業,16.0,ok,1155.0,ok,14053791.0,ok,794198.0,ok,11459150.0,ok,2432873.0,ok,29594.0,ok,4015436.0,ok,9.0,ok,1.0,ok
2014,18,福井,24,金属製品製造業,170.0,ok,3849.0,ok,8367650.0,ok,1464900.0,ok,4585291.0,ok,3538251.0,ok,164407.0,ok,1623378.0,ok,27.0,ok,,nil_or_na
2014,18,福井,25,はん用機械器具製造業,26.0,ok,586.0,ok,1437169.0,ok,245003.0,ok,984121.0,ok,439067.0,ok,57369.0,ok,268625.0,ok,6.0,ok,,nil_or_na
2014,18,福井,26,生産用機械器具製造業,139.0,ok,3265.0,ok,9268377.0,ok,1528761.0,ok,5724927.0,ok,3519707.0,ok,1112577.0,ok,1425372.0,ok,25.0,ok,2.0,ok
2014,18,福井,27,業務用機械器具製造業,16.0,ok,621.0,ok,1113157.0,ok,245663.0,ok,662340.0,ok,422301.0,ok,166351.0,ok,396621.0,ok,8.0,ok,,nil_or_na
2014,18,福井,28,電子部品・デバイス・電子回路製造業,44.0,ok,8711.0,ok,27350654.0,ok,5981523.0,ok,13279649.0,ok,13445561.0,ok,523516.0,ok,5825198.0,ok,16.0,ok,10.0,ok
2014,18,福井,29,電気機械器具製造業,64.0,ok,3180.0,ok,15602308.0,ok,1352502.0,ok,9209548.0,ok,5926206.0,ok,207284.0,ok,2216334.0,ok,19.0,ok,2.0,ok
2014,18,福井,30,情報通信機械器具製造業,3.0,ok,253.0,ok,583320.0,ok,77924.0,ok,391042.0,ok,181112.0,ok,355.0,ok,,suppressed,2.0,ok,,nil_or_na
2014,18,福井,31,輸送用機械器具製造業,25.0,ok,3805.0,ok,12450057.0,ok,1866868.0,ok,8068927.0,ok,4135920.0,ok,129630.0,ok,,suppressed,3.0,ok,1.0,ok
2014,18,福井,32,その他の製造業,300.0,ok,5741.0,ok,8015693.0,ok,1854517.0,ok,4126790.0,ok,3697041.0,ok,637032.0,ok,1074387.0,ok,36.0,ok,1.0,ok
2014,19,山梨,09,食料品製造業,192.0,ok,10035.0,ok,17798973.0,ok,2878066.0,ok,10727792.0,ok,6636334.0,ok,881468.0,ok,4567020.0,ok,51.0,ok,6.0,ok
2014,19,山梨,10,飲料・たばこ・飼料製造業,89.0,ok,2427.0,ok,12149595.0,ok,1069657.0,ok,5753109.0,ok,5603044.0,ok,304517.0,ok,5141606.0,ok,25.0,ok,,nil_or_na
2014,19,山梨,11,繊維工業,111.0,ok,2113.0,ok,3506840.0,ok,647262.0,ok,1642094.0,ok,1743632.0,ok,96653.0,ok,1473592.0,ok,9.0,ok,1.0,ok
2014,19,山梨,12,木材・木製品製造業（家具を除く）,30.0,ok,585.0,ok,769808.0,ok,195396.0,ok,472947.0,ok,277983.0,ok,84223.0,ok,195174.0,ok,4.0,ok,,nil_or_na
2014,19,山梨,13,家具・装備品製造業,34.0,ok,501.0,ok,712279.0,ok,168417.0,ok,334816.0,ok,352731.0,ok,22471.0,ok,157879.0,ok,6.0,ok,,nil_or_na
2014,19,山梨,14,パルプ・紙・紙加工品製造業,49.0,ok,1107.0,ok,2142232.0,ok,379296.0,ok,1337860.0,ok,758913.0,ok,160733.0,ok,1029957.0,ok,9.0,ok,,nil_or_na
2014,19,山梨,15,印刷・同関連業,69.0,ok,1007.0,ok,2065465.0,ok,411260.0,ok,990350.0,ok,1024011.0,ok,41874.0,ok,1221842.0,ok,5.0,ok,,nil_or_na
2014,19,山梨,16,化学工業,18.0,ok,971.0,ok,3615487.0,ok,447444.0,ok,1372175.0,ok,2143746.0,ok,24868.0,ok,1024962.0,ok,8.0,ok,,nil_or_na
2014,19,山梨,17,石油製品・石炭製品製造業,7.0,ok,80.0,ok,335625.0,ok,37987.0,ok,247020.0,ok,82226.0,ok,5044.0,ok,,suppressed,1.0,ok,,nil_or_na
2014,19,山梨,18,プラスチック製品製造業（別掲を除く）,164.0,ok,4048.0,ok,8698432.0,ok,1431023.0,ok,5589675.0,ok,2940489.0,ok,198073.0,ok,1632425.0,ok,31.0,ok,1.0,ok
2014,19,山梨,19,ゴム製品製造業,8.0,ok,262.0,ok,2111163.0,ok,128690.0,ok,1040921.0,ok,1000444.0,ok,26332.0,ok,329962.0,ok,3.0,ok,,nil_or_na
2014,19,山梨,20,なめし革・同製品・毛皮製造業,6.0,ok,134.0,ok,360310.0,ok,39374.0,ok,190133.0,ok,159095.0,ok,5.0,ok,,suppressed,2.0,ok,,nil_or_na
2014,19,山梨,21,窯業・土石製品製造業,88.0,ok,1666.0,ok,5625611.0,ok,785837.0,ok,3036506.0,ok,2526022.0,ok,183641.0,ok,509595.0,ok,5.0,ok,1.0,ok
2014,19,山梨,22,鉄鋼業,16.0,ok,357.0,ok,984599.0,ok,130332.0,ok,650473.0,ok,316069.0,ok,76221.0,ok,213105.0,ok,4.0,ok,,nil_or_na
2014,19,山梨,23,非鉄金属製造業,32.0,ok,1500.0,ok,3879938.0,ok,677070.0,ok,2792042.0,ok,1039632.0,ok,92187.0,ok,1880587.0,ok,12.0,ok,,nil_or_na
2014,19,山梨,24,金属製品製造業,164.0,ok,3354.0,ok,8623461.0,ok,1234407.0,ok,4613283.0,ok,3766172.0,ok,162239.0,ok,1809541.0,ok,29.0,ok,,nil_or_na
2014,19,山梨,25,はん用機械器具製造業,56.0,ok,3265.0,ok,11189099.0,ok,1559603.0,ok,5524430.0,ok,5403506.0,ok,2063754.0,ok,2188208.0,ok,11.0,ok,3.0,ok
2014,19,山梨,26,生産用機械器具製造業,187.0,ok,8082.0,ok,28641342.0,ok,3730285.0,ok,18022927.0,ok,10166057.0,ok,747937.0,ok,7540871.0,ok,46.0,ok,5.0,ok
2014,19,山梨,27,業務用機械器具製造業,44.0,ok,3414.0,ok,10489196.0,ok,1698578.0,ok,5507277.0,ok,4694703.0,ok,663283.0,ok,3213312.0,ok,13.0,ok,3.0,ok
2014,19,山梨,28,電子部品・デバイス・電子回路製造業,107.0,ok,6435.0,ok,16839850.0,ok,3144762.0,ok,9892134.0,ok,6866482.0,ok,60950.0,ok,5081893.0,ok,35.0,ok,4.0,ok
2014,19,山梨,29,電気機械器具製造業,101.0,ok,7380.0,ok,41837256.0,ok,4101522.0,ok,22995497.0,ok,19130883.0,ok,452142.0,ok,19105419.0,ok,28.0,ok,3.0,ok
2014,19,山梨,30,情報通信機械器具製造業,32.0,ok,2883.0,ok,14497048.0,ok,1353227.0,ok,9697041.0,ok,4519831.0,ok,1360382.0,ok,1692232.0,ok,12.0,ok,3.0,ok
2014,19,山梨,31,輸送用機械器具製造業,74.0,ok,4398.0,ok,10328435.0,ok,2032532.0,ok,6393641.0,ok,3725231.0,ok,86133.0,ok,1771292.0,ok,19.0,ok,2.0,ok
2014,19,山梨,32,その他の製造業,180.0,ok,2908.0,ok,6111248.0,ok,1073884.0,ok,3656422.0,ok,2307433.0,ok,223986.0,ok,840524.0,ok,18.0,ok,1.0,ok
2014,20,長野,09,食料品製造業,668.0,ok,21981.0,ok,49327084.0,ok,6532617.0,ok,28698452.0,ok,19358372.0,ok,2429881.0,ok,12354007.0,ok,153.0,ok,8.0,ok
2014,20,長野,10,飲料・たばこ・飼料製造業,116.0,ok,3396.0,ok,15784816.0,ok,1440174.0,ok,9609395.0,ok,5374129.0,ok,858004.0,ok,4064492.0,ok,20.0,ok,2.0,ok
2014,20,長野,11,繊維工業,97.0,ok,1879.0,ok,1654929.0,ok,466925.0,ok,910801.0,ok,697573.0,ok,134222.0,ok,695916.0,ok,19.0,ok,,nil_or_na
2014,20,長野,12,木材・木製品製造業（家具を除く）,122.0,ok,1517.0,ok,3229083.0,ok,538466.0,ok,2055984.0,ok,1093630.0,ok,195405.0,ok,374787.0,ok,7.0,ok,,nil_or_na
2014,20,長野,13,家具・装備品製造業,94.0,ok,1290.0,ok,2128800.0,ok,442728.0,ok,951841.0,ok,1100288.0,ok,101264.0,ok,522683.0,ok,6.0,ok,,nil_or_na
2014,20,長野,14,パルプ・紙・紙加工品製造業,100.0,ok,2145.0,ok,7955590.0,ok,845001.0,ok,5730373.0,ok,2085889.0,ok,1837672.0,ok,1156963.0,ok,19.0,ok,,nil_or_na
2014,20,長野,15,印刷・同関連業,250.0,ok,4543.0,ok,7113462.0,ok,1540061.0,ok,3292874.0,ok,3578655.0,ok,78455.0,ok,1955389.0,ok,37.0,ok,,nil_or_na
2014,20,長野,16,化学工業,43.0,ok,2144.0,ok,13435289.0,ok,1030949.0,ok,6075092.0,ok,6915124.0,ok,2423774.0,ok,2431250.0,ok,20.0,ok,,nil_or_na
2014,20,長野,17,石油製品・石炭製品製造業,23.0,ok,190.0,ok,796233.0,ok,81116.0,ok,538707.0,ok,240493.0,ok,29823.0,ok,,suppressed,1.0,ok,,nil_or_na
2014,20,長野,18,プラスチック製品製造業（別掲を除く）,338.0,ok,8918.0,ok,16719754.0,ok,3053274.0,ok,9699004.0,ok,6611752.0,ok,550884.0,ok,4120953.0,ok,80.0,ok,,nil_or_na
2014,20,長野,19,ゴム製品製造業,21.0,ok,881.0,ok,1288296.0,ok,298635.0,ok,801590.0,ok,461128.0,ok,25385.0,ok,481968.0,ok,7.0,ok,,nil_or_na
2014,20,長野,20,なめし革・同製品・毛皮製造業,11.0,ok,270.0,ok,283006.0,ok,72353.0,ok,128012.0,ok,148838.0,ok,55.0,ok,,suppressed,3.0,ok,,nil_or_na
2014,20,長野,21,窯業・土石製品製造業,203.0,ok,4586.0,ok,12138837.0,ok,1996133.0,ok,6584086.0,ok,5338883.0,ok,443701.0,ok,5140989.0,ok,18.0,ok,2.0,ok
2014,20,長野,22,鉄鋼業,51.0,ok,1760.0,ok,5277693.0,ok,791928.0,ok,3422963.0,ok,1755831.0,ok,74858.0,ok,1583177.0,ok,5.0,ok,1.0,ok
2014,20,長野,23,非鉄金属製造業,106.0,ok,3314.0,ok,10917491.0,ok,1242050.0,ok,7984254.0,ok,2761614.0,ok,408972.0,ok,1692378.0,ok,25.0,ok,,nil_or_na
2014,20,長野,24,金属製品製造業,524.0,ok,13147.0,ok,26210693.0,ok,5289430.0,ok,14055911.0,ok,11433892.0,ok,810057.0,ok,6176206.0,ok,99.0,ok,2.0,ok
2014,20,長野,25,はん用機械器具製造業,229.0,ok,12245.0,ok,33979401.0,ok,6401032.0,ok,19677269.0,ok,13758149.0,ok,2183835.0,ok,8637463.0,ok,45.0,ok,12.0,ok
2014,20,長野,26,生産用機械器具製造業,700.0,ok,20357.0,ok,53011727.0,ok,9234801.0,ok,31636905.0,ok,20913299.0,ok,1656631.0,ok,9654156.0,ok,149.0,ok,7.0,ok
2014,20,長野,27,業務用機械器具製造業,252.0,ok,11219.0,ok,34328188.0,ok,5176927.0,ok,23125781.0,ok,10636672.0,ok,15388770.0,ok,4339040.0,ok,71.0,ok,3.0,ok
2014,20,長野,28,電子部品・デバイス・電子回路製造業,365.0,ok,26651.0,ok,77029522.0,ok,13331775.0,ok,44338747.0,ok,31662911.0,ok,5907793.0,ok,19296040.0,ok,131.0,ok,19.0,ok
2014,20,長野,29,電気機械器具製造業,311.0,ok,14766.0,ok,40355692.0,ok,6383769.0,ok,22423040.0,ok,17358651.0,ok,5726083.0,ok,9294166.0,ok,76.0,ok,9.0,ok
2014,20,長野,30,情報通信機械器具製造業,129.0,ok,13314.0,ok,80198055.0,ok,7493848.0,ok,53665529.0,ok,25738523.0,ok,40351403.0,ok,7227483.0,ok,31.0,ok,9.0,ok
2014,20,長野,31,輸送用機械器具製造業,249.0,ok,14513.0,ok,37055871.0,ok,6819128.0,ok,21766614.0,ok,14604717.0,ok,358018.0,ok,7770112.0,ok,98.0,ok,7.0,ok
2014,20,長野,32,その他の製造業,191.0,ok,5858.0,ok,15258913.0,ok,2581075.0,ok,9553053.0,ok,5481044.0,ok,1803392.0,ok,2903510.0,ok,24.0,ok,4.0,ok
2014,21,岐阜,09,食料品製造業,512.0,ok,16258.0,ok,32886921.0,ok,4253573.0,ok,19742454.0,ok,12359059.0,ok,1493673.0,ok,6290424.0,ok,120.0,ok,5.0,ok
2014,21,岐阜,10,飲料・たばこ・飼料製造業,75.0,ok,1581.0,ok,7815450.0,ok,530606.0,ok,5717817.0,ok,1859443.0,ok,370636.0,ok,2010970.0,ok,11.0,ok,,nil_or_na
2014,21,岐阜,11,繊維工業,573.0,ok,9039.0,ok,14376891.0,ok,2573889.0,ok,9106580.0,ok,4941388.0,ok,804564.0,ok,2645637.0,ok,47.0,ok,,nil_or_na
2014,21,岐阜,12,木材・木製品製造業（家具を除く）,205.0,ok,3215.0,ok,6699837.0,ok,1086723.0,ok,4084915.0,ok,2442882.0,ok,714660.0,ok,1042246.0,ok,18.0,ok,1.0,ok
2014,21,岐阜,13,家具・装備品製造業,253.0,ok,6099.0,ok,12602120.0,ok,2236296.0,ok,6410100.0,ok,5797844.0,ok,554764.0,ok,2597713.0,ok,32.0,ok,2.0,ok
2014,21,岐阜,14,パルプ・紙・紙加工品製造業,233.0,ok,6251.0,ok,20201579.0,ok,2481351.0,ok,13230985.0,ok,6549833.0,ok,1308919.0,ok,6285447.0,ok,53.0,ok,1.0,ok
2014,21,岐阜,15,印刷・同関連業,237.0,ok,4875.0,ok,8735603.0,ok,1674225.0,ok,4448171.0,ok,4019680.0,ok,61397.0,ok,2203195.0,ok,39.0,ok,1.0,ok
2014,21,岐阜,16,化学工業,89.0,ok,5831.0,ok,28168365.0,ok,3251741.0,ok,11304807.0,ok,15869344.0,ok,724300.0,ok,8698001.0,ok,39.0,ok,2.0,ok
2014,21,岐阜,17,石油製品・石炭製品製造業,24.0,ok,189.0,ok,1073445.0,ok,95239.0,ok,689356.0,ok,358294.0,ok,16433.0,ok,,nil_or_na,,nil_or_na,,nil_or_na
2014,21,岐阜,18,プラスチック製品製造業（別掲を除く）,429.0,ok,16483.0,ok,43976036.0,ok,6433492.0,ok,27546481.0,ok,15524918.0,ok,936184.0,ok,11916260.0,ok,107.0,ok,8.0,ok
2014,21,岐阜,19,ゴム製品製造業,100.0,ok,2886.0,ok,5937458.0,ok,1003514.0,ok,3714678.0,ok,2081872.0,ok,40328.0,ok,1019909.0,ok,19.0,ok,,nil_or_na
2014,21,岐阜,20,なめし革・同製品・毛皮製造業,9.0,ok,62.0,ok,31310.0,ok,9975.0,ok,13799.0,ok,16335.0,ok,,nil_or_na,,nil_or_na,,nil_or_na,,nil_or_na
2014,21,岐阜,21,窯業・土石製品製造業,783.0,ok,17491.0,ok,37016037.0,ok,6728595.0,ok,20365608.0,ok,15805026.0,ok,2906345.0,ok,9769606.0,ok,109.0,ok,5.0,ok
2014,21,岐阜,22,鉄鋼業,84.0,ok,3825.0,ok,21085593.0,ok,1828257.0,ok,15871601.0,ok,4920571.0,ok,356761.0,ok,3829845.0,ok,28.0,ok,1.0,ok
2014,21,岐阜,23,非鉄金属製造業,65.0,ok,2759.0,ok,8572433.0,ok,1095111.0,ok,5650368.0,ok,2753114.0,ok,243157.0,ok,2953323.0,ok,17.0,ok,1.0,ok
2014,21,岐阜,24,金属製品製造業,762.0,ok,18850.0,ok,44339276.0,ok,7451141.0,ok,23461219.0,ok,19634399.0,ok,2138144.0,ok,9152380.0,ok,132.0,ok,4.0,ok
2014,21,岐阜,25,はん用機械器具製造業,182.0,ok,9839.0,ok,27415870.0,ok,4326917.0,ok,17859017.0,ok,9092241.0,ok,677132.0,ok,8991661.0,ok,51.0,ok,8.0,ok
2014,21,岐阜,26,生産用機械器具製造業,566.0,ok,15503.0,ok,42645639.0,ok,7289926.0,ok,24257365.0,ok,17450489.0,ok,1920467.0,ok,8857205.0,ok,103.0,ok,5.0,ok
2014,21,岐阜,27,業務用機械器具製造業,55.0,ok,2312.0,ok,4684877.0,ok,922949.0,ok,2433159.0,ok,2126141.0,ok,479045.0,ok,622060.0,ok,9.0,ok,2.0,ok
2014,21,岐阜,28,電子部品・デバイス・電子回路製造業,71.0,ok,5149.0,ok,15542737.0,ok,2460354.0,ok,8675314.0,ok,7135788.0,ok,294422.0,ok,4776232.0,ok,27.0,ok,3.0,ok
2014,21,岐阜,29,電気機械器具製造業,217.0,ok,10840.0,ok,31122218.0,ok,4406979.0,ok,20222947.0,ok,10327685.0,ok,600458.0,ok,4876450.0,ok,76.0,ok,3.0,ok
2014,21,岐阜,30,情報通信機械器具製造業,9.0,ok,540.0,ok,821890.0,ok,213663.0,ok,413266.0,ok,382555.0,ok,111542.0,ok,168134.0,ok,4.0,ok,,nil_or_na
2014,21,岐阜,31,輸送用機械器具製造業,348.0,ok,29552.0,ok,89788093.0,ok,15346646.0,ok,59626873.0,ok,28882092.0,ok,354903.0,ok,18481040.0,ok,114.0,ok,19.0,ok
2014,21,岐阜,32,その他の製造業,154.0,ok,2558.0,ok,4578095.0,ok,836421.0,ok,2925172.0,ok,1571966.0,ok,810373.0,ok,1308308.0,ok,17.0,ok,,nil_or_na
2014,22,静岡,09,食料品製造業,1211.0,ok,44501.0,ok,117912393.0,ok,13708886.0,ok,72634379.0,ok,42617718.0,ok,4983218.0,ok,27981636.0,ok,279.0,ok,18.0,ok
2014,22,静岡,10,飲料・たばこ・飼料製造業,542.0,ok,10806.0,ok,119941122.0,ok,4262819.0,ok,36122068.0,ok,45387180.0,ok,1177916.0,ok,15635047.0,ok,54.0,ok,4.0,ok
2014,22,静岡,11,繊維工業,290.0,ok,5197.0,ok,9507422.0,ok,1763832.0,ok,5196343.0,ok,4115696.0,ok,184560.0,ok,2604552.0,ok,28.0,ok,1.0,ok
2014,22,静岡,12,木材・木製品製造業（家具を除く）,284.0,ok,5139.0,ok,17275436.0,ok,2092064.0,ok,10376265.0,ok,6485538.0,ok,596929.0,ok,3128193.0,ok,21.0,ok,3.0,ok
2014,22,静岡,13,家具・装備品製造業,283.0,ok,4435.0,ok,7503480.0,ok,1538804.0,ok,4016722.0,ok,3264030.0,ok,115537.0,ok,1199095.0,ok,21.0,ok,1.0,ok
2014,22,静岡,14,パルプ・紙・紙加工品製造業,491.0,ok,17762.0,ok,76424718.0,ok,7750611.0,ok,50942256.0,ok,24088077.0,ok,4128676.0,ok,36818453.0,ok,147.0,ok,3.0,ok
2014,22,静岡,15,印刷・同関連業,315.0,ok,7512.0,ok,15209109.0,ok,3002688.0,ok,7943305.0,ok,6820446.0,ok,89991.0,ok,4448596.0,ok,56.0,ok,1.0,ok
2014,22,静岡,16,化学工業,183.0,ok,21666.0,ok,151794965.0,ok,11829978.0,ok,84885209.0,ok,63953927.0,ok,6735111.0,ok,36630662.0,ok,76.0,ok,24.0,ok
2014,22,静岡,17,石油製品・石炭製品製造業,33.0,ok,431.0,ok,2732558.0,ok,229313.0,ok,2039546.0,ok,647280.0,ok,129922.0,ok,,suppressed,2.0,ok,,nil_or_na
2014,22,静岡,18,プラスチック製品製造業（別掲を除く）,685.0,ok,22324.0,ok,57934799.0,ok,8438077.0,ok,38339670.0,ok,18502958.0,ok,2984112.0,ok,16145272.0,ok,183.0,ok,4.0,ok
2014,22,静岡,19,ゴム製品製造業,103.0,ok,6993.0,ok,20892382.0,ok,3213003.0,ok,9648947.0,ok,10534964.0,ok,436655.0,ok,3858068.0,ok,25.0,ok,5.0,ok
2014,22,静岡,20,なめし革・同製品・毛皮製造業,21.0,ok,282.0,ok,431407.0,ok,75068.0,ok,260332.0,ok,159591.0,ok,75399.0,ok,,suppressed,1.0,ok,,nil_or_na
2014,22,静岡,21,窯業・土石製品製造業,237.0,ok,5460.0,ok,17765353.0,ok,2414031.0,ok,8614522.0,ok,8775468.0,ok,808770.0,ok,7569125.0,ok,26.0,ok,3.0,ok
2014,22,静岡,22,鉄鋼業,148.0,ok,4016.0,ok,23312439.0,ok,1899362.0,ok,18552832.0,ok,4488664.0,ok,1769937.0,ok,4812769.0,ok,32.0,ok,1.0,ok
2014,22,静岡,23,非鉄金属製造業,118.0,ok,7829.0,ok,57056881.0,ok,3979252.0,ok,43019750.0,ok,13246506.0,ok,254654.0,ok,9440941.0,ok,25.0,ok,8.0,ok
2014,22,静岡,24,金属製品製造業,1090.0,ok,22530.0,ok,52695679.0,ok,8927943.0,ok,30124437.0,ok,21207050.0,ok,2380652.0,ok,12061157.0,ok,170.0,ok,3.0,ok
2014,22,静岡,25,はん用機械器具製造業,278.0,ok,9341.0,ok,27960317.0,ok,4500380.0,ok,16405711.0,ok,10988442.0,ok,1398098.0,ok,5733807.0,ok,53.0,ok,3.0,ok
2014,22,静岡,26,生産用機械器具製造業,1066.0,ok,28088.0,ok,72044444.0,ok,13940297.0,ok,38430595.0,ok,32391015.0,ok,2673735.0,ok,15678375.0,ok,179.0,ok,6.0,ok
2014,22,静岡,27,業務用機械器具製造業,143.0,ok,9623.0,ok,25441604.0,ok,4577704.0,ok,12974398.0,ok,11736110.0,ok,434672.0,ok,5719419.0,ok,48.0,ok,5.0,ok
2014,22,静岡,28,電子部品・デバイス・電子回路製造業,141.0,ok,9243.0,ok,22720312.0,ok,3902075.0,ok,11326426.0,ok,11273732.0,ok,651152.0,ok,7399922.0,ok,54.0,ok,6.0,ok
2014,22,静岡,29,電気機械器具製造業,581.0,ok,43251.0,ok,205124794.0,ok,22855489.0,ok,124396169.0,ok,76793491.0,ok,10348369.0,ok,25432776.0,ok,149.0,ok,26.0,ok
2014,22,静岡,30,情報通信機械器具製造業,53.0,ok,7700.0,ok,52330796.0,ok,4913963.0,ok,38460529.0,ok,13203644.0,ok,28900861.0,ok,6006896.0,ok,15.0,ok,6.0,ok
2014,22,静岡,31,輸送用機械器具製造業,1118.0,ok,81946.0,ok,422489672.0,ok,43025246.0,ok,271474992.0,ok,147296458.0,ok,2966360.0,ok,71699591.0,ok,318.0,ok,55.0,ok
2014,22,静岡,32,その他の製造業,363.0,ok,10849.0,ok,28570274.0,ok,4849868.0,ok,15267166.0,ok,12901950.0,ok,3795862.0,ok,6788436.0,ok,50.0,ok,6.0,ok
2014,23,愛知,09,食料品製造業,1255.0,ok,63769.0,ok,160484989.0,ok,19048878.0,ok,97453539.0,ok,59070757.0,ok,5256167.0,ok,32708672.0,ok,359.0,ok,36.0,ok
2014,23,愛知,10,飲料・たばこ・飼料製造業,142.0,ok,3755.0,ok,44448022.0,ok,1709206.0,ok,21878338.0,ok,11556473.0,ok,1265948.0,ok,8309538.0,ok,26.0,ok,1.0,ok
2014,23,愛知,11,繊維工業,1123.0,ok,20532.0,ok,42237476.0,ok,6612782.0,ok,27040988.0,ok,14258536.0,ok,1490871.0,ok,10531770.0,ok,111.0,ok,3.0,ok
2014,23,愛知,12,木材・木製品製造業（家具を除く）,293.0,ok,4710.0,ok,13561706.0,ok,1736662.0,ok,8943722.0,ok,4323693.0,ok,704143.0,ok,2480356.0,ok,31.0,ok,,nil_or_na
2014,23,愛知,13,家具・装備品製造業,444.0,ok,6489.0,ok,15905994.0,ok,2241456.0,ok,9231019.0,ok,6277464.0,ok,1182538.0,ok,3924231.0,ok,34.0,ok,,nil_or_na
2014,23,愛知,14,パルプ・紙・紙加工品製造業,458.0,ok,12433.0,ok,40609405.0,ok,4883232.0,ok,26134112.0,ok,13661167.0,ok,2041792.0,ok,12346251.0,ok,91.0,ok,3.0,ok
2014,23,愛知,15,印刷・同関連業,761.0,ok,16477.0,ok,35224277.0,ok,6668438.0,ok,20532565.0,ok,13747032.0,ok,1305996.0,ok,6751797.0,ok,106.0,ok,5.0,ok
2014,23,愛知,16,化学工業,217.0,ok,12975.0,ok,120835899.0,ok,7561753.0,ok,80923015.0,ok,37479426.0,ok,2932457.0,ok,32958478.0,ok,85.0,ok,5.0,ok
2014,23,愛知,17,石油製品・石炭製品製造業,48.0,ok,1054.0,ok,98435797.0,ok,708883.0,ok,77392846.0,ok,5082728.0,ok,4548692.0,ok,9810702.0,ok,5.0,ok,1.0,ok
2014,23,愛知,18,プラスチック製品製造業（別掲を除く）,1491.0,ok,50619.0,ok,145195379.0,ok,20528452.0,ok,84055152.0,ok,57876217.0,ok,4852109.0,ok,33365813.0,ok,316.0,ok,26.0,ok
2014,23,愛知,19,ゴム製品製造業,239.0,ok,12046.0,ok,41379838.0,ok,5804402.0,ok,23139429.0,ok,17403996.0,ok,322065.0,ok,8648823.0,ok,44.0,ok,5.0,ok
2014,23,愛知,20,なめし革・同製品・毛皮製造業,41.0,ok,1080.0,ok,1994461.0,ok,330213.0,ok,1652450.0,ok,319609.0,ok,41724.0,ok,285145.0,ok,3.0,ok,1.0,ok
2014,23,愛知,21,窯業・土石製品製造業,775.0,ok,25085.0,ok,76143253.0,ok,11618444.0,ok,45204713.0,ok,29675367.0,ok,15932415.0,ok,21728924.0,ok,135.0,ok,10.0,ok
2014,23,愛知,22,鉄鋼業,500.0,ok,30048.0,ok,255679160.0,ok,17673737.0,ok,197073483.0,ok,55963612.0,ok,3508254.0,ok,65891125.0,ok,118.0,ok,15.0,ok
2014,23,愛知,23,非鉄金属製造業,205.0,ok,9692.0,ok,56193526.0,ok,4787049.0,ok,42801898.0,ok,12650023.0,ok,1365472.0,ok,16694010.0,ok,47.0,ok,6.0,ok
2014,23,愛知,24,金属製品製造業,2361.0,ok,53871.0,ok,141381399.0,ok,22921667.0,ok,78338289.0,ok,59181655.0,ok,7328800.0,ok,25963861.0,ok,355.0,ok,16.0,ok
2014,23,愛知,25,はん用機械器具製造業,651.0,ok,26541.0,ok,91908093.0,ok,14905360.0,ok,64761957.0,ok,26961938.0,ok,3099272.0,ok,21877576.0,ok,99.0,ok,17.0,ok
2014,23,愛知,26,生産用機械器具製造業,2282.0,ok,60562.0,ok,178115216.0,ok,31772239.0,ok,103799451.0,ok,72690389.0,ok,11729226.0,ok,34165185.0,ok,312.0,ok,22.0,ok
2014,23,愛知,27,業務用機械器具製造業,323.0,ok,17572.0,ok,114869751.0,ok,9140808.0,ok,71703970.0,ok,40778725.0,ok,3042660.0,ok,14979541.0,ok,90.0,ok,8.0,ok
2014,23,愛知,28,電子部品・デバイス・電子回路製造業,122.0,ok,6563.0,ok,24516790.0,ok,3285669.0,ok,15893746.0,ok,8222970.0,ok,385930.0,ok,5110078.0,ok,35.0,ok,3.0,ok
2014,23,愛知,29,電気機械器具製造業,754.0,ok,52271.0,ok,214506895.0,ok,26883305.0,ok,135161917.0,ok,77475902.0,ok,23720813.0,ok,30560793.0,ok,172.0,ok,29.0,ok
2014,23,愛知,30,情報通信機械器具製造業,33.0,ok,5742.0,ok,89241356.0,ok,3185841.0,ok,75990327.0,ok,12452459.0,ok,68568219.0,ok,4007525.0,ok,14.0,ok,7.0,ok
2014,23,愛知,31,輸送用機械器具製造業,1807.0,ok,292009.0,ok,2350894008.0,ok,191821633.0,ok,1627151804.0,ok,733490684.0,ok,730702882.0,ok,226941025.0,ok,555.0,ok,130.0,ok
2014,23,愛知,32,その他の製造業,470.0,ok,9601.0,ok,29370162.0,ok,4160686.0,ok,17018512.0,ok,11671427.0,ok,1546359.0,ok,4413136.0,ok,44.0,ok,4.0,ok
2014,24,三重,09,食料品製造業,502.0,ok,15884.0,ok,39992982.0,ok,4691179.0,ok,25224744.0,ok,13858945.0,ok,969177.0,ok,8019301.0,ok,112.0,ok,4.0,ok
2014,24,三重,10,飲料・たばこ・飼料製造業,85.0,ok,1744.0,ok,8634495.0,ok,568898.0,ok,5046021.0,ok,2569477.0,ok,76041.0,ok,546961.0,ok,8.0,ok,1.0,ok
2014,24,三重,11,繊維工業,147.0,ok,2789.0,ok,5271742.0,ok,792558.0,ok,3634915.0,ok,1550558.0,ok,362646.0,ok,1494706.0,ok,22.0,ok,,nil_or_na
2014,24,三重,12,木材・木製品製造業（家具を除く）,143.0,ok,1809.0,ok,4389600.0,ok,610961.0,ok,2959947.0,ok,1339114.0,ok,213303.0,ok,721356.0,ok,11.0,ok,,nil_or_na
2014,24,三重,13,家具・装備品製造業,72.0,ok,1835.0,ok,3515042.0,ok,682427.0,ok,1928607.0,ok,1484580.0,ok,15003.0,ok,941458.0,ok,12.0,ok,1.0,ok
2014,24,三重,14,パルプ・紙・紙加工品製造業,68.0,ok,2011.0,ok,8835013.0,ok,784587.0,ok,6203384.0,ok,2492330.0,ok,315326.0,ok,2355032.0,ok,16.0,ok,,nil_or_na
2014,24,三重,15,印刷・同関連業,107.0,ok,1991.0,ok,4197424.0,ok,671884.0,ok,2161959.0,ok,1909354.0,ok,16078.0,ok,1286944.0,ok,17.0,ok,,nil_or_na
2014,24,三重,16,化学工業,113.0,ok,13696.0,ok,136484126.0,ok,7951667.0,ok,86183632.0,ok,47920858.0,ok,5691240.0,ok,31097970.0,ok,53.0,ok,10.0,ok
2014,24,三重,17,石油製品・石炭製品製造業,16.0,ok,1460.0,ok,78458789.0,ok,960987.0,ok,65443741.0,ok,4714457.0,ok,347861.0,ok,14249959.0,ok,4.0,ok,2.0,ok
2014,24,三重,18,プラスチック製品製造業（別掲を除く）,240.0,ok,10877.0,ok,45120517.0,ok,4631875.0,ok,29400870.0,ok,14748609.0,ok,4237803.0,ok,10089041.0,ok,85.0,ok,4.0,ok
2014,24,三重,19,ゴム製品製造業,58.0,ok,6173.0,ok,22389006.0,ok,3020662.0,ok,13400010.0,ok,8468448.0,ok,161900.0,ok,5358142.0,ok,27.0,ok,5.0,ok
2014,24,三重,20,なめし革・同製品・毛皮製造業,,nil_or_na,,nil_or_na,,nil_or_na,,nil_or_na,,nil_or_na,,nil_or_na,,nil_or_na,,nil_or_na,,nil_or_na,,nil_or_na
2014,24,三重,21,窯業・土石製品製造業,264.0,ok,7429.0,ok,24390258.0,ok,3493857.0,ok,13125879.0,ok,10672587.0,ok,1243819.0,ok,9176632.0,ok,52.0,ok,1.0,ok
2014,24,三重,22,鉄鋼業,101.0,ok,2475.0,ok,12358990.0,ok,1107487.0,ok,9109792.0,ok,3078999.0,ok,2897079.0,ok,2165705.0,ok,18.0,ok,1.0,ok
2014,24,三重,23,非鉄金属製造業,54.0,ok,5631.0,ok,44297020.0,ok,3706949.0,ok,38136798.0,ok,5935043.0,ok,702411.0,ok,6287613.0,ok,19.0,ok,3.0,ok
2014,24,三重,24,金属製品製造業,446.0,ok,13668.0,ok,37457174.0,ok,5389235.0,ok,22986647.0,ok,13583057.0,ok,1202608.0,ok,7734769.0,ok,96.0,ok,3.0,ok
2014,24,三重,25,はん用機械器具製造業,159.0,ok,10212.0,ok,32411994.0,ok,5121774.0,ok,19879057.0,ok,11850248.0,ok,574624.0,ok,9145485.0,ok,37.0,ok,7.0,ok
2014,24,三重,26,生産用機械器具製造業,295.0,ok,9670.0,ok,25993538.0,ok,4872704.0,ok,13886738.0,ok,11931203.0,ok,989297.0,ok,6327763.0,ok,54.0,ok,2.0,ok
2014,24,三重,27,業務用機械器具製造業,52.0,ok,4290.0,ok,15896029.0,ok,2249334.0,ok,10471270.0,ok,5242182.0,ok,127544.0,ok,1308652.0,ok,9.0,ok,3.0,ok
2014,24,三重,28,電子部品・デバイス・電子回路製造業,92.0,ok,18894.0,ok,194336143.0,ok,11488714.0,ok,136363171.0,ok,64739398.0,ok,368603.0,ok,41467823.0,ok,47.0,ok,8.0,ok
2014,24,三重,29,電気機械器具製造業,204.0,ok,13850.0,ok,57963565.0,ok,6326036.0,ok,43192542.0,ok,14169643.0,ok,6434382.0,ok,4951396.0,ok,59.0,ok,9.0,ok
2014,24,三重,30,情報通信機械器具製造業,8.0,ok,1898.0,ok,15935778.0,ok,1112283.0,ok,5740251.0,ok,9549956.0,ok,,nil_or_na,1089489.0,ok,4.0,ok,1.0,ok
2014,24,三重,31,輸送用機械器具製造業,303.0,ok,38921.0,ok,226917427.0,ok,22737701.0,ok,163054065.0,ok,62088377.0,ok,1255767.0,ok,34791929.0,ok,96.0,ok,17.0,ok
2014,24,三重,32,その他の製造業,118.0,ok,2252.0,ok,9024361.0,ok,796444.0,ok,4907054.0,ok,3863829.0,ok,67375.0,ok,1395487.0,ok,14.0,ok,1.0,ok
2014,25,滋賀,09,食料品製造業,215.0,ok,9352.0,ok,25181006.0,ok,2672008.0,ok,15424663.0,ok,9161302.0,ok,549726.0,ok,5780353.0,ok,60.0,ok,5.0,ok
2014,25,滋賀,10,飲料・たばこ・飼料製造業,49.0,ok,1208.0,ok,8143128.0,ok,585346.0,ok,3996686.0,ok,2204413.0,ok,125612.0,ok,3241750.0,ok,8.0,ok,,nil_or_na
2014,25,滋賀,11,繊維工業,288.0,ok,7029.0,ok,20057271.0,ok,2519575.0,ok,12578690.0,ok,7038178.0,ok,2476494.0,ok,3966820.0,ok,52.0,ok,1.0,ok
2014,25,滋賀,12,木材・木製品製造業（家具を除く）,58.0,ok,783.0,ok,1513431.0,ok,262973.0,ok,894134.0,ok,580192.0,ok,152683.0,ok,120467.0,ok,6.0,ok,,nil_or_na
2014,25,滋賀,13,家具・装備品製造業,71.0,ok,1925.0,ok,5300296.0,ok,677001.0,ok,3782260.0,ok,1423299.0,ok,1182405.0,ok,2020229.0,ok,15.0,ok,,nil_or_na
2014,25,滋賀,14,パルプ・紙・紙加工品製造業,88.0,ok,3456.0,ok,11465171.0,ok,1466990.0,ok,7926756.0,ok,3329975.0,ok,1197406.0,ok,4045925.0,ok,27.0,ok,,nil_or_na
2014,25,滋賀,15,印刷・同関連業,77.0,ok,3662.0,ok,12801573.0,ok,1554546.0,ok,6202661.0,ok,6229855.0,ok,14900.0,ok,4991180.0,ok,20.0,ok,2.0,ok
2014,25,滋賀,16,化学工業,107.0,ok,7004.0,ok,84419415.0,ok,3630928.0,ok,44494285.0,ok,37636495.0,ok,4560873.0,ok,13341067.0,ok,60.0,ok,1.0,ok
2014,25,滋賀,17,石油製品・石炭製品製造業,14.0,ok,162.0,ok,864854.0,ok,81609.0,ok,516696.0,ok,324926.0,ok,69603.0,ok,,suppressed,1.0,ok,,nil_or_na
2014,25,滋賀,18,プラスチック製品製造業（別掲を除く）,271.0,ok,15979.0,ok,61197618.0,ok,7863856.0,ok,35042383.0,ok,24969544.0,ok,3071001.0,ok,20659367.0,ok,99.0,ok,9.0,ok
2014,25,滋賀,19,ゴム製品製造業,16.0,ok,2010.0,ok,10809275.0,ok,1127599.0,ok,5569546.0,ok,5095292.0,ok,15946.0,ok,1847111.0,ok,5.0,ok,1.0,ok
2014,25,滋賀,20,なめし革・同製品・毛皮製造業,6.0,ok,42.0,ok,18866.0,ok,6560.0,ok,9392.0,ok,8838.0,ok,,nil_or_na,,nil_or_na,,nil_or_na,,nil_or_na
2014,25,滋賀,21,窯業・土石製品製造業,217.0,ok,7208.0,ok,34439036.0,ok,3834523.0,ok,19048437.0,ok,15370301.0,ok,2728586.0,ok,28263580.0,ok,36.0,ok,4.0,ok
2014,25,滋賀,22,鉄鋼業,34.0,ok,1602.0,ok,9836726.0,ok,911203.0,ok,7288861.0,ok,2404657.0,ok,40950.0,ok,2118045.0,ok,12.0,ok,1.0,ok
2014,25,滋賀,23,非鉄金属製造業,43.0,ok,2291.0,ok,16151585.0,ok,1089828.0,ok,12172020.0,ok,3764127.0,ok,78119.0,ok,2998371.0,ok,17.0,ok,,nil_or_na
2014,25,滋賀,24,金属製品製造業,321.0,ok,10141.0,ok,35597289.0,ok,4558132.0,ok,21067995.0,ok,13666614.0,ok,934980.0,ok,10437483.0,ok,76.0,ok,2.0,ok
2014,25,滋賀,25,はん用機械器具製造業,144.0,ok,11676.0,ok,54575858.0,ok,6171223.0,ok,36242287.0,ok,18152137.0,ok,681410.0,ok,10115683.0,ok,49.0,ok,6.0,ok
2014,25,滋賀,26,生産用機械器具製造業,232.0,ok,12718.0,ok,49262342.0,ok,7386086.0,ok,31591750.0,ok,17863616.0,ok,483933.0,ok,10217446.0,ok,56.0,ok,10.0,ok
2014,25,滋賀,27,業務用機械器具製造業,47.0,ok,2898.0,ok,12044190.0,ok,1564935.0,ok,6470916.0,ok,5233115.0,ok,155711.0,ok,1074954.0,ok,21.0,ok,1.0,ok
2014,25,滋賀,28,電子部品・デバイス・電子回路製造業,96.0,ok,14871.0,ok,40744034.0,ok,8690556.0,ok,25554664.0,ok,14508576.0,ok,5595240.0,ok,9608329.0,ok,39.0,ok,12.0,ok
2014,25,滋賀,29,電気機械器具製造業,167.0,ok,18217.0,ok,78592329.0,ok,9516987.0,ok,52510274.0,ok,24903344.0,ok,15357704.0,ok,11649108.0,ok,68.0,ok,13.0,ok
2014,25,滋賀,30,情報通信機械器具製造業,6.0,ok,1594.0,ok,3815750.0,ok,728367.0,ok,2629545.0,ok,1109939.0,ok,96710.0,ok,,suppressed,2.0,ok,1.0,ok
2014,25,滋賀,31,輸送用機械器具製造業,105.0,ok,13301.0,ok,92277912.0,ok,7047535.0,ok,63389365.0,ok,27682954.0,ok,472314.0,ok,12936292.0,ok,34.0,ok,9.0,ok
2014,25,滋賀,32,その他の製造業,102.0,ok,2907.0,ok,12283941.0,ok,1351167.0,ok,8628049.0,ok,3487697.0,ok,57774.0,ok,1694095.0,ok,16.0,ok,2.0,ok
2014,26,京都,09,食料品製造業,503.0,ok,20012.0,ok,45812081.0,ok,5698918.0,ok,23787243.0,ok,20626823.0,ok,1997125.0,ok,11328292.0,ok,127.0,ok,6.0,ok
2014,26,京都,10,飲料・たばこ・飼料製造業,119.0,ok,3591.0,ok,62990645.0,ok,1843628.0,ok,12579579.0,ok,17236845.0,ok,871258.0,ok,9222141.0,ok,21.0,ok,1.0,ok
2014,26,京都,11,繊維工業,762.0,ok,8659.0,ok,10134973.0,ok,2438531.0,ok,4812771.0,ok,4981632.0,ok,366061.0,ok,2151774.0,ok,33.0,ok,,nil_or_na
2014,26,京都,12,木材・木製品製造業（家具を除く）,88.0,ok,1439.0,ok,4836599.0,ok,558352.0,ok,3481599.0,ok,1276298.0,ok,376789.0,ok,1065978.0,ok,10.0,ok,,nil_or_na
2014,26,京都,13,家具・装備品製造業,126.0,ok,1287.0,ok,2084165.0,ok,456869.0,ok,1180127.0,ok,844289.0,ok,107191.0,ok,589715.0,ok,7.0,ok,,nil_or_na
2014,26,京都,14,パルプ・紙・紙加工品製造業,163.0,ok,3625.0,ok,11450966.0,ok,1395295.0,ok,7418458.0,ok,3788850.0,ok,1375543.0,ok,5447810.0,ok,29.0,ok,,nil_or_na
2014,26,京都,15,印刷・同関連業,326.0,ok,8183.0,ok,19087386.0,ok,3443514.0,ok,10089676.0,ok,8432237.0,ok,540315.0,ok,3438004.0,ok,46.0,ok,4.0,ok
2014,26,京都,16,化学工業,104.0,ok,5126.0,ok,19195151.0,ok,2569017.0,ok,9535449.0,ok,9134675.0,ok,1620183.0,ok,8133235.0,ok,34.0,ok,2.0,ok
2014,26,京都,17,石油製品・石炭製品製造業,11.0,ok,188.0,ok,752796.0,ok,87770.0,ok,401033.0,ok,328172.0,ok,47643.0,ok,,suppressed,2.0,ok,,nil_or_na
2014,26,京都,18,プラスチック製品製造業（別掲を除く）,221.0,ok,5965.0,ok,14948726.0,ok,2135592.0,ok,9505903.0,ok,5169358.0,ok,260500.0,ok,4171605.0,ok,48.0,ok,1.0,ok
2014,26,京都,19,ゴム製品製造業,12.0,ok,546.0,ok,1044548.0,ok,222055.0,ok,565014.0,ok,449740.0,ok,20958.0,ok,860614.0,ok,5.0,ok,,nil_or_na
2014,26,京都,20,なめし革・同製品・毛皮製造業,34.0,ok,596.0,ok,759276.0,ok,147986.0,ok,337959.0,ok,394040.0,ok,4775.0,ok,69025.0,ok,5.0,ok,,nil_or_na
2014,26,京都,21,窯業・土石製品製造業,165.0,ok,3626.0,ok,17738574.0,ok,1908131.0,ok,6196562.0,ok,10890979.0,ok,403120.0,ok,3665388.0,ok,15.0,ok,2.0,ok
2014,26,京都,22,鉄鋼業,55.0,ok,1554.0,ok,7754082.0,ok,695674.0,ok,5751126.0,ok,1905970.0,ok,558907.0,ok,3440210.0,ok,13.0,ok,,nil_or_na
2014,26,京都,23,非鉄金属製造業,31.0,ok,1611.0,ok,8008653.0,ok,774833.0,ok,6276138.0,ok,1636968.0,ok,451878.0,ok,1117868.0,ok,9.0,ok,1.0,ok
2014,26,京都,24,金属製品製造業,415.0,ok,8423.0,ok,16564338.0,ok,3411189.0,ok,9172083.0,ok,6985286.0,ok,849675.0,ok,3907876.0,ok,55.0,ok,2.0,ok
2014,26,京都,25,はん用機械器具製造業,80.0,ok,4212.0,ok,16332359.0,ok,2150037.0,ok,9661749.0,ok,6284531.0,ok,323592.0,ok,4828615.0,ok,18.0,ok,2.0,ok
2014,26,京都,26,生産用機械器具製造業,427.0,ok,12290.0,ok,32072746.0,ok,6125623.0,ok,16551639.0,ok,14920935.0,ok,1046692.0,ok,7304666.0,ok,86.0,ok,3.0,ok
2014,26,京都,27,業務用機械器具製造業,146.0,ok,9423.0,ok,29369764.0,ok,5283283.0,ok,14952950.0,ok,14079444.0,ok,1997525.0,ok,6595368.0,ok,30.0,ok,5.0,ok
2014,26,京都,28,電子部品・デバイス・電子回路製造業,85.0,ok,9148.0,ok,35701587.0,ok,4829200.0,ok,14089870.0,ok,21246752.0,ok,154445.0,ok,9689908.0,ok,27.0,ok,4.0,ok
2014,26,京都,29,電気機械器具製造業,246.0,ok,13542.0,ok,36128808.0,ok,6889193.0,ok,23251008.0,ok,12428300.0,ok,1940450.0,ok,9712031.0,ok,60.0,ok,9.0,ok
2014,26,京都,30,情報通信機械器具製造業,16.0,ok,1941.0,ok,6915213.0,ok,1265649.0,ok,4486728.0,ok,2442274.0,ok,3043723.0,ok,,suppressed,3.0,ok,2.0,ok
2014,26,京都,31,輸送用機械器具製造業,93.0,ok,8521.0,ok,51796148.0,ok,5293369.0,ok,37992227.0,ok,13661799.0,ok,1213231.0,ok,10243597.0,ok,23.0,ok,7.0,ok
2014,26,京都,32,その他の製造業,173.0,ok,2702.0,ok,30035870.0,ok,1049486.0,ok,12048762.0,ok,17643514.0,ok,10041537.0,ok,1600196.0,ok,15.0,ok,1.0,ok
2014,27,大阪,09,食料品製造業,884.0,ok,49680.0,ok,117965094.0,ok,15050816.0,ok,63984397.0,ok,50632924.0,ok,5222978.0,ok,27940985.0,ok,282.0,ok,26.0,ok
2014,27,大阪,10,飲料・たばこ・飼料製造業,68.0,ok,1509.0,ok,24019495.0,ok,709622.0,ok,6700006.0,ok,6619267.0,ok,98449.0,ok,6136358.0,ok,11.0,ok,,nil_or_na
2014,27,大阪,11,繊維工業,1129.0,ok,16715.0,ok,30611714.0,ok,4927913.0,ok,18650444.0,ok,11192175.0,ok,4181947.0,ok,4788612.0,ok,107.0,ok,,nil_or_na
2014,27,大阪,12,木材・木製品製造業（家具を除く）,195.0,ok,3271.0,ok,10624156.0,ok,1348294.0,ok,7107402.0,ok,3287533.0,ok,1060667.0,ok,2082959.0,ok,18.0,ok,,nil_or_na
2014,27,大阪,13,家具・装備品製造業,432.0,ok,9309.0,ok,15859181.0,ok,4683384.0,ok,10571059.0,ok,4965627.0,ok,2240813.0,ok,5561416.0,ok,25.0,ok,2.0,ok
2014,27,大阪,14,パルプ・紙・紙加工品製造業,689.0,ok,13346.0,ok,33679193.0,ok,4943532.0,ok,20094928.0,ok,12720796.0,ok,1920127.0,ok,7310687.0,ok,93.0,ok,2.0,ok
2014,27,大阪,15,印刷・同関連業,1310.0,ok,25194.0,ok,45910503.0,ok,10194285.0,ok,23324955.0,ok,21140785.0,ok,944898.0,ok,10962713.0,ok,183.0,ok,3.0,ok
2014,27,大阪,16,化学工業,547.0,ok,31225.0,ok,190606990.0,ok,17532573.0,ok,98245020.0,ok,87364324.0,ok,6857507.0,ok,47664338.0,ok,188.0,ok,18.0,ok
2014,27,大阪,17,石油製品・石炭製品製造業,52.0,ok,1649.0,ok,177395520.0,ok,1188550.0,ok,128605931.0,ok,20345366.0,ok,3048149.0,ok,23746337.0,ok,7.0,ok,1.0,ok
2014,27,大阪,18,プラスチック製品製造業（別掲を除く）,1483.0,ok,30183.0,ok,70223422.0,ok,11107391.0,ok,39980942.0,ok,28425368.0,ok,4079255.0,ok,14073030.0,ok,197.0,ok,5.0,ok
2014,27,大阪,19,ゴム製品製造業,267.0,ok,5889.0,ok,12743757.0,ok,2285713.0,ok,7539059.0,ok,4918183.0,ok,606035.0,ok,3036380.0,ok,32.0,ok,2.0,ok
2014,27,大阪,20,なめし革・同製品・毛皮製造業,172.0,ok,1916.0,ok,2571033.0,ok,502002.0,ok,1446274.0,ok,1052059.0,ok,39801.0,ok,118097.0,ok,7.0,ok,,nil_or_na
2014,27,大阪,21,窯業・土石製品製造業,308.0,ok,7013.0,ok,22617605.0,ok,3069768.0,ok,10754995.0,ok,11141330.0,ok,1095373.0,ok,11540747.0,ok,47.0,ok,2.0,ok
2014,27,大阪,22,鉄鋼業,610.0,ok,19323.0,ok,148359802.0,ok,10110679.0,ok,114999790.0,ok,31631470.0,ok,4201858.0,ok,32329120.0,ok,130.0,ok,9.0,ok
2014,27,大阪,23,非鉄金属製造業,274.0,ok,9747.0,ok,75912509.0,ok,5337533.0,ok,65340826.0,ok,10217702.0,ok,5543665.0,ok,11570393.0,ok,43.0,ok,6.0,ok
2014,27,大阪,24,金属製品製造業,3729.0,ok,62555.0,ok,139810860.0,ok,25704273.0,ok,76459074.0,ok,59379233.0,ok,9095348.0,ok,27561839.0,ok,368.0,ok,7.0,ok
2014,27,大阪,25,はん用機械器具製造業,913.0,ok,28634.0,ok,83829391.0,ok,14875144.0,ok,48849048.0,ok,33556964.0,ok,4166384.0,ok,19560581.0,ok,127.0,ok,16.0,ok
2014,27,大阪,26,生産用機械器具製造業,1949.0,ok,43949.0,ok,138092406.0,ok,22491137.0,ok,85396059.0,ok,50700902.0,ok,6101533.0,ok,25396259.0,ok,256.0,ok,12.0,ok
2014,27,大阪,27,業務用機械器具製造業,283.0,ok,6781.0,ok,13705971.0,ok,2948818.0,ok,7310535.0,ok,6045896.0,ok,1071319.0,ok,2539464.0,ok,48.0,ok,1.0,ok
2014,27,大阪,28,電子部品・デバイス・電子回路製造業,175.0,ok,7378.0,ok,42225485.0,ok,3405627.0,ok,29275160.0,ok,13027625.0,ok,2099554.0,ok,25521795.0,ok,39.0,ok,4.0,ok
2014,27,大阪,29,電気機械器具製造業,871.0,ok,27706.0,ok,102130196.0,ok,13129113.0,ok,59954776.0,ok,39655767.0,ok,4672437.0,ok,14674119.0,ok,164.0,ok,10.0,ok
2014,27,大阪,30,情報通信機械器具製造業,55.0,ok,5081.0,ok,15692187.0,ok,3517428.0,ok,7280181.0,ok,8120731.0,ok,605611.0,ok,1924967.0,ok,16.0,ok,4.0,ok
2014,27,大阪,31,輸送用機械器具製造業,479.0,ok,25467.0,ok,116995935.0,ok,15048458.0,ok,88608716.0,ok,26861204.0,ok,14863958.0,ok,15183901.0,ok,86.0,ok,9.0,ok
2014,27,大阪,32,その他の製造業,627.0,ok,10114.0,ok,21334058.0,ok,3585894.0,ok,13333463.0,ok,7533419.0,ok,2633993.0,ok,2851942.0,ok,66.0,ok,1.0,ok
2014,28,兵庫,09,食料品製造業,1453.0,ok,58371.0,ok,155299184.0,ok,16178331.0,ok,95035571.0,ok,56481883.0,ok,5596753.0,ok,42527246.0,ok,277.0,ok,38.0,ok
2014,28,兵庫,10,飲料・たばこ・飼料製造業,127.0,ok,6308.0,ok,46810152.0,ok,2749273.0,ok,23687167.0,ok,14754383.0,ok,1996504.0,ok,16377772.0,ok,43.0,ok,3.0,ok
2014,28,兵庫,11,繊維工業,383.0,ok,7640.0,ok,11633933.0,ok,2169246.0,ok,7306360.0,ok,4060968.0,ok,806713.0,ok,3024428.0,ok,57.0,ok,,nil_or_na
2014,28,兵庫,12,木材・木製品製造業（家具を除く）,163.0,ok,2345.0,ok,4956501.0,ok,818474.0,ok,3231023.0,ok,1615918.0,ok,414326.0,ok,618689.0,ok,15.0,ok,,nil_or_na
2014,28,兵庫,13,家具・装備品製造業,130.0,ok,2679.0,ok,6371532.0,ok,962556.0,ok,3751603.0,ok,2448268.0,ok,528360.0,ok,843067.0,ok,17.0,ok,1.0,ok
2014,28,兵庫,14,パルプ・紙・紙加工品製造業,216.0,ok,7409.0,ok,28268484.0,ok,3237773.0,ok,17250586.0,ok,10424386.0,ok,1406085.0,ok,9803386.0,ok,60.0,ok,2.0,ok
2014,28,兵庫,15,印刷・同関連業,331.0,ok,7029.0,ok,13180637.0,ok,2724692.0,ok,7086381.0,ok,5698581.0,ok,269705.0,ok,2727178.0,ok,48.0,ok,1.0,ok
2014,28,兵庫,16,化学工業,297.0,ok,21435.0,ok,177398144.0,ok,12236186.0,ok,119735103.0,ok,55747163.0,ok,11253653.0,ok,39510939.0,ok,133.0,ok,13.0,ok
2014,28,兵庫,17,石油製品・石炭製品製造業,32.0,ok,1040.0,ok,13941851.0,ok,604480.0,ok,10884487.0,ok,2870337.0,ok,296190.0,ok,2542114.0,ok,5.0,ok,1.0,ok
2014,28,兵庫,18,プラスチック製品製造業（別掲を除く）,408.0,ok,13157.0,ok,45612030.0,ok,5229435.0,ok,26423128.0,ok,18230385.0,ok,2450225.0,ok,9256250.0,ok,110.0,ok,2.0,ok
2014,28,兵庫,19,ゴム製品製造業,252.0,ok,6091.0,ok,13070909.0,ok,2487153.0,ok,8203390.0,ok,4657157.0,ok,1082055.0,ok,2591383.0,ok,27.0,ok,4.0,ok
2014,28,兵庫,20,なめし革・同製品・毛皮製造業,302.0,ok,3905.0,ok,6684508.0,ok,1053975.0,ok,4088467.0,ok,2429101.0,ok,61376.0,ok,495649.0,ok,16.0,ok,,nil_or_na
2014,28,兵庫,21,窯業・土石製品製造業,347.0,ok,8550.0,ok,30966644.0,ok,3821660.0,ok,17619697.0,ok,12811907.0,ok,3195035.0,ok,11762908.0,ok,64.0,ok,1.0,ok
2014,28,兵庫,22,鉄鋼業,255.0,ok,18992.0,ok,200967475.0,ok,11721129.0,ok,159453472.0,ok,40664587.0,ok,19218669.0,ok,70319275.0,ok,73.0,ok,13.0,ok
2014,28,兵庫,23,非鉄金属製造業,130.0,ok,6546.0,ok,29262813.0,ok,3154005.0,ok,19381272.0,ok,9388737.0,ok,720065.0,ok,10588852.0,ok,44.0,ok,3.0,ok
2014,28,兵庫,24,金属製品製造業,1227.0,ok,28973.0,ok,77775374.0,ok,12240909.0,ok,43558657.0,ok,32203168.0,ok,1890743.0,ok,18971819.0,ok,197.0,ok,4.0,ok
2014,28,兵庫,25,はん用機械器具製造業,457.0,ok,24867.0,ok,110141502.0,ok,15842025.0,ok,59603065.0,ok,49737497.0,ok,7776607.0,ok,24738143.0,ok,116.0,ok,9.0,ok
2014,28,兵庫,26,生産用機械器具製造業,783.0,ok,25816.0,ok,102445556.0,ok,13266031.0,ok,65941943.0,ok,36362542.0,ok,8110329.0,ok,25891252.0,ok,148.0,ok,11.0,ok
2014,28,兵庫,27,業務用機械器具製造業,121.0,ok,7358.0,ok,22644516.0,ok,3542430.0,ok,9480736.0,ok,12384439.0,ok,4635195.0,ok,4339270.0,ok,39.0,ok,5.0,ok
2014,28,兵庫,28,電子部品・デバイス・電子回路製造業,115.0,ok,10175.0,ok,42789322.0,ok,4655479.0,ok,29674854.0,ok,12519368.0,ok,12209850.0,ok,11494471.0,ok,55.0,ok,6.0,ok
2014,28,兵庫,29,電気機械器具製造業,435.0,ok,34883.0,ok,144118920.0,ok,18537554.0,ok,97758222.0,ok,44400861.0,ok,8194595.0,ok,24718812.0,ok,147.0,ok,21.0,ok
2014,28,兵庫,30,情報通信機械器具製造業,63.0,ok,10724.0,ok,77719519.0,ok,5863930.0,ok,52171670.0,ok,24054298.0,ok,3264946.0,ok,5057352.0,ok,23.0,ok,8.0,ok
2014,28,兵庫,31,輸送用機械器具製造業,400.0,ok,29565.0,ok,108343499.0,ok,16372258.0,ok,70465341.0,ok,38398347.0,ok,1408579.0,ok,21243485.0,ok,93.0,ok,16.0,ok
2014,28,兵庫,32,その他の製造業,283.0,ok,6571.0,ok,18432586.0,ok,2406128.0,ok,9865575.0,ok,8097052.0,ok,726252.0,ok,3152945.0,ok,34.0,ok,2.0,ok
2014,29,奈良,09,食料品製造業,240.0,ok,9189.0,ok,22823520.0,ok,2850755.0,ok,12030206.0,ok,10120902.0,ok,981453.0,ok,4672873.0,ok,53.0,ok,4.0,ok
2014,29,奈良,10,飲料・たばこ・飼料製造業,34.0,ok,472.0,ok,859625.0,ok,152360.0,ok,354489.0,ok,411292.0,ok,13886.0,ok,,suppressed,2.0,ok,,nil_or_na
2014,29,奈良,11,繊維工業,313.0,ok,5338.0,ok,7226166.0,ok,1309432.0,ok,4555907.0,ok,2498519.0,ok,865228.0,ok,1251516.0,ok,41.0,ok,,nil_or_na
2014,29,奈良,12,木材・木製品製造業（家具を除く）,152.0,ok,1786.0,ok,4157955.0,ok,551578.0,ok,2755528.0,ok,1313156.0,ok,188654.0,ok,567720.0,ok,10.0,ok,,nil_or_na
2014,29,奈良,13,家具・装備品製造業,55.0,ok,1128.0,ok,2756196.0,ok,408891.0,ok,1708043.0,ok,982822.0,ok,176536.0,ok,657652.0,ok,9.0,ok,,nil_or_na
2014,29,奈良,14,パルプ・紙・紙加工品製造業,69.0,ok,2138.0,ok,5678216.0,ok,759016.0,ok,3719618.0,ok,1834682.0,ok,410849.0,ok,985189.0,ok,16.0,ok,,nil_or_na
2014,29,奈良,15,印刷・同関連業,81.0,ok,2911.0,ok,5235280.0,ok,1203143.0,ok,2952640.0,ok,2140429.0,ok,155902.0,ok,1075633.0,ok,16.0,ok,1.0,ok
2014,29,奈良,16,化学工業,79.0,ok,3499.0,ok,10352211.0,ok,1496746.0,ok,5685447.0,ok,4397756.0,ok,584482.0,ok,3457499.0,ok,25.0,ok,1.0,ok
2014,29,奈良,17,石油製品・石炭製品製造業,6.0,ok,132.0,ok,1046233.0,ok,49184.0,ok,893644.0,ok,143043.0,ok,4699.0,ok,,suppressed,1.0,ok,,nil_or_na
2014,29,奈良,18,プラスチック製品製造業（別掲を除く）,273.0,ok,6353.0,ok,14660059.0,ok,2069895.0,ok,8985672.0,ok,5353978.0,ok,293606.0,ok,3990519.0,ok,49.0,ok,,nil_or_na
2014,29,奈良,19,ゴム製品製造業,40.0,ok,2553.0,ok,5909268.0,ok,1231501.0,ok,3053190.0,ok,2696273.0,ok,733104.0,ok,1337574.0,ok,10.0,ok,2.0,ok
2014,29,奈良,20,なめし革・同製品・毛皮製造業,21.0,ok,334.0,ok,604148.0,ok,109834.0,ok,356691.0,ok,231284.0,ok,105864.0,ok,,suppressed,2.0,ok,,nil_or_na
2014,29,奈良,21,窯業・土石製品製造業,81.0,ok,1248.0,ok,3050344.0,ok,460313.0,ok,1714146.0,ok,1248936.0,ok,768066.0,ok,716031.0,ok,9.0,ok,,nil_or_na
2014,29,奈良,22,鉄鋼業,28.0,ok,726.0,ok,3466216.0,ok,304265.0,ok,2544866.0,ok,866581.0,ok,108324.0,ok,556255.0,ok,7.0,ok,,nil_or_na
2014,29,奈良,23,非鉄金属製造業,21.0,ok,634.0,ok,2702683.0,ok,300600.0,ok,1552015.0,ok,1078364.0,ok,171228.0,ok,483992.0,ok,4.0,ok,,nil_or_na
2014,29,奈良,24,金属製品製造業,196.0,ok,4537.0,ok,12895194.0,ok,1769320.0,ok,8362004.0,ok,4260571.0,ok,194041.0,ok,3215734.0,ok,37.0,ok,,nil_or_na
2014,29,奈良,25,はん用機械器具製造業,62.0,ok,2095.0,ok,6141142.0,ok,878653.0,ok,3274079.0,ok,2709684.0,ok,797545.0,ok,1289661.0,ok,19.0,ok,1.0,ok
2014,29,奈良,26,生産用機械器具製造業,108.0,ok,3694.0,ok,10485129.0,ok,1729623.0,ok,4916030.0,ok,5415470.0,ok,319735.0,ok,2948615.0,ok,26.0,ok,1.0,ok
2014,29,奈良,27,業務用機械器具製造業,20.0,ok,2709.0,ok,15947463.0,ok,1747598.0,ok,9918537.0,ok,5705135.0,ok,409897.0,ok,1214886.0,ok,6.0,ok,1.0,ok
2014,29,奈良,28,電子部品・デバイス・電子回路製造業,13.0,ok,1715.0,ok,1523080.0,ok,1039863.0,ok,507414.0,ok,980998.0,ok,1372.0,ok,,suppressed,3.0,ok,1.0,ok
2014,29,奈良,29,電気機械器具製造業,45.0,ok,2153.0,ok,25609650.0,ok,1554095.0,ok,20532979.0,ok,4771994.0,ok,2112887.0,ok,811705.0,ok,7.0,ok,2.0,ok
2014,29,奈良,30,情報通信機械器具製造業,4.0,ok,106.0,ok,177936.0,ok,41192.0,ok,89637.0,ok,83407.0,ok,,nil_or_na,,suppressed,1.0,ok,,nil_or_na
2014,29,奈良,31,輸送用機械器具製造業,36.0,ok,3799.0,ok,19645378.0,ok,2011341.0,ok,13109781.0,ok,6291370.0,ok,8480.0,ok,2150090.0,ok,9.0,ok,3.0,ok
2014,29,奈良,32,その他の製造業,100.0,ok,2306.0,ok,6735040.0,ok,790720.0,ok,4602114.0,ok,2006994.0,ok,1063777.0,ok,781349.0,ok,10.0,ok,,nil_or_na
2014,30,和歌山,09,食料品製造業,408.0,ok,9019.0,ok,14971806.0,ok,2018035.0,ok,9524126.0,ok,5102687.0,ok,561772.0,ok,3026696.0,ok,67.0,ok,1.0,ok
2014,30,和歌山,10,飲料・たばこ・飼料製造業,31.0,ok,1312.0,ok,6069255.0,ok,475492.0,ok,3860422.0,ok,2014285.0,ok,648225.0,ok,936376.0,ok,13.0,ok,,nil_or_na
2014,30,和歌山,11,繊維工業,268.0,ok,4468.0,ok,7027074.0,ok,1199965.0,ok,4121734.0,ok,2716544.0,ok,177395.0,ok,1649537.0,ok,27.0,ok,,nil_or_na
2014,30,和歌山,12,木材・木製品製造業（家具を除く）,95.0,ok,1328.0,ok,3239315.0,ok,512046.0,ok,2063170.0,ok,1102067.0,ok,269510.0,ok,583756.0,ok,7.0,ok,,nil_or_na
2014,30,和歌山,13,家具・装備品製造業,100.0,ok,1271.0,ok,1657997.0,ok,358891.0,ok,934570.0,ok,674536.0,ok,29415.0,ok,116623.0,ok,4.0,ok,,nil_or_na
2014,30,和歌山,14,パルプ・紙・紙加工品製造業,35.0,ok,935.0,ok,3465648.0,ok,347622.0,ok,2186613.0,ok,1195073.0,ok,217355.0,ok,818610.0,ok,6.0,ok,,nil_or_na
2014,30,和歌山,15,印刷・同関連業,64.0,ok,945.0,ok,1262763.0,ok,310900.0,ok,526017.0,ok,689180.0,ok,56943.0,ok,277312.0,ok,7.0,ok,,nil_or_na
2014,30,和歌山,16,化学工業,72.0,ok,4960.0,ok,34125786.0,ok,2792844.0,ok,17041097.0,ok,16122586.0,ok,548280.0,ok,10122098.0,ok,33.0,ok,1.0,ok
2014,30,和歌山,17,石油製品・石炭製品製造業,9.0,ok,952.0,ok,73330620.0,ok,635747.0,ok,64721404.0,ok,706455.0,ok,405958.0,ok,3647159.0,ok,4.0,ok,1.0,ok
2014,30,和歌山,18,プラスチック製品製造業（別掲を除く）,94.0,ok,2001.0,ok,4975580.0,ok,710408.0,ok,2876781.0,ok,1969846.0,ok,145045.0,ok,1285621.0,ok,22.0,ok,,nil_or_na
2014,30,和歌山,19,ゴム製品製造業,16.0,ok,994.0,ok,1821774.0,ok,338820.0,ok,940390.0,ok,832616.0,ok,261790.0,ok,705467.0,ok,7.0,ok,1.0,ok
2014,30,和歌山,20,なめし革・同製品・毛皮製造業,11.0,ok,112.0,ok,150567.0,ok,36720.0,ok,88177.0,ok,58276.0,ok,,nil_or_na,,suppressed,1.0,ok,,nil_or_na
2014,30,和歌山,21,窯業・土石製品製造業,90.0,ok,1427.0,ok,5187459.0,ok,596053.0,ok,2954450.0,ok,2096832.0,ok,320849.0,ok,578760.0,ok,6.0,ok,,nil_or_na
2014,30,和歌山,22,鉄鋼業,31.0,ok,3507.0,ok,88994858.0,ok,2107249.0,ok,66147701.0,ok,24262626.0,ok,1423316.0,ok,20475844.0,ok,12.0,ok,3.0,ok
2014,30,和歌山,23,非鉄金属製造業,10.0,ok,540.0,ok,2962248.0,ok,235025.0,ok,2550569.0,ok,376277.0,ok,18361.0,ok,336084.0,ok,7.0,ok,,nil_or_na
2014,30,和歌山,24,金属製品製造業,160.0,ok,3204.0,ok,8208751.0,ok,1214636.0,ok,4672416.0,ok,3306863.0,ok,335328.0,ok,2012682.0,ok,31.0,ok,,nil_or_na
2014,30,和歌山,25,はん用機械器具製造業,61.0,ok,3301.0,ok,23357961.0,ok,1569687.0,ok,7736048.0,ok,14611135.0,ok,82202.0,ok,1852294.0,ok,17.0,ok,2.0,ok
2014,30,和歌山,26,生産用機械器具製造業,108.0,ok,4283.0,ok,10591398.0,ok,2090865.0,ok,5533974.0,ok,5015156.0,ok,247072.0,ok,3626229.0,ok,29.0,ok,1.0,ok
2014,30,和歌山,27,業務用機械器具製造業,10.0,ok,920.0,ok,1341050.0,ok,387224.0,ok,534061.0,ok,768557.0,ok,26162.0,ok,1287178.0,ok,6.0,ok,1.0,ok
2014,30,和歌山,28,電子部品・デバイス・電子回路製造業,10.0,ok,924.0,ok,1321016.0,ok,340478.0,ok,869073.0,ok,432452.0,ok,90705.0,ok,336516.0,ok,5.0,ok,,nil_or_na
2014,30,和歌山,29,電気機械器具製造業,32.0,ok,1309.0,ok,1692478.0,ok,416401.0,ok,689800.0,ok,939088.0,ok,34448.0,ok,325254.0,ok,13.0,ok,,nil_or_na
2014,30,和歌山,30,情報通信機械器具製造業,4.0,ok,318.0,ok,291547.0,ok,121778.0,ok,41540.0,ok,235265.0,ok,35359.0,ok,,suppressed,2.0,ok,,nil_or_na
2014,30,和歌山,31,輸送用機械器具製造業,25.0,ok,850.0,ok,1761458.0,ok,334631.0,ok,609479.0,ok,1077925.0,ok,3640.0,ok,527634.0,ok,6.0,ok,,nil_or_na
2014,30,和歌山,32,その他の製造業,85.0,ok,1261.0,ok,1688575.0,ok,360010.0,ok,825403.0,ok,810307.0,ok,63205.0,ok,488495.0,ok,7.0,ok,,nil_or_na
2014,31,鳥取,09,食料品製造業,168.0,ok,6834.0,ok,13441568.0,ok,1909992.0,ok,9213061.0,ok,3959475.0,ok,1937828.0,ok,4401088.0,ok,48.0,ok,2.0,ok
2014,31,鳥取,10,飲料・たばこ・飼料製造業,32.0,ok,576.0,ok,3075839.0,ok,198761.0,ok,685734.0,ok,2217092.0,ok,41939.0,ok,722936.0,ok,3.0,ok,,nil_or_na
2014,31,鳥取,11,繊維工業,72.0,ok,2445.0,ok,1761663.0,ok,491845.0,ok,932125.0,ok,775680.0,ok,1062.0,ok,445336.0,ok,20.0,ok,1.0,ok
2014,31,鳥取,12,木材・木製品製造業（家具を除く）,34.0,ok,714.0,ok,2145818.0,ok,252271.0,ok,1672335.0,ok,445174.0,ok,69898.0,ok,727123.0,ok,5.0,ok,,nil_or_na
2014,31,鳥取,13,家具・装備品製造業,16.0,ok,178.0,ok,181942.0,ok,43955.0,ok,102513.0,ok,74185.0,ok,27790.0,ok,,suppressed,2.0,ok,,nil_or_na
2014,31,鳥取,14,パルプ・紙・紙加工品製造業,37.0,ok,1760.0,ok,8403308.0,ok,696131.0,ok,5844728.0,ok,2456829.0,ok,278449.0,ok,4120231.0,ok,10.0,ok,1.0,ok
2014,31,鳥取,15,印刷・同関連業,34.0,ok,784.0,ok,857895.0,ok,225177.0,ok,409396.0,ok,419545.0,ok,2003.0,ok,296127.0,ok,11.0,ok,,nil_or_na
2014,31,鳥取,16,化学工業,2.0,ok,33.0,ok,,suppressed,,suppressed,,suppressed,,suppressed,,nil_or_na,,nil_or_na,,nil_or_na,,nil_or_na
2014,31,鳥取,17,石油製品・石炭製品製造業,9.0,ok,61.0,ok,375207.0,ok,28852.0,ok,268396.0,ok,99636.0,ok,58768.0,ok,,nil_or_na,,nil_or_na,,nil_or_na
2014,31,鳥取,18,プラスチック製品製造業（別掲を除く）,32.0,ok,939.0,ok,1979241.0,ok,289235.0,ok,1149498.0,ok,776410.0,ok,52112.0,ok,314398.0,ok,10.0,ok,,nil_or_na
2014,31,鳥取,19,ゴム製品製造業,7.0,ok,192.0,ok,195040.0,ok,60386.0,ok,90194.0,ok,98051.0,ok,21019.0,ok,,suppressed,2.0,ok,,nil_or_na
2014,31,鳥取,20,なめし革・同製品・毛皮製造業,3.0,ok,265.0,ok,517168.0,ok,85940.0,ok,387225.0,ok,122168.0,ok,,nil_or_na,,suppressed,1.0,ok,,nil_or_na
2014,31,鳥取,21,窯業・土石製品製造業,40.0,ok,479.0,ok,1057548.0,ok,150855.0,ok,691852.0,ok,341188.0,ok,145688.0,ok,,suppressed,1.0,ok,,nil_or_na
2014,31,鳥取,22,鉄鋼業,6.0,ok,658.0,ok,1638938.0,ok,257800.0,ok,1109357.0,ok,497425.0,ok,9785.0,ok,474015.0,ok,4.0,ok,1.0,ok
2014,31,鳥取,23,非鉄金属製造業,1.0,ok,66.0,ok,,suppressed,,suppressed,,suppressed,,suppressed,,nil_or_na,,suppressed,1.0,ok,,nil_or_na
2014,31,鳥取,24,金属製品製造業,71.0,ok,1960.0,ok,3521792.0,ok,669824.0,ok,2034522.0,ok,1395120.0,ok,41843.0,ok,754607.0,ok,17.0,ok,,nil_or_na
2014,31,鳥取,25,はん用機械器具製造業,16.0,ok,153.0,ok,199632.0,ok,44316.0,ok,102728.0,ok,90396.0,ok,1000.0,ok,,nil_or_na,,nil_or_na,,nil_or_na
2014,31,鳥取,26,生産用機械器具製造業,47.0,ok,1272.0,ok,2202987.0,ok,448066.0,ok,1193250.0,ok,949820.0,ok,46945.0,ok,764487.0,ok,13.0,ok,,nil_or_na
2014,31,鳥取,27,業務用機械器具製造業,10.0,ok,574.0,ok,374555.0,ok,134955.0,ok,195579.0,ok,169180.0,ok,,nil_or_na,148168.0,ok,6.0,ok,,nil_or_na
2014,31,鳥取,28,電子部品・デバイス・電子回路製造業,55.0,ok,4913.0,ok,13912847.0,ok,2203254.0,ok,9030790.0,ok,4802004.0,ok,1746996.0,ok,2850102.0,ok,19.0,ok,4.0,ok
2014,31,鳥取,29,電気機械器具製造業,72.0,ok,3351.0,ok,7859557.0,ok,1085134.0,ok,5604764.0,ok,2131051.0,ok,577645.0,ok,1507169.0,ok,26.0,ok,2.0,ok
2014,31,鳥取,30,情報通信機械器具製造業,7.0,ok,471.0,ok,1905035.0,ok,228817.0,ok,1474843.0,ok,406201.0,ok,,nil_or_na,173570.0,ok,3.0,ok,,nil_or_na
2014,31,鳥取,31,輸送用機械器具製造業,21.0,ok,991.0,ok,1964405.0,ok,371080.0,ok,1229119.0,ok,690896.0,ok,96318.0,ok,393321.0,ok,6.0,ok,1.0,ok
2014,31,鳥取,32,その他の製造業,23.0,ok,221.0,ok,188019.0,ok,63518.0,ok,83703.0,ok,97420.0,ok,6621.0,ok,,suppressed,1.0,ok,,nil_or_na
2014,32,島根,09,食料品製造業,298.0,ok,5924.0,ok,6810063.0,ok,1253355.0,ok,4049606.0,ok,2580871.0,ok,255195.0,ok,1139367.0,ok,45.0,ok,,nil_or_na
2014,32,島根,10,飲料・たばこ・飼料製造業,43.0,ok,635.0,ok,1273729.0,ok,189766.0,ok,785661.0,ok,432323.0,ok,342113.0,ok,,suppressed,3.0,ok,,nil_or_na
2014,32,島根,11,繊維工業,125.0,ok,2911.0,ok,3425494.0,ok,644474.0,ok,2268664.0,ok,1082388.0,ok,83961.0,ok,996461.0,ok,21.0,ok,,nil_or_na
2014,32,島根,12,木材・木製品製造業（家具を除く）,68.0,ok,1020.0,ok,3681137.0,ok,341860.0,ok,2524847.0,ok,1085333.0,ok,99694.0,ok,404298.0,ok,5.0,ok,,nil_or_na
2014,32,島根,13,家具・装備品製造業,45.0,ok,555.0,ok,773504.0,ok,159889.0,ok,396441.0,ok,355059.0,ok,145567.0,ok,234385.0,ok,4.0,ok,,nil_or_na
2014,32,島根,14,パルプ・紙・紙加工品製造業,40.0,ok,1297.0,ok,2955910.0,ok,444710.0,ok,1748907.0,ok,1148173.0,ok,113047.0,ok,1611812.0,ok,12.0,ok,,nil_or_na
2014,32,島根,15,印刷・同関連業,42.0,ok,762.0,ok,887487.0,ok,235897.0,ok,409243.0,ok,446268.0,ok,18130.0,ok,189718.0,ok,7.0,ok,,nil_or_na
2014,32,島根,16,化学工業,7.0,ok,732.0,ok,,suppressed,,suppressed,,suppressed,,suppressed,,nil_or_na,1158118.0,ok,4.0,ok,1.0,ok
2014,32,島根,17,石油製品・石炭製品製造業,7.0,ok,57.0,ok,269808.0,ok,22828.0,ok,165679.0,ok,97136.0,ok,13543.0,ok,,nil_or_na,,nil_or_na,,nil_or_na
2014,32,島根,18,プラスチック製品製造業（別掲を除く）,26.0,ok,1070.0,ok,2609360.0,ok,353921.0,ok,1474651.0,ok,1062316.0,ok,25787.0,ok,546946.0,ok,10.0,ok,,nil_or_na
2014,32,島根,19,ゴム製品製造業,11.0,ok,674.0,ok,735664.0,ok,176933.0,ok,420626.0,ok,295316.0,ok,13190.0,ok,134710.0,ok,8.0,ok,,nil_or_na
2014,32,島根,20,なめし革・同製品・毛皮製造業,3.0,ok,75.0,ok,,suppressed,,suppressed,,suppressed,,suppressed,30646.0,ok,,nil_or_na,1.0,ok,,nil_or_na
2014,32,島根,21,窯業・土石製品製造業,103.0,ok,1764.0,ok,3705161.0,ok,583346.0,ok,2091644.0,ok,1508811.0,ok,259064.0,ok,300474.0,ok,9.0,ok,,nil_or_na
2014,32,島根,22,鉄鋼業,27.0,ok,3923.0,ok,17306492.0,ok,2255007.0,ok,9396920.0,ok,7843554.0,ok,336424.0,ok,4959125.0,ok,13.0,ok,3.0,ok
2014,32,島根,23,非鉄金属製造業,5.0,ok,442.0,ok,1912898.0,ok,286633.0,ok,1173304.0,ok,700183.0,ok,145380.0,ok,,suppressed,1.0,ok,1.0,ok
2014,32,島根,24,金属製品製造業,86.0,ok,1703.0,ok,3563407.0,ok,634681.0,ok,2140344.0,ok,1336733.0,ok,18295.0,ok,587007.0,ok,13.0,ok,,nil_or_na
2014,32,島根,25,はん用機械器具製造業,32.0,ok,1457.0,ok,5621889.0,ok,797307.0,ok,2926733.0,ok,2540114.0,ok,395583.0,ok,860728.0,ok,9.0,ok,1.0,ok
2014,32,島根,26,生産用機械器具製造業,88.0,ok,2654.0,ok,6562980.0,ok,1019776.0,ok,4142090.0,ok,2284304.0,ok,151545.0,ok,1116476.0,ok,21.0,ok,1.0,ok
2014,32,島根,27,業務用機械器具製造業,4.0,ok,751.0,ok,1881372.0,ok,321271.0,ok,477421.0,ok,1332435.0,ok,,nil_or_na,,suppressed,1.0,ok,1.0,ok
2014,32,島根,28,電子部品・デバイス・電子回路製造業,27.0,ok,4940.0,ok,16089623.0,ok,2549328.0,ok,8674414.0,ok,7016848.0,ok,449124.0,ok,3222345.0,ok,13.0,ok,2.0,ok
2014,32,島根,29,電気機械器具製造業,25.0,ok,1315.0,ok,2129392.0,ok,414882.0,ok,1420963.0,ok,668445.0,ok,2882.0,ok,383549.0,ok,14.0,ok,,nil_or_na
2014,32,島根,30,情報通信機械器具製造業,8.0,ok,876.0,ok,13135607.0,ok,336337.0,ok,12469755.0,ok,623280.0,ok,,nil_or_na,245749.0,ok,3.0,ok,1.0,ok
2014,32,島根,31,輸送用機械器具製造業,36.0,ok,2494.0,ok,7434386.0,ok,984780.0,ok,4914052.0,ok,2404261.0,ok,31831.0,ok,1327233.0,ok,14.0,ok,2.0,ok
2014,32,島根,32,その他の製造業,30.0,ok,342.0,ok,278144.0,ok,88291.0,ok,119015.0,ok,149700.0,ok,14965.0,ok,38534.0,ok,4.0,ok,,nil_or_na
2014,33,岡山,09,食料品製造業,367.0,ok,17440.0,ok,45854884.0,ok,5505320.0,ok,27031146.0,ok,17757404.0,ok,1724998.0,ok,12879677.0,ok,93.0,ok,13.0,ok
2014,33,岡山,10,飲料・たばこ・飼料製造業,72.0,ok,1470.0,ok,17633454.0,ok,630699.0,ok,8758005.0,ok,5661493.0,ok,126652.0,ok,2508710.0,ok,10.0,ok,,nil_or_na
2014,33,岡山,11,繊維工業,537.0,ok,12754.0,ok,23308639.0,ok,3516357.0,ok,13108620.0,ok,9570983.0,ok,1452294.0,ok,4779550.0,ok,92.0,ok,3.0,ok
2014,33,岡山,12,木材・木製品製造業（家具を除く）,107.0,ok,2063.0,ok,7652990.0,ok,784901.0,ok,5432209.0,ok,2076293.0,ok,436695.0,ok,976740.0,ok,17.0,ok,,nil_or_na
2014,33,岡山,13,家具・装備品製造業,87.0,ok,1550.0,ok,2831564.0,ok,539022.0,ok,1918835.0,ok,857231.0,ok,80858.0,ok,310486.0,ok,6.0,ok,,nil_or_na
2014,33,岡山,14,パルプ・紙・紙加工品製造業,67.0,ok,2934.0,ok,8314290.0,ok,1062856.0,ok,5041776.0,ok,3114137.0,ok,311556.0,ok,4207151.0,ok,29.0,ok,,nil_or_na
2014,33,岡山,15,印刷・同関連業,171.0,ok,5198.0,ok,14912283.0,ok,2105622.0,ok,8530437.0,ok,5980038.0,ok,68593.0,ok,2676215.0,ok,43.0,ok,2.0,ok
2014,33,岡山,16,化学工業,114.0,ok,11131.0,ok,129946508.0,ok,6722966.0,ok,101170394.0,ok,27765279.0,ok,6760500.0,ok,25058355.0,ok,59.0,ok,8.0,ok
2014,33,岡山,17,石油製品・石炭製品製造業,25.0,ok,1169.0,ok,168349987.0,ok,901019.0,ok,151151932.0,ok,-291092.0,ok,165340.0,ok,,suppressed,1.0,ok,1.0,ok
2014,33,岡山,18,プラスチック製品製造業（別掲を除く）,187.0,ok,7366.0,ok,29122730.0,ok,3029401.0,ok,15056060.0,ok,13294850.0,ok,2751882.0,ok,4635681.0,ok,49.0,ok,4.0,ok
2014,33,岡山,19,ゴム製品製造業,69.0,ok,4324.0,ok,9184694.0,ok,1780761.0,ok,5094576.0,ok,3886643.0,ok,1526909.0,ok,1634964.0,ok,26.0,ok,3.0,ok
2014,33,岡山,20,なめし革・同製品・毛皮製造業,7.0,ok,96.0,ok,97814.0,ok,18899.0,ok,21422.0,ok,71688.0,ok,2916.0,ok,,suppressed,1.0,ok,,nil_or_na
2014,33,岡山,21,窯業・土石製品製造業,280.0,ok,5860.0,ok,21229250.0,ok,2504100.0,ok,13196875.0,ok,7544037.0,ok,3279637.0,ok,3459476.0,ok,40.0,ok,1.0,ok
2014,33,岡山,22,鉄鋼業,92.0,ok,8118.0,ok,109681231.0,ok,5145842.0,ok,89367275.0,ok,19419263.0,ok,6580553.0,ok,30143222.0,ok,33.0,ok,3.0,ok
2014,33,岡山,23,非鉄金属製造業,39.0,ok,1781.0,ok,7402133.0,ok,778445.0,ok,4759556.0,ok,2602739.0,ok,602017.0,ok,3817715.0,ok,16.0,ok,,nil_or_na
2014,33,岡山,24,金属製品製造業,329.0,ok,8171.0,ok,22316597.0,ok,3364688.0,ok,13147882.0,ok,8647338.0,ok,560367.0,ok,5266469.0,ok,47.0,ok,3.0,ok
2014,33,岡山,25,はん用機械器具製造業,100.0,ok,5915.0,ok,23901000.0,ok,3092843.0,ok,14620937.0,ok,8702394.0,ok,2449857.0,ok,4953126.0,ok,38.0,ok,3.0,ok
2014,33,岡山,26,生産用機械器具製造業,308.0,ok,9061.0,ok,22414751.0,ok,4103092.0,ok,12611141.0,ok,9405477.0,ok,533363.0,ok,6044134.0,ok,59.0,ok,3.0,ok
2014,33,岡山,27,業務用機械器具製造業,25.0,ok,1042.0,ok,5231671.0,ok,390494.0,ok,2497071.0,ok,2574682.0,ok,72345.0,ok,967331.0,ok,11.0,ok,,nil_or_na
2014,33,岡山,28,電子部品・デバイス・電子回路製造業,39.0,ok,6019.0,ok,34071497.0,ok,2652702.0,ok,25826914.0,ok,7823083.0,ok,671723.0,ok,3788440.0,ok,16.0,ok,6.0,ok
2014,33,岡山,29,電気機械器具製造業,101.0,ok,5070.0,ok,19841144.0,ok,1978516.0,ok,14048144.0,ok,5498541.0,ok,710742.0,ok,1776169.0,ok,40.0,ok,3.0,ok
2014,33,岡山,30,情報通信機械器具製造業,14.0,ok,1332.0,ok,6162292.0,ok,727635.0,ok,4073944.0,ok,2137034.0,ok,972474.0,ok,596768.0,ok,7.0,ok,1.0,ok
2014,33,岡山,31,輸送用機械器具製造業,244.0,ok,18755.0,ok,91978407.0,ok,9961192.0,ok,71248127.0,ok,20889833.0,ok,295988.0,ok,14738503.0,ok,75.0,ok,9.0,ok
2014,33,岡山,32,その他の製造業,95.0,ok,1690.0,ok,4126781.0,ok,651247.0,ok,2584882.0,ok,1447295.0,ok,72759.0,ok,541290.0,ok,13.0,ok,,nil_or_na
2014,34,広島,09,食料品製造業,610.0,ok,27806.0,ok,62883197.0,ok,8334032.0,ok,38145279.0,ok,23180453.0,ok,9344890.0,ok,13457190.0,ok,167.0,ok,13.0,ok
2014,34,広島,10,飲料・たばこ・飼料製造業,83.0,ok,1649.0,ok,5373884.0,ok,590544.0,ok,3129297.0,ok,1773505.0,ok,185082.0,ok,1117660.0,ok,14.0,ok,,nil_or_na
2014,34,広島,11,繊維工業,359.0,ok,7069.0,ok,10421946.0,ok,1934666.0,ok,5724009.0,ok,4406501.0,ok,781229.0,ok,2328483.0,ok,48.0,ok,,nil_or_na
2014,34,広島,12,木材・木製品製造業（家具を除く）,164.0,ok,3488.0,ok,14417175.0,ok,1239480.0,ok,9427213.0,ok,4662923.0,ok,788440.0,ok,1968084.0,ok,27.0,ok,,nil_or_na
2014,34,広島,13,家具・装備品製造業,187.0,ok,3369.0,ok,5023795.0,ok,1049033.0,ok,2365376.0,ok,2486009.0,ok,297283.0,ok,896600.0,ok,30.0,ok,,nil_or_na
2014,34,広島,14,パルプ・紙・紙加工品製造業,104.0,ok,2433.0,ok,10569858.0,ok,999600.0,ok,7185104.0,ok,3215586.0,ok,618919.0,ok,4227918.0,ok,20.0,ok,,nil_or_na
2014,34,広島,15,印刷・同関連業,233.0,ok,5102.0,ok,10052936.0,ok,1944000.0,ok,5392070.0,ok,4357832.0,ok,319002.0,ok,1726655.0,ok,49.0,ok,,nil_or_na
2014,34,広島,16,化学工業,89.0,ok,5509.0,ok,41686833.0,ok,3130038.0,ok,25144995.0,ok,16196460.0,ok,1217224.0,ok,13239221.0,ok,33.0,ok,2.0,ok
2014,34,広島,17,石油製品・石炭製品製造業,21.0,ok,249.0,ok,1487553.0,ok,128894.0,ok,897065.0,ok,551418.0,ok,183581.0,ok,,suppressed,1.0,ok,,nil_or_na
2014,34,広島,18,プラスチック製品製造業（別掲を除く）,258.0,ok,11617.0,ok,47307888.0,ok,4819663.0,ok,29433990.0,ok,16805785.0,ok,1135512.0,ok,8162847.0,ok,72.0,ok,3.0,ok
2014,34,広島,19,ゴム製品製造業,79.0,ok,4475.0,ok,10191125.0,ok,2043220.0,ok,5718562.0,ok,4286697.0,ok,1238345.0,ok,3060496.0,ok,29.0,ok,3.0,ok
2014,34,広島,20,なめし革・同製品・毛皮製造業,6.0,ok,161.0,ok,183434.0,ok,37863.0,ok,108627.0,ok,70050.0,ok,21756.0,ok,,suppressed,1.0,ok,,nil_or_na
2014,34,広島,21,窯業・土石製品製造業,200.0,ok,4707.0,ok,12371314.0,ok,1938064.0,ok,6423430.0,ok,5638479.0,ok,778927.0,ok,2058893.0,ok,26.0,ok,2.0,ok
2014,34,広島,22,鉄鋼業,147.0,ok,9399.0,ok,149375170.0,ok,5775344.0,ok,117669327.0,ok,32793236.0,ok,4196564.0,ok,38450671.0,ok,35.0,ok,2.0,ok
2014,34,広島,23,非鉄金属製造業,59.0,ok,4834.0,ok,30310910.0,ok,2940902.0,ok,20982279.0,ok,8884319.0,ok,1210822.0,ok,6174281.0,ok,11.0,ok,6.0,ok
2014,34,広島,24,金属製品製造業,671.0,ok,13266.0,ok,30728349.0,ok,5523731.0,ok,17061512.0,ok,12818598.0,ok,1800556.0,ok,8164980.0,ok,91.0,ok,1.0,ok
2014,34,広島,25,はん用機械器具製造業,225.0,ok,10079.0,ok,39582929.0,ok,5554154.0,ok,25321481.0,ok,13727944.0,ok,3949205.0,ok,8633332.0,ok,37.0,ok,10.0,ok
2014,34,広島,26,生産用機械器具製造業,588.0,ok,21412.0,ok,89507825.0,ok,11664519.0,ok,51660846.0,ok,37312055.0,ok,5262317.0,ok,12669293.0,ok,98.0,ok,15.0,ok
2014,34,広島,27,業務用機械器具製造業,58.0,ok,2725.0,ok,6641658.0,ok,1254626.0,ok,2987147.0,ok,3507721.0,ok,83369.0,ok,1862240.0,ok,13.0,ok,2.0,ok
2014,34,広島,28,電子部品・デバイス・電子回路製造業,40.0,ok,6756.0,ok,52571207.0,ok,3991506.0,ok,41437851.0,ok,11973383.0,ok,620075.0,ok,17543893.0,ok,14.0,ok,5.0,ok
2014,34,広島,29,電気機械器具製造業,195.0,ok,9348.0,ok,23273393.0,ok,3783244.0,ok,14508812.0,ok,8380166.0,ok,490052.0,ok,4017263.0,ok,47.0,ok,7.0,ok
2014,34,広島,30,情報通信機械器具製造業,11.0,ok,2293.0,ok,24822396.0,ok,1035749.0,ok,16193078.0,ok,8063852.0,ok,,nil_or_na,,suppressed,6.0,ok,1.0,ok
2014,34,広島,31,輸送用機械器具製造業,503.0,ok,48079.0,ok,272797828.0,ok,26756802.0,ok,200573284.0,ok,77890998.0,ok,31900631.0,ok,67465119.0,ok,150.0,ok,20.0,ok
2014,34,広島,32,その他の製造業,196.0,ok,3690.0,ok,5262625.0,ok,1139498.0,ok,2651045.0,ok,2450756.0,ok,390515.0,ok,1100814.0,ok,24.0,ok,,nil_or_na
2014,35,山口,09,食料品製造業,407.0,ok,13545.0,ok,21930737.0,ok,3254167.0,ok,12547910.0,ok,8786770.0,ok,1737121.0,ok,4613597.0,ok,97.0,ok,3.0,ok
2014,35,山口,10,飲料・たばこ・飼料製造業,36.0,ok,1057.0,ok,5228315.0,ok,357090.0,ok,3632518.0,ok,1455944.0,ok,41779.0,ok,762617.0,ok,5.0,ok,,nil_or_na
2014,35,山口,11,繊維工業,77.0,ok,2823.0,ok,7229688.0,ok,963937.0,ok,4548860.0,ok,2523949.0,ok,73993.0,ok,4292296.0,ok,16.0,ok,3.0,ok
2014,35,山口,12,木材・木製品製造業（家具を除く）,68.0,ok,1552.0,ok,4824566.0,ok,526614.0,ok,3728321.0,ok,1024037.0,ok,117522.0,ok,455049.0,ok,10.0,ok,,nil_or_na
2014,35,山口,13,家具・装備品製造業,39.0,ok,323.0,ok,352230.0,ok,88399.0,ok,151334.0,ok,187009.0,ok,9378.0,ok,,suppressed,1.0,ok,,nil_or_na
2014,35,山口,14,パルプ・紙・紙加工品製造業,39.0,ok,1772.0,ok,10248752.0,ok,855913.0,ok,7028688.0,ok,3055850.0,ok,610936.0,ok,3674003.0,ok,14.0,ok,1.0,ok
2014,35,山口,15,印刷・同関連業,81.0,ok,2278.0,ok,3400477.0,ok,804875.0,ok,1618041.0,ok,1670128.0,ok,193194.0,ok,1092959.0,ok,18.0,ok,1.0,ok
2014,35,山口,16,化学工業,93.0,ok,14506.0,ok,164555325.0,ok,8740854.0,ok,81537943.0,ok,77024990.0,ok,10277655.0,ok,41508135.0,ok,43.0,ok,15.0,ok
2014,35,山口,17,石油製品・石炭製品製造業,21.0,ok,1462.0,ok,142278034.0,ok,844654.0,ok,116923977.0,ok,5633826.0,ok,1390273.0,ok,11419838.0,ok,3.0,ok,2.0,ok
2014,35,山口,18,プラスチック製品製造業（別掲を除く）,79.0,ok,3929.0,ok,10185879.0,ok,1410159.0,ok,6263219.0,ok,3683496.0,ok,139044.0,ok,1803536.0,ok,34.0,ok,,nil_or_na
2014,35,山口,19,ゴム製品製造業,21.0,ok,2567.0,ok,18034366.0,ok,1344982.0,ok,7734232.0,ok,10572867.0,ok,45158.0,ok,2818191.0,ok,10.0,ok,2.0,ok
2014,35,山口,20,なめし革・同製品・毛皮製造業,2.0,ok,105.0,ok,,suppressed,,suppressed,,suppressed,,suppressed,,nil_or_na,,suppressed,1.0,ok,,nil_or_na
2014,35,山口,21,窯業・土石製品製造業,151.0,ok,3923.0,ok,20578847.0,ok,1723223.0,ok,10434312.0,ok,9610376.0,ok,1503921.0,ok,7921057.0,ok,34.0,ok,,nil_or_na
2014,35,山口,22,鉄鋼業,50.0,ok,6083.0,ok,63622954.0,ok,3578834.0,ok,53208718.0,ok,10468707.0,ok,126081.0,ok,14183815.0,ok,18.0,ok,6.0,ok
2014,35,山口,23,非鉄金属製造業,17.0,ok,1387.0,ok,11187958.0,ok,937917.0,ok,9133849.0,ok,1952649.0,ok,3439.0,ok,1552701.0,ok,7.0,ok,1.0,ok
2014,35,山口,24,金属製品製造業,179.0,ok,5504.0,ok,17573312.0,ok,2389621.0,ok,10703689.0,ok,6444305.0,ok,2759288.0,ok,3120820.0,ok,42.0,ok,1.0,ok
2014,35,山口,25,はん用機械器具製造業,72.0,ok,3249.0,ok,7701587.0,ok,1550915.0,ok,4559260.0,ok,3035933.0,ok,169556.0,ok,1928375.0,ok,22.0,ok,2.0,ok
2014,35,山口,26,生産用機械器具製造業,140.0,ok,4930.0,ok,15754443.0,ok,2551290.0,ok,8701316.0,ok,6805695.0,ok,567374.0,ok,3437119.0,ok,37.0,ok,2.0,ok
2014,35,山口,27,業務用機械器具製造業,13.0,ok,375.0,ok,434157.0,ok,127074.0,ok,129573.0,ok,285228.0,ok,10769.0,ok,,suppressed,2.0,ok,,nil_or_na
2014,35,山口,28,電子部品・デバイス・電子回路製造業,19.0,ok,2571.0,ok,7566996.0,ok,1355563.0,ok,3798627.0,ok,3763700.0,ok,38909.0,ok,1598379.0,ok,8.0,ok,4.0,ok
2014,35,山口,29,電気機械器具製造業,59.0,ok,2254.0,ok,7790396.0,ok,800905.0,ok,5448824.0,ok,2196187.0,ok,3092569.0,ok,1112482.0,ok,12.0,ok,2.0,ok
2014,35,山口,30,情報通信機械器具製造業,1.0,ok,209.0,ok,,suppressed,,suppressed,,suppressed,,suppressed,,nil_or_na,,nil_or_na,1.0,ok,,nil_or_na
2014,35,山口,31,輸送用機械器具製造業,128.0,ok,14234.0,ok,110263087.0,ok,7278724.0,ok,79388225.0,ok,33220246.0,ok,1123702.0,ok,15203682.0,ok,44.0,ok,9.0,ok
2014,35,山口,32,その他の製造業,46.0,ok,740.0,ok,1051234.0,ok,225723.0,ok,520915.0,ok,499237.0,ok,86323.0,ok,139548.0,ok,5.0,ok,,nil_or_na
2014,36,徳島,09,食料品製造業,299.0,ok,7564.0,ok,16046435.0,ok,1925406.0,ok,10284272.0,ok,5435945.0,ok,893832.0,ok,3030801.0,ok,43.0,ok,3.0,ok
2014,36,徳島,10,飲料・たばこ・飼料製造業,24.0,ok,604.0,ok,2943704.0,ok,193403.0,ok,1924772.0,ok,897923.0,ok,170584.0,ok,247570.0,ok,4.0,ok,,nil_or_na
2014,36,徳島,11,繊維工業,132.0,ok,2239.0,ok,2811038.0,ok,491872.0,ok,1895828.0,ok,855193.0,ok,8937.0,ok,322203.0,ok,13.0,ok,,nil_or_na
2014,36,徳島,12,木材・木製品製造業（家具を除く）,89.0,ok,1478.0,ok,4015041.0,ok,483884.0,ok,2418746.0,ok,1506412.0,ok,90656.0,ok,985199.0,ok,10.0,ok,,nil_or_na
2014,36,徳島,13,家具・装備品製造業,97.0,ok,1732.0,ok,2261059.0,ok,497343.0,ok,1393957.0,ok,809730.0,ok,88662.0,ok,322918.0,ok,7.0,ok,,nil_or_na
2014,36,徳島,14,パルプ・紙・紙加工品製造業,36.0,ok,2432.0,ok,11778296.0,ok,1231043.0,ok,8005449.0,ok,3550562.0,ok,638350.0,ok,8819639.0,ok,17.0,ok,1.0,ok
2014,36,徳島,15,印刷・同関連業,49.0,ok,1148.0,ok,1310815.0,ok,399047.0,ok,600301.0,ok,666474.0,ok,3971.0,ok,295505.0,ok,7.0,ok,1.0,ok
2014,36,徳島,16,化学工業,42.0,ok,5842.0,ok,56623335.0,ok,3841189.0,ok,13043893.0,ok,41396259.0,ok,1351775.0,ok,13769602.0,ok,20.0,ok,7.0,ok
2014,36,徳島,17,石油製品・石炭製品製造業,4.0,ok,24.0,ok,217684.0,ok,11165.0,ok,127105.0,ok,84496.0,ok,,suppressed,,nil_or_na,,nil_or_na,,nil_or_na
2014,36,徳島,18,プラスチック製品製造業（別掲を除く）,35.0,ok,1748.0,ok,5638408.0,ok,751037.0,ok,3543031.0,ok,1972914.0,ok,296186.0,ok,1680632.0,ok,12.0,ok,,nil_or_na
2014,36,徳島,19,ゴム製品製造業,15.0,ok,551.0,ok,1032055.0,ok,182015.0,ok,574845.0,ok,427320.0,ok,862.0,ok,,suppressed,,nil_or_na,1.0,ok
2014,36,徳島,20,なめし革・同製品・毛皮製造業,3.0,ok,53.0,ok,28181.0,ok,13787.0,ok,4192.0,ok,22378.0,ok,,nil_or_na,,nil_or_na,,nil_or_na,,nil_or_na
2014,36,徳島,21,窯業・土石製品製造業,72.0,ok,1077.0,ok,2069482.0,ok,344644.0,ok,1112547.0,ok,892716.0,ok,94273.0,ok,,suppressed,5.0,ok,,nil_or_na
2014,36,徳島,22,鉄鋼業,11.0,ok,510.0,ok,3687465.0,ok,244633.0,ok,3476949.0,ok,204342.0,ok,41941.0,ok,1227483.0,ok,4.0,ok,,nil_or_na
2014,36,徳島,23,非鉄金属製造業,1.0,ok,5.0,ok,,suppressed,,suppressed,,suppressed,,suppressed,,suppressed,,nil_or_na,,nil_or_na,,nil_or_na
2014,36,徳島,24,金属製品製造業,112.0,ok,2958.0,ok,7166216.0,ok,1233654.0,ok,3893219.0,ok,3067995.0,ok,113388.0,ok,1277084.0,ok,17.0,ok,1.0,ok
2014,36,徳島,25,はん用機械器具製造業,36.0,ok,2280.0,ok,7091135.0,ok,1196520.0,ok,4542914.0,ok,2520275.0,ok,95202.0,ok,1503586.0,ok,9.0,ok,1.0,ok
2014,36,徳島,26,生産用機械器具製造業,82.0,ok,2268.0,ok,4807095.0,ok,1008873.0,ok,2623930.0,ok,2080513.0,ok,911122.0,ok,825520.0,ok,15.0,ok,1.0,ok
2014,36,徳島,27,業務用機械器具製造業,5.0,ok,187.0,ok,301368.0,ok,97942.0,ok,190793.0,ok,104127.0,ok,2094.0,ok,,suppressed,1.0,ok,,nil_or_na
2014,36,徳島,28,電子部品・デバイス・電子回路製造業,8.0,ok,7271.0,ok,,suppressed,,suppressed,,suppressed,,suppressed,189598.0,ok,11562471.0,ok,3.0,ok,3.0,ok
2014,36,徳島,29,電気機械器具製造業,34.0,ok,2301.0,ok,11423005.0,ok,1046120.0,ok,7105796.0,ok,4350725.0,ok,184877.0,ok,2641650.0,ok,13.0,ok,1.0,ok
2014,36,徳島,30,情報通信機械器具製造業,2.0,ok,127.0,ok,,suppressed,,suppressed,,suppressed,,suppressed,,suppressed,,suppressed,2.0,ok,,nil_or_na
2014,36,徳島,31,輸送用機械器具製造業,27.0,ok,634.0,ok,1487461.0,ok,238568.0,ok,1025357.0,ok,444890.0,ok,2523.0,ok,350377.0,ok,6.0,ok,,nil_or_na
2014,36,徳島,32,その他の製造業,41.0,ok,619.0,ok,2206747.0,ok,219070.0,ok,449219.0,ok,1642666.0,ok,9394.0,ok,577365.0,ok,3.0,ok,,nil_or_na
2014,37,香川,09,食料品製造業,462.0,ok,14944.0,ok,31510341.0,ok,3925362.0,ok,20192750.0,ok,10610420.0,ok,1923669.0,ok,6261432.0,ok,104.0,ok,4.0,ok
2014,37,香川,10,飲料・たばこ・飼料製造業,20.0,ok,329.0,ok,2738446.0,ok,124429.0,ok,2400807.0,ok,297886.0,ok,216930.0,ok,180960.0,ok,3.0,ok,,nil_or_na
2014,37,香川,11,繊維工業,155.0,ok,3150.0,ok,4986074.0,ok,847396.0,ok,2755166.0,ok,2126296.0,ok,271426.0,ok,1199197.0,ok,24.0,ok,,nil_or_na
2014,37,香川,12,木材・木製品製造業（家具を除く）,48.0,ok,1020.0,ok,3350626.0,ok,347942.0,ok,2253484.0,ok,1025800.0,ok,303117.0,ok,645717.0,ok,7.0,ok,,nil_or_na
2014,37,香川,13,家具・装備品製造業,67.0,ok,839.0,ok,1475641.0,ok,274200.0,ok,943050.0,ok,497410.0,ok,62552.0,ok,,suppressed,2.0,ok,,nil_or_na
2014,37,香川,14,パルプ・紙・紙加工品製造業,68.0,ok,3481.0,ok,12479052.0,ok,1449512.0,ok,8879495.0,ok,3409038.0,ok,581296.0,ok,3328482.0,ok,28.0,ok,1.0,ok
2014,37,香川,15,印刷・同関連業,115.0,ok,3205.0,ok,5518665.0,ok,1112115.0,ok,2956384.0,ok,2410649.0,ok,212177.0,ok,1651989.0,ok,31.0,ok,1.0,ok
2014,37,香川,16,化学工業,42.0,ok,3364.0,ok,15057377.0,ok,1543272.0,ok,6496014.0,ok,8133732.0,ok,1348950.0,ok,6516851.0,ok,17.0,ok,2.0,ok
2014,37,香川,17,石油製品・石炭製品製造業,7.0,ok,692.0,ok,11364179.0,ok,440659.0,ok,10084621.0,ok,1212122.0,ok,4964.0,ok,,suppressed,1.0,ok,1.0,ok
2014,37,香川,18,プラスチック製品製造業（別掲を除く）,100.0,ok,3869.0,ok,12555855.0,ok,1433309.0,ok,8338012.0,ok,3963458.0,ok,756157.0,ok,3587891.0,ok,33.0,ok,,nil_or_na
2014,37,香川,19,ゴム製品製造業,13.0,ok,663.0,ok,1738652.0,ok,284341.0,ok,829788.0,ok,851101.0,ok,32796.0,ok,437251.0,ok,4.0,ok,,nil_or_na
2014,37,香川,20,なめし革・同製品・毛皮製造業,22.0,ok,564.0,ok,1050852.0,ok,149902.0,ok,374863.0,ok,631119.0,ok,,nil_or_na,98330.0,ok,6.0,ok,,nil_or_na
2014,37,香川,21,窯業・土石製品製造業,139.0,ok,3087.0,ok,6980658.0,ok,1269557.0,ok,3749456.0,ok,3048230.0,ok,448189.0,ok,2838098.0,ok,7.0,ok,2.0,ok
2014,37,香川,22,鉄鋼業,27.0,ok,649.0,ok,4796776.0,ok,284552.0,ok,3876243.0,ok,870481.0,ok,4663.0,ok,889351.0,ok,6.0,ok,,nil_or_na
2014,37,香川,23,非鉄金属製造業,11.0,ok,856.0,ok,37956801.0,ok,454321.0,ok,30928064.0,ok,6577546.0,ok,171116.0,ok,3626364.0,ok,5.0,ok,1.0,ok
2014,37,香川,24,金属製品製造業,243.0,ok,6466.0,ok,15453269.0,ok,2678628.0,ok,8896248.0,ok,6166077.0,ok,401777.0,ok,3648720.0,ok,43.0,ok,1.0,ok
2014,37,香川,25,はん用機械器具製造業,89.0,ok,4008.0,ok,11366175.0,ok,1912184.0,ok,6406125.0,ok,4749585.0,ok,776775.0,ok,2866998.0,ok,21.0,ok,2.0,ok
2014,37,香川,26,生産用機械器具製造業,119.0,ok,3750.0,ok,11020530.0,ok,1740373.0,ok,8684654.0,ok,2205135.0,ok,369713.0,ok,2080720.0,ok,18.0,ok,2.0,ok
2014,37,香川,27,業務用機械器具製造業,12.0,ok,411.0,ok,685345.0,ok,181125.0,ok,351482.0,ok,312214.0,ok,47774.0,ok,143088.0,ok,3.0,ok,,nil_or_na
2014,37,香川,28,電子部品・デバイス・電子回路製造業,14.0,ok,2652.0,ok,4769649.0,ok,1099419.0,ok,2226301.0,ok,2404770.0,ok,4562.0,ok,990131.0,ok,6.0,ok,2.0,ok
2014,37,香川,29,電気機械器具製造業,70.0,ok,5198.0,ok,15338682.0,ok,2480854.0,ok,10141218.0,ok,4975240.0,ok,254142.0,ok,2184168.0,ok,30.0,ok,4.0,ok
2014,37,香川,30,情報通信機械器具製造業,,nil_or_na,,nil_or_na,,nil_or_na,,nil_or_na,,nil_or_na,,nil_or_na,,nil_or_na,,nil_or_na,,nil_or_na,,nil_or_na
2014,37,香川,31,輸送用機械器具製造業,87.0,ok,4044.0,ok,23538791.0,ok,1911467.0,ok,14944236.0,ok,8129511.0,ok,768266.0,ok,4960488.0,ok,19.0,ok,3.0,ok
2014,37,香川,32,その他の製造業,69.0,ok,1007.0,ok,1406082.0,ok,296818.0,ok,692426.0,ok,666713.0,ok,179582.0,ok,251603.0,ok,8.0,ok,,nil_or_na
2014,38,愛媛,09,食料品製造業,424.0,ok,13756.0,ok,28451529.0,ok,3441832.0,ok,18226232.0,ok,9572867.0,ok,2543287.0,ok,6287277.0,ok,98.0,ok,6.0,ok
2014,38,愛媛,10,飲料・たばこ・飼料製造業,44.0,ok,754.0,ok,7065027.0,ok,287726.0,ok,3476420.0,ok,1861299.0,ok,107515.0,ok,1924153.0,ok,4.0,ok,,nil_or_na
2014,38,愛媛,11,繊維工業,310.0,ok,8338.0,ok,18291548.0,ok,2712876.0,ok,10969160.0,ok,7097023.0,ok,605001.0,ok,8374888.0,ok,44.0,ok,3.0,ok
2014,38,愛媛,12,木材・木製品製造業（家具を除く）,82.0,ok,1436.0,ok,3161544.0,ok,450210.0,ok,2192830.0,ok,906645.0,ok,74836.0,ok,557082.0,ok,10.0,ok,,nil_or_na
2014,38,愛媛,13,家具・装備品製造業,55.0,ok,658.0,ok,762037.0,ok,193516.0,ok,405613.0,ok,334297.0,ok,21284.0,ok,166760.0,ok,4.0,ok,,nil_or_na
2014,38,愛媛,14,パルプ・紙・紙加工品製造業,234.0,ok,10246.0,ok,56690193.0,ok,4450857.0,ok,36252109.0,ok,19197726.0,ok,2042743.0,ok,25654883.0,ok,66.0,ok,7.0,ok
2014,38,愛媛,15,印刷・同関連業,98.0,ok,1800.0,ok,2436290.0,ok,560199.0,ok,1206073.0,ok,1155520.0,ok,236574.0,ok,884586.0,ok,17.0,ok,,nil_or_na
2014,38,愛媛,16,化学工業,48.0,ok,3355.0,ok,34544384.0,ok,2354246.0,ok,23238836.0,ok,10859215.0,ok,454563.0,ok,12782408.0,ok,19.0,ok,2.0,ok
2014,38,愛媛,17,石油製品・石炭製品製造業,12.0,ok,650.0,ok,59273192.0,ok,451474.0,ok,54570132.0,ok,-4578559.0,ok,26947.0,ok,,suppressed,1.0,ok,1.0,ok
2014,38,愛媛,18,プラスチック製品製造業（別掲を除く）,84.0,ok,3418.0,ok,14692963.0,ok,1445419.0,ok,9068481.0,ok,5542423.0,ok,569483.0,ok,5530941.0,ok,23.0,ok,2.0,ok
2014,38,愛媛,19,ゴム製品製造業,13.0,ok,412.0,ok,408683.0,ok,109661.0,ok,244739.0,ok,153453.0,ok,33549.0,ok,81253.0,ok,4.0,ok,,nil_or_na
2014,38,愛媛,20,なめし革・同製品・毛皮製造業,2.0,ok,65.0,ok,,suppressed,,suppressed,,suppressed,,suppressed,,nil_or_na,,suppressed,1.0,ok,,nil_or_na
2014,38,愛媛,21,窯業・土石製品製造業,126.0,ok,2001.0,ok,4009896.0,ok,651943.0,ok,2281713.0,ok,1619283.0,ok,280246.0,ok,862604.0,ok,13.0,ok,,nil_or_na
2014,38,愛媛,22,鉄鋼業,35.0,ok,931.0,ok,11045458.0,ok,385414.0,ok,9643585.0,ok,1321989.0,ok,83685.0,ok,2632416.0,ok,9.0,ok,,nil_or_na
2014,38,愛媛,23,非鉄金属製造業,13.0,ok,1310.0,ok,68654110.0,ok,798719.0,ok,59609552.0,ok,8609193.0,ok,8315278.0,ok,4931706.0,ok,10.0,ok,,nil_or_na
2014,38,愛媛,24,金属製品製造業,169.0,ok,2945.0,ok,6476851.0,ok,1123397.0,ok,3418732.0,ok,2856363.0,ok,527031.0,ok,635851.0,ok,17.0,ok,,nil_or_na
2014,38,愛媛,25,はん用機械器具製造業,83.0,ok,4379.0,ok,12975757.0,ok,2137061.0,ok,6437742.0,ok,6178537.0,ok,137815.0,ok,3285011.0,ok,25.0,ok,3.0,ok
2014,38,愛媛,26,生産用機械器具製造業,210.0,ok,6709.0,ok,19501255.0,ok,2910127.0,ok,11714227.0,ok,7471494.0,ok,929022.0,ok,3638780.0,ok,48.0,ok,1.0,ok
2014,38,愛媛,27,業務用機械器具製造業,14.0,ok,275.0,ok,296890.0,ok,85065.0,ok,107879.0,ok,176370.0,ok,18559.0,ok,67808.0,ok,3.0,ok,,nil_or_na
2014,38,愛媛,28,電子部品・デバイス・電子回路製造業,17.0,ok,2832.0,ok,5755966.0,ok,1289008.0,ok,2373449.0,ok,3168589.0,ok,518311.0,ok,1832612.0,ok,11.0,ok,2.0,ok
2014,38,愛媛,29,電気機械器具製造業,49.0,ok,3633.0,ok,11095873.0,ok,1842100.0,ok,5301267.0,ok,5566252.0,ok,628064.0,ok,3879495.0,ok,16.0,ok,4.0,ok
2014,38,愛媛,30,情報通信機械器具製造業,1.0,ok,14.0,ok,,suppressed,,suppressed,,suppressed,,suppressed,,nil_or_na,,nil_or_na,,nil_or_na,,nil_or_na
2014,38,愛媛,31,輸送用機械器具製造業,137.0,ok,4542.0,ok,47171001.0,ok,1922029.0,ok,35879039.0,ok,12297376.0,ok,5947689.0,ok,11927333.0,ok,26.0,ok,1.0,ok
2014,38,愛媛,32,その他の製造業,58.0,ok,815.0,ok,988542.0,ok,224868.0,ok,440898.0,ok,514335.0,ok,29974.0,ok,233630.0,ok,5.0,ok,,nil_or_na
2014,39,高知,09,食料品製造業,258.0,ok,5515.0,ok,7679232.0,ok,1295093.0,ok,4418481.0,ok,3061746.0,ok,611870.0,ok,1733338.0,ok,45.0,ok,,nil_or_na
2014,39,高知,10,飲料・たばこ・飼料製造業,36.0,ok,590.0,ok,1241527.0,ok,183028.0,ok,615809.0,ok,489109.0,ok,10651.0,ok,327618.0,ok,5.0,ok,,nil_or_na
2014,39,高知,11,繊維工業,68.0,ok,1504.0,ok,1714568.0,ok,383986.0,ok,1001117.0,ok,671829.0,ok,239536.0,ok,485757.0,ok,18.0,ok,,nil_or_na
2014,39,高知,12,木材・木製品製造業（家具を除く）,85.0,ok,987.0,ok,2040100.0,ok,286650.0,ok,1326289.0,ok,679411.0,ok,202142.0,ok,,suppressed,2.0,ok,,nil_or_na
2014,39,高知,13,家具・装備品製造業,28.0,ok,276.0,ok,386719.0,ok,79906.0,ok,203586.0,ok,176050.0,ok,1422.0,ok,,suppressed,2.0,ok,,nil_or_na
2014,39,高知,14,パルプ・紙・紙加工品製造業,59.0,ok,2413.0,ok,5826752.0,ok,939217.0,ok,3270471.0,ok,2425428.0,ok,222979.0,ok,2545278.0,ok,26.0,ok,,nil_or_na
2014,39,高知,15,印刷・同関連業,49.0,ok,765.0,ok,1061797.0,ok,235589.0,ok,646820.0,ok,388186.0,ok,37288.0,ok,108041.0,ok,7.0,ok,,nil_or_na
2014,39,高知,16,化学工業,12.0,ok,244.0,ok,750441.0,ok,89285.0,ok,402194.0,ok,327280.0,ok,13407.0,ok,,suppressed,2.0,ok,,nil_or_na
2014,39,高知,17,石油製品・石炭製品製造業,5.0,ok,54.0,ok,246098.0,ok,32485.0,ok,181752.0,ok,60215.0,ok,6263.0,ok,,suppressed,1.0,ok,,nil_or_na
2014,39,高知,18,プラスチック製品製造業（別掲を除く）,19.0,ok,571.0,ok,941738.0,ok,157728.0,ok,527597.0,ok,387558.0,ok,48421.0,ok,168231.0,ok,7.0,ok,,nil_or_na
2014,39,高知,19,ゴム製品製造業,,nil_or_na,,nil_or_na,,nil_or_na,,nil_or_na,,nil_or_na,,nil_or_na,,nil_or_na,,nil_or_na,,nil_or_na,,nil_or_na
2014,39,高知,20,なめし革・同製品・毛皮製造業,1.0,ok,6.0,ok,,suppressed,,suppressed,,suppressed,,suppressed,,suppressed,,nil_or_na,,nil_or_na,,nil_or_na
2014,39,高知,21,窯業・土石製品製造業,96.0,ok,1445.0,ok,5761733.0,ok,544183.0,ok,3174366.0,ok,2441733.0,ok,1415123.0,ok,2267633.0,ok,8.0,ok,,nil_or_na
2014,39,高知,22,鉄鋼業,23.0,ok,830.0,ok,3855271.0,ok,372725.0,ok,2778391.0,ok,1015363.0,ok,1122099.0,ok,597820.0,ok,7.0,ok,,nil_or_na
2014,39,高知,23,非鉄金属製造業,2.0,ok,210.0,ok,,suppressed,,suppressed,,suppressed,,suppressed,,suppressed,,suppressed,2.0,ok,,nil_or_na
2014,39,高知,24,金属製品製造業,73.0,ok,868.0,ok,1364123.0,ok,299261.0,ok,694356.0,ok,625289.0,ok,80016.0,ok,69445.0,ok,4.0,ok,,nil_or_na
2014,39,高知,25,はん用機械器具製造業,33.0,ok,714.0,ok,1370018.0,ok,258009.0,ok,663377.0,ok,696875.0,ok,240528.0,ok,985797.0,ok,6.0,ok,,nil_or_na
2014,39,高知,26,生産用機械器具製造業,91.0,ok,2638.0,ok,5067413.0,ok,1150582.0,ok,2608369.0,ok,2313162.0,ok,413434.0,ok,1609713.0,ok,26.0,ok,,nil_or_na
2014,39,高知,27,業務用機械器具製造業,9.0,ok,460.0,ok,2371151.0,ok,119376.0,ok,2042918.0,ok,309720.0,ok,522287.0,ok,207344.0,ok,4.0,ok,,nil_or_na
2014,39,高知,28,電子部品・デバイス・電子回路製造業,13.0,ok,1024.0,ok,2512568.0,ok,416293.0,ok,1591234.0,ok,870961.0,ok,961482.0,ok,737519.0,ok,6.0,ok,,nil_or_na
2014,39,高知,29,電気機械器具製造業,20.0,ok,668.0,ok,830010.0,ok,179849.0,ok,549162.0,ok,263692.0,ok,25443.0,ok,208849.0,ok,8.0,ok,,nil_or_na
2014,39,高知,30,情報通信機械器具製造業,,nil_or_na,,nil_or_na,,nil_or_na,,nil_or_na,,nil_or_na,,nil_or_na,,nil_or_na,,nil_or_na,,nil_or_na,,nil_or_na
2014,39,高知,31,輸送用機械器具製造業,25.0,ok,1049.0,ok,2749216.0,ok,435934.0,ok,1929880.0,ok,766293.0,ok,143787.0,ok,785963.0,ok,7.0,ok,,nil_or_na
2014,39,高知,32,その他の製造業,38.0,ok,866.0,ok,2153494.0,ok,309833.0,ok,1446125.0,ok,717502.0,ok,946832.0,ok,264125.0,ok,6.0,ok,,nil_or_na
2014,40,福岡,09,食料品製造業,972.0,ok,43876.0,ok,90417086.0,ok,11211137.0,ok,52663446.0,ok,35428165.0,ok,3806470.0,ok,19541221.0,ok,284.0,ok,15.0,ok
2014,40,福岡,10,飲料・たばこ・飼料製造業,161.0,ok,3668.0,ok,49224688.0,ok,1515276.0,ok,13599271.0,ok,11271292.0,ok,577007.0,ok,6367446.0,ok,24.0,ok,,nil_or_na
2014,40,福岡,11,繊維工業,268.0,ok,4974.0,ok,4677496.0,ok,1094058.0,ok,2524390.0,ok,2020891.0,ok,249442.0,ok,780934.0,ok,34.0,ok,,nil_or_na
2014,40,福岡,12,木材・木製品製造業（家具を除く）,209.0,ok,2700.0,ok,6543681.0,ok,879002.0,ok,4375786.0,ok,2026372.0,ok,1496620.0,ok,689040.0,ok,17.0,ok,,nil_or_na
2014,40,福岡,13,家具・装備品製造業,355.0,ok,5188.0,ok,8245950.0,ok,1539521.0,ok,4603502.0,ok,3408183.0,ok,211821.0,ok,873613.0,ok,30.0,ok,,nil_or_na
2014,40,福岡,14,パルプ・紙・紙加工品製造業,126.0,ok,3350.0,ok,8011522.0,ok,1117755.0,ok,4828257.0,ok,2983070.0,ok,685887.0,ok,2540954.0,ok,39.0,ok,,nil_or_na
2014,40,福岡,15,印刷・同関連業,373.0,ok,10222.0,ok,20940529.0,ok,3862469.0,ok,10379045.0,ok,9882200.0,ok,496973.0,ok,5461298.0,ok,58.0,ok,7.0,ok
2014,40,福岡,16,化学工業,145.0,ok,8506.0,ok,53069505.0,ok,4586758.0,ok,30529047.0,ok,21491563.0,ok,2246164.0,ok,18526143.0,ok,47.0,ok,7.0,ok
2014,40,福岡,17,石油製品・石炭製品製造業,32.0,ok,795.0,ok,8154858.0,ok,442838.0,ok,6579473.0,ok,1498337.0,ok,418469.0,ok,,suppressed,1.0,ok,1.0,ok
2014,40,福岡,18,プラスチック製品製造業（別掲を除く）,257.0,ok,10099.0,ok,22292831.0,ok,3662746.0,ok,13687949.0,ok,8113555.0,ok,920800.0,ok,5422254.0,ok,70.0,ok,3.0,ok
2014,40,福岡,19,ゴム製品製造業,55.0,ok,4766.0,ok,25513133.0,ok,2329687.0,ok,13555906.0,ok,12122185.0,ok,651561.0,ok,5431354.0,ok,13.0,ok,5.0,ok
2014,40,福岡,20,なめし革・同製品・毛皮製造業,10.0,ok,218.0,ok,248833.0,ok,61277.0,ok,121025.0,ok,119365.0,ok,,nil_or_na,,suppressed,1.0,ok,,nil_or_na
2014,40,福岡,21,窯業・土石製品製造業,342.0,ok,12658.0,ok,41093364.0,ok,7226931.0,ok,24903441.0,ok,15414819.0,ok,4805050.0,ok,14324927.0,ok,60.0,ok,7.0,ok
2014,40,福岡,22,鉄鋼業,172.0,ok,10440.0,ok,90468872.0,ok,6062301.0,ok,64351399.0,ok,26275121.0,ok,1957735.0,ok,35774116.0,ok,44.0,ok,5.0,ok
2014,40,福岡,23,非鉄金属製造業,52.0,ok,2522.0,ok,11883762.0,ok,1108604.0,ok,7826114.0,ok,3825308.0,ok,504049.0,ok,5825506.0,ok,24.0,ok,,nil_or_na
2014,40,福岡,24,金属製品製造業,735.0,ok,18439.0,ok,48587419.0,ok,7860445.0,ok,30089090.0,ok,17385894.0,ok,2330599.0,ok,9614568.0,ok,114.0,ok,4.0,ok
2014,40,福岡,25,はん用機械器具製造業,215.0,ok,6989.0,ok,15210329.0,ok,3034800.0,ok,8157333.0,ok,6628137.0,ok,2269866.0,ok,5062935.0,ok,53.0,ok,3.0,ok
2014,40,福岡,26,生産用機械器具製造業,421.0,ok,13823.0,ok,34094665.0,ok,6598760.0,ok,21522426.0,ok,12233188.0,ok,1337521.0,ok,7081348.0,ok,93.0,ok,6.0,ok
2014,40,福岡,27,業務用機械器具製造業,46.0,ok,1146.0,ok,3096579.0,ok,498840.0,ok,2137179.0,ok,903514.0,ok,447281.0,ok,650583.0,ok,12.0,ok,,nil_or_na
2014,40,福岡,28,電子部品・デバイス・電子回路製造業,56.0,ok,6127.0,ok,24747046.0,ok,2916901.0,ok,14540499.0,ok,10028440.0,ok,202015.0,ok,4600207.0,ok,25.0,ok,6.0,ok
2014,40,福岡,29,電気機械器具製造業,204.0,ok,11784.0,ok,27544379.0,ok,4946424.0,ok,19312284.0,ok,7815520.0,ok,1089684.0,ok,4014518.0,ok,62.0,ok,10.0,ok
2014,40,福岡,30,情報通信機械器具製造業,11.0,ok,618.0,ok,1083972.0,ok,225801.0,ok,705675.0,ok,353276.0,ok,3029.0,ok,144475.0,ok,5.0,ok,,nil_or_na
2014,40,福岡,31,輸送用機械器具製造業,155.0,ok,24406.0,ok,241851440.0,ok,14062049.0,ok,210622629.0,ok,32194362.0,ok,974533.0,ok,26716720.0,ok,64.0,ok,13.0,ok
2014,40,福岡,32,その他の製造業,227.0,ok,2550.0,ok,6362229.0,ok,808879.0,ok,3805556.0,ok,2406964.0,ok,343512.0,ok,834653.0,ok,8.0,ok,,nil_or_na
2014,41,佐賀,09,食料品製造業,304.0,ok,16604.0,ok,32402488.0,ok,4470290.0,ok,20054436.0,ok,11588023.0,ok,2352134.0,ok,7513688.0,ok,92.0,ok,14.0,ok
2014,41,佐賀,10,飲料・たばこ・飼料製造業,49.0,ok,1271.0,ok,3735219.0,ok,516737.0,ok,2246322.0,ok,1299773.0,ok,116508.0,ok,1056925.0,ok,7.0,ok,,nil_or_na
2014,41,佐賀,11,繊維工業,81.0,ok,2771.0,ok,2019303.0,ok,582359.0,ok,988874.0,ok,962734.0,ok,45110.0,ok,407956.0,ok,25.0,ok,,nil_or_na
2014,41,佐賀,12,木材・木製品製造業（家具を除く）,46.0,ok,692.0,ok,2144259.0,ok,225933.0,ok,1281797.0,ok,805056.0,ok,236916.0,ok,317510.0,ok,4.0,ok,,nil_or_na
2014,41,佐賀,13,家具・装備品製造業,53.0,ok,1188.0,ok,3540756.0,ok,396576.0,ok,2713711.0,ok,776126.0,ok,1625266.0,ok,611249.0,ok,5.0,ok,1.0,ok
2014,41,佐賀,14,パルプ・紙・紙加工品製造業,39.0,ok,1640.0,ok,7316106.0,ok,657746.0,ok,5130388.0,ok,2060646.0,ok,728047.0,ok,1828987.0,ok,15.0,ok,,nil_or_na
2014,41,佐賀,15,印刷・同関連業,54.0,ok,1061.0,ok,1903195.0,ok,348610.0,ok,915412.0,ok,930026.0,ok,77547.0,ok,447684.0,ok,11.0,ok,,nil_or_na
2014,41,佐賀,16,化学工業,33.0,ok,2259.0,ok,17008825.0,ok,1057239.0,ok,6954729.0,ok,9375508.0,ok,1336246.0,ok,1635410.0,ok,15.0,ok,1.0,ok
2014,41,佐賀,17,石油製品・石炭製品製造業,7.0,ok,80.0,ok,461921.0,ok,29507.0,ok,348052.0,ok,106220.0,ok,28831.0,ok,,suppressed,1.0,ok,,nil_or_na
2014,41,佐賀,18,プラスチック製品製造業（別掲を除く）,55.0,ok,1804.0,ok,3707114.0,ok,585856.0,ok,2366928.0,ok,1256701.0,ok,12553.0,ok,748876.0,ok,16.0,ok,,nil_or_na
2014,41,佐賀,19,ゴム製品製造業,12.0,ok,1799.0,ok,5459793.0,ok,857512.0,ok,2614111.0,ok,2670662.0,ok,27766.0,ok,714834.0,ok,3.0,ok,3.0,ok
2014,41,佐賀,20,なめし革・同製品・毛皮製造業,7.0,ok,427.0,ok,813573.0,ok,109238.0,ok,568107.0,ok,229072.0,ok,,nil_or_na,19912.0,ok,3.0,ok,,nil_or_na
2014,41,佐賀,21,窯業・土石製品製造業,207.0,ok,3425.0,ok,4719241.0,ok,1018363.0,ok,2082245.0,ok,2467065.0,ok,250790.0,ok,888717.0,ok,24.0,ok,,nil_or_na
2014,41,佐賀,22,鉄鋼業,14.0,ok,1137.0,ok,4078306.0,ok,626440.0,ok,2489402.0,ok,1500353.0,ok,89323.0,ok,1328784.0,ok,4.0,ok,1.0,ok
2014,41,佐賀,23,非鉄金属製造業,6.0,ok,1219.0,ok,5821076.0,ok,674229.0,ok,4776211.0,ok,1155112.0,ok,45504.0,ok,1464997.0,ok,2.0,ok,2.0,ok
2014,41,佐賀,24,金属製品製造業,129.0,ok,3481.0,ok,9871322.0,ok,1595961.0,ok,5691633.0,ok,3945784.0,ok,136359.0,ok,2833902.0,ok,21.0,ok,,nil_or_na
2014,41,佐賀,25,はん用機械器具製造業,30.0,ok,847.0,ok,1534157.0,ok,330732.0,ok,873523.0,ok,619583.0,ok,88976.0,ok,143221.0,ok,7.0,ok,,nil_or_na
2014,41,佐賀,26,生産用機械器具製造業,107.0,ok,3569.0,ok,6900276.0,ok,1422617.0,ok,3310003.0,ok,3398216.0,ok,473298.0,ok,2664509.0,ok,32.0,ok,,nil_or_na
2014,41,佐賀,27,業務用機械器具製造業,5.0,ok,152.0,ok,318893.0,ok,53220.0,ok,143270.0,ok,167632.0,ok,,nil_or_na,,suppressed,2.0,ok,,nil_or_na
2014,41,佐賀,28,電子部品・デバイス・電子回路製造業,15.0,ok,3105.0,ok,14773750.0,ok,1579659.0,ok,9242018.0,ok,5578433.0,ok,58113.0,ok,8618918.0,ok,6.0,ok,2.0,ok
2014,41,佐賀,29,電気機械器具製造業,58.0,ok,4402.0,ok,15776467.0,ok,2003655.0,ok,10042942.0,ok,5402769.0,ok,102209.0,ok,1978570.0,ok,26.0,ok,2.0,ok
2014,41,佐賀,30,情報通信機械器具製造業,6.0,ok,710.0,ok,3070390.0,ok,440458.0,ok,1648686.0,ok,1331886.0,ok,40265.0,ok,483451.0,ok,2.0,ok,1.0,ok
2014,41,佐賀,31,輸送用機械器具製造業,44.0,ok,3350.0,ok,20056692.0,ok,1593531.0,ok,12443477.0,ok,7838707.0,ok,211743.0,ok,2476727.0,ok,14.0,ok,2.0,ok
2014,41,佐賀,32,その他の製造業,46.0,ok,1431.0,ok,6132331.0,ok,506276.0,ok,4949327.0,ok,1109216.0,ok,586109.0,ok,265070.0,ok,6.0,ok,1.0,ok
2014,42,長崎,09,食料品製造業,672.0,ok,14951.0,ok,24953917.0,ok,3314325.0,ok,15695454.0,ok,8685916.0,ok,1507098.0,ok,5176928.0,ok,83.0,ok,6.0,ok
2014,42,長崎,10,飲料・たばこ・飼料製造業,57.0,ok,861.0,ok,3394565.0,ok,269465.0,ok,2522861.0,ok,724768.0,ok,193976.0,ok,422656.0,ok,8.0,ok,,nil_or_na
2014,42,長崎,11,繊維工業,119.0,ok,3979.0,ok,2517284.0,ok,765379.0,ok,1091078.0,ok,1333572.0,ok,24444.0,ok,435334.0,ok,34.0,ok,1.0,ok
2014,42,長崎,12,木材・木製品製造業（家具を除く）,29.0,ok,313.0,ok,423867.0,ok,92065.0,ok,221276.0,ok,188986.0,ok,27590.0,ok,,nil_or_na,,nil_or_na,,nil_or_na
2014,42,長崎,13,家具・装備品製造業,35.0,ok,314.0,ok,441613.0,ok,92912.0,ok,230966.0,ok,196502.0,ok,4898.0,ok,,nil_or_na,,nil_or_na,,nil_or_na
2014,42,長崎,14,パルプ・紙・紙加工品製造業,16.0,ok,439.0,ok,662430.0,ok,124568.0,ok,414197.0,ok,232571.0,ok,35482.0,ok,178361.0,ok,3.0,ok,,nil_or_na
2014,42,長崎,15,印刷・同関連業,72.0,ok,1146.0,ok,1245875.0,ok,339179.0,ok,478210.0,ok,718803.0,ok,6255.0,ok,429579.0,ok,9.0,ok,,nil_or_na
2014,42,長崎,16,化学工業,14.0,ok,372.0,ok,903316.0,ok,143609.0,ok,481648.0,ok,397879.0,ok,126740.0,ok,,suppressed,2.0,ok,,nil_or_na
2014,42,長崎,17,石油製品・石炭製品製造業,6.0,ok,58.0,ok,211279.0,ok,24786.0,ok,122940.0,ok,82406.0,ok,3942.0,ok,,nil_or_na,,nil_or_na,,nil_or_na
2014,42,長崎,18,プラスチック製品製造業（別掲を除く）,26.0,ok,822.0,ok,1474702.0,ok,284338.0,ok,831086.0,ok,605638.0,ok,51445.0,ok,1004548.0,ok,7.0,ok,,nil_or_na
2014,42,長崎,19,ゴム製品製造業,6.0,ok,85.0,ok,60173.0,ok,17208.0,ok,24296.0,ok,33522.0,ok,,suppressed,,suppressed,1.0,ok,,nil_or_na
2014,42,長崎,20,なめし革・同製品・毛皮製造業,1.0,ok,8.0,ok,,suppressed,,suppressed,,suppressed,,suppressed,,nil_or_na,,nil_or_na,,nil_or_na,,nil_or_na
2014,42,長崎,21,窯業・土石製品製造業,181.0,ok,2808.0,ok,4218114.0,ok,837021.0,ok,2047379.0,ok,2029152.0,ok,293445.0,ok,1067002.0,ok,14.0,ok,,nil_or_na
2014,42,長崎,22,鉄鋼業,30.0,ok,918.0,ok,3501904.0,ok,348592.0,ok,2377430.0,ok,1051109.0,ok,1070499.0,ok,991501.0,ok,10.0,ok,,nil_or_na
2014,42,長崎,23,非鉄金属製造業,2.0,ok,30.0,ok,,suppressed,,suppressed,,suppressed,,suppressed,,suppressed,,nil_or_na,,nil_or_na,,nil_or_na
2014,42,長崎,24,金属製品製造業,165.0,ok,3850.0,ok,5642744.0,ok,1401550.0,ok,2700138.0,ok,2751116.0,ok,385321.0,ok,1031633.0,ok,26.0,ok,1.0,ok
2014,42,長崎,25,はん用機械器具製造業,65.0,ok,6175.0,ok,21919402.0,ok,3381405.0,ok,17951355.0,ok,3814547.0,ok,538323.0,ok,2214301.0,ok,21.0,ok,5.0,ok
2014,42,長崎,26,生産用機械器具製造業,43.0,ok,1015.0,ok,1937692.0,ok,402462.0,ok,844778.0,ok,1028659.0,ok,154081.0,ok,,suppressed,9.0,ok,,nil_or_na
2014,42,長崎,27,業務用機械器具製造業,7.0,ok,314.0,ok,3362417.0,ok,200551.0,ok,2130592.0,ok,1158627.0,ok,336355.0,ok,739686.0,ok,3.0,ok,,nil_or_na
2014,42,長崎,28,電子部品・デバイス・電子回路製造業,17.0,ok,4076.0,ok,29613435.0,ok,2267175.0,ok,19757787.0,ok,9531900.0,ok,1922775.0,ok,11056548.0,ok,9.0,ok,3.0,ok
2014,42,長崎,29,電気機械器具製造業,41.0,ok,1855.0,ok,3499352.0,ok,733357.0,ok,2336640.0,ok,1116473.0,ok,120246.0,ok,466523.0,ok,10.0,ok,2.0,ok
2014,42,長崎,30,情報通信機械器具製造業,3.0,ok,1270.0,ok,8280420.0,ok,473801.0,ok,7870934.0,ok,394090.0,ok,,suppressed,,suppressed,1.0,ok,1.0,ok
2014,42,長崎,31,輸送用機械器具製造業,147.0,ok,8868.0,ok,36719449.0,ok,4703236.0,ok,35263157.0,ok,1543802.0,ok,203406.0,ok,10148607.0,ok,39.0,ok,4.0,ok
2014,42,長崎,32,その他の製造業,40.0,ok,599.0,ok,1171650.0,ok,189371.0,ok,638804.0,ok,541924.0,ok,44684.0,ok,,suppressed,2.0,ok,,nil_or_na
2014,43,熊本,09,食料品製造業,530.0,ok,18118.0,ok,33006357.0,ok,4530287.0,ok,20073644.0,ok,12128906.0,ok,1657803.0,ok,7702500.0,ok,96.0,ok,9.0,ok
2014,43,熊本,10,飲料・たばこ・飼料製造業,80.0,ok,1551.0,ok,12047090.0,ok,693150.0,ok,7847464.0,ok,2548957.0,ok,252791.0,ok,921532.0,ok,12.0,ok,,nil_or_na
2014,43,熊本,11,繊維工業,141.0,ok,3926.0,ok,2720630.0,ok,825614.0,ok,1271805.0,ok,1356925.0,ok,100415.0,ok,621048.0,ok,32.0,ok,,nil_or_na
2014,43,熊本,12,木材・木製品製造業（家具を除く）,142.0,ok,2117.0,ok,4120381.0,ok,598353.0,ok,2567306.0,ok,1462666.0,ok,383214.0,ok,643894.0,ok,15.0,ok,,nil_or_na
2014,43,熊本,13,家具・装備品製造業,57.0,ok,648.0,ok,815130.0,ok,211653.0,ok,431552.0,ok,360404.0,ok,36657.0,ok,,suppressed,2.0,ok,,nil_or_na
2014,43,熊本,14,パルプ・紙・紙加工品製造業,27.0,ok,1226.0,ok,8877164.0,ok,571931.0,ok,4982175.0,ok,3660338.0,ok,302056.0,ok,2280402.0,ok,11.0,ok,,nil_or_na
2014,43,熊本,15,印刷・同関連業,105.0,ok,2818.0,ok,4507085.0,ok,909010.0,ok,2204701.0,ok,2170930.0,ok,131980.0,ok,3095390.0,ok,22.0,ok,1.0,ok
2014,43,熊本,16,化学工業,44.0,ok,4520.0,ok,16206207.0,ok,1996923.0,ok,7408671.0,ok,8394681.0,ok,470468.0,ok,9832551.0,ok,20.0,ok,2.0,ok
2014,43,熊本,17,石油製品・石炭製品製造業,17.0,ok,175.0,ok,1431576.0,ok,81362.0,ok,1001199.0,ok,401471.0,ok,52031.0,ok,,nil_or_na,,nil_or_na,,nil_or_na
2014,43,熊本,18,プラスチック製品製造業（別掲を除く）,98.0,ok,4531.0,ok,11681724.0,ok,1662753.0,ok,5776560.0,ok,5698199.0,ok,421831.0,ok,4047302.0,ok,35.0,ok,2.0,ok
2014,43,熊本,19,ゴム製品製造業,16.0,ok,1855.0,ok,5340650.0,ok,1015457.0,ok,2932187.0,ok,2305747.0,ok,2091474.0,ok,1330190.0,ok,6.0,ok,2.0,ok
2014,43,熊本,20,なめし革・同製品・毛皮製造業,2.0,ok,52.0,ok,,suppressed,,suppressed,,suppressed,,suppressed,,nil_or_na,,suppressed,1.0,ok,,nil_or_na
2014,43,熊本,21,窯業・土石製品製造業,157.0,ok,3077.0,ok,6662446.0,ok,1052776.0,ok,3570726.0,ok,2930309.0,ok,965867.0,ok,1320673.0,ok,19.0,ok,,nil_or_na
2014,43,熊本,22,鉄鋼業,29.0,ok,1051.0,ok,5881496.0,ok,403468.0,ok,4249566.0,ok,1534315.0,ok,171126.0,ok,1260103.0,ok,10.0,ok,,nil_or_na
2014,43,熊本,23,非鉄金属製造業,14.0,ok,1226.0,ok,3743615.0,ok,547633.0,ok,2643283.0,ok,1024954.0,ok,,nil_or_na,563132.0,ok,4.0,ok,1.0,ok
2014,43,熊本,24,金属製品製造業,201.0,ok,6617.0,ok,14361862.0,ok,2705998.0,ok,7260295.0,ok,6649029.0,ok,637473.0,ok,3412789.0,ok,42.0,ok,2.0,ok
2014,43,熊本,25,はん用機械器具製造業,26.0,ok,406.0,ok,707629.0,ok,145032.0,ok,405722.0,ok,281566.0,ok,137855.0,ok,52146.0,ok,3.0,ok,,nil_or_na
2014,43,熊本,26,生産用機械器具製造業,144.0,ok,8679.0,ok,26076330.0,ok,3844752.0,ok,14854103.0,ok,10671721.0,ok,142903.0,ok,4380494.0,ok,33.0,ok,6.0,ok
2014,43,熊本,27,業務用機械器具製造業,14.0,ok,443.0,ok,421721.0,ok,143073.0,ok,124652.0,ok,280128.0,ok,9908.0,ok,175468.0,ok,4.0,ok,,nil_or_na
2014,43,熊本,28,電子部品・デバイス・電子回路製造業,42.0,ok,9377.0,ok,32829159.0,ok,5099389.0,ok,17026817.0,ok,14995413.0,ok,794351.0,ok,11960615.0,ok,22.0,ok,7.0,ok
2014,43,熊本,29,電気機械器具製造業,63.0,ok,4606.0,ok,14554848.0,ok,1792877.0,ok,7547416.0,ok,6695138.0,ok,78311.0,ok,1931080.0,ok,26.0,ok,4.0,ok
2014,43,熊本,30,情報通信機械器具製造業,4.0,ok,726.0,ok,,suppressed,,suppressed,,suppressed,,suppressed,,nil_or_na,182441.0,ok,2.0,ok,1.0,ok
2014,43,熊本,31,輸送用機械器具製造業,100.0,ok,10952.0,ok,38805189.0,ok,6198350.0,ok,28340990.0,ok,10601852.0,ok,106637.0,ok,10962748.0,ok,34.0,ok,8.0,ok
2014,43,熊本,32,その他の製造業,66.0,ok,940.0,ok,975916.0,ok,288209.0,ok,438027.0,ok,503223.0,ok,40110.0,ok,278707.0,ok,8.0,ok,,nil_or_na
2014,44,大分,09,食料品製造業,312.0,ok,8024.0,ok,14685174.0,ok,1843687.0,ok,9630819.0,ok,4731732.0,ok,877590.0,ok,2632090.0,ok,62.0,ok,1.0,ok
2014,44,大分,10,飲料・たばこ・飼料製造業,60.0,ok,1492.0,ok,12980218.0,ok,719450.0,ok,3874712.0,ok,4826551.0,ok,347759.0,ok,3198520.0,ok,10.0,ok,1.0,ok
2014,44,大分,11,繊維工業,74.0,ok,1985.0,ok,1765896.0,ok,420633.0,ok,914494.0,ok,797604.0,ok,41659.0,ok,800176.0,ok,20.0,ok,,nil_or_na
2014,44,大分,12,木材・木製品製造業（家具を除く）,140.0,ok,1592.0,ok,2609044.0,ok,413706.0,ok,1501785.0,ok,1033170.0,ok,177733.0,ok,55182.0,ok,4.0,ok,,nil_or_na
2014,44,大分,13,家具・装備品製造業,68.0,ok,1084.0,ok,1322580.0,ok,292376.0,ok,697334.0,ok,585969.0,ok,36104.0,ok,159266.0,ok,9.0,ok,,nil_or_na
2014,44,大分,14,パルプ・紙・紙加工品製造業,20.0,ok,627.0,ok,2946789.0,ok,238341.0,ok,1654498.0,ok,1208987.0,ok,74424.0,ok,1471767.0,ok,5.0,ok,,nil_or_na
2014,44,大分,15,印刷・同関連業,69.0,ok,1250.0,ok,1344089.0,ok,374819.0,ok,578051.0,ok,715334.0,ok,14634.0,ok,235866.0,ok,11.0,ok,,nil_or_na
2014,44,大分,16,化学工業,35.0,ok,3099.0,ok,63568539.0,ok,1890851.0,ok,51833395.0,ok,11726461.0,ok,95867.0,ok,15447868.0,ok,16.0,ok,2.0,ok
2014,44,大分,17,石油製品・石炭製品製造業,10.0,ok,556.0,ok,74997509.0,ok,409005.0,ok,64042644.0,ok,3179003.0,ok,760045.0,ok,,suppressed,1.0,ok,1.0,ok
2014,44,大分,18,プラスチック製品製造業（別掲を除く）,72.0,ok,3039.0,ok,6762358.0,ok,985763.0,ok,4392864.0,ok,2222361.0,ok,783907.0,ok,1117902.0,ok,24.0,ok,,nil_or_na
2014,44,大分,19,ゴム製品製造業,14.0,ok,884.0,ok,1811174.0,ok,300063.0,ok,1093047.0,ok,673474.0,ok,,nil_or_na,475093.0,ok,7.0,ok,,nil_or_na
2014,44,大分,20,なめし革・同製品・毛皮製造業,4.0,ok,99.0,ok,248375.0,ok,21152.0,ok,217228.0,ok,29157.0,ok,,nil_or_na,,suppressed,1.0,ok,,nil_or_na
2014,44,大分,21,窯業・土石製品製造業,129.0,ok,3464.0,ok,12321707.0,ok,1415980.0,ok,5736914.0,ok,6272880.0,ok,954415.0,ok,2872663.0,ok,15.0,ok,2.0,ok
2014,44,大分,22,鉄鋼業,15.0,ok,2681.0,ok,57475164.0,ok,1658933.0,ok,48637011.0,ok,10027993.0,ok,1639176.0,ok,16426664.0,ok,7.0,ok,1.0,ok
2014,44,大分,23,非鉄金属製造業,11.0,ok,1421.0,ok,57451705.0,ok,698620.0,ok,50958842.0,ok,6845025.0,ok,433544.0,ok,3665679.0,ok,3.0,ok,2.0,ok
2014,44,大分,24,金属製品製造業,146.0,ok,3304.0,ok,5842003.0,ok,1133081.0,ok,3199029.0,ok,2477133.0,ok,275422.0,ok,910688.0,ok,30.0,ok,,nil_or_na
2014,44,大分,25,はん用機械器具製造業,30.0,ok,1771.0,ok,6897496.0,ok,921891.0,ok,3374529.0,ok,3399063.0,ok,82263.0,ok,4588174.0,ok,7.0,ok,2.0,ok
2014,44,大分,26,生産用機械器具製造業,83.0,ok,2602.0,ok,4167457.0,ok,1045204.0,ok,2163783.0,ok,1884084.0,ok,232761.0,ok,1252227.0,ok,23.0,ok,,nil_or_na
2014,44,大分,27,業務用機械器具製造業,15.0,ok,3643.0,ok,21193433.0,ok,1551035.0,ok,7913681.0,ok,12414049.0,ok,11479.0,ok,2068094.0,ok,6.0,ok,3.0,ok
2014,44,大分,28,電子部品・デバイス・電子回路製造業,27.0,ok,6303.0,ok,27343373.0,ok,3687326.0,ok,15964693.0,ok,10738698.0,ok,22163.0,ok,5896203.0,ok,16.0,ok,4.0,ok
2014,44,大分,29,電気機械器具製造業,47.0,ok,2242.0,ok,4021268.0,ok,830194.0,ok,2186860.0,ok,1727894.0,ok,126820.0,ok,610915.0,ok,17.0,ok,1.0,ok
2014,44,大分,30,情報通信機械器具製造業,17.0,ok,4565.0,ok,19141537.0,ok,1940241.0,ok,16229413.0,ok,2741648.0,ok,31962.0,ok,1369146.0,ok,10.0,ok,2.0,ok
2014,44,大分,31,輸送用機械器具製造業,94.0,ok,8743.0,ok,54256266.0,ok,3841043.0,ok,47953222.0,ok,6051122.0,ok,144866.0,ok,7944378.0,ok,38.0,ok,5.0,ok
2014,44,大分,32,その他の製造業,43.0,ok,645.0,ok,741531.0,ok,163553.0,ok,344497.0,ok,373786.0,ok,60631.0,ok,28080.0,ok,3.0,ok,,nil_or_na
2014,45,宮崎,09,食料品製造業,415.0,ok,14313.0,ok,31699730.0,ok,3326110.0,ok,23161559.0,ok,8009074.0,ok,3138412.0,ok,4496706.0,ok,90.0,ok,6.0,ok
2014,45,宮崎,10,飲料・たばこ・飼料製造業,108.0,ok,2686.0,ok,15923352.0,ok,955554.0,ok,7774341.0,ok,5050805.0,ok,439485.0,ok,6937777.0,ok,20.0,ok,1.0,ok
2014,45,宮崎,11,繊維工業,110.0,ok,4470.0,ok,8425614.0,ok,1215158.0,ok,3801486.0,ok,4517426.0,ok,115345.0,ok,1680540.0,ok,38.0,ok,2.0,ok
2014,45,宮崎,12,木材・木製品製造業（家具を除く）,146.0,ok,2971.0,ok,4685087.0,ok,775133.0,ok,2820907.0,ok,1808862.0,ok,196303.0,ok,1885656.0,ok,21.0,ok,,nil_or_na
2014,45,宮崎,13,家具・装備品製造業,58.0,ok,629.0,ok,707108.0,ok,158607.0,ok,343853.0,ok,338870.0,ok,5472.0,ok,97207.0,ok,3.0,ok,,nil_or_na
2014,45,宮崎,14,パルプ・紙・紙加工品製造業,18.0,ok,886.0,ok,4187756.0,ok,455956.0,ok,2575803.0,ok,1506515.0,ok,100012.0,ok,1462425.0,ok,7.0,ok,,nil_or_na
2014,45,宮崎,15,印刷・同関連業,67.0,ok,1091.0,ok,1267076.0,ok,343096.0,ok,695848.0,ok,534478.0,ok,10529.0,ok,346355.0,ok,9.0,ok,,nil_or_na
2014,45,宮崎,16,化学工業,21.0,ok,1714.0,ok,15122172.0,ok,945978.0,ok,10725508.0,ok,4213170.0,ok,29707.0,ok,3917124.0,ok,13.0,ok,1.0,ok
2014,45,宮崎,17,石油製品・石炭製品製造業,13.0,ok,104.0,ok,584003.0,ok,43892.0,ok,403528.0,ok,168768.0,ok,14486.0,ok,,suppressed,1.0,ok,,nil_or_na
2014,45,宮崎,18,プラスチック製品製造業（別掲を除く）,56.0,ok,1972.0,ok,3950246.0,ok,675114.0,ok,1876097.0,ok,1985566.0,ok,112004.0,ok,1671331.0,ok,19.0,ok,1.0,ok
2014,45,宮崎,19,ゴム製品製造業,10.0,ok,2025.0,ok,12028788.0,ok,1062956.0,ok,5385614.0,ok,6212694.0,ok,23803.0,ok,2392858.0,ok,6.0,ok,1.0,ok
2014,45,宮崎,20,なめし革・同製品・毛皮製造業,,nil_or_na,,nil_or_na,,nil_or_na,,nil_or_na,,nil_or_na,,nil_or_na,,nil_or_na,,nil_or_na,,nil_or_na,,nil_or_na
2014,45,宮崎,21,窯業・土石製品製造業,115.0,ok,2298.0,ok,3719420.0,ok,688595.0,ok,1754744.0,ok,1836436.0,ok,185303.0,ok,428808.0,ok,13.0,ok,,nil_or_na
2014,45,宮崎,22,鉄鋼業,10.0,ok,394.0,ok,2414199.0,ok,201915.0,ok,1573190.0,ok,792609.0,ok,52708.0,ok,694987.0,ok,3.0,ok,,nil_or_na
2014,45,宮崎,23,非鉄金属製造業,4.0,ok,153.0,ok,319659.0,ok,40047.0,ok,190093.0,ok,122323.0,ok,5729.0,ok,,suppressed,2.0,ok,,nil_or_na
2014,45,宮崎,24,金属製品製造業,103.0,ok,2061.0,ok,3621846.0,ok,652913.0,ok,1922692.0,ok,1588424.0,ok,399620.0,ok,691492.0,ok,19.0,ok,,nil_or_na
2014,45,宮崎,25,はん用機械器具製造業,21.0,ok,471.0,ok,812239.0,ok,158668.0,ok,517052.0,ok,277653.0,ok,10559.0,ok,109677.0,ok,5.0,ok,,nil_or_na
2014,45,宮崎,26,生産用機械器具製造業,70.0,ok,2198.0,ok,4589324.0,ok,850263.0,ok,2485807.0,ok,2002529.0,ok,185667.0,ok,671824.0,ok,15.0,ok,,nil_or_na
2014,45,宮崎,27,業務用機械器具製造業,19.0,ok,1829.0,ok,3828186.0,ok,613578.0,ok,1277806.0,ok,2396650.0,ok,5989.0,ok,1497661.0,ok,7.0,ok,2.0,ok
2014,45,宮崎,28,電子部品・デバイス・電子回路製造業,28.0,ok,5118.0,ok,16137761.0,ok,2010865.0,ok,7170920.0,ok,8623894.0,ok,5434.0,ok,2901339.0,ok,18.0,ok,5.0,ok
2014,45,宮崎,29,電気機械器具製造業,26.0,ok,2257.0,ok,8629783.0,ok,752397.0,ok,5471443.0,ok,2971891.0,ok,104396.0,ok,6351568.0,ok,14.0,ok,2.0,ok
2014,45,宮崎,30,情報通信機械器具製造業,6.0,ok,1351.0,ok,4277537.0,ok,358137.0,ok,3470549.0,ok,758190.0,ok,76308.0,ok,186752.0,ok,5.0,ok,1.0,ok
2014,45,宮崎,31,輸送用機械器具製造業,30.0,ok,2849.0,ok,3910370.0,ok,1016406.0,ok,2700385.0,ok,1166137.0,ok,17616.0,ok,529571.0,ok,13.0,ok,2.0,ok
2014,45,宮崎,32,その他の製造業,54.0,ok,1065.0,ok,1917260.0,ok,342366.0,ok,1225458.0,ok,659526.0,ok,30880.0,ok,196019.0,ok,7.0,ok,,nil_or_na
2014,46,鹿児島,09,食料品製造業,734.0,ok,25908.0,ok,65723663.0,ok,6353765.0,ok,47824123.0,ok,16776103.0,ok,3650359.0,ok,10112624.0,ok,187.0,ok,11.0,ok
2014,46,鹿児島,10,飲料・たばこ・飼料製造業,355.0,ok,5536.0,ok,39912104.0,ok,1812164.0,ok,27698049.0,ok,8373403.0,ok,1228943.0,ok,4820686.0,ok,40.0,ok,,nil_or_na
2014,46,鹿児島,11,繊維工業,94.0,ok,2426.0,ok,1400458.0,ok,446153.0,ok,666288.0,ok,686780.0,ok,17713.0,ok,367995.0,ok,21.0,ok,,nil_or_na
2014,46,鹿児島,12,木材・木製品製造業（家具を除く）,104.0,ok,1177.0,ok,1794878.0,ok,310896.0,ok,1066674.0,ok,679691.0,ok,276788.0,ok,112453.0,ok,5.0,ok,,nil_or_na
2014,46,鹿児島,13,家具・装備品製造業,55.0,ok,444.0,ok,488332.0,ok,120535.0,ok,258660.0,ok,214245.0,ok,13323.0,ok,,nil_or_na,,nil_or_na,,nil_or_na
2014,46,鹿児島,14,パルプ・紙・紙加工品製造業,24.0,ok,789.0,ok,4180956.0,ok,382101.0,ok,2856806.0,ok,1260553.0,ok,112579.0,ok,2634123.0,ok,6.0,ok,,nil_or_na
2014,46,鹿児島,15,印刷・同関連業,102.0,ok,1633.0,ok,2011762.0,ok,519118.0,ok,896144.0,ok,1043198.0,ok,120032.0,ok,673293.0,ok,17.0,ok,,nil_or_na
2014,46,鹿児島,16,化学工業,22.0,ok,458.0,ok,2371114.0,ok,162367.0,ok,1489970.0,ok,822723.0,ok,132897.0,ok,141701.0,ok,5.0,ok,,nil_or_na
2014,46,鹿児島,17,石油製品・石炭製品製造業,16.0,ok,170.0,ok,710046.0,ok,68193.0,ok,460345.0,ok,232929.0,ok,102361.0,ok,,nil_or_na,,nil_or_na,,nil_or_na
2014,46,鹿児島,18,プラスチック製品製造業（別掲を除く）,35.0,ok,835.0,ok,1403807.0,ok,249451.0,ok,793999.0,ok,569344.0,ok,107033.0,ok,98751.0,ok,9.0,ok,,nil_or_na
2014,46,鹿児島,19,ゴム製品製造業,4.0,ok,35.0,ok,,suppressed,,suppressed,,suppressed,,suppressed,,suppressed,,nil_or_na,,nil_or_na,,nil_or_na
2014,46,鹿児島,20,なめし革・同製品・毛皮製造業,1.0,ok,12.0,ok,,suppressed,,suppressed,,suppressed,,suppressed,,suppressed,,nil_or_na,,nil_or_na,,nil_or_na
2014,46,鹿児島,21,窯業・土石製品製造業,181.0,ok,6638.0,ok,16990206.0,ok,2606680.0,ok,8288620.0,ok,8544059.0,ok,423736.0,ok,2581692.0,ok,19.0,ok,1.0,ok
2014,46,鹿児島,22,鉄鋼業,10.0,ok,172.0,ok,501956.0,ok,67361.0,ok,324530.0,ok,166280.0,ok,46125.0,ok,,suppressed,2.0,ok,,nil_or_na
2014,46,鹿児島,23,非鉄金属製造業,5.0,ok,380.0,ok,2869311.0,ok,191170.0,ok,2317025.0,ok,516622.0,ok,46767.0,ok,,suppressed,2.0,ok,,nil_or_na
2014,46,鹿児島,24,金属製品製造業,140.0,ok,2483.0,ok,4826690.0,ok,863715.0,ok,2660776.0,ok,2039226.0,ok,415727.0,ok,523276.0,ok,15.0,ok,,nil_or_na
2014,46,鹿児島,25,はん用機械器具製造業,20.0,ok,299.0,ok,310575.0,ok,95160.0,ok,116632.0,ok,182895.0,ok,36264.0,ok,,suppressed,3.0,ok,,nil_or_na
2014,46,鹿児島,26,生産用機械器具製造業,95.0,ok,3130.0,ok,5840548.0,ok,1189182.0,ok,3050603.0,ok,2611529.0,ok,435834.0,ok,1271121.0,ok,29.0,ok,1.0,ok
2014,46,鹿児島,27,業務用機械器具製造業,16.0,ok,345.0,ok,392717.0,ok,106594.0,ok,162489.0,ok,217493.0,ok,35142.0,ok,89859.0,ok,4.0,ok,,nil_or_na
2014,46,鹿児島,28,電子部品・デバイス・電子回路製造業,54.0,ok,11100.0,ok,24915716.0,ok,5488802.0,ok,13125099.0,ok,11175213.0,ok,875208.0,ok,5289738.0,ok,34.0,ok,4.0,ok
2014,46,鹿児島,29,電気機械器具製造業,37.0,ok,2391.0,ok,10488251.0,ok,816731.0,ok,3313464.0,ok,6899689.0,ok,19224.0,ok,1677764.0,ok,19.0,ok,1.0,ok
2014,46,鹿児島,30,情報通信機械器具製造業,5.0,ok,619.0,ok,1176523.0,ok,213271.0,ok,713049.0,ok,435212.0,ok,1202.0,ok,313044.0,ok,4.0,ok,,nil_or_na
2014,46,鹿児島,31,輸送用機械器具製造業,21.0,ok,619.0,ok,1384805.0,ok,273083.0,ok,574733.0,ok,758345.0,ok,33473.0,ok,277358.0,ok,6.0,ok,,nil_or_na
2014,46,鹿児島,32,その他の製造業,70.0,ok,1269.0,ok,1476211.0,ok,372057.0,ok,656591.0,ok,767055.0,ok,105519.0,ok,252432.0,ok,7.0,ok,1.0,ok
2014,47,沖縄,09,食料品製造業,396.0,ok,10938.0,ok,15138432.0,ok,2505295.0,ok,9426121.0,ok,5355299.0,ok,1207221.0,ok,4629875.0,ok,78.0,ok,3.0,ok
2014,47,沖縄,10,飲料・たばこ・飼料製造業,99.0,ok,1986.0,ok,6816013.0,ok,645734.0,ok,2864142.0,ok,2675291.0,ok,143217.0,ok,4101058.0,ok,17.0,ok,,nil_or_na
2014,47,沖縄,11,繊維工業,45.0,ok,667.0,ok,390752.0,ok,124434.0,ok,192006.0,ok,186230.0,ok,84982.0,ok,31805.0,ok,4.0,ok,,nil_or_na
2014,47,沖縄,12,木材・木製品製造業（家具を除く）,8.0,ok,59.0,ok,73502.0,ok,13148.0,ok,54192.0,ok,18014.0,ok,2026.0,ok,,nil_or_na,,nil_or_na,,nil_or_na
2014,47,沖縄,13,家具・装備品製造業,48.0,ok,391.0,ok,326317.0,ok,93967.0,ok,151528.0,ok,163050.0,ok,29999.0,ok,,nil_or_na,,nil_or_na,,nil_or_na
2014,47,沖縄,14,パルプ・紙・紙加工品製造業,7.0,ok,397.0,ok,546579.0,ok,112339.0,ok,310867.0,ok,220903.0,ok,52871.0,ok,462808.0,ok,4.0,ok,,nil_or_na
2014,47,沖縄,15,印刷・同関連業,95.0,ok,1643.0,ok,1971610.0,ok,474986.0,ok,819709.0,ok,1079239.0,ok,42865.0,ok,1158661.0,ok,14.0,ok,,nil_or_na
2014,47,沖縄,16,化学工業,30.0,ok,689.0,ok,1221260.0,ok,197162.0,ok,589253.0,ok,591325.0,ok,366329.0,ok,396442.0,ok,7.0,ok,,nil_or_na
2014,47,沖縄,17,石油製品・石炭製品製造業,11.0,ok,357.0,ok,21887102.0,ok,231414.0,ok,22176052.0,ok,-2197802.0,ok,29121.0,ok,,suppressed,2.0,ok,,nil_or_na
2014,47,沖縄,18,プラスチック製品製造業（別掲を除く）,17.0,ok,485.0,ok,894498.0,ok,134985.0,ok,592062.0,ok,287082.0,ok,312112.0,ok,303790.0,ok,5.0,ok,,nil_or_na
2014,47,沖縄,19,ゴム製品製造業,,nil_or_na,,nil_or_na,,nil_or_na,,nil_or_na,,nil_or_na,,nil_or_na,,nil_or_na,,nil_or_na,,nil_or_na,,nil_or_na
2014,47,沖縄,20,なめし革・同製品・毛皮製造業,1.0,ok,4.0,ok,,suppressed,,suppressed,,suppressed,,suppressed,,nil_or_na,,nil_or_na,,nil_or_na,,nil_or_na
2014,47,沖縄,21,窯業・土石製品製造業,162.0,ok,2664.0,ok,5641226.0,ok,866421.0,ok,3078798.0,ok,2395918.0,ok,379309.0,ok,2728093.0,ok,14.0,ok,,nil_or_na
2014,47,沖縄,22,鉄鋼業,7.0,ok,615.0,ok,2925649.0,ok,213017.0,ok,2403308.0,ok,493488.0,ok,382580.0,ok,1803999.0,ok,5.0,ok,,nil_or_na
2014,47,沖縄,23,非鉄金属製造業,1.0,ok,165.0,ok,,suppressed,,suppressed,,suppressed,,suppressed,,nil_or_na,,suppressed,1.0,ok,,nil_or_na
2014,47,沖縄,24,金属製品製造業,167.0,ok,2215.0,ok,3672353.0,ok,688764.0,ok,2265096.0,ok,1316435.0,ok,191508.0,ok,457395.0,ok,17.0,ok,,nil_or_na
2014,47,沖縄,25,はん用機械器具製造業,5.0,ok,48.0,ok,22631.0,ok,13428.0,ok,9372.0,ok,12369.0,ok,11031.0,ok,,nil_or_na,,nil_or_na,,nil_or_na
2014,47,沖縄,26,生産用機械器具製造業,12.0,ok,171.0,ok,229202.0,ok,52121.0,ok,111878.0,ok,109900.0,ok,13600.0,ok,,suppressed,1.0,ok,,nil_or_na
2014,47,沖縄,27,業務用機械器具製造業,10.0,ok,104.0,ok,206935.0,ok,31151.0,ok,99093.0,ok,107012.0,ok,3501.0,ok,,nil_or_na,,nil_or_na,,nil_or_na
2014,47,沖縄,28,電子部品・デバイス・電子回路製造業,3.0,ok,64.0,ok,,suppressed,,suppressed,,suppressed,,suppressed,,nil_or_na,,suppressed,1.0,ok,,nil_or_na
2014,47,沖縄,29,電気機械器具製造業,9.0,ok,296.0,ok,468020.0,ok,95241.0,ok,247118.0,ok,206607.0,ok,119363.0,ok,106881.0,ok,4.0,ok,,nil_or_na
2014,47,沖縄,30,情報通信機械器具製造業,,nil_or_na,,nil_or_na,,nil_or_na,,nil_or_na,,nil_or_na,,nil_or_na,,nil_or_na,,nil_or_na,,nil_or_na,,nil_or_na
2014,47,沖縄,31,輸送用機械器具製造業,8.0,ok,108.0,ok,185744.0,ok,36373.0,ok,120444.0,ok,60954.0,ok,8503.0,ok,,suppressed,1.0,ok,,nil_or_na
2014,47,沖縄,32,その他の製造業,38.0,ok,366.0,ok,291952.0,ok,79806.0,ok,102697.0,ok,176555.0,ok,32210.0,ok,,suppressed,1.0,ok,,nil_or_na
