year,prefecture_code,prefecture_name,industry_code,industry_name,establishments,establishments_flag,employment,employment_flag,shipments,shipments_flag,value_added,value_added_flag,cash_wages,cash_wages_flag,raw_materials,raw_materials_flag,production_value,production_value_flag,establishments_30_99,establishments_30_99_flag,establishments_100_299,establishments_100_299_flag,establishments_300plus,establishments_300plus_flag
2019,01,北海道,09,食料品製造業,617.0,ok,62058.0,ok,1863676.0,ok,521180.0,ok,186049.0,ok,1251037.0,ok,1773292.0,ok,449.0,ok,137.0,ok,31.0,ok
2019,01,北海道,10,飲料・たばこ・飼料製造業,35.0,ok,2237.0,ok,178311.0,ok,48953.0,ok,9483.0,ok,87206.0,ok,165166.0,ok,32.0,ok,2.0,ok,1.0,ok
2019,01,北海道,11,繊維工業,17.0,ok,1196.0,ok,15706.0,ok,8244.0,ok,3594.0,ok,6602.0,ok,15235.0,ok,16.0,ok,,absent_from_source,1.0,ok
2019,01,北海道,12,木材・木製品製造業（家具を除く）,46.0,ok,2785.0,ok,92785.0,ok,28386.0,ok,10561.0,ok,60629.0,ok,73374.0,ok,41.0,ok,5.0,ok,,absent_from_source
2019,01,北海道,13,家具・装備品製造業,23.0,ok,1334.0,ok,19540.0,ok,9679.0,ok,5014.0,ok,8518.0,ok,18819.0,ok,22.0,ok,1.0,ok,,absent_from_source
2019,01,北海道,14,パルプ・紙・紙加工品製造業,43.0,ok,5201.0,ok,369668.0,ok,106284.0,ok,28227.0,ok,240595.0,ok,353900.0,ok,25.0,ok,16.0,ok,2.0,ok
2019,01,北海道,15,印刷・同関連業,55.0,ok,4072.0,ok,69760.0,ok,30327.0,ok,15285.0,ok,35303.0,ok,65982.0,ok,43.0,ok,12.0,ok,,absent_from_source
2019,01,北海道,16,化学工業,32.0,ok,2663.0,ok,144892.0,ok,59185.0,ok,13373.0,ok,76474.0,ok,135732.0,ok,25.0,ok,6.0,ok,1.0,ok
2019,01,北海道,17,石油製品・石炭製品製造業,3.0,ok,462.0,ok,761185.0,ok,79023.0,ok,3509.0,ok,539155.0,ok,738974.0,ok,2.0,ok,,absent_from_source,1.0,ok
2019,01,北海道,18,プラスチック製品製造業（別掲を除く）,39.0,ok,2868.0,ok,57845.0,ok,21907.0,ok,10888.0,ok,31835.0,ok,50938.0,ok,35.0,ok,2.0,ok,2.0,ok
2019,01,北海道,19,ゴム製品製造業,5.0,ok,424.0,ok,8304.0,ok,3840.0,ok,1589.0,ok,4287.0,ok,6728.0,ok,3.0,ok,2.0,ok,,absent_from_source
2019,01,北海道,20,なめし革・同製品・毛皮製造業,5.0,ok,402.0,ok,5107.0,ok,2233.0,ok,1338.0,ok,2499.0,ok,3814.0,ok,3.0,ok,2.0,ok,,absent_from_source
2019,01,北海道,21,窯業・土石製品製造業,36.0,ok,2056.0,ok,84787.0,ok,25061.0,ok,8662.0,ok,52538.0,ok,64832.0,ok,32.0,ok,4.0,ok,,absent_from_source
2019,01,北海道,22,鉄鋼業,32.0,ok,5443.0,ok,373516.0,ok,86004.0,ok,29906.0,ok,303972.0,ok,381562.0,ok,21.0,ok,6.0,ok,5.0,ok
2019,01,北海道,23,非鉄金属製造業,3.0,ok,137.0,ok,4690.0,ok,1213.0,ok,600.0,ok,3096.0,ok,3527.0,ok,3.0,ok,,absent_from_source,,absent_from_source
2019,01,北海道,24,金属製品製造業,84.0,ok,5717.0,ok,202973.0,ok,73791.0,ok,27446.0,ok,117046.0,ok,186070.0,ok,75.0,ok,8.0,ok,1.0,ok
2019,01,北海道,25,はん用機械器具製造業,22.0,ok,1680.0,ok,36398.0,ok,15020.0,ok,6290.0,ok,18258.0,ok,31045.0,ok,20.0,ok,1.0,ok,1.0,ok
2019,01,北海道,26,生産用機械器具製造業,38.0,ok,2566.0,ok,60765.0,ok,23960.0,ok,12639.0,ok,34794.0,ok,54508.0,ok,31.0,ok,7.0,ok,,absent_from_source
2019,01,北海道,27,業務用機械器具製造業,4.0,ok,170.0,ok,2459.0,ok,1371.0,ok,857.0,ok,974.0,ok,1888.0,ok,4.0,ok,,absent_from_source,,absent_from_source
2019,01,北海道,28,電子部品・デバイス・電子回路製造業,24.0,ok,6655.0,ok,204488.0,ok,73634.0,ok,34751.0,ok,118367.0,ok,203462.0,ok,7.0,ok,10.0,ok,7.0,ok
2019,01,北海道,29,電気機械器具製造業,18.0,ok,1500.0,ok,33484.0,ok,10371.0,ok,6107.0,ok,21811.0,ok,32310.0,ok,13.0,ok,5.0,ok,,absent_from_source
2019,01,北海道,30,情報通信機械器具製造業,6.0,ok,480.0,ok,11490.0,ok,5078.0,ok,2110.0,ok,6433.0,ok,9560.0,ok,4.0,ok,2.0,ok,,absent_from_source
2019,01,北海道,31,輸送用機械器具製造業,28.0,ok,8472.0,ok,367426.0,ok,102909.0,ok,45690.0,ok,234713.0,ok,353540.0,ok,13.0,ok,8.0,ok,7.0,ok
2019,01,北海道,32,その他の製造業,11.0,ok,866.0,ok,20477.0,ok,7468.0,ok,3868.0,ok,12178.0,ok,19776.0,ok,8.0,ok,3.0,ok,,absent_from_source
2019,02,青森,09,食料品製造業,109.0,ok,11961.0,ok,308412.0,ok,77073.0,ok,32841.0,ok,217521.0,ok,290720.0,ok,71.0,ok,32.0,ok,6.0,ok
2019,02,青森,10,飲料・たばこ・飼料製造業,11.0,ok,701.0,ok,77465.0,ok,7020.0,ok,2566.0,ok,68068.0,ok,77535.0,ok,10.0,ok,1.0,ok,,absent_from_source
2019,02,青森,11,繊維工業,39.0,ok,3469.0,ok,14919.0,ok,8150.0,ok,6446.0,ok,5740.0,ok,14834.0,ok,30.0,ok,8.0,ok,1.0,ok
2019,02,青森,12,木材・木製品製造業（家具を除く）,5.0,ok,218.0,ok,8823.0,ok,1573.0,ok,605.0,ok,6864.0,ok,5830.0,ok,5.0,ok,,absent_from_source,,absent_from_source
2019,02,青森,13,家具・装備品製造業,3.0,ok,129.0,ok,3280.0,ok,1356.0,ok,515.0,ok,1709.0,ok,2894.0,ok,3.0,ok,,absent_from_source,,absent_from_source
2019,02,青森,14,パルプ・紙・紙加工品製造業,13.0,ok,1782.0,ok,98150.0,ok,31011.0,ok,10047.0,ok,61515.0,ok,98558.0,ok,11.0,ok,,absent_from_source,2.0,ok
2019,02,青森,15,印刷・同関連業,16.0,ok,737.0,ok,10339.0,ok,4056.0,ok,2367.0,ok,5075.0,ok,10222.0,ok,15.0,ok,1.0,ok,,absent_from_source
2019,02,青森,16,化学工業,4.0,ok,455.0,ok,32004.0,ok,15361.0,ok,2939.0,ok,13620.0,ok,30772.0,ok,2.0,ok,2.0,ok,,absent_from_source
2019,02,青森,17,石油製品・石炭製品製造業,,absent_from_source,,absent_from_source,,absent_from_source,,absent_from_source,,absent_from_source,,absent_from_source,,absent_from_source,,absent_from_source,,absent_from_source,,absent_from_source
2019,02,青森,18,プラスチック製品製造業（別掲を除く）,10.0,ok,714.0,ok,13702.0,ok,4084.0,ok,2501.0,ok,8767.0,ok,9078.0,ok,8.0,ok,2.0,ok,,absent_from_source
2019,02,青森,19,ゴム製品製造業,3.0,ok,148.0,ok,1726.0,ok,1039.0,ok,513.0,ok,536.0,ok,1710.0,ok,3.0,ok,,absent_from_source,,absent_from_source
2019,02,青森,20,なめし革・同製品・毛皮製造業,,absent_from_source,,absent_from_source,,absent_from_source,,absent_from_source,,absent_from_source,,absent_from_source,,absent_from_source,,absent_from_source,,absent_from_source,,absent_from_source
2019,02,青森,21,窯業・土石製品製造業,10.0,ok,531.0,ok,19537.0,ok,6097.0,ok,2172.0,ok,11152.0,ok,14076.0,ok,10.0,ok,,absent_from_source,,absent_from_source
2019,02,青森,22,鉄鋼業,10.0,ok,1525.0,ok,87632.0,ok,18753.0,ok,7202.0,ok,68367.0,ok,81527.0,ok,5.0,ok,3.0,ok,2.0,ok
2019,02,青森,23,非鉄金属製造業,10.0,ok,4062.0,ok,273979.0,ok,148175.0,ok,27569.0,ok,88928.0,ok,250510.0,ok,4.0,ok,4.0,ok,2.0,ok
2019,02,青森,24,金属製品製造業,25.0,ok,1384.0,ok,34321.0,ok,10759.0,ok,5244.0,ok,22253.0,ok,31085.0,ok,24.0,ok,1.0,ok,,absent_from_source
2019,02,青森,25,はん用機械器具製造業,3.0,ok,132.0,ok,,suppressed,,suppressed,,suppressed,,suppressed,,suppressed,3.0,ok,,absent_from_source,,absent_from_source
2019,02,青森,26,生産用機械器具製造業,13.0,ok,1061.0,ok,35460.0,ok,7359.0,ok,4953.0,ok,26800.0,ok,35080.0,ok,11.0,ok,1.0,ok,1.0,ok
2019,02,青森,27,業務用機械器具製造業,20.0,ok,4067.0,ok,123067.0,ok,34497.0,ok,18033.0,ok,83922.0,ok,122366.0,ok,13.0,ok,3.0,ok,4.0,ok
2019,02,青森,28,電子部品・デバイス・電子回路製造業,45.0,ok,6407.0,ok,249207.0,ok,57522.0,ok,21631.0,ok,183675.0,ok,248193.0,ok,25.0,ok,14.0,ok,6.0,ok
2019,02,青森,29,電気機械器具製造業,20.0,ok,2944.0,ok,55374.0,ok,18074.0,ok,11755.0,ok,34881.0,ok,54524.0,ok,10.0,ok,8.0,ok,2.0,ok
2019,02,青森,30,情報通信機械器具製造業,6.0,ok,618.0,ok,,suppressed,,suppressed,,suppressed,,suppressed,,suppressed,4.0,ok,2.0,ok,,absent_from_source
2019,02,青森,31,輸送用機械器具製造業,9.0,ok,1142.0,ok,38746.0,ok,25383.0,ok,5192.0,ok,21200.0,ok,45918.0,ok,4.0,ok,5.0,ok,,absent_from_source
2019,02,青森,32,その他の製造業,5.0,ok,266.0,ok,3303.0,ok,1261.0,ok,808.0,ok,1688.0,ok,3071.0,ok,5.0,ok,,absent_from_source,,absent_from_source
2019,03,岩手,09,食料品製造業,142.0,ok,15030.0,ok,329798.0,ok,99316.0,ok,40501.0,ok,214045.0,ok,314130.0,ok,99.0,ok,36.0,ok,7.0,ok
2019,03,岩手,10,飲料・たばこ・飼料製造業,6.0,ok,357.0,ok,35068.0,ok,17326.0,ok,1306.0,ok,14994.0,ok,34787.0,ok,5.0,ok,1.0,ok,,absent_from_source
2019,03,岩手,11,繊維工業,52.0,ok,3276.0,ok,20576.0,ok,9900.0,ok,6912.0,ok,9546.0,ok,20343.0,ok,45.0,ok,7.0,ok,,absent_from_source
2019,03,岩手,12,木材・木製品製造業（家具を除く）,20.0,ok,1039.0,ok,39520.0,ok,10655.0,ok,3468.0,ok,26961.0,ok,38708.0,ok,19.0,ok,1.0,ok,,absent_from_source
2019,03,岩手,13,家具・装備品製造業,2.0,ok,185.0,ok,,suppressed,,suppressed,,suppressed,,suppressed,,suppressed,1.0,ok,1.0,ok,,absent_from_source
2019,03,岩手,14,パルプ・紙・紙加工品製造業,11.0,ok,943.0,ok,48917.0,ok,14521.0,ok,3853.0,ok,30929.0,ok,47655.0,ok,8.0,ok,3.0,ok,,absent_from_source
2019,03,岩手,15,印刷・同関連業,16.0,ok,1051.0,ok,25916.0,ok,13238.0,ok,3989.0,ok,10642.0,ok,25938.0,ok,13.0,ok,3.0,ok,,absent_from_source
2019,03,岩手,16,化学工業,9.0,ok,1341.0,ok,46132.0,ok,15784.0,ok,5992.0,ok,22404.0,ok,42882.0,ok,5.0,ok,3.0,ok,1.0,ok
2019,03,岩手,17,石油製品・石炭製品製造業,,absent_from_source,,absent_from_source,,absent_from_source,,absent_from_source,,absent_from_source,,absent_from_source,,absent_from_source,,absent_from_source,,absent_from_source,,absent_from_source
2019,03,岩手,18,プラスチック製品製造業（別掲を除く）,36.0,ok,3137.0,ok,71478.0,ok,25289.0,ok,11021.0,ok,41853.0,ok,69904.0,ok,28.0,ok,7.0,ok,1.0,ok
2019,03,岩手,19,ゴム製品製造業,5.0,ok,427.0,ok,4622.0,ok,1730.0,ok,1116.0,ok,2583.0,ok,3929.0,ok,4.0,ok,1.0,ok,,absent_from_source
2019,03,岩手,20,なめし革・同製品・毛皮製造業,4.0,ok,310.0,ok,,suppressed,,suppressed,,suppressed,,suppressed,,suppressed,4.0,ok,,absent_from_source,,absent_from_source
2019,03,岩手,21,窯業・土石製品製造業,17.0,ok,1109.0,ok,46729.0,ok,19320.0,ok,4804.0,ok,23766.0,ok,39381.0,ok,15.0,ok,2.0,ok,,absent_from_source
2019,03,岩手,22,鉄鋼業,17.0,ok,1745.0,ok,82645.0,ok,18458.0,ok,9344.0,ok,58800.0,ok,67938.0,ok,15.0,ok,1.0,ok,1.0,ok
2019,03,岩手,23,非鉄金属製造業,11.0,ok,772.0,ok,26132.0,ok,9425.0,ok,2863.0,ok,15325.0,ok,20886.0,ok,9.0,ok,2.0,ok,,absent_from_source
2019,03,岩手,24,金属製品製造業,42.0,ok,3852.0,ok,91740.0,ok,34049.0,ok,20378.0,ok,49507.0,ok,81676.0,ok,32.0,ok,8.0,ok,2.0,ok
2019,03,岩手,25,はん用機械器具製造業,15.0,ok,3625.0,ok,114370.0,ok,61270.0,ok,15442.0,ok,52144.0,ok,115725.0,ok,9.0,ok,2.0,ok,4.0,ok
2019,03,岩手,26,生産用機械器具製造業,60.0,ok,6351.0,ok,257770.0,ok,75844.0,ok,30301.0,ok,174048.0,ok,256074.0,ok,47.0,ok,9.0,ok,4.0,ok
2019,03,岩手,27,業務用機械器具製造業,19.0,ok,3077.0,ok,114146.0,ok,33414.0,ok,12620.0,ok,78608.0,ok,114049.0,ok,9.0,ok,6.0,ok,4.0,ok
2019,03,岩手,28,電子部品・デバイス・電子回路製造業,49.0,ok,7853.0,ok,191517.0,ok,56973.0,ok,34100.0,ok,113087.0,ok,191264.0,ok,31.0,ok,10.0,ok,8.0,ok
2019,03,岩手,29,電気機械器具製造業,27.0,ok,2803.0,ok,57469.0,ok,23051.0,ok,10738.0,ok,30945.0,ok,57003.0,ok,18.0,ok,8.0,ok,1.0,ok
2019,03,岩手,30,情報通信機械器具製造業,15.0,ok,1486.0,ok,26293.0,ok,16010.0,ok,5465.0,ok,14466.0,ok,31391.0,ok,10.0,ok,5.0,ok,,absent_from_source
2019,03,岩手,31,輸送用機械器具製造業,33.0,ok,7894.0,ok,645087.0,ok,81651.0,ok,40212.0,ok,546570.0,ok,639346.0,ok,18.0,ok,9.0,ok,6.0,ok
2019,03,岩手,32,その他の製造業,13.0,ok,1669.0,ok,38469.0,ok,12440.0,ok,7539.0,ok,24459.0,ok,39029.0,ok,10.0,ok,1.0,ok,2.0,ok
2019,04,宮城,09,食料品製造業,204.0,ok,22300.0,ok,533754.0,ok,169396.0,ok,65317.0,ok,335110.0,ok,493451.0,ok,146.0,ok,46.0,ok,12.0,ok
2019,04,宮城,10,飲料・たばこ・飼料製造業,13.0,ok,993.0,ok,160238.0,ok,41888.0,ok,5120.0,ok,82269.0,ok,159171.0,ok,10.0,ok,3.0,ok,,absent_from_source
2019,04,宮城,11,繊維工業,27.0,ok,1683.0,ok,12064.0,ok,6872.0,ok,4114.0,ok,4501.0,ok,11417.0,ok,23.0,ok,4.0,ok,,absent_from_source
2019,04,宮城,12,木材・木製品製造業（家具を除く）,15.0,ok,1253.0,ok,65195.0,ok,16331.0,ok,5390.0,ok,45053.0,ok,55293.0,ok,11.0,ok,4.0,ok,,absent_from_source
2019,04,宮城,13,家具・装備品製造業,4.0,ok,245.0,ok,4746.0,ok,1339.0,ok,927.0,ok,3160.0,ok,4721.0,ok,3.0,ok,1.0,ok,,absent_from_source
2019,04,宮城,14,パルプ・紙・紙加工品製造業,18.0,ok,1997.0,ok,178435.0,ok,55689.0,ok,10504.0,ok,107099.0,ok,173792.0,ok,14.0,ok,3.0,ok,1.0,ok
2019,04,宮城,15,印刷・同関連業,37.0,ok,3254.0,ok,77128.0,ok,33137.0,ok,13650.0,ok,39910.0,ok,72427.0,ok,27.0,ok,10.0,ok,,absent_from_source
2019,04,宮城,16,化学工業,17.0,ok,1327.0,ok,73746.0,ok,26405.0,ok,5979.0,ok,42495.0,ok,68939.0,ok,12.0,ok,5.0,ok,,absent_from_source
2019,04,宮城,17,石油製品・石炭製品製造業,2.0,ok,415.0,ok,,suppressed,,suppressed,,suppressed,,suppressed,,suppressed,1.0,ok,,absent_from_source,1.0,ok
2019,04,宮城,18,プラスチック製品製造業（別掲を除く）,44.0,ok,3435.0,ok,83588.0,ok,33064.0,ok,13664.0,ok,44756.0,ok,80085.0,ok,35.0,ok,9.0,ok,,absent_from_source
2019,04,宮城,19,ゴム製品製造業,12.0,ok,2560.0,ok,70312.0,ok,21794.0,ok,12262.0,ok,45362.0,ok,70248.0,ok,6.0,ok,5.0,ok,1.0,ok
2019,04,宮城,20,なめし革・同製品・毛皮製造業,1.0,ok,93.0,ok,,suppressed,,suppressed,,suppressed,,suppressed,,suppressed,1.0,ok,,absent_from_source,,absent_from_source
2019,04,宮城,21,窯業・土石製品製造業,28.0,ok,2407.0,ok,70160.0,ok,31659.0,ok,12335.0,ok,34205.0,ok,59761.0,ok,20.0,ok,7.0,ok,1.0,ok
2019,04,宮城,22,鉄鋼業,13.0,ok,1896.0,ok,163043.0,ok,27976.0,ok,10123.0,ok,125544.0,ok,159410.0,ok,9.0,ok,1.0,ok,3.0,ok
2019,04,宮城,23,非鉄金属製造業,17.0,ok,1648.0,ok,80638.0,ok,23906.0,ok,7865.0,ok,52255.0,ok,73527.0,ok,11.0,ok,6.0,ok,,absent_from_source
2019,04,宮城,24,金属製品製造業,49.0,ok,5668.0,ok,164480.0,ok,61932.0,ok,26037.0,ok,91759.0,ok,150768.0,ok,39.0,ok,8.0,ok,2.0,ok
2019,04,宮城,25,はん用機械器具製造業,13.0,ok,993.0,ok,24027.0,ok,10473.0,ok,4344.0,ok,12213.0,ok,23020.0,ok,10.0,ok,3.0,ok,,absent_from_source
2019,04,宮城,26,生産用機械器具製造業,53.0,ok,6381.0,ok,400710.0,ok,109390.0,ok,32217.0,ok,269649.0,ok,396008.0,ok,39.0,ok,12.0,ok,2.0,ok
2019,04,宮城,27,業務用機械器具製造業,15.0,ok,2324.0,ok,68434.0,ok,10355.0,ok,10465.0,ok,54868.0,ok,59472.0,ok,11.0,ok,2.0,ok,2.0,ok
2019,04,宮城,28,電子部品・デバイス・電子回路製造業,52.0,ok,13116.0,ok,437021.0,ok,244293.0,ok,59793.0,ok,169567.0,ok,419981.0,ok,26.0,ok,13.0,ok,13.0,ok
2019,04,宮城,29,電気機械器具製造業,37.0,ok,5519.0,ok,150459.0,ok,51548.0,ok,21708.0,ok,89612.0,ok,147449.0,ok,20.0,ok,14.0,ok,3.0,ok
2019,04,宮城,30,情報通信機械器具製造業,19.0,ok,3645.0,ok,145283.0,ok,46964.0,ok,17433.0,ok,91786.0,ok,141710.0,ok,8.0,ok,6.0,ok,5.0,ok
2019,04,宮城,31,輸送用機械器具製造業,47.0,ok,9902.0,ok,554199.0,ok,129942.0,ok,51553.0,ok,410771.0,ok,553650.0,ok,27.0,ok,10.0,ok,10.0,ok
2019,04,宮城,32,その他の製造業,10.0,ok,723.0,ok,30027.0,ok,9254.0,ok,3054.0,ok,19192.0,ok,29723.0,ok,7.0,ok,3.0,ok,,absent_from_source
2019,05,秋田,09,食料品製造業,54.0,ok,5122.0,ok,84995.0,ok,28596.0,ok,13514.0,ok,52495.0,ok,80489.0,ok,37.0,ok,16.0,ok,1.0,ok
2019,05,秋田,10,飲料・たばこ・飼料製造業,9.0,ok,521.0,ok,14858.0,ok,6284.0,ok,2115.0,ok,4245.0,ok,14771.0,ok,8.0,ok,1.0,ok,,absent_from_source
2019,05,秋田,11,繊維工業,57.0,ok,3365.0,ok,25734.0,ok,11032.0,ok,7100.0,ok,13192.0,ok,25466.0,ok,51.0,ok,6.0,ok,,absent_from_source
2019,05,秋田,12,木材・木製品製造業（家具を除く）,20.0,ok,1329.0,ok,52633.0,ok,16518.0,ok,4837.0,ok,32921.0,ok,50981.0,ok,16.0,ok,4.0,ok,,absent_from_source
2019,05,秋田,13,家具・装備品製造業,7.0,ok,503.0,ok,7510.0,ok,3067.0,ok,1530.0,ok,4067.0,ok,7503.0,ok,6.0,ok,1.0,ok,,absent_from_source
2019,05,秋田,14,パルプ・紙・紙加工品製造業,5.0,ok,427.0,ok,36324.0,ok,4906.0,ok,2128.0,ok,29977.0,ok,37171.0,ok,4.0,ok,1.0,ok,,absent_from_source
2019,05,秋田,15,印刷・同関連業,9.0,ok,419.0,ok,5283.0,ok,2843.0,ok,1337.0,ok,2001.0,ok,5182.0,ok,9.0,ok,,absent_from_source,,absent_from_source
2019,05,秋田,16,化学工業,6.0,ok,1746.0,ok,53337.0,ok,21849.0,ok,7428.0,ok,25764.0,ok,53943.0,ok,2.0,ok,3.0,ok,1.0,ok
2019,05,秋田,17,石油製品・石炭製品製造業,,absent_from_source,,absent_from_source,,absent_from_source,,absent_from_source,,absent_from_source,,absent_from_source,,absent_from_source,,absent_from_source,,absent_from_source,,absent_from_source
2019,05,秋田,18,プラスチック製品製造業（別掲を除く）,16.0,ok,1317.0,ok,18791.0,ok,5635.0,ok,3665.0,ok,12097.0,ok,18750.0,ok,12.0,ok,4.0,ok,,absent_from_source
2019,05,秋田,19,ゴム製品製造業,6.0,ok,397.0,ok,3648.0,ok,1768.0,ok,989.0,ok,1425.0,ok,3590.0,ok,5.0,ok,1.0,ok,,absent_from_source
2019,05,秋田,20,なめし革・同製品・毛皮製造業,4.0,ok,153.0,ok,792.0,ok,532.0,ok,343.0,ok,216.0,ok,799.0,ok,4.0,ok,,absent_from_source,,absent_from_source
2019,05,秋田,21,窯業・土石製品製造業,12.0,ok,566.0,ok,15574.0,ok,4509.0,ok,2584.0,ok,10213.0,ok,15676.0,ok,11.0,ok,1.0,ok,,absent_from_source
2019,05,秋田,22,鉄鋼業,7.0,ok,700.0,ok,15155.0,ok,5843.0,ok,2599.0,ok,8388.0,ok,15045.0,ok,3.0,ok,4.0,ok,,absent_from_source
2019,05,秋田,23,非鉄金属製造業,13.0,ok,1554.0,ok,63695.0,ok,21805.0,ok,7383.0,ok,35461.0,ok,62274.0,ok,9.0,ok,2.0,ok,2.0,ok
2019,05,秋田,24,金属製品製造業,35.0,ok,2415.0,ok,53145.0,ok,21640.0,ok,9451.0,ok,27958.0,ok,52373.0,ok,30.0,ok,5.0,ok,,absent_from_source
2019,05,秋田,25,はん用機械器具製造業,12.0,ok,871.0,ok,16924.0,ok,7631.0,ok,3275.0,ok,8147.0,ok,16024.0,ok,10.0,ok,2.0,ok,,absent_from_source
2019,05,秋田,26,生産用機械器具製造業,47.0,ok,4455.0,ok,88967.0,ok,29448.0,ok,18041.0,ok,55263.0,ok,89022.0,ok,35.0,ok,10.0,ok,2.0,ok
2019,05,秋田,27,業務用機械器具製造業,21.0,ok,3796.0,ok,82849.0,ok,33719.0,ok,14803.0,ok,43965.0,ok,81052.0,ok,12.0,ok,8.0,ok,1.0,ok
2019,05,秋田,28,電子部品・デバイス・電子回路製造業,52.0,ok,12113.0,ok,370333.0,ok,150224.0,ok,54190.0,ok,208964.0,ok,367228.0,ok,25.0,ok,12.0,ok,15.0,ok
2019,05,秋田,29,電気機械器具製造業,20.0,ok,1639.0,ok,24298.0,ok,9851.0,ok,5914.0,ok,13168.0,ok,24356.0,ok,14.0,ok,6.0,ok,,absent_from_source
2019,05,秋田,30,情報通信機械器具製造業,4.0,ok,468.0,ok,8425.0,ok,3960.0,ok,2163.0,ok,4019.0,ok,8473.0,ok,3.0,ok,,absent_from_source,1.0,ok
2019,05,秋田,31,輸送用機械器具製造業,19.0,ok,2599.0,ok,65444.0,ok,21300.0,ok,12423.0,ok,39750.0,ok,64697.0,ok,13.0,ok,4.0,ok,2.0,ok
2019,05,秋田,32,その他の製造業,7.0,ok,338.0,ok,4077.0,ok,1774.0,ok,1058.0,ok,2140.0,ok,3815.0,ok,7.0,ok,,absent_from_source,,absent_from_source
2019,06,山形,09,食料品製造業,109.0,ok,11681.0,ok,288033.0,ok,88518.0,ok,35931.0,ok,185273.0,ok,278855.0,ok,80.0,ok,21.0,ok,8.0,ok
2019,06,山形,10,飲料・たばこ・飼料製造業,10.0,ok,754.0,ok,31996.0,ok,9253.0,ok,3117.0,ok,20855.0,ok,32169.0,ok,7.0,ok,3.0,ok,,absent_from_source
2019,06,山形,11,繊維工業,62.0,ok,4263.0,ok,35142.0,ok,15408.0,ok,9742.0,ok,17813.0,ok,34639.0,ok,50.0,ok,12.0,ok,,absent_from_source
2019,06,山形,12,木材・木製品製造業（家具を除く）,7.0,ok,385.0,ok,8054.0,ok,2234.0,ok,1376.0,ok,5350.0,ok,6694.0,ok,6.0,ok,1.0,ok,,absent_from_source
2019,06,山形,13,家具・装備品製造業,12.0,ok,1116.0,ok,18653.0,ok,7576.0,ok,4083.0,ok,9966.0,ok,17529.0,ok,8.0,ok,3.0,ok,1.0,ok
2019,06,山形,14,パルプ・紙・紙加工品製造業,11.0,ok,673.0,ok,17108.0,ok,5389.0,ok,2623.0,ok,10760.0,ok,14447.0,ok,9.0,ok,2.0,ok,,absent_from_source
2019,06,山形,15,印刷・同関連業,19.0,ok,1393.0,ok,21942.0,ok,9135.0,ok,4703.0,ok,11133.0,ok,21144.0,ok,12.0,ok,7.0,ok,,absent_from_source
2019,06,山形,16,化学工業,18.0,ok,3306.0,ok,245579.0,ok,148601.0,ok,16513.0,ok,82282.0,ok,252506.0,ok,9.0,ok,5.0,ok,4.0,ok
2019,06,山形,17,石油製品・石炭製品製造業,1.0,ok,30.0,ok,,suppressed,,suppressed,,suppressed,,suppressed,,suppressed,1.0,ok,,absent_from_source,,absent_from_source
2019,06,山形,18,プラスチック製品製造業（別掲を除く）,33.0,ok,3003.0,ok,53391.0,ok,21539.0,ok,10399.0,ok,28238.0,ok,52476.0,ok,24.0,ok,8.0,ok,1.0,ok
2019,06,山形,19,ゴム製品製造業,4.0,ok,252.0,ok,,suppressed,,suppressed,,suppressed,,suppressed,,suppressed,3.0,ok,1.0,ok,,absent_from_source
2019,06,山形,20,なめし革・同製品・毛皮製造業,8.0,ok,733.0,ok,18003.0,ok,7284.0,ok,3058.0,ok,9511.0,ok,17905.0,ok,7.0,ok,,absent_from_source,1.0,ok
2019,06,山形,21,窯業・土石製品製造業,22.0,ok,2844.0,ok,86936.0,ok,42489.0,ok,12842.0,ok,30436.0,ok,78637.0,ok,16.0,ok,4.0,ok,2.0,ok
2019,06,山形,22,鉄鋼業,11.0,ok,802.0,ok,22552.0,ok,7009.0,ok,3727.0,ok,14014.0,ok,21560.0,ok,9.0,ok,2.0,ok,,absent_from_source
2019,06,山形,23,非鉄金属製造業,8.0,ok,1237.0,ok,47140.0,ok,19648.0,ok,6731.0,ok,25855.0,ok,46728.0,ok,4.0,ok,2.0,ok,2.0,ok
2019,06,山形,24,金属製品製造業,52.0,ok,3296.0,ok,78489.0,ok,32382.0,ok,13135.0,ok,42585.0,ok,79901.0,ok,45.0,ok,7.0,ok,,absent_from_source
2019,06,山形,25,はん用機械器具製造業,27.0,ok,2582.0,ok,58475.0,ok,21461.0,ok,11594.0,ok,32722.0,ok,55341.0,ok,21.0,ok,5.0,ok,1.0,ok
2019,06,山形,26,生産用機械器具製造業,95.0,ok,8547.0,ok,206915.0,ok,73677.0,ok,37261.0,ok,116890.0,ok,190003.0,ok,72.0,ok,18.0,ok,5.0,ok
2019,06,山形,27,業務用機械器具製造業,22.0,ok,2328.0,ok,53482.0,ok,15335.0,ok,8902.0,ok,36320.0,ok,52787.0,ok,14.0,ok,7.0,ok,1.0,ok
2019,06,山形,28,電子部品・デバイス・電子回路製造業,49.0,ok,12058.0,ok,433678.0,ok,195514.0,ok,63872.0,ok,172528.0,ok,419295.0,ok,22.0,ok,12.0,ok,15.0,ok
2019,06,山形,29,電気機械器具製造業,50.0,ok,5100.0,ok,144844.0,ok,49383.0,ok,20012.0,ok,90982.0,ok,144928.0,ok,38.0,ok,8.0,ok,4.0,ok
2019,06,山形,30,情報通信機械器具製造業,20.0,ok,3332.0,ok,311439.0,ok,68902.0,ok,17578.0,ok,238106.0,ok,313630.0,ok,12.0,ok,6.0,ok,2.0,ok
2019,06,山形,31,輸送用機械器具製造業,42.0,ok,5535.0,ok,118458.0,ok,44768.0,ok,24144.0,ok,64389.0,ok,117082.0,ok,22.0,ok,15.0,ok,5.0,ok
2019,06,山形,32,その他の製造業,12.0,ok,2764.0,ok,182765.0,ok,46733.0,ok,13153.0,ok,126844.0,ok,180214.0,ok,7.0,ok,2.0,ok,3.0,ok
2019,07,福島,09,食料品製造業,116.0,ok,12115.0,ok,250505.0,ok,80137.0,ok,33481.0,ok,155108.0,ok,240877.0,ok,74.0,ok,37.0,ok,5.0,ok
2019,07,福島,10,飲料・たばこ・飼料製造業,9.0,ok,590.0,ok,121450.0,ok,38374.0,ok,2958.0,ok,22927.0,ok,121582.0,ok,8.0,ok,1.0,ok,,absent_from_source
2019,07,福島,11,繊維工業,49.0,ok,3000.0,ok,25249.0,ok,10560.0,ok,7302.0,ok,13532.0,ok,25185.0,ok,44.0,ok,5.0,ok,,absent_from_source
2019,07,福島,12,木材・木製品製造業（家具を除く）,15.0,ok,1126.0,ok,34623.0,ok,8751.0,ok,3708.0,ok,23934.0,ok,34463.0,ok,13.0,ok,2.0,ok,,absent_from_source
2019,07,福島,13,家具・装備品製造業,15.0,ok,2068.0,ok,48978.0,ok,14246.0,ok,9751.0,ok,31919.0,ok,46735.0,ok,9.0,ok,3.0,ok,3.0,ok
2019,07,福島,14,パルプ・紙・紙加工品製造業,31.0,ok,2882.0,ok,198109.0,ok,43341.0,ok,13299.0,ok,140891.0,ok,189529.0,ok,20.0,ok,10.0,ok,1.0,ok
2019,07,福島,15,印刷・同関連業,28.0,ok,1640.0,ok,30234.0,ok,12909.0,ok,5698.0,ok,14844.0,ok,29219.0,ok,25.0,ok,3.0,ok,,absent_from_source
2019,07,福島,16,化学工業,58.0,ok,8173.0,ok,521983.0,ok,210549.0,ok,43804.0,ok,275454.0,ok,462088.0,ok,36.0,ok,19.0,ok,3.0,ok
2019,07,福島,17,石油製品・石炭製品製造業,,absent_from_source,,absent_from_source,,absent_from_source,,absent_from_source,,absent_from_source,,absent_from_source,,absent_from_source,,absent_from_source,,absent_from_source,,absent_from_source
2019,07,福島,18,プラスチック製品製造業（別掲を除く）,71.0,ok,7143.0,ok,203568.0,ok,63871.0,ok,29807.0,ok,127981.0,ok,190273.0,ok,52.0,ok,16.0,ok,3.0,ok
2019,07,福島,19,ゴム製品製造業,32.0,ok,5565.0,ok,200567.0,ok,98811.0,ok,26008.0,ok,92182.0,ok,198763.0,ok,18.0,ok,11.0,ok,3.0,ok
2019,07,福島,20,なめし革・同製品・毛皮製造業,9.0,ok,767.0,ok,14006.0,ok,5090.0,ok,1957.0,ok,8253.0,ok,13383.0,ok,7.0,ok,2.0,ok,,absent_from_source
2019,07,福島,21,窯業・土石製品製造業,52.0,ok,4747.0,ok,133372.0,ok,60311.0,ok,23303.0,ok,65998.0,ok,129548.0,ok,40.0,ok,9.0,ok,3.0,ok
2019,07,福島,22,鉄鋼業,20.0,ok,2472.0,ok,82192.0,ok,23895.0,ok,12547.0,ok,53370.0,ok,75223.0,ok,13.0,ok,6.0,ok,1.0,ok
2019,07,福島,23,非鉄金属製造業,26.0,ok,3484.0,ok,181638.0,ok,42542.0,ok,17899.0,ok,127767.0,ok,175953.0,ok,12.0,ok,11.0,ok,3.0,ok
2019,07,福島,24,金属製品製造業,85.0,ok,7533.0,ok,212831.0,ok,71247.0,ok,35703.0,ok,128440.0,ok,208483.0,ok,68.0,ok,15.0,ok,2.0,ok
2019,07,福島,25,はん用機械器具製造業,41.0,ok,5001.0,ok,198448.0,ok,76239.0,ok,24460.0,ok,117616.0,ok,189812.0,ok,30.0,ok,8.0,ok,3.0,ok
2019,07,福島,26,生産用機械器具製造業,74.0,ok,5909.0,ok,121423.0,ok,43701.0,ok,25765.0,ok,71363.0,ok,120079.0,ok,58.0,ok,14.0,ok,2.0,ok
2019,07,福島,27,業務用機械器具製造業,60.0,ok,10728.0,ok,259343.0,ok,88303.0,ok,47181.0,ok,162492.0,ok,256992.0,ok,39.0,ok,15.0,ok,6.0,ok
2019,07,福島,28,電子部品・デバイス・電子回路製造業,75.0,ok,12539.0,ok,474188.0,ok,122054.0,ok,56220.0,ok,308612.0,ok,451165.0,ok,35.0,ok,27.0,ok,13.0,ok
2019,07,福島,29,電気機械器具製造業,61.0,ok,7821.0,ok,207674.0,ok,63179.0,ok,38281.0,ok,129816.0,ok,199389.0,ok,40.0,ok,16.0,ok,5.0,ok
2019,07,福島,30,情報通信機械器具製造業,43.0,ok,10021.0,ok,517766.0,ok,107764.0,ok,54105.0,ok,418078.0,ok,359180.0,ok,23.0,ok,13.0,ok,7.0,ok
2019,07,福島,31,輸送用機械器具製造業,63.0,ok,11261.0,ok,496991.0,ok,198141.0,ok,55323.0,ok,264896.0,ok,497397.0,ok,40.0,ok,13.0,ok,10.0,ok
2019,07,福島,32,その他の製造業,17.0,ok,1269.0,ok,30753.0,ok,12467.0,ok,4751.0,ok,16694.0,ok,28039.0,ok,15.0,ok,2.0,ok,,absent_from_source
2019,08,茨城,09,食料品製造業,268.0,ok,37331.0,ok,1321221.0,ok,428615.0,ok,127977.0,ok,815509.0,ok,1279511.0,ok,153.0,ok,83.0,ok,32.0,ok
2019,08,茨城,10,飲料・たばこ・飼料製造業,22.0,ok,2013.0,ok,497230.0,ok,100593.0,ok,11000.0,ok,248357.0,ok,494598.0,ok,16.0,ok,6.0,ok,,absent_from_source
2019,08,茨城,11,繊維工業,23.0,ok,2102.0,ok,49845.0,ok,15339.0,ok,8264.0,ok,28112.0,ok,46965.0,ok,15.0,ok,7.0,ok,1.0,ok
2019,08,茨城,12,木材・木製品製造業（家具を除く）,26.0,ok,2766.0,ok,144158.0,ok,43236.0,ok,11239.0,ok,94857.0,ok,130738.0,ok,17.0,ok,7.0,ok,2.0,ok
2019,08,茨城,13,家具・装備品製造業,21.0,ok,1790.0,ok,54383.0,ok,20047.0,ok,7485.0,ok,32872.0,ok,55950.0,ok,13.0,ok,8.0,ok,,absent_from_source
2019,08,茨城,14,パルプ・紙・紙加工品製造業,51.0,ok,4957.0,ok,222687.0,ok,59945.0,ok,22078.0,ok,151395.0,ok,212906.0,ok,33.0,ok,17.0,ok,1.0,ok
2019,08,茨城,15,印刷・同関連業,42.0,ok,4035.0,ok,109756.0,ok,35925.0,ok,17813.0,ok,66307.0,ok,108593.0,ok,33.0,ok,8.0,ok,1.0,ok
2019,08,茨城,16,化学工業,103.0,ok,15173.0,ok,1580935.0,ok,563241.0,ok,85626.0,ok,942371.0,ok,1543347.0,ok,61.0,ok,31.0,ok,11.0,ok
2019,08,茨城,17,石油製品・石炭製品製造業,4.0,ok,645.0,ok,,suppressed,,suppressed,,suppressed,,suppressed,,suppressed,2.0,ok,1.0,ok,1.0,ok
2019,08,茨城,18,プラスチック製品製造業（別掲を除く）,158.0,ok,17810.0,ok,734500.0,ok,248772.0,ok,85766.0,ok,440747.0,ok,654196.0,ok,107.0,ok,43.0,ok,8.0,ok
2019,08,茨城,19,ゴム製品製造業,21.0,ok,2509.0,ok,63512.0,ok,22195.0,ok,11846.0,ok,36899.0,ok,62665.0,ok,13.0,ok,6.0,ok,2.0,ok
2019,08,茨城,20,なめし革・同製品・毛皮製造業,1.0,ok,37.0,ok,,suppressed,,suppressed,,suppressed,,suppressed,,suppressed,1.0,ok,,absent_from_source,,absent_from_source
2019,08,茨城,21,窯業・土石製品製造業,75.0,ok,5978.0,ok,240790.0,ok,98652.0,ok,30106.0,ok,126849.0,ok,234426.0,ok,55.0,ok,19.0,ok,1.0,ok
2019,08,茨城,22,鉄鋼業,41.0,ok,8361.0,ok,789277.0,ok,81218.0,ok,51613.0,ok,653770.0,ok,775348.0,ok,20.0,ok,17.0,ok,4.0,ok
2019,08,茨城,23,非鉄金属製造業,42.0,ok,7696.0,ok,627969.0,ok,100023.0,ok,48838.0,ok,510782.0,ok,619589.0,ok,25.0,ok,9.0,ok,8.0,ok
2019,08,茨城,24,金属製品製造業,181.0,ok,17240.0,ok,709270.0,ok,235072.0,ok,77302.0,ok,439250.0,ok,633788.0,ok,145.0,ok,24.0,ok,12.0,ok
2019,08,茨城,25,はん用機械器具製造業,51.0,ok,13014.0,ok,606411.0,ok,265158.0,ok,84065.0,ok,315590.0,ok,591509.0,ok,31.0,ok,6.0,ok,14.0,ok
2019,08,茨城,26,生産用機械器具製造業,99.0,ok,18916.0,ok,1192214.0,ok,415727.0,ok,110252.0,ok,763688.0,ok,1170321.0,ok,66.0,ok,21.0,ok,12.0,ok
2019,08,茨城,27,業務用機械器具製造業,46.0,ok,12688.0,ok,246916.0,ok,71157.0,ok,76984.0,ok,167407.0,ok,244805.0,ok,23.0,ok,18.0,ok,5.0,ok
2019,08,茨城,28,電子部品・デバイス・電子回路製造業,40.0,ok,11681.0,ok,405044.0,ok,149518.0,ok,79398.0,ok,234254.0,ok,372749.0,ok,17.0,ok,18.0,ok,5.0,ok
2019,08,茨城,29,電気機械器具製造業,101.0,ok,22167.0,ok,789673.0,ok,260674.0,ok,119973.0,ok,495198.0,ok,772990.0,ok,55.0,ok,35.0,ok,11.0,ok
2019,08,茨城,30,情報通信機械器具製造業,13.0,ok,1859.0,ok,51915.0,ok,17202.0,ok,9061.0,ok,32702.0,ok,48175.0,ok,10.0,ok,1.0,ok,2.0,ok
2019,08,茨城,31,輸送用機械器具製造業,73.0,ok,14357.0,ok,946245.0,ok,525047.0,ok,80754.0,ok,355168.0,ok,941640.0,ok,48.0,ok,15.0,ok,10.0,ok
2019,08,茨城,32,その他の製造業,24.0,ok,3767.0,ok,186644.0,ok,58069.0,ok,18735.0,ok,121662.0,ok,174346.0,ok,15.0,ok,6.0,ok,3.0,ok
2019,09,栃木,09,食料品製造業,148.0,ok,20301.0,ok,601133.0,ok,235898.0,ok,67387.0,ok,329270.0,ok,573942.0,ok,78.0,ok,52.0,ok,18.0,ok
2019,09,栃木,10,飲料・たばこ・飼料製造業,14.0,ok,1551.0,ok,923087.0,ok,191659.0,ok,8216.0,ok,103719.0,ok,923682.0,ok,9.0,ok,4.0,ok,1.0,ok
2019,09,栃木,11,繊維工業,26.0,ok,1471.0,ok,38314.0,ok,14135.0,ok,5565.0,ok,22345.0,ok,35581.0,ok,23.0,ok,3.0,ok,,absent_from_source
2019,09,栃木,12,木材・木製品製造業（家具を除く）,29.0,ok,1834.0,ok,77195.0,ok,17337.0,ok,7237.0,ok,57172.0,ok,69391.0,ok,25.0,ok,4.0,ok,,absent_from_source
2019,09,栃木,13,家具・装備品製造業,11.0,ok,1088.0,ok,42198.0,ok,10984.0,ok,5226.0,ok,29287.0,ok,41267.0,ok,7.0,ok,4.0,ok,,absent_from_source
2019,09,栃木,14,パルプ・紙・紙加工品製造業,43.0,ok,5293.0,ok,254314.0,ok,95366.0,ok,25714.0,ok,140629.0,ok,233973.0,ok,30.0,ok,11.0,ok,2.0,ok
2019,09,栃木,15,印刷・同関連業,27.0,ok,2222.0,ok,47240.0,ok,15639.0,ok,8122.0,ok,28613.0,ok,46903.0,ok,20.0,ok,7.0,ok,,absent_from_source
2019,09,栃木,16,化学工業,51.0,ok,7048.0,ok,676848.0,ok,227620.0,ok,31328.0,ok,412686.0,ok,661783.0,ok,29.0,ok,15.0,ok,7.0,ok
2019,09,栃木,17,石油製品・石炭製品製造業,2.0,ok,193.0,ok,,suppressed,,suppressed,,suppressed,,suppressed,,suppressed,1.0,ok,1.0,ok,,absent_from_source
2019,09,栃木,18,プラスチック製品製造業（別掲を除く）,135.0,ok,15420.0,ok,522396.0,ok,181849.0,ok,72736.0,ok,297271.0,ok,499776.0,ok,88.0,ok,37.0,ok,10.0,ok
2019,09,栃木,19,ゴム製品製造業,26.0,ok,4263.0,ok,147961.0,ok,74221.0,ok,20385.0,ok,64290.0,ok,141602.0,ok,17.0,ok,6.0,ok,3.0,ok
2019,09,栃木,20,なめし革・同製品・毛皮製造業,2.0,ok,104.0,ok,,suppressed,,suppressed,,suppressed,,suppressed,,suppressed,2.0,ok,,absent_from_source,,absent_from_source
2019,09,栃木,21,窯業・土石製品製造業,43.0,ok,2959.0,ok,98002.0,ok,39740.0,ok,14845.0,ok,49653.0,ok,92154.0,ok,36.0,ok,6.0,ok,1.0,ok
2019,09,栃木,22,鉄鋼業,31.0,ok,3281.0,ok,220102.0,ok,55483.0,ok,17314.0,ok,152746.0,ok,212833.0,ok,20.0,ok,10.0,ok,1.0,ok
2019,09,栃木,23,非鉄金属製造業,31.0,ok,6578.0,ok,388015.0,ok,57230.0,ok,39360.0,ok,314906.0,ok,379064.0,ok,17.0,ok,7.0,ok,7.0,ok
2019,09,栃木,24,金属製品製造業,126.0,ok,9756.0,ok,408794.0,ok,128220.0,ok,46869.0,ok,261080.0,ok,394106.0,ok,100.0,ok,23.0,ok,3.0,ok
2019,09,栃木,25,はん用機械器具製造業,38.0,ok,6087.0,ok,330130.0,ok,88828.0,ok,35424.0,ok,233716.0,ok,311377.0,ok,22.0,ok,13.0,ok,3.0,ok
2019,09,栃木,26,生産用機械器具製造業,70.0,ok,13530.0,ok,622589.0,ok,199080.0,ok,82074.0,ok,401517.0,ok,486141.0,ok,45.0,ok,16.0,ok,9.0,ok
2019,09,栃木,27,業務用機械器具製造業,57.0,ok,9957.0,ok,271455.0,ok,128052.0,ok,46930.0,ok,131120.0,ok,269160.0,ok,39.0,ok,11.0,ok,7.0,ok
2019,09,栃木,28,電子部品・デバイス・電子回路製造業,45.0,ok,5629.0,ok,206170.0,ok,81518.0,ok,29753.0,ok,122635.0,ok,194997.0,ok,28.0,ok,13.0,ok,4.0,ok
2019,09,栃木,29,電気機械器具製造業,57.0,ok,12851.0,ok,943232.0,ok,432116.0,ok,72067.0,ok,459587.0,ok,827877.0,ok,37.0,ok,11.0,ok,9.0,ok
2019,09,栃木,30,情報通信機械器具製造業,20.0,ok,3413.0,ok,165952.0,ok,41861.0,ok,18484.0,ok,119489.0,ok,163690.0,ok,13.0,ok,4.0,ok,3.0,ok
2019,09,栃木,31,輸送用機械器具製造業,132.0,ok,30211.0,ok,1283922.0,ok,327842.0,ok,162442.0,ok,924616.0,ok,1280825.0,ok,72.0,ok,39.0,ok,21.0,ok
2019,09,栃木,32,その他の製造業,16.0,ok,2160.0,ok,56784.0,ok,28162.0,ok,9104.0,ok,25256.0,ok,56429.0,ok,11.0,ok,3.0,ok,2.0,ok
2019,10,群馬,09,食料品製造業,177.0,ok,23750.0,ok,794787.0,ok,264618.0,ok,79590.0,ok,487402.0,ok,734076.0,ok,102.0,ok,56.0,ok,19.0,ok
2019,10,群馬,10,飲料・たばこ・飼料製造業,18.0,ok,2322.0,ok,328214.0,ok,115195.0,ok,14004.0,ok,158852.0,ok,327909.0,ok,9.0,ok,8.0,ok,1.0,ok
2019,10,群馬,11,繊維工業,22.0,ok,1396.0,ok,19862.0,ok,7880.0,ok,4849.0,ok,10652.0,ok,19814.0,ok,19.0,ok,3.0,ok,,absent_from_source
2019,10,群馬,12,木材・木製品製造業（家具を除く）,11.0,ok,943.0,ok,51057.0,ok,11048.0,ok,4340.0,ok,37910.0,ok,49810.0,ok,8.0,ok,3.0,ok,,absent_from_source
2019,10,群馬,13,家具・装備品製造業,12.0,ok,1327.0,ok,32151.0,ok,11138.0,ok,5507.0,ok,19459.0,ok,32335.0,ok,8.0,ok,3.0,ok,1.0,ok
2019,10,群馬,14,パルプ・紙・紙加工品製造業,22.0,ok,1438.0,ok,72328.0,ok,20525.0,ok,6265.0,ok,47745.0,ok,65361.0,ok,17.0,ok,5.0,ok,,absent_from_source
2019,10,群馬,15,印刷・同関連業,29.0,ok,2704.0,ok,66844.0,ok,30406.0,ok,12961.0,ok,32749.0,ok,66426.0,ok,21.0,ok,7.0,ok,1.0,ok
2019,10,群馬,16,化学工業,55.0,ok,10044.0,ok,761460.0,ok,416127.0,ok,52208.0,ok,290081.0,ok,749407.0,ok,29.0,ok,17.0,ok,9.0,ok
2019,10,群馬,17,石油製品・石炭製品製造業,,absent_from_source,,absent_from_source,,absent_from_source,,absent_from_source,,absent_from_source,,absent_from_source,,absent_from_source,,absent_from_source,,absent_from_source,,absent_from_source
2019,10,群馬,18,プラスチック製品製造業（別掲を除く）,128.0,ok,13852.0,ok,476537.0,ok,162891.0,ok,57027.0,ok,278979.0,ok,453965.0,ok,83.0,ok,37.0,ok,8.0,ok
2019,10,群馬,19,ゴム製品製造業,15.0,ok,1981.0,ok,44855.0,ok,22455.0,ok,8262.0,ok,19868.0,ok,43600.0,ok,11.0,ok,2.0,ok,2.0,ok
2019,10,群馬,20,なめし革・同製品・毛皮製造業,,absent_from_source,,absent_from_source,,absent_from_source,,absent_from_source,,absent_from_source,,absent_from_source,,absent_from_source,,absent_from_source,,absent_from_source,,absent_from_source
2019,10,群馬,21,窯業・土石製品製造業,24.0,ok,1500.0,ok,49376.0,ok,17786.0,ok,6667.0,ok,28304.0,ok,48571.0,ok,22.0,ok,2.0,ok,,absent_from_source
2019,10,群馬,22,鉄鋼業,32.0,ok,3461.0,ok,231870.0,ok,42292.0,ok,19583.0,ok,180366.0,ok,218179.0,ok,24.0,ok,5.0,ok,3.0,ok
2019,10,群馬,23,非鉄金属製造業,25.0,ok,2699.0,ok,115197.0,ok,28132.0,ok,11760.0,ok,78609.0,ok,106860.0,ok,17.0,ok,8.0,ok,,absent_from_source
2019,10,群馬,24,金属製品製造業,144.0,ok,12070.0,ok,360426.0,ok,128904.0,ok,54579.0,ok,191642.0,ok,326745.0,ok,119.0,ok,22.0,ok,3.0,ok
2019,10,群馬,25,はん用機械器具製造業,51.0,ok,7521.0,ok,254602.0,ok,91082.0,ok,38539.0,ok,150733.0,ok,222988.0,ok,34.0,ok,12.0,ok,5.0,ok
2019,10,群馬,26,生産用機械器具製造業,93.0,ok,7761.0,ok,242272.0,ok,94282.0,ok,35969.0,ok,145048.0,ok,246096.0,ok,76.0,ok,13.0,ok,4.0,ok
2019,10,群馬,27,業務用機械器具製造業,45.0,ok,5611.0,ok,307731.0,ok,146078.0,ok,30806.0,ok,146549.0,ok,280058.0,ok,31.0,ok,10.0,ok,4.0,ok
2019,10,群馬,28,電子部品・デバイス・電子回路製造業,33.0,ok,6344.0,ok,197271.0,ok,75137.0,ok,34244.0,ok,117199.0,ok,182062.0,ok,19.0,ok,10.0,ok,4.0,ok
2019,10,群馬,29,電気機械器具製造業,77.0,ok,11651.0,ok,409173.0,ok,126455.0,ok,58507.0,ok,272624.0,ok,407685.0,ok,50.0,ok,16.0,ok,11.0,ok
2019,10,群馬,30,情報通信機械器具製造業,13.0,ok,2267.0,ok,86914.0,ok,20725.0,ok,8900.0,ok,63143.0,ok,86395.0,ok,5.0,ok,6.0,ok,2.0,ok
2019,10,群馬,31,輸送用機械器具製造業,188.0,ok,47776.0,ok,3296518.0,ok,907807.0,ok,261893.0,ok,2358741.0,ok,3256171.0,ok,111.0,ok,49.0,ok,28.0,ok
2019,10,群馬,32,その他の製造業,26.0,ok,2120.0,ok,60794.0,ok,24369.0,ok,8851.0,ok,33731.0,ok,60277.0,ok,22.0,ok,3.0,ok,1.0,ok
2019,11,埼玉,09,食料品製造業,402.0,ok,65056.0,ok,1913391.0,ok,724502.0,ok,197087.0,ok,1082532.0,ok,1822318.0,ok,228.0,ok,110.0,ok,64.0,ok
2019,11,埼玉,10,飲料・たばこ・飼料製造業,20.0,ok,1839.0,ok,190317.0,ok,34116.0,ok,8495.0,ok,146582.0,ok,188352.0,ok,12.0,ok,8.0,ok,,absent_from_source
2019,11,埼玉,11,繊維工業,34.0,ok,2400.0,ok,57104.0,ok,19529.0,ok,8859.0,ok,34737.0,ok,45932.0,ok,29.0,ok,4.0,ok,1.0,ok
2019,11,埼玉,12,木材・木製品製造業（家具を除く）,14.0,ok,842.0,ok,40189.0,ok,12177.0,ok,3592.0,ok,26616.0,ok,37342.0,ok,12.0,ok,2.0,ok,,absent_from_source
2019,11,埼玉,13,家具・装備品製造業,25.0,ok,2172.0,ok,97308.0,ok,17744.0,ok,8020.0,ok,75635.0,ok,58968.0,ok,20.0,ok,3.0,ok,2.0,ok
2019,11,埼玉,14,パルプ・紙・紙加工品製造業,128.0,ok,9567.0,ok,432107.0,ok,142792.0,ok,41759.0,ok,264328.0,ok,407731.0,ok,102.0,ok,25.0,ok,1.0,ok
2019,11,埼玉,15,印刷・同関連業,210.0,ok,23952.0,ok,587970.0,ok,258140.0,ok,113415.0,ok,288173.0,ok,577465.0,ok,147.0,ok,51.0,ok,12.0,ok
2019,11,埼玉,16,化学工業,159.0,ok,22073.0,ok,1628529.0,ok,679739.0,ok,106931.0,ok,877844.0,ok,1570956.0,ok,98.0,ok,39.0,ok,22.0,ok
2019,11,埼玉,17,石油製品・石炭製品製造業,1.0,ok,47.0,ok,,suppressed,,suppressed,,suppressed,,suppressed,,suppressed,1.0,ok,,absent_from_source,,absent_from_source
2019,11,埼玉,18,プラスチック製品製造業（別掲を除く）,192.0,ok,16639.0,ok,540484.0,ok,185729.0,ok,73955.0,ok,320789.0,ok,511075.0,ok,146.0,ok,39.0,ok,7.0,ok
2019,11,埼玉,19,ゴム製品製造業,43.0,ok,4598.0,ok,99886.0,ok,38242.0,ok,19203.0,ok,56428.0,ok,90772.0,ok,29.0,ok,11.0,ok,3.0,ok
2019,11,埼玉,20,なめし革・同製品・毛皮製造業,8.0,ok,559.0,ok,,suppressed,,suppressed,,suppressed,,suppressed,,suppressed,7.0,ok,1.0,ok,,absent_from_source
2019,11,埼玉,21,窯業・土石製品製造業,54.0,ok,3779.0,ok,159875.0,ok,63035.0,ok,19075.0,ok,88103.0,ok,134901.0,ok,41.0,ok,12.0,ok,1.0,ok
2019,11,埼玉,22,鉄鋼業,50.0,ok,3901.0,ok,290671.0,ok,75066.0,ok,21467.0,ok,199517.0,ok,254373.0,ok,39.0,ok,11.0,ok,,absent_from_source
2019,11,埼玉,23,非鉄金属製造業,70.0,ok,7493.0,ok,522075.0,ok,96363.0,ok,37923.0,ok,408118.0,ok,511583.0,ok,52.0,ok,12.0,ok,6.0,ok
2019,11,埼玉,24,金属製品製造業,229.0,ok,16177.0,ok,484017.0,ok,181729.0,ok,75567.0,ok,270982.0,ok,470920.0,ok,190.0,ok,38.0,ok,1.0,ok
2019,11,埼玉,25,はん用機械器具製造業,79.0,ok,10289.0,ok,356574.0,ok,159286.0,ok,52122.0,ok,182997.0,ok,328769.0,ok,54.0,ok,19.0,ok,6.0,ok
2019,11,埼玉,26,生産用機械器具製造業,147.0,ok,12249.0,ok,401905.0,ok,113605.0,ok,65202.0,ok,280828.0,ok,381265.0,ok,116.0,ok,28.0,ok,3.0,ok
2019,11,埼玉,27,業務用機械器具製造業,100.0,ok,10770.0,ok,420207.0,ok,187825.0,ok,51908.0,ok,214328.0,ok,401375.0,ok,70.0,ok,25.0,ok,5.0,ok
2019,11,埼玉,28,電子部品・デバイス・電子回路製造業,62.0,ok,10641.0,ok,310411.0,ok,119736.0,ok,55862.0,ok,173600.0,ok,302099.0,ok,42.0,ok,13.0,ok,7.0,ok
2019,11,埼玉,29,電気機械器具製造業,125.0,ok,14227.0,ok,414280.0,ok,145632.0,ok,70111.0,ok,249779.0,ok,387096.0,ok,99.0,ok,15.0,ok,11.0,ok
2019,11,埼玉,30,情報通信機械器具製造業,37.0,ok,7213.0,ok,364791.0,ok,120596.0,ok,43420.0,ok,232815.0,ok,361571.0,ok,26.0,ok,6.0,ok,5.0,ok
2019,11,埼玉,31,輸送用機械器具製造業,200.0,ok,39028.0,ok,2361627.0,ok,495334.0,ok,213621.0,ok,1792091.0,ok,2299706.0,ok,120.0,ok,55.0,ok,25.0,ok
2019,11,埼玉,32,その他の製造業,74.0,ok,6816.0,ok,214106.0,ok,87197.0,ok,28630.0,ok,115319.0,ok,185111.0,ok,55.0,ok,16.0,ok,3.0,ok
2019,12,千葉,09,食料品製造業,298.0,ok,44019.0,ok,1494800.0,ok,469652.0,ok,154108.0,ok,951177.0,ok,1443300.0,ok,173.0,ok,93.0,ok,32.0,ok
2019,12,千葉,10,飲料・たばこ・飼料製造業,22.0,ok,3085.0,ok,363332.0,ok,139878.0,ok,14991.0,ok,115766.0,ok,362068.0,ok,12.0,ok,8.0,ok,2.0,ok
2019,12,千葉,11,繊維工業,11.0,ok,815.0,ok,10239.0,ok,5078.0,ok,2781.0,ok,4131.0,ok,10043.0,ok,10.0,ok,1.0,ok,,absent_from_source
2019,12,千葉,12,木材・木製品製造業（家具を除く）,20.0,ok,1216.0,ok,56476.0,ok,14890.0,ok,4861.0,ok,40719.0,ok,52954.0,ok,18.0,ok,2.0,ok,,absent_from_source
2019,12,千葉,13,家具・装備品製造業,11.0,ok,1703.0,ok,85138.0,ok,31422.0,ok,8664.0,ok,47900.0,ok,69650.0,ok,4.0,ok,6.0,ok,1.0,ok
2019,12,千葉,14,パルプ・紙・紙加工品製造業,44.0,ok,3654.0,ok,119238.0,ok,41372.0,ok,14350.0,ok,71292.0,ok,116078.0,ok,37.0,ok,5.0,ok,2.0,ok
2019,12,千葉,15,印刷・同関連業,42.0,ok,3052.0,ok,79466.0,ok,36596.0,ok,12696.0,ok,37347.0,ok,77773.0,ok,36.0,ok,6.0,ok,,absent_from_source
2019,12,千葉,16,化学工業,138.0,ok,20783.0,ok,2059859.0,ok,723336.0,ok,127703.0,ok,1229660.0,ok,1997904.0,ok,78.0,ok,43.0,ok,17.0,ok
2019,12,千葉,17,石油製品・石炭製品製造業,13.0,ok,2787.0,ok,2817765.0,ok,135214.0,ok,21448.0,ok,2199674.0,ok,2733793.0,ok,8.0,ok,1.0,ok,4.0,ok
2019,12,千葉,18,プラスチック製品製造業（別掲を除く）,81.0,ok,6659.0,ok,239376.0,ok,81024.0,ok,30516.0,ok,146105.0,ok,231137.0,ok,62.0,ok,18.0,ok,1.0,ok
2019,12,千葉,19,ゴム製品製造業,21.0,ok,1489.0,ok,23985.0,ok,11040.0,ok,6821.0,ok,10712.0,ok,23029.0,ok,17.0,ok,4.0,ok,,absent_from_source
2019,12,千葉,20,なめし革・同製品・毛皮製造業,6.0,ok,319.0,ok,5290.0,ok,1877.0,ok,1165.0,ok,3169.0,ok,5089.0,ok,5.0,ok,1.0,ok,,absent_from_source
2019,12,千葉,21,窯業・土石製品製造業,47.0,ok,5249.0,ok,204367.0,ok,88494.0,ok,28396.0,ok,105007.0,ok,187326.0,ok,32.0,ok,12.0,ok,3.0,ok
2019,12,千葉,22,鉄鋼業,87.0,ok,15664.0,ok,1513780.0,ok,202884.0,ok,100945.0,ok,1242281.0,ok,1472577.0,ok,63.0,ok,18.0,ok,6.0,ok
2019,12,千葉,23,非鉄金属製造業,25.0,ok,4640.0,ok,322543.0,ok,80975.0,ok,29032.0,ok,232199.0,ok,293463.0,ok,16.0,ok,7.0,ok,2.0,ok
2019,12,千葉,24,金属製品製造業,162.0,ok,13245.0,ok,504360.0,ok,202395.0,ok,65337.0,ok,271257.0,ok,486225.0,ok,124.0,ok,34.0,ok,4.0,ok
2019,12,千葉,25,はん用機械器具製造業,44.0,ok,4794.0,ok,191151.0,ok,72850.0,ok,27046.0,ok,112038.0,ok,161286.0,ok,32.0,ok,8.0,ok,4.0,ok
2019,12,千葉,26,生産用機械器具製造業,91.0,ok,10378.0,ok,507709.0,ok,161118.0,ok,60080.0,ok,344037.0,ok,477182.0,ok,57.0,ok,29.0,ok,5.0,ok
2019,12,千葉,27,業務用機械器具製造業,27.0,ok,2898.0,ok,129227.0,ok,53293.0,ok,11658.0,ok,66089.0,ok,116061.0,ok,16.0,ok,10.0,ok,1.0,ok
2019,12,千葉,28,電子部品・デバイス・電子回路製造業,25.0,ok,5320.0,ok,173947.0,ok,37183.0,ok,39075.0,ok,119154.0,ok,159902.0,ok,13.0,ok,8.0,ok,4.0,ok
2019,12,千葉,29,電気機械器具製造業,44.0,ok,5655.0,ok,157125.0,ok,56008.0,ok,29824.0,ok,97013.0,ok,153210.0,ok,29.0,ok,10.0,ok,5.0,ok
2019,12,千葉,30,情報通信機械器具製造業,8.0,ok,1833.0,ok,143473.0,ok,22052.0,ok,13683.0,ok,120266.0,ok,76628.0,ok,4.0,ok,3.0,ok,1.0,ok
2019,12,千葉,31,輸送用機械器具製造業,36.0,ok,3335.0,ok,112294.0,ok,30531.0,ok,16823.0,ok,68143.0,ok,93257.0,ok,29.0,ok,6.0,ok,1.0,ok
2019,12,千葉,32,その他の製造業,29.0,ok,2630.0,ok,104683.0,ok,26457.0,ok,11075.0,ok,74998.0,ok,95760.0,ok,20.0,ok,8.0,ok,1.0,ok
2019,13,東京,09,食料品製造業,173.0,ok,23301.0,ok,611669.0,ok,216242.0,ok,80962.0,ok,365002.0,ok,562448.0,ok,111.0,ok,41.0,ok,21.0,ok
2019,13,東京,10,飲料・たばこ・飼料製造業,7.0,ok,690.0,ok,94844.0,ok,18954.0,ok,3910.0,ok,48858.0,ok,95029.0,ok,4.0,ok,3.0,ok,,absent_from_source
2019,13,東京,11,繊維工業,16.0,ok,905.0,ok,10560.0,ok,4163.0,ok,2841.0,ok,5874.0,ok,9267.0,ok,14.0,ok,2.0,ok,,absent_from_source
2019,13,東京,12,木材・木製品製造業（家具を除く）,2.0,ok,99.0,ok,,suppressed,,suppressed,,suppressed,,suppressed,,suppressed,2.0,ok,,absent_from_source,,absent_from_source
2019,13,東京,13,家具・装備品製造業,16.0,ok,1729.0,ok,94363.0,ok,27713.0,ok,10263.0,ok,67627.0,ok,89633.0,ok,14.0,ok,1.0,ok,1.0,ok
2019,13,東京,14,パルプ・紙・紙加工品製造業,36.0,ok,2240.0,ok,87303.0,ok,25782.0,ok,10705.0,ok,57300.0,ok,66309.0,ok,31.0,ok,5.0,ok,,absent_from_source
2019,13,東京,15,印刷・同関連業,270.0,ok,26806.0,ok,503443.0,ok,247139.0,ok,136602.0,ok,219643.0,ok,492066.0,ok,217.0,ok,41.0,ok,12.0,ok
2019,13,東京,16,化学工業,63.0,ok,8923.0,ok,337598.0,ok,157007.0,ok,54018.0,ok,159403.0,ok,324032.0,ok,48.0,ok,11.0,ok,4.0,ok
2019,13,東京,17,石油製品・石炭製品製造業,2.0,ok,103.0,ok,,suppressed,,suppressed,,suppressed,,suppressed,,suppressed,2.0,ok,,absent_from_source,,absent_from_source
2019,13,東京,18,プラスチック製品製造業（別掲を除く）,44.0,ok,2216.0,ok,38772.0,ok,17314.0,ok,10120.0,ok,18375.0,ok,34017.0,ok,43.0,ok,1.0,ok,,absent_from_source
2019,13,東京,19,ゴム製品製造業,11.0,ok,697.0,ok,12860.0,ok,3479.0,ok,3577.0,ok,8261.0,ok,12205.0,ok,10.0,ok,1.0,ok,,absent_from_source
2019,13,東京,20,なめし革・同製品・毛皮製造業,18.0,ok,1486.0,ok,,suppressed,,suppressed,,suppressed,,suppressed,,suppressed,16.0,ok,1.0,ok,1.0,ok
2019,13,東京,21,窯業・土石製品製造業,18.0,ok,1511.0,ok,52785.0,ok,20518.0,ok,9077.0,ok,28963.0,ok,44444.0,ok,13.0,ok,5.0,ok,,absent_from_source
2019,13,東京,22,鉄鋼業,15.0,ok,1724.0,ok,122453.0,ok,25560.0,ok,10515.0,ok,91966.0,ok,121421.0,ok,9.0,ok,5.0,ok,1.0,ok
2019,13,東京,23,非鉄金属製造業,16.0,ok,1348.0,ok,98544.0,ok,15632.0,ok,6503.0,ok,83976.0,ok,99650.0,ok,12.0,ok,3.0,ok,1.0,ok
2019,13,東京,24,金属製品製造業,83.0,ok,4773.0,ok,89558.0,ok,40516.0,ok,22770.0,ok,41822.0,ok,87157.0,ok,75.0,ok,7.0,ok,1.0,ok
2019,13,東京,25,はん用機械器具製造業,46.0,ok,4437.0,ok,131909.0,ok,50579.0,ok,24540.0,ok,74804.0,ok,119323.0,ok,35.0,ok,8.0,ok,3.0,ok
2019,13,東京,26,生産用機械器具製造業,103.0,ok,7708.0,ok,228438.0,ok,96338.0,ok,41187.0,ok,125053.0,ok,204826.0,ok,90.0,ok,11.0,ok,2.0,ok
2019,13,東京,27,業務用機械器具製造業,91.0,ok,8495.0,ok,233028.0,ok,101106.0,ok,48041.0,ok,127786.0,ok,213990.0,ok,73.0,ok,13.0,ok,5.0,ok
2019,13,東京,28,電子部品・デバイス・電子回路製造業,52.0,ok,7372.0,ok,295257.0,ok,91569.0,ok,42763.0,ok,179490.0,ok,287162.0,ok,38.0,ok,10.0,ok,4.0,ok
2019,13,東京,29,電気機械器具製造業,116.0,ok,18674.0,ok,691149.0,ok,289894.0,ok,114772.0,ok,392140.0,ok,631146.0,ok,89.0,ok,17.0,ok,10.0,ok
2019,13,東京,30,情報通信機械器具製造業,33.0,ok,6982.0,ok,457125.0,ok,169974.0,ok,49974.0,ok,254709.0,ok,385325.0,ok,20.0,ok,10.0,ok,3.0,ok
2019,13,東京,31,輸送用機械器具製造業,64.0,ok,18240.0,ok,1176428.0,ok,417899.0,ok,118644.0,ok,727616.0,ok,1185826.0,ok,43.0,ok,16.0,ok,5.0,ok
2019,13,東京,32,その他の製造業,58.0,ok,4871.0,ok,151302.0,ok,55741.0,ok,24867.0,ok,92578.0,ok,126369.0,ok,48.0,ok,9.0,ok,1.0,ok
2019,14,神奈川,09,食料品製造業,257.0,ok,48532.0,ok,1579267.0,ok,563135.0,ok,155389.0,ok,939305.0,ok,1483100.0,ok,118.0,ok,93.0,ok,46.0,ok
2019,14,神奈川,10,飲料・たばこ・飼料製造業,24.0,ok,2801.0,ok,410417.0,ok,154084.0,ok,13296.0,ok,152857.0,ok,408571.0,ok,13.0,ok,11.0,ok,,absent_from_source
2019,14,神奈川,11,繊維工業,13.0,ok,1128.0,ok,24994.0,ok,11694.0,ok,5318.0,ok,11905.0,ok,22065.0,ok,9.0,ok,4.0,ok,,absent_from_source
2019,14,神奈川,12,木材・木製品製造業（家具を除く）,4.0,ok,186.0,ok,,suppressed,,suppressed,,suppressed,,suppressed,,suppressed,4.0,ok,,absent_from_source,,absent_from_source
2019,14,神奈川,13,家具・装備品製造業,15.0,ok,1792.0,ok,59500.0,ok,19963.0,ok,8240.0,ok,35145.0,ok,55350.0,ok,8.0,ok,6.0,ok,1.0,ok
2019,14,神奈川,14,パルプ・紙・紙加工品製造業,51.0,ok,5064.0,ok,197142.0,ok,61845.0,ok,23295.0,ok,124991.0,ok,175811.0,ok,33.0,ok,16.0,ok,2.0,ok
2019,14,神奈川,15,印刷・同関連業,68.0,ok,5823.0,ok,136891.0,ok,70882.0,ok,29723.0,ok,54741.0,ok,134249.0,ok,55.0,ok,11.0,ok,2.0,ok
2019,14,神奈川,16,化学工業,124.0,ok,20913.0,ok,1854077.0,ok,672488.0,ok,127902.0,ok,1091661.0,ok,1843903.0,ok,63.0,ok,46.0,ok,15.0,ok
2019,14,神奈川,17,石油製品・石炭製品製造業,15.0,ok,2753.0,ok,2302174.0,ok,109635.0,ok,23041.0,ok,1688669.0,ok,2280161.0,ok,11.0,ok,1.0,ok,3.0,ok
2019,14,神奈川,18,プラスチック製品製造業（別掲を除く）,114.0,ok,10501.0,ok,421031.0,ok,150826.0,ok,53842.0,ok,247929.0,ok,409920.0,ok,90.0,ok,19.0,ok,5.0,ok
2019,14,神奈川,19,ゴム製品製造業,14.0,ok,5069.0,ok,95618.0,ok,35579.0,ok,30831.0,ok,51963.0,ok,80173.0,ok,6.0,ok,6.0,ok,2.0,ok
2019,14,神奈川,20,なめし革・同製品・毛皮製造業,1.0,ok,102.0,ok,,suppressed,,suppressed,,suppressed,,suppressed,,suppressed,,absent_from_source,1.0,ok,,absent_from_source
2019,14,神奈川,21,窯業・土石製品製造業,47.0,ok,5718.0,ok,201587.0,ok,74818.0,ok,35445.0,ok,104307.0,ok,183192.0,ok,34.0,ok,8.0,ok,5.0,ok
2019,14,神奈川,22,鉄鋼業,39.0,ok,6860.0,ok,588930.0,ok,53788.0,ok,46607.0,ok,507570.0,ok,564328.0,ok,26.0,ok,9.0,ok,4.0,ok
2019,14,神奈川,23,非鉄金属製造業,35.0,ok,4872.0,ok,329163.0,ok,92161.0,ok,25088.0,ok,226123.0,ok,323954.0,ok,20.0,ok,10.0,ok,5.0,ok
2019,14,神奈川,24,金属製品製造業,168.0,ok,15410.0,ok,479869.0,ok,137360.0,ok,85057.0,ok,312817.0,ok,404566.0,ok,141.0,ok,20.0,ok,7.0,ok
2019,14,神奈川,25,はん用機械器具製造業,96.0,ok,18941.0,ok,728396.0,ok,206160.0,ok,117851.0,ok,465755.0,ok,647196.0,ok,56.0,ok,28.0,ok,12.0,ok
2019,14,神奈川,26,生産用機械器具製造業,186.0,ok,22909.0,ok,986511.0,ok,326646.0,ok,139854.0,ok,644960.0,ok,935982.0,ok,122.0,ok,51.0,ok,13.0,ok
2019,14,神奈川,27,業務用機械器具製造業,85.0,ok,12510.0,ok,510360.0,ok,189147.0,ok,75438.0,ok,291732.0,ok,469447.0,ok,55.0,ok,23.0,ok,7.0,ok
2019,14,神奈川,28,電子部品・デバイス・電子回路製造業,93.0,ok,10619.0,ok,341517.0,ok,150040.0,ok,62983.0,ok,171239.0,ok,332339.0,ok,63.0,ok,21.0,ok,9.0,ok
2019,14,神奈川,29,電気機械器具製造業,140.0,ok,20027.0,ok,673309.0,ok,201849.0,ok,115091.0,ok,429905.0,ok,592608.0,ok,94.0,ok,35.0,ok,11.0,ok
2019,14,神奈川,30,情報通信機械器具製造業,56.0,ok,12624.0,ok,687205.0,ok,223539.0,ok,92619.0,ok,452530.0,ok,681682.0,ok,29.0,ok,15.0,ok,12.0,ok
2019,14,神奈川,31,輸送用機械器具製造業,188.0,ok,51968.0,ok,3636126.0,ok,916798.0,ok,305543.0,ok,2645088.0,ok,3644206.0,ok,108.0,ok,48.0,ok,32.0,ok
2019,14,神奈川,32,その他の製造業,39.0,ok,3654.0,ok,90858.0,ok,37161.0,ok,17911.0,ok,48061.0,ok,87816.0,ok,27.0,ok,10.0,ok,2.0,ok
2019,15,新潟,09,食料品製造業,199.0,ok,28335.0,ok,718689.0,ok,308106.0,ok,88978.0,ok,362209.0,ok,693858.0,ok,123.0,ok,49.0,ok,27.0,ok
2019,15,新潟,10,飲料・たばこ・飼料製造業,21.0,ok,1486.0,ok,43547.0,ok,16428.0,ok,7282.0,ok,18706.0,ok,42523.0,ok,17.0,ok,4.0,ok,,absent_from_source
2019,15,新潟,11,繊維工業,72.0,ok,5511.0,ok,50344.0,ok,28079.0,ok,16211.0,ok,19190.0,ok,47972.0,ok,59.0,ok,12.0,ok,1.0,ok
2019,15,新潟,12,木材・木製品製造業（家具を除く）,9.0,ok,624.0,ok,15575.0,ok,4519.0,ok,2485.0,ok,10069.0,ok,13554.0,ok,7.0,ok,2.0,ok,,absent_from_source
2019,15,新潟,13,家具・装備品製造業,21.0,ok,1906.0,ok,28979.0,ok,11027.0,ok,7433.0,ok,16736.0,ok,28253.0,ok,16.0,ok,4.0,ok,1.0,ok
2019,15,新潟,14,パルプ・紙・紙加工品製造業,30.0,ok,2966.0,ok,191576.0,ok,55841.0,ok,12343.0,ok,123112.0,ok,192389.0,ok,25.0,ok,3.0,ok,2.0,ok
2019,15,新潟,15,印刷・同関連業,49.0,ok,3680.0,ok,63857.0,ok,24449.0,ok,12797.0,ok,34891.0,ok,58631.0,ok,36.0,ok,13.0,ok,,absent_from_source
2019,15,新潟,16,化学工業,29.0,ok,7723.0,ok,604706.0,ok,255528.0,ok,45253.0,ok,333958.0,ok,517326.0,ok,11.0,ok,10.0,ok,8.0,ok
2019,15,新潟,17,石油製品・石炭製品製造業,2.0,ok,73.0,ok,,suppressed,,suppressed,,suppressed,,suppressed,,suppressed,2.0,ok,,absent_from_source,,absent_from_source
2019,15,新潟,18,プラスチック製品製造業（別掲を除く）,64.0,ok,5787.0,ok,163770.0,ok,50250.0,ok,22971.0,ok,105955.0,ok,148378.0,ok,47.0,ok,14.0,ok,3.0,ok
2019,15,新潟,19,ゴム製品製造業,7.0,ok,687.0,ok,12013.0,ok,4869.0,ok,2350.0,ok,6455.0,ok,11057.0,ok,4.0,ok,3.0,ok,,absent_from_source
2019,15,新潟,20,なめし革・同製品・毛皮製造業,2.0,ok,157.0,ok,,suppressed,,suppressed,,suppressed,,suppressed,,suppressed,2.0,ok,,absent_from_source,,absent_from_source
2019,15,新潟,21,窯業・土石製品製造業,28.0,ok,2027.0,ok,49663.0,ok,14536.0,ok,8587.0,ok,31123.0,ok,46825.0,ok,23.0,ok,4.0,ok,1.0,ok
2019,15,新潟,22,鉄鋼業,49.0,ok,4478.0,ok,177029.0,ok,47112.0,ok,21136.0,ok,118593.0,ok,167080.0,ok,37.0,ok,10.0,ok,2.0,ok
2019,15,新潟,23,非鉄金属製造業,17.0,ok,1939.0,ok,64703.0,ok,21236.0,ok,9097.0,ok,38939.0,ok,64632.0,ok,12.0,ok,4.0,ok,1.0,ok
2019,15,新潟,24,金属製品製造業,193.0,ok,15520.0,ok,396206.0,ok,157938.0,ok,64992.0,ok,218922.0,ok,376630.0,ok,151.0,ok,39.0,ok,3.0,ok
2019,15,新潟,25,はん用機械器具製造業,58.0,ok,7530.0,ok,199488.0,ok,73452.0,ok,34292.0,ok,117221.0,ok,195344.0,ok,34.0,ok,19.0,ok,5.0,ok
2019,15,新潟,26,生産用機械器具製造業,145.0,ok,12049.0,ok,339640.0,ok,126399.0,ok,55483.0,ok,197745.0,ok,326759.0,ok,119.0,ok,22.0,ok,4.0,ok
2019,15,新潟,27,業務用機械器具製造業,25.0,ok,3265.0,ok,137094.0,ok,42054.0,ok,14920.0,ok,89530.0,ok,134715.0,ok,14.0,ok,9.0,ok,2.0,ok
2019,15,新潟,28,電子部品・デバイス・電子回路製造業,85.0,ok,15721.0,ok,306905.0,ok,117432.0,ok,74744.0,ok,158507.0,ok,298874.0,ok,53.0,ok,19.0,ok,13.0,ok
2019,15,新潟,29,電気機械器具製造業,81.0,ok,8816.0,ok,297193.0,ok,89183.0,ok,38205.0,ok,195409.0,ok,282237.0,ok,58.0,ok,16.0,ok,7.0,ok
2019,15,新潟,30,情報通信機械器具製造業,13.0,ok,1304.0,ok,69611.0,ok,17332.0,ok,6272.0,ok,48265.0,ok,64179.0,ok,9.0,ok,3.0,ok,1.0,ok
2019,15,新潟,31,輸送用機械器具製造業,73.0,ok,8156.0,ok,232314.0,ok,68105.0,ok,34967.0,ok,149650.0,ok,221876.0,ok,51.0,ok,17.0,ok,5.0,ok
2019,15,新潟,32,その他の製造業,12.0,ok,1097.0,ok,17702.0,ok,10806.0,ok,4690.0,ok,5655.0,ok,17816.0,ok,8.0,ok,3.0,ok,1.0,ok
2019,16,富山,09,食料品製造業,69.0,ok,5546.0,ok,117685.0,ok,38591.0,ok,16281.0,ok,72405.0,ok,110836.0,ok,52.0,ok,17.0,ok,,absent_from_source
2019,16,富山,10,飲料・たばこ・飼料製造業,10.0,ok,886.0,ok,60741.0,ok,14348.0,ok,3378.0,ok,43537.0,ok,60875.0,ok,6.0,ok,4.0,ok,,absent_from_source
2019,16,富山,11,繊維工業,45.0,ok,3323.0,ok,47337.0,ok,17921.0,ok,11301.0,ok,25343.0,ok,39369.0,ok,38.0,ok,6.0,ok,1.0,ok
2019,16,富山,12,木材・木製品製造業（家具を除く）,13.0,ok,810.0,ok,18745.0,ok,7313.0,ok,3286.0,ok,10300.0,ok,17410.0,ok,12.0,ok,1.0,ok,,absent_from_source
2019,16,富山,13,家具・装備品製造業,13.0,ok,950.0,ok,29621.0,ok,9490.0,ok,4022.0,ok,18304.0,ok,29399.0,ok,10.0,ok,3.0,ok,,absent_from_source
2019,16,富山,14,パルプ・紙・紙加工品製造業,26.0,ok,3115.0,ok,140868.0,ok,45542.0,ok,13870.0,ok,85627.0,ok,119302.0,ok,15.0,ok,10.0,ok,1.0,ok
2019,16,富山,15,印刷・同関連業,17.0,ok,1374.0,ok,26666.0,ok,9904.0,ok,5073.0,ok,14670.0,ok,25030.0,ok,13.0,ok,3.0,ok,1.0,ok
2019,16,富山,16,化学工業,80.0,ok,15245.0,ok,752960.0,ok,274042.0,ok,73331.0,ok,447027.0,ok,656132.0,ok,33.0,ok,27.0,ok,20.0,ok
2019,16,富山,17,石油製品・石炭製品製造業,,absent_from_source,,absent_from_source,,absent_from_source,,absent_from_source,,absent_from_source,,absent_from_source,,absent_from_source,,absent_from_source,,absent_from_source,,absent_from_source
2019,16,富山,18,プラスチック製品製造業（別掲を除く）,68.0,ok,7036.0,ok,154435.0,ok,60116.0,ok,27708.0,ok,83341.0,ok,139957.0,ok,45.0,ok,17.0,ok,6.0,ok
2019,16,富山,19,ゴム製品製造業,6.0,ok,815.0,ok,14640.0,ok,6534.0,ok,3800.0,ok,7158.0,ok,12151.0,ok,3.0,ok,2.0,ok,1.0,ok
2019,16,富山,20,なめし革・同製品・毛皮製造業,2.0,ok,147.0,ok,,suppressed,,suppressed,,suppressed,,suppressed,,suppressed,2.0,ok,,absent_from_source,,absent_from_source
2019,16,富山,21,窯業・土石製品製造業,25.0,ok,1882.0,ok,64748.0,ok,28527.0,ok,8081.0,ok,28951.0,ok,57012.0,ok,19.0,ok,6.0,ok,,absent_from_source
2019,16,富山,22,鉄鋼業,24.0,ok,3834.0,ok,168306.0,ok,48095.0,ok,20348.0,ok,107591.0,ok,154431.0,ok,14.0,ok,8.0,ok,2.0,ok
2019,16,富山,23,非鉄金属製造業,26.0,ok,5838.0,ok,366637.0,ok,63694.0,ok,31844.0,ok,284261.0,ok,330118.0,ok,15.0,ok,6.0,ok,5.0,ok
2019,16,富山,24,金属製品製造業,127.0,ok,14771.0,ok,349516.0,ok,116576.0,ok,68086.0,ok,208021.0,ok,335144.0,ok,90.0,ok,31.0,ok,6.0,ok
2019,16,富山,25,はん用機械器具製造業,26.0,ok,2482.0,ok,64929.0,ok,19142.0,ok,11419.0,ok,42453.0,ok,64978.0,ok,17.0,ok,8.0,ok,1.0,ok
2019,16,富山,26,生産用機械器具製造業,101.0,ok,12134.0,ok,462905.0,ok,188874.0,ok,62935.0,ok,259506.0,ok,456799.0,ok,79.0,ok,17.0,ok,5.0,ok
2019,16,富山,27,業務用機械器具製造業,6.0,ok,818.0,ok,34665.0,ok,10923.0,ok,3217.0,ok,22942.0,ok,32845.0,ok,1.0,ok,5.0,ok,,absent_from_source
2019,16,富山,28,電子部品・デバイス・電子回路製造業,45.0,ok,9729.0,ok,300994.0,ok,135541.0,ok,49951.0,ok,142034.0,ok,299758.0,ok,23.0,ok,16.0,ok,6.0,ok
2019,16,富山,29,電気機械器具製造業,21.0,ok,2094.0,ok,40466.0,ok,16544.0,ok,8056.0,ok,21075.0,ok,37805.0,ok,14.0,ok,6.0,ok,1.0,ok
2019,16,富山,30,情報通信機械器具製造業,5.0,ok,371.0,ok,,suppressed,,suppressed,,suppressed,,suppressed,,suppressed,4.0,ok,1.0,ok,,absent_from_source
2019,16,富山,31,輸送用機械器具製造業,30.0,ok,4965.0,ok,151842.0,ok,50246.0,ok,27244.0,ok,91682.0,ok,151223.0,ok,15.0,ok,9.0,ok,6.0,ok
2019,16,富山,32,その他の製造業,12.0,ok,5158.0,ok,137544.0,ok,60810.0,ok,26267.0,ok,65308.0,ok,136549.0,ok,7.0,ok,4.0,ok,1.0,ok
2019,17,石川,09,食料品製造業,93.0,ok,9156.0,ok,145159.0,ok,54858.0,ok,25305.0,ok,81475.0,ok,137090.0,ok,66.0,ok,22.0,ok,5.0,ok
2019,17,石川,10,飲料・たばこ・飼料製造業,4.0,ok,276.0,ok,,suppressed,,suppressed,,suppressed,,suppressed,,suppressed,3.0,ok,1.0,ok,,absent_from_source
2019,17,石川,11,繊維工業,72.0,ok,6239.0,ok,142713.0,ok,52739.0,ok,24045.0,ok,81214.0,ok,136615.0,ok,57.0,ok,13.0,ok,2.0,ok
2019,17,石川,12,木材・木製品製造業（家具を除く）,6.0,ok,432.0,ok,16731.0,ok,5783.0,ok,1794.0,ok,9587.0,ok,14869.0,ok,5.0,ok,1.0,ok,,absent_from_source
2019,17,石川,13,家具・装備品製造業,8.0,ok,2414.0,ok,56749.0,ok,30632.0,ok,11822.0,ok,21835.0,ok,56731.0,ok,5.0,ok,1.0,ok,2.0,ok
2019,17,石川,14,パルプ・紙・紙加工品製造業,11.0,ok,674.0,ok,14742.0,ok,4775.0,ok,2417.0,ok,9162.0,ok,14496.0,ok,10.0,ok,1.0,ok,,absent_from_source
2019,17,石川,15,印刷・同関連業,28.0,ok,2716.0,ok,62964.0,ok,26357.0,ok,11531.0,ok,31820.0,ok,57922.0,ok,20.0,ok,6.0,ok,2.0,ok
2019,17,石川,16,化学工業,13.0,ok,2229.0,ok,165175.0,ok,94977.0,ok,10516.0,ok,58789.0,ok,161838.0,ok,4.0,ok,7.0,ok,2.0,ok
2019,17,石川,17,石油製品・石炭製品製造業,1.0,ok,54.0,ok,,suppressed,,suppressed,,suppressed,,suppressed,,suppressed,1.0,ok,,absent_from_source,,absent_from_source
2019,17,石川,18,プラスチック製品製造業（別掲を除く）,22.0,ok,2026.0,ok,41579.0,ok,17663.0,ok,8520.0,ok,21199.0,ok,40770.0,ok,16.0,ok,5.0,ok,1.0,ok
2019,17,石川,19,ゴム製品製造業,3.0,ok,170.0,ok,3892.0,ok,922.0,ok,586.0,ok,2773.0,ok,3902.0,ok,3.0,ok,,absent_from_source,,absent_from_source
2019,17,石川,20,なめし革・同製品・毛皮製造業,,absent_from_source,,absent_from_source,,absent_from_source,,absent_from_source,,absent_from_source,,absent_from_source,,absent_from_source,,absent_from_source,,absent_from_source,,absent_from_source
2019,17,石川,21,窯業・土石製品製造業,12.0,ok,1323.0,ok,36271.0,ok,21280.0,ok,6192.0,ok,12857.0,ok,31819.0,ok,7.0,ok,4.0,ok,1.0,ok
2019,17,石川,22,鉄鋼業,15.0,ok,1060.0,ok,38425.0,ok,12419.0,ok,4920.0,ok,23743.0,ok,36222.0,ok,13.0,ok,2.0,ok,,absent_from_source
2019,17,石川,23,非鉄金属製造業,4.0,ok,784.0,ok,30868.0,ok,12655.0,ok,4099.0,ok,16445.0,ok,30861.0,ok,1.0,ok,2.0,ok,1.0,ok
2019,17,石川,24,金属製品製造業,57.0,ok,4378.0,ok,97372.0,ok,38147.0,ok,20146.0,ok,52123.0,ok,96733.0,ok,43.0,ok,14.0,ok,,absent_from_source
2019,17,石川,25,はん用機械器具製造業,34.0,ok,3545.0,ok,103213.0,ok,35314.0,ok,17807.0,ok,63577.0,ok,95965.0,ok,21.0,ok,12.0,ok,1.0,ok
2019,17,石川,26,生産用機械器具製造業,120.0,ok,16565.0,ok,686391.0,ok,183914.0,ok,88748.0,ok,493285.0,ok,684339.0,ok,85.0,ok,21.0,ok,14.0,ok
2019,17,石川,27,業務用機械器具製造業,8.0,ok,1715.0,ok,114951.0,ok,41429.0,ok,9359.0,ok,72772.0,ok,117410.0,ok,3.0,ok,4.0,ok,1.0,ok
2019,17,石川,28,電子部品・デバイス・電子回路製造業,30.0,ok,10955.0,ok,369929.0,ok,98829.0,ok,61936.0,ok,204491.0,ok,356132.0,ok,10.0,ok,11.0,ok,9.0,ok
2019,17,石川,29,電気機械器具製造業,44.0,ok,4358.0,ok,100348.0,ok,42724.0,ok,19990.0,ok,52377.0,ok,92551.0,ok,31.0,ok,12.0,ok,1.0,ok
2019,17,石川,30,情報通信機械器具製造業,10.0,ok,2882.0,ok,186084.0,ok,38407.0,ok,14352.0,ok,153535.0,ok,176441.0,ok,4.0,ok,3.0,ok,3.0,ok
2019,17,石川,31,輸送用機械器具製造業,27.0,ok,4064.0,ok,157730.0,ok,43314.0,ok,20721.0,ok,108432.0,ok,155522.0,ok,20.0,ok,4.0,ok,3.0,ok
2019,17,石川,32,その他の製造業,10.0,ok,933.0,ok,20577.0,ok,9600.0,ok,3262.0,ok,9270.0,ok,20569.0,ok,8.0,ok,1.0,ok,1.0,ok
2019,18,福井,09,食料品製造業,30.0,ok,2680.0,ok,38993.0,ok,17645.0,ok,7317.0,ok,18652.0,ok,36112.0,ok,21.0,ok,6.0,ok,3.0,ok
2019,18,福井,10,飲料・たばこ・飼料製造業,,absent_from_source,,absent_from_source,,absent_from_source,,absent_from_source,,absent_from_source,,absent_from_source,,absent_from_source,,absent_from_source,,absent_from_source,,absent_from_source
2019,18,福井,11,繊維工業,110.0,ok,9822.0,ok,179382.0,ok,79941.0,ok,34900.0,ok,89351.0,ok,176048.0,ok,78.0,ok,30.0,ok,2.0,ok
2019,18,福井,12,木材・木製品製造業（家具を除く）,12.0,ok,1084.0,ok,72968.0,ok,42364.0,ok,3588.0,ok,27759.0,ok,73941.0,ok,9.0,ok,3.0,ok,,absent_from_source
2019,18,福井,13,家具・装備品製造業,8.0,ok,566.0,ok,10920.0,ok,5396.0,ok,2068.0,ok,4798.0,ok,10911.0,ok,7.0,ok,1.0,ok,,absent_from_source
2019,18,福井,14,パルプ・紙・紙加工品製造業,14.0,ok,1108.0,ok,73236.0,ok,22956.0,ok,5725.0,ok,45500.0,ok,59893.0,ok,10.0,ok,4.0,ok,,absent_from_source
2019,18,福井,15,印刷・同関連業,14.0,ok,1167.0,ok,20167.0,ok,9534.0,ok,4463.0,ok,9061.0,ok,19754.0,ok,10.0,ok,4.0,ok,,absent_from_source
2019,18,福井,16,化学工業,32.0,ok,3851.0,ok,230786.0,ok,83203.0,ok,20420.0,ok,133574.0,ok,221632.0,ok,21.0,ok,8.0,ok,3.0,ok
2019,18,福井,17,石油製品・石炭製品製造業,,absent_from_source,,absent_from_source,,absent_from_source,,absent_from_source,,absent_from_source,,absent_from_source,,absent_from_source,,absent_from_source,,absent_from_source,,absent_from_source
2019,18,福井,18,プラスチック製品製造業（別掲を除く）,38.0,ok,4086.0,ok,156598.0,ok,51027.0,ok,18311.0,ok,95167.0,ok,129930.0,ok,26.0,ok,10.0,ok,2.0,ok
2019,18,福井,19,ゴム製品製造業,2.0,ok,161.0,ok,,suppressed,,suppressed,,suppressed,,suppressed,,suppressed,1.0,ok,1.0,ok,,absent_from_source
2019,18,福井,20,なめし革・同製品・毛皮製造業,1.0,ok,51.0,ok,,suppressed,,suppressed,,suppressed,,suppressed,,suppressed,1.0,ok,,absent_from_source,,absent_from_source
2019,18,福井,21,窯業・土石製品製造業,12.0,ok,1106.0,ok,23670.0,ok,6624.0,ok,6180.0,ok,15550.0,ok,23941.0,ok,10.0,ok,1.0,ok,1.0,ok
2019,18,福井,22,鉄鋼業,2.0,ok,145.0,ok,,suppressed,,suppressed,,suppressed,,suppressed,,suppressed,2.0,ok,,absent_from_source,,absent_from_source
2019,18,福井,23,非鉄金属製造業,8.0,ok,1261.0,ok,133995.0,ok,13313.0,ok,8376.0,ok,112559.0,ok,131729.0,ok,6.0,ok,1.0,ok,1.0,ok
2019,18,福井,24,金属製品製造業,32.0,ok,2738.0,ok,73119.0,ok,27947.0,ok,11859.0,ok,40576.0,ok,68410.0,ok,25.0,ok,6.0,ok,1.0,ok
2019,18,福井,25,はん用機械器具製造業,6.0,ok,492.0,ok,15877.0,ok,4256.0,ok,2180.0,ok,10928.0,ok,15630.0,ok,5.0,ok,1.0,ok,,absent_from_source
2019,18,福井,26,生産用機械器具製造業,30.0,ok,2421.0,ok,80043.0,ok,27133.0,ok,13112.0,ok,51156.0,ok,69471.0,ok,25.0,ok,4.0,ok,1.0,ok
2019,18,福井,27,業務用機械器具製造業,5.0,ok,531.0,ok,8343.0,ok,3457.0,ok,2062.0,ok,4544.0,ok,8360.0,ok,3.0,ok,2.0,ok,,absent_from_source
2019,18,福井,28,電子部品・デバイス・電子回路製造業,27.0,ok,9636.0,ok,336011.0,ok,119163.0,ok,50339.0,ok,180326.0,ok,322205.0,ok,8.0,ok,10.0,ok,9.0,ok
2019,18,福井,29,電気機械器具製造業,21.0,ok,2791.0,ok,200319.0,ok,71881.0,ok,13813.0,ok,118602.0,ok,199424.0,ok,12.0,ok,7.0,ok,2.0,ok
2019,18,福井,30,情報通信機械器具製造業,2.0,ok,279.0,ok,,suppressed,,suppressed,,suppressed,,suppressed,,suppressed,1.0,ok,1.0,ok,,absent_from_source
2019,18,福井,31,輸送用機械器具製造業,6.0,ok,4141.0,ok,198263.0,ok,40267.0,ok,25754.0,ok,146328.0,ok,199174.0,ok,3.0,ok,2.0,ok,1.0,ok
2019,18,福井,32,その他の製造業,41.0,ok,3464.0,ok,67356.0,ok,34150.0,ok,12511.0,ok,29955.0,ok,60423.0,ok,32.0,ok,8.0,ok,1.0,ok
2019,19,山梨,09,食料品製造業,57.0,ok,8500.0,ok,197374.0,ok,76918.0,ok,26820.0,ok,110276.0,ok,193775.0,ok,28.0,ok,23.0,ok,6.0,ok
2019,19,山梨,10,飲料・たばこ・飼料製造業,28.0,ok,2291.0,ok,163600.0,ok,81482.0,ok,10051.0,ok,63497.0,ok,164811.0,ok,22.0,ok,6.0,ok,,absent_from_source
2019,19,山梨,11,繊維工業,9.0,ok,867.0,ok,23104.0,ok,11082.0,ok,3148.0,ok,10735.0,ok,22735.0,ok,7.0,ok,1.0,ok,1.0,ok
2019,19,山梨,12,木材・木製品製造業（家具を除く）,3.0,ok,214.0,ok,4535.0,ok,356.0,ok,705.0,ok,3541.0,ok,4349.0,ok,3.0,ok,,absent_from_source,,absent_from_source
2019,19,山梨,13,家具・装備品製造業,7.0,ok,365.0,ok,5094.0,ok,2308.0,ok,1336.0,ok,2494.0,ok,4900.0,ok,7.0,ok,,absent_from_source,,absent_from_source
2019,19,山梨,14,パルプ・紙・紙加工品製造業,7.0,ok,537.0,ok,14767.0,ok,4286.0,ok,2170.0,ok,9584.0,ok,13154.0,ok,6.0,ok,1.0,ok,,absent_from_source
2019,19,山梨,15,印刷・同関連業,2.0,ok,303.0,ok,,suppressed,,suppressed,,suppressed,,suppressed,,suppressed,1.0,ok,1.0,ok,,absent_from_source
2019,19,山梨,16,化学工業,11.0,ok,1116.0,ok,46682.0,ok,28787.0,ok,4935.0,ok,15785.0,ok,47474.0,ok,6.0,ok,5.0,ok,,absent_from_source
2019,19,山梨,17,石油製品・石炭製品製造業,,absent_from_source,,absent_from_source,,absent_from_source,,absent_from_source,,absent_from_source,,absent_from_source,,absent_from_source,,absent_from_source,,absent_from_source,,absent_from_source
2019,19,山梨,18,プラスチック製品製造業（別掲を除く）,39.0,ok,3175.0,ok,74714.0,ok,24462.0,ok,11466.0,ok,44930.0,ok,72817.0,ok,28.0,ok,11.0,ok,,absent_from_source
2019,19,山梨,19,ゴム製品製造業,3.0,ok,179.0,ok,21747.0,ok,9941.0,ok,1079.0,ok,11117.0,ok,20904.0,ok,2.0,ok,1.0,ok,,absent_from_source
2019,19,山梨,20,なめし革・同製品・毛皮製造業,2.0,ok,77.0,ok,,suppressed,,suppressed,,suppressed,,suppressed,,suppressed,2.0,ok,,absent_from_source,,absent_from_source
2019,19,山梨,21,窯業・土石製品製造業,5.0,ok,550.0,ok,51592.0,ok,33161.0,ok,3325.0,ok,17985.0,ok,50281.0,ok,4.0,ok,1.0,ok,,absent_from_source
2019,19,山梨,22,鉄鋼業,5.0,ok,234.0,ok,5408.0,ok,1750.0,ok,1002.0,ok,3311.0,ok,5426.0,ok,5.0,ok,,absent_from_source,,absent_from_source
2019,19,山梨,23,非鉄金属製造業,10.0,ok,1316.0,ok,40414.0,ok,14465.0,ok,6241.0,ok,24678.0,ok,41071.0,ok,6.0,ok,4.0,ok,,absent_from_source
2019,19,山梨,24,金属製品製造業,33.0,ok,2501.0,ok,79305.0,ok,31025.0,ok,11835.0,ok,42952.0,ok,77205.0,ok,27.0,ok,6.0,ok,,absent_from_source
2019,19,山梨,25,はん用機械器具製造業,14.0,ok,2963.0,ok,96985.0,ok,45424.0,ok,16067.0,ok,47546.0,ok,85271.0,ok,7.0,ok,4.0,ok,3.0,ok
2019,19,山梨,26,生産用機械器具製造業,60.0,ok,12441.0,ok,724724.0,ok,292651.0,ok,85598.0,ok,403699.0,ok,713014.0,ok,35.0,ok,19.0,ok,6.0,ok
2019,19,山梨,27,業務用機械器具製造業,15.0,ok,4295.0,ok,102222.0,ok,54799.0,ok,21309.0,ok,43707.0,ok,100135.0,ok,9.0,ok,2.0,ok,4.0,ok
2019,19,山梨,28,電子部品・デバイス・電子回路製造業,43.0,ok,6729.0,ok,212703.0,ok,61253.0,ok,38400.0,ok,136760.0,ok,212289.0,ok,24.0,ok,13.0,ok,6.0,ok
2019,19,山梨,29,電気機械器具製造業,27.0,ok,3436.0,ok,92303.0,ok,30819.0,ok,14631.0,ok,59457.0,ok,89678.0,ok,16.0,ok,10.0,ok,1.0,ok
2019,19,山梨,30,情報通信機械器具製造業,14.0,ok,1988.0,ok,127704.0,ok,36611.0,ok,12053.0,ok,88030.0,ok,127554.0,ok,11.0,ok,,absent_from_source,3.0,ok
2019,19,山梨,31,輸送用機械器具製造業,20.0,ok,3236.0,ok,100894.0,ok,31627.0,ok,19636.0,ok,64653.0,ok,100282.0,ok,12.0,ok,6.0,ok,2.0,ok
2019,19,山梨,32,その他の製造業,23.0,ok,1430.0,ok,29740.0,ok,10181.0,ok,6197.0,ok,18619.0,ok,28747.0,ok,20.0,ok,3.0,ok,,absent_from_source
2019,20,長野,09,食料品製造業,169.0,ok,16948.0,ok,517655.0,ok,205768.0,ok,59942.0,ok,282640.0,ok,492113.0,ok,122.0,ok,40.0,ok,7.0,ok
2019,20,長野,10,飲料・たばこ・飼料製造業,22.0,ok,2450.0,ok,130015.0,ok,39129.0,ok,11570.0,ok,79929.0,ok,121516.0,ok,13.0,ok,7.0,ok,2.0,ok
2019,20,長野,11,繊維工業,16.0,ok,1206.0,ok,11519.0,ok,3794.0,ok,3068.0,ok,7376.0,ok,11172.0,ok,12.0,ok,4.0,ok,,absent_from_source
2019,20,長野,12,木材・木製品製造業（家具を除く）,7.0,ok,354.0,ok,11238.0,ok,2371.0,ok,1340.0,ok,8063.0,ok,11063.0,ok,7.0,ok,,absent_from_source,,absent_from_source
2019,20,長野,13,家具・装備品製造業,6.0,ok,682.0,ok,16959.0,ok,10300.0,ok,2688.0,ok,6212.0,ok,17399.0,ok,5.0,ok,,absent_from_source,1.0,ok
2019,20,長野,14,パルプ・紙・紙加工品製造業,20.0,ok,1447.0,ok,67119.0,ok,15726.0,ok,6417.0,ok,48601.0,ok,55338.0,ok,17.0,ok,3.0,ok,,absent_from_source
2019,20,長野,15,印刷・同関連業,40.0,ok,2478.0,ok,49211.0,ok,22311.0,ok,9932.0,ok,22995.0,ok,48187.0,ok,35.0,ok,5.0,ok,,absent_from_source
2019,20,長野,16,化学工業,18.0,ok,1448.0,ok,78864.0,ok,44117.0,ok,7610.0,ok,30976.0,ok,77803.0,ok,14.0,ok,4.0,ok,,absent_from_source
2019,20,長野,17,石油製品・石炭製品製造業,1.0,ok,39.0,ok,,suppressed,,suppressed,,suppressed,,suppressed,,suppressed,1.0,ok,,absent_from_source,,absent_from_source
2019,20,長野,18,プラスチック製品製造業（別掲を除く）,85.0,ok,6802.0,ok,148257.0,ok,55842.0,ok,25933.0,ok,82176.0,ok,140744.0,ok,65.0,ok,19.0,ok,1.0,ok
2019,20,長野,19,ゴム製品製造業,9.0,ok,795.0,ok,10838.0,ok,4091.0,ok,2973.0,ok,6183.0,ok,7022.0,ok,5.0,ok,4.0,ok,,absent_from_source
2019,20,長野,20,なめし革・同製品・毛皮製造業,4.0,ok,249.0,ok,,suppressed,,suppressed,,suppressed,,suppressed,,suppressed,3.0,ok,1.0,ok,,absent_from_source
2019,20,長野,21,窯業・土石製品製造業,19.0,ok,2039.0,ok,98214.0,ok,50258.0,ok,11371.0,ok,48245.0,ok,97903.0,ok,12.0,ok,6.0,ok,1.0,ok
2019,20,長野,22,鉄鋼業,6.0,ok,889.0,ok,25891.0,ok,8359.0,ok,4402.0,ok,13538.0,ok,24470.0,ok,4.0,ok,1.0,ok,1.0,ok
2019,20,長野,23,非鉄金属製造業,26.0,ok,2592.0,ok,85941.0,ok,22020.0,ok,11621.0,ok,59018.0,ok,84151.0,ok,20.0,ok,5.0,ok,1.0,ok
2019,20,長野,24,金属製品製造業,118.0,ok,9592.0,ok,273733.0,ok,99952.0,ok,44994.0,ok,155375.0,ok,266281.0,ok,91.0,ok,23.0,ok,4.0,ok
2019,20,長野,25,はん用機械器具製造業,69.0,ok,12347.0,ok,368342.0,ok,135914.0,ok,72360.0,ok,213661.0,ok,343089.0,ok,40.0,ok,14.0,ok,15.0,ok
2019,20,長野,26,生産用機械器具製造業,177.0,ok,17330.0,ok,583935.0,ok,178508.0,ok,83015.0,ok,394568.0,ok,562408.0,ok,133.0,ok,35.0,ok,9.0,ok
2019,20,長野,27,業務用機械器具製造業,76.0,ok,10013.0,ok,377117.0,ok,118434.0,ok,49949.0,ok,248880.0,ok,210358.0,ok,56.0,ok,14.0,ok,6.0,ok
2019,20,長野,28,電子部品・デバイス・電子回路製造業,150.0,ok,26320.0,ok,700203.0,ok,237446.0,ok,137613.0,ok,417697.0,ok,651156.0,ok,79.0,ok,50.0,ok,21.0,ok
2019,20,長野,29,電気機械器具製造業,93.0,ok,11788.0,ok,338264.0,ok,116183.0,ok,57461.0,ok,205135.0,ok,272284.0,ok,61.0,ok,24.0,ok,8.0,ok
2019,20,長野,30,情報通信機械器具製造業,38.0,ok,13860.0,ok,1075364.0,ok,328206.0,ok,83390.0,ok,713812.0,ok,567856.0,ok,21.0,ok,8.0,ok,9.0,ok
2019,20,長野,31,輸送用機械器具製造業,95.0,ok,12980.0,ok,374914.0,ok,124610.0,ok,62858.0,ok,224869.0,ok,367566.0,ok,54.0,ok,32.0,ok,9.0,ok
2019,20,長野,32,その他の製造業,39.0,ok,4129.0,ok,112722.0,ok,34828.0,ok,21173.0,ok,72459.0,ok,105817.0,ok,27.0,ok,10.0,ok,2.0,ok
2019,21,岐阜,09,食料品製造業,131.0,ok,13604.0,ok,325591.0,ok,110782.0,ok,39746.0,ok,198640.0,ok,315936.0,ok,85.0,ok,37.0,ok,9.0,ok
2019,21,岐阜,10,飲料・たばこ・飼料製造業,13.0,ok,970.0,ok,60777.0,ok,15995.0,ok,4217.0,ok,39312.0,ok,57745.0,ok,9.0,ok,4.0,ok,,absent_from_source
2019,21,岐阜,11,繊維工業,44.0,ok,3613.0,ok,96613.0,ok,25926.0,ok,13638.0,ok,67213.0,ok,88903.0,ok,32.0,ok,12.0,ok,,absent_from_source
2019,21,岐阜,12,木材・木製品製造業（家具を除く）,21.0,ok,1563.0,ok,43766.0,ok,14671.0,ok,6478.0,ok,27195.0,ok,41372.0,ok,18.0,ok,2.0,ok,1.0,ok
2019,21,岐阜,13,家具・装備品製造業,39.0,ok,3552.0,ok,78275.0,ok,35196.0,ok,15020.0,ok,38584.0,ok,71891.0,ok,27.0,ok,11.0,ok,1.0,ok
2019,21,岐阜,14,パルプ・紙・紙加工品製造業,51.0,ok,4200.0,ok,190964.0,ok,55587.0,ok,18773.0,ok,125771.0,ok,179413.0,ok,41.0,ok,9.0,ok,1.0,ok
2019,21,岐阜,15,印刷・同関連業,40.0,ok,3053.0,ok,68219.0,ok,28513.0,ok,11595.0,ok,34358.0,ok,67946.0,ok,35.0,ok,4.0,ok,1.0,ok
2019,21,岐阜,16,化学工業,49.0,ok,5576.0,ok,269152.0,ok,146942.0,ok,29705.0,ok,103871.0,ok,266452.0,ok,32.0,ok,13.0,ok,4.0,ok
2019,21,岐阜,17,石油製品・石炭製品製造業,,absent_from_source,,absent_from_source,,absent_from_source,,absent_from_source,,absent_from_source,,absent_from_source,,absent_from_source,,absent_from_source,,absent_from_source,,absent_from_source
2019,21,岐阜,18,プラスチック製品製造業（別掲を除く）,136.0,ok,15672.0,ok,467992.0,ok,160603.0,ok,68410.0,ok,272177.0,ok,457128.0,ok,81.0,ok,46.0,ok,9.0,ok
2019,21,岐阜,19,ゴム製品製造業,24.0,ok,1845.0,ok,53531.0,ok,16469.0,ok,7547.0,ok,34735.0,ok,45323.0,ok,19.0,ok,5.0,ok,,absent_from_source
2019,21,岐阜,20,なめし革・同製品・毛皮製造業,,absent_from_source,,absent_from_source,,absent_from_source,,absent_from_source,,absent_from_source,,absent_from_source,,absent_from_source,,absent_from_source,,absent_from_source,,absent_from_source
2019,21,岐阜,21,窯業・土石製品製造業,127.0,ok,10787.0,ok,274400.0,ok,111609.0,ok,49450.0,ok,147722.0,ok,240621.0,ok,104.0,ok,18.0,ok,5.0,ok
2019,21,岐阜,22,鉄鋼業,32.0,ok,3698.0,ok,210553.0,ok,44131.0,ok,20359.0,ok,153716.0,ok,206534.0,ok,19.0,ok,12.0,ok,1.0,ok
2019,21,岐阜,23,非鉄金属製造業,23.0,ok,3089.0,ok,86584.0,ok,27051.0,ok,13283.0,ok,52488.0,ok,85405.0,ok,12.0,ok,10.0,ok,1.0,ok
2019,21,岐阜,24,金属製品製造業,152.0,ok,12586.0,ok,366570.0,ok,142700.0,ok,56188.0,ok,200543.0,ok,353019.0,ok,123.0,ok,23.0,ok,6.0,ok
2019,21,岐阜,25,はん用機械器具製造業,62.0,ok,8685.0,ok,303902.0,ok,102624.0,ok,41061.0,ok,188420.0,ok,298897.0,ok,42.0,ok,12.0,ok,8.0,ok
2019,21,岐阜,26,生産用機械器具製造業,122.0,ok,11107.0,ok,424761.0,ok,141548.0,ok,58843.0,ok,263791.0,ok,404112.0,ok,95.0,ok,23.0,ok,4.0,ok
2019,21,岐阜,27,業務用機械器具製造業,14.0,ok,1981.0,ok,51711.0,ok,25642.0,ok,9263.0,ok,22987.0,ok,49688.0,ok,6.0,ok,6.0,ok,2.0,ok
2019,21,岐阜,28,電子部品・デバイス・電子回路製造業,29.0,ok,5112.0,ok,,suppressed,,suppressed,,suppressed,,suppressed,,suppressed,15.0,ok,12.0,ok,2.0,ok
2019,21,岐阜,29,電気機械器具製造業,79.0,ok,9491.0,ok,312086.0,ok,97238.0,ok,40683.0,ok,200422.0,ok,303612.0,ok,48.0,ok,26.0,ok,5.0,ok
2019,21,岐阜,30,情報通信機械器具製造業,6.0,ok,1188.0,ok,,suppressed,,suppressed,,suppressed,,suppressed,,suppressed,3.0,ok,2.0,ok,1.0,ok
2019,21,岐阜,31,輸送用機械器具製造業,147.0,ok,31650.0,ok,1125994.0,ok,277685.0,ok,168351.0,ok,786703.0,ok,1117969.0,ok,80.0,ok,45.0,ok,22.0,ok
2019,21,岐阜,32,その他の製造業,17.0,ok,1422.0,ok,37755.0,ok,14886.0,ok,6289.0,ok,20420.0,ok,30175.0,ok,13.0,ok,4.0,ok,,absent_from_source
2019,22,静岡,09,食料品製造業,310.0,ok,35551.0,ok,1161785.0,ok,384233.0,ok,119283.0,ok,716825.0,ok,1095940.0,ok,202.0,ok,86.0,ok,22.0,ok
2019,22,静岡,10,飲料・たばこ・飼料製造業,61.0,ok,6408.0,ok,843202.0,ok,324732.0,ok,28818.0,ok,259013.0,ok,825137.0,ok,42.0,ok,14.0,ok,5.0,ok
2019,22,静岡,11,繊維工業,37.0,ok,3147.0,ok,86697.0,ok,33864.0,ok,13501.0,ok,46209.0,ok,79476.0,ok,29.0,ok,7.0,ok,1.0,ok
2019,22,静岡,12,木材・木製品製造業（家具を除く）,22.0,ok,2188.0,ok,169699.0,ok,43916.0,ok,11267.0,ok,119561.0,ok,121243.0,ok,17.0,ok,3.0,ok,2.0,ok
2019,22,静岡,13,家具・装備品製造業,28.0,ok,2360.0,ok,77458.0,ok,28611.0,ok,9928.0,ok,45390.0,ok,66561.0,ok,22.0,ok,4.0,ok,2.0,ok
2019,22,静岡,14,パルプ・紙・紙加工品製造業,170.0,ok,14772.0,ok,771245.0,ok,227212.0,ok,69720.0,ok,490109.0,ok,725083.0,ok,127.0,ok,39.0,ok,4.0,ok
2019,22,静岡,15,印刷・同関連業,54.0,ok,5794.0,ok,119554.0,ok,42671.0,ok,22868.0,ok,69269.0,ok,118767.0,ok,37.0,ok,13.0,ok,4.0,ok
2019,22,静岡,16,化学工業,110.0,ok,22809.0,ok,1831793.0,ok,718128.0,ok,128512.0,ok,1066784.0,ok,1765396.0,ok,49.0,ok,39.0,ok,22.0,ok
2019,22,静岡,17,石油製品・石炭製品製造業,4.0,ok,169.0,ok,11309.0,ok,2540.0,ok,779.0,ok,8345.0,ok,10755.0,ok,4.0,ok,,absent_from_source,,absent_from_source
2019,22,静岡,18,プラスチック製品製造業（別掲を除く）,218.0,ok,22940.0,ok,672039.0,ok,228673.0,ok,98161.0,ok,401619.0,ok,643549.0,ok,156.0,ok,51.0,ok,11.0,ok
2019,22,静岡,19,ゴム製品製造業,29.0,ok,6439.0,ok,179414.0,ok,84892.0,ok,33356.0,ok,82221.0,ok,174291.0,ok,15.0,ok,8.0,ok,6.0,ok
2019,22,静岡,20,なめし革・同製品・毛皮製造業,3.0,ok,210.0,ok,5908.0,ok,1345.0,ok,921.0,ok,4414.0,ok,5679.0,ok,2.0,ok,1.0,ok,,absent_from_source
2019,22,静岡,21,窯業・土石製品製造業,27.0,ok,2459.0,ok,87583.0,ok,38305.0,ok,13412.0,ok,41387.0,ok,83705.0,ok,22.0,ok,3.0,ok,2.0,ok
2019,22,静岡,22,鉄鋼業,37.0,ok,2334.0,ok,153760.0,ok,27437.0,ok,12128.0,ok,123555.0,ok,132299.0,ok,33.0,ok,4.0,ok,,absent_from_source
2019,22,静岡,23,非鉄金属製造業,35.0,ok,6050.0,ok,468860.0,ok,94804.0,ok,34421.0,ok,350868.0,ok,457314.0,ok,20.0,ok,8.0,ok,7.0,ok
2019,22,静岡,24,金属製品製造業,188.0,ok,14044.0,ok,382352.0,ok,126827.0,ok,61692.0,ok,233859.0,ok,366389.0,ok,165.0,ok,19.0,ok,4.0,ok
2019,22,静岡,25,はん用機械器具製造業,62.0,ok,8611.0,ok,287028.0,ok,76487.0,ok,47438.0,ok,196046.0,ok,280502.0,ok,46.0,ok,13.0,ok,3.0,ok
2019,22,静岡,26,生産用機械器具製造業,197.0,ok,20326.0,ok,681475.0,ok,230282.0,ok,107497.0,ok,428892.0,ok,628145.0,ok,150.0,ok,40.0,ok,7.0,ok
2019,22,静岡,27,業務用機械器具製造業,47.0,ok,10312.0,ok,242024.0,ok,80777.0,ok,50311.0,ok,150643.0,ok,234903.0,ok,24.0,ok,19.0,ok,4.0,ok
2019,22,静岡,28,電子部品・デバイス・電子回路製造業,63.0,ok,11682.0,ok,311268.0,ok,128940.0,ok,54268.0,ok,167452.0,ok,306098.0,ok,37.0,ok,14.0,ok,12.0,ok
2019,22,静岡,29,電気機械器具製造業,184.0,ok,42661.0,ok,2440186.0,ok,820653.0,ok,237558.0,ok,1506939.0,ok,2305862.0,ok,113.0,ok,42.0,ok,29.0,ok
2019,22,静岡,30,情報通信機械器具製造業,14.0,ok,3642.0,ok,272452.0,ok,66217.0,ok,24921.0,ok,196955.0,ok,231167.0,ok,7.0,ok,3.0,ok,4.0,ok
2019,22,静岡,31,輸送用機械器具製造業,397.0,ok,80592.0,ok,4120607.0,ok,1358107.0,ok,461843.0,ok,2613268.0,ok,4101080.0,ok,243.0,ok,93.0,ok,61.0,ok
2019,22,静岡,32,その他の製造業,53.0,ok,6544.0,ok,157916.0,ok,70900.0,ok,29608.0,ok,80849.0,ok,153996.0,ok,39.0,ok,8.0,ok,6.0,ok
2019,23,愛知,09,食料品製造業,405.0,ok,54179.0,ok,1529751.0,ok,515233.0,ok,180167.0,ok,939376.0,ok,1465131.0,ok,246.0,ok,120.0,ok,39.0,ok
2019,23,愛知,10,飲料・たばこ・飼料製造業,31.0,ok,2983.0,ok,387950.0,ok,95493.0,ok,15626.0,ok,204401.0,ok,378744.0,ok,20.0,ok,10.0,ok,1.0,ok
2019,23,愛知,11,繊維工業,102.0,ok,9376.0,ok,239016.0,ok,81432.0,ok,38679.0,ok,142758.0,ok,227080.0,ok,80.0,ok,20.0,ok,2.0,ok
2019,23,愛知,12,木材・木製品製造業（家具を除く）,33.0,ok,2158.0,ok,96749.0,ok,27945.0,ok,9297.0,ok,64613.0,ok,91552.0,ok,29.0,ok,4.0,ok,,absent_from_source
2019,23,愛知,13,家具・装備品製造業,37.0,ok,3054.0,ok,92866.0,ok,29063.0,ok,12878.0,ok,58611.0,ok,85609.0,ok,28.0,ok,8.0,ok,1.0,ok
2019,23,愛知,14,パルプ・紙・紙加工品製造業,100.0,ok,9240.0,ok,395919.0,ok,120550.0,ok,40197.0,ok,252837.0,ok,346013.0,ok,76.0,ok,21.0,ok,3.0,ok
2019,23,愛知,15,印刷・同関連業,110.0,ok,9093.0,ok,232463.0,ok,83696.0,ok,40154.0,ok,136820.0,ok,221977.0,ok,88.0,ok,18.0,ok,4.0,ok
2019,23,愛知,16,化学工業,97.0,ok,13134.0,ok,1211283.0,ok,431301.0,ok,79563.0,ok,727362.0,ok,1189563.0,ok,57.0,ok,33.0,ok,7.0,ok
2019,23,愛知,17,石油製品・石炭製品製造業,6.0,ok,715.0,ok,739436.0,ok,210583.0,ok,5118.0,ok,503071.0,ok,723771.0,ok,5.0,ok,,absent_from_source,1.0,ok
2019,23,愛知,18,プラスチック製品製造業（別掲を除く）,412.0,ok,44475.0,ok,1452695.0,ok,490015.0,ok,202340.0,ok,880427.0,ok,1342079.0,ok,288.0,ok,97.0,ok,27.0,ok
2019,23,愛知,19,ゴム製品製造業,52.0,ok,10043.0,ok,398095.0,ok,151721.0,ok,50531.0,ok,221597.0,ok,396926.0,ok,34.0,ok,13.0,ok,5.0,ok
2019,23,愛知,20,なめし革・同製品・毛皮製造業,8.0,ok,624.0,ok,18489.0,ok,3806.0,ok,2355.0,ok,14167.0,ok,17692.0,ok,7.0,ok,,absent_from_source,1.0,ok
2019,23,愛知,21,窯業・土石製品製造業,143.0,ok,19712.0,ok,683857.0,ok,254897.0,ok,108289.0,ok,405271.0,ok,545299.0,ok,106.0,ok,27.0,ok,10.0,ok
2019,23,愛知,22,鉄鋼業,133.0,ok,24762.0,ok,2159387.0,ok,364083.0,ok,152306.0,ok,1688464.0,ok,2113250.0,ok,82.0,ok,37.0,ok,14.0,ok
2019,23,愛知,23,非鉄金属製造業,53.0,ok,7431.0,ok,486768.0,ok,87051.0,ok,40534.0,ok,375818.0,ok,454646.0,ok,36.0,ok,12.0,ok,5.0,ok
2019,23,愛知,24,金属製品製造業,413.0,ok,37653.0,ok,1287723.0,ok,460462.0,ok,181795.0,ok,750045.0,ok,1194334.0,ok,323.0,ok,69.0,ok,21.0,ok
2019,23,愛知,25,はん用機械器具製造業,125.0,ok,25520.0,ok,1225094.0,ok,298023.0,ok,159640.0,ok,885094.0,ok,1178079.0,ok,75.0,ok,33.0,ok,17.0,ok
2019,23,愛知,26,生産用機械器具製造業,409.0,ok,49760.0,ok,1959249.0,ok,728600.0,ok,297422.0,ok,1164528.0,ok,1662311.0,ok,311.0,ok,69.0,ok,29.0,ok
2019,23,愛知,27,業務用機械器具製造業,79.0,ok,11396.0,ok,684003.0,ok,252229.0,ok,64765.0,ok,400296.0,ok,667189.0,ok,52.0,ok,21.0,ok,6.0,ok
2019,23,愛知,28,電子部品・デバイス・電子回路製造業,44.0,ok,7186.0,ok,290254.0,ok,63116.0,ok,39477.0,ok,204214.0,ok,200575.0,ok,24.0,ok,15.0,ok,5.0,ok
2019,23,愛知,29,電気機械器具製造業,193.0,ok,54248.0,ok,2663385.0,ok,854385.0,ok,303500.0,ok,1682903.0,ok,2623634.0,ok,116.0,ok,50.0,ok,27.0,ok
2019,23,愛知,30,情報通信機械器具製造業,21.0,ok,4715.0,ok,199508.0,ok,53987.0,ok,28396.0,ok,139121.0,ok,147842.0,ok,9.0,ok,9.0,ok,3.0,ok
2019,23,愛知,31,輸送用機械器具製造業,737.0,ok,304772.0,ok,26445594.0,ok,5962731.0,ok,2000295.0,ok,20064352.0,ok,17740455.0,ok,368.0,ok,232.0,ok,137.0,ok
2019,23,愛知,32,その他の製造業,53.0,ok,7452.0,ok,302727.0,ok,72534.0,ok,40437.0,ok,221723.0,ok,292686.0,ok,38.0,ok,9.0,ok,6.0,ok
2019,24,三重,09,食料品製造業,122.0,ok,13580.0,ok,435716.0,ok,161967.0,ok,42756.0,ok,250484.0,ok,417663.0,ok,72.0,ok,42.0,ok,8.0,ok
2019,24,三重,10,飲料・たばこ・飼料製造業,12.0,ok,1197.0,ok,76596.0,ok,20179.0,ok,4841.0,ok,44698.0,ok,74617.0,ok,9.0,ok,2.0,ok,1.0,ok
2019,24,三重,11,繊維工業,24.0,ok,1532.0,ok,35411.0,ok,9829.0,ok,5298.0,ok,24181.0,ok,35015.0,ok,21.0,ok,3.0,ok,,absent_from_source
2019,24,三重,12,木材・木製品製造業（家具を除く）,11.0,ok,575.0,ok,59117.0,ok,11263.0,ok,2578.0,ok,45438.0,ok,32038.0,ok,10.0,ok,1.0,ok,,absent_from_source
2019,24,三重,13,家具・装備品製造業,15.0,ok,1325.0,ok,34728.0,ok,12391.0,ok,5422.0,ok,20426.0,ok,34192.0,ok,12.0,ok,2.0,ok,1.0,ok
2019,24,三重,14,パルプ・紙・紙加工品製造業,19.0,ok,1621.0,ok,69836.0,ok,18711.0,ok,6852.0,ok,47432.0,ok,66728.0,ok,14.0,ok,4.0,ok,1.0,ok
2019,24,三重,15,印刷・同関連業,14.0,ok,1033.0,ok,23212.0,ok,7386.0,ok,4106.0,ok,14165.0,ok,22783.0,ok,11.0,ok,3.0,ok,,absent_from_source
2019,24,三重,16,化学工業,65.0,ok,15169.0,ok,1229808.0,ok,433031.0,ok,88247.0,ok,748287.0,ok,1186449.0,ok,30.0,ok,22.0,ok,13.0,ok
2019,24,三重,17,石油製品・石炭製品製造業,5.0,ok,1503.0,ok,,suppressed,,suppressed,,suppressed,,suppressed,,suppressed,1.0,ok,2.0,ok,2.0,ok
2019,24,三重,18,プラスチック製品製造業（別掲を除く）,93.0,ok,11646.0,ok,475943.0,ok,147534.0,ok,49319.0,ok,298965.0,ok,437425.0,ok,57.0,ok,31.0,ok,5.0,ok
2019,24,三重,19,ゴム製品製造業,33.0,ok,6932.0,ok,221113.0,ok,80039.0,ok,34117.0,ok,127438.0,ok,218418.0,ok,19.0,ok,9.0,ok,5.0,ok
2019,24,三重,20,なめし革・同製品・毛皮製造業,,absent_from_source,,absent_from_source,,absent_from_source,,absent_from_source,,absent_from_source,,absent_from_source,,absent_from_source,,absent_from_source,,absent_from_source,,absent_from_source
2019,24,三重,21,窯業・土石製品製造業,46.0,ok,4279.0,ok,199834.0,ok,88801.0,ok,24669.0,ok,96541.0,ok,190234.0,ok,31.0,ok,14.0,ok,1.0,ok
2019,24,三重,22,鉄鋼業,21.0,ok,1586.0,ok,89027.0,ok,15299.0,ok,8211.0,ok,70892.0,ok,56484.0,ok,19.0,ok,1.0,ok,1.0,ok
2019,24,三重,23,非鉄金属製造業,22.0,ok,3774.0,ok,406675.0,ok,85677.0,ok,21240.0,ok,308331.0,ok,401779.0,ok,10.0,ok,9.0,ok,3.0,ok
2019,24,三重,24,金属製品製造業,102.0,ok,10390.0,ok,320758.0,ok,131621.0,ok,48655.0,ok,167669.0,ok,311869.0,ok,73.0,ok,25.0,ok,4.0,ok
2019,24,三重,25,はん用機械器具製造業,51.0,ok,9918.0,ok,339336.0,ok,107899.0,ok,54862.0,ok,210651.0,ok,333460.0,ok,25.0,ok,17.0,ok,9.0,ok
2019,24,三重,26,生産用機械器具製造業,67.0,ok,8406.0,ok,271293.0,ok,117706.0,ok,48694.0,ok,142643.0,ok,264343.0,ok,44.0,ok,18.0,ok,5.0,ok
2019,24,三重,27,業務用機械器具製造業,20.0,ok,4320.0,ok,178650.0,ok,57208.0,ok,20630.0,ok,117488.0,ok,179519.0,ok,12.0,ok,5.0,ok,3.0,ok
2019,24,三重,28,電子部品・デバイス・電子回路製造業,50.0,ok,18567.0,ok,1476728.0,ok,324846.0,ok,124445.0,ok,1117343.0,ok,1475591.0,ok,33.0,ok,12.0,ok,5.0,ok
2019,24,三重,29,電気機械器具製造業,63.0,ok,16348.0,ok,674626.0,ok,193586.0,ok,81629.0,ok,463496.0,ok,626430.0,ok,35.0,ok,13.0,ok,15.0,ok
2019,24,三重,30,情報通信機械器具製造業,6.0,ok,1576.0,ok,,suppressed,,suppressed,,suppressed,,suppressed,,suppressed,2.0,ok,2.0,ok,2.0,ok
2019,24,三重,31,輸送用機械器具製造業,126.0,ok,40460.0,ok,2692803.0,ok,553789.0,ok,238962.0,ok,2046571.0,ok,2704703.0,ok,65.0,ok,44.0,ok,17.0,ok
2019,24,三重,32,その他の製造業,15.0,ok,1578.0,ok,85046.0,ok,28165.0,ok,5713.0,ok,53291.0,ok,84902.0,ok,11.0,ok,3.0,ok,1.0,ok
2019,25,滋賀,09,食料品製造業,71.0,ok,10178.0,ok,382242.0,ok,173462.0,ok,31089.0,ok,190369.0,ok,366943.0,ok,39.0,ok,25.0,ok,7.0,ok
2019,25,滋賀,10,飲料・たばこ・飼料製造業,7.0,ok,807.0,ok,129013.0,ok,61013.0,ok,4317.0,ok,46068.0,ok,129265.0,ok,3.0,ok,4.0,ok,,absent_from_source
2019,25,滋賀,11,繊維工業,53.0,ok,4811.0,ok,172641.0,ok,60253.0,ok,21058.0,ok,103741.0,ok,165534.0,ok,37.0,ok,16.0,ok,,absent_from_source
2019,25,滋賀,12,木材・木製品製造業（家具を除く）,8.0,ok,580.0,ok,24070.0,ok,5791.0,ok,2294.0,ok,17534.0,ok,23418.0,ok,7.0,ok,1.0,ok,,absent_from_source
2019,25,滋賀,13,家具・装備品製造業,18.0,ok,1417.0,ok,58296.0,ok,16099.0,ok,6072.0,ok,39811.0,ok,42611.0,ok,12.0,ok,6.0,ok,,absent_from_source
2019,25,滋賀,14,パルプ・紙・紙加工品製造業,33.0,ok,3540.0,ok,168677.0,ok,61780.0,ok,15454.0,ok,97054.0,ok,153826.0,ok,18.0,ok,14.0,ok,1.0,ok
2019,25,滋賀,15,印刷・同関連業,23.0,ok,3047.0,ok,96262.0,ok,33666.0,ok,15869.0,ok,55149.0,ok,95614.0,ok,14.0,ok,7.0,ok,2.0,ok
2019,25,滋賀,16,化学工業,70.0,ok,6880.0,ok,1018474.0,ok,606856.0,ok,36114.0,ok,358796.0,ok,992939.0,ok,46.0,ok,22.0,ok,2.0,ok
2019,25,滋賀,17,石油製品・石炭製品製造業,1.0,ok,34.0,ok,,suppressed,,suppressed,,suppressed,,suppressed,,suppressed,1.0,ok,,absent_from_source,,absent_from_source
2019,25,滋賀,18,プラスチック製品製造業（別掲を除く）,112.0,ok,14056.0,ok,582518.0,ok,215483.0,ok,71939.0,ok,329743.0,ok,563298.0,ok,69.0,ok,34.0,ok,9.0,ok
2019,25,滋賀,19,ゴム製品製造業,6.0,ok,2054.0,ok,105792.0,ok,45131.0,ok,13842.0,ok,51318.0,ok,106187.0,ok,2.0,ok,3.0,ok,1.0,ok
2019,25,滋賀,20,なめし革・同製品・毛皮製造業,,absent_from_source,,absent_from_source,,absent_from_source,,absent_from_source,,absent_from_source,,absent_from_source,,absent_from_source,,absent_from_source,,absent_from_source,,absent_from_source
2019,25,滋賀,21,窯業・土石製品製造業,44.0,ok,7011.0,ok,311833.0,ok,120188.0,ok,48928.0,ok,180227.0,ok,273318.0,ok,31.0,ok,8.0,ok,5.0,ok
2019,25,滋賀,22,鉄鋼業,12.0,ok,1417.0,ok,90835.0,ok,20127.0,ok,8334.0,ok,66662.0,ok,89525.0,ok,7.0,ok,4.0,ok,1.0,ok
2019,25,滋賀,23,非鉄金属製造業,22.0,ok,2197.0,ok,143533.0,ok,29986.0,ok,10659.0,ok,108560.0,ok,137711.0,ok,14.0,ok,7.0,ok,1.0,ok
2019,25,滋賀,24,金属製品製造業,94.0,ok,8548.0,ok,362585.0,ok,130922.0,ok,40563.0,ok,211676.0,ok,355105.0,ok,67.0,ok,24.0,ok,3.0,ok
2019,25,滋賀,25,はん用機械器具製造業,64.0,ok,12973.0,ok,719511.0,ok,214189.0,ok,72375.0,ok,491109.0,ok,714289.0,ok,35.0,ok,20.0,ok,9.0,ok
2019,25,滋賀,26,生産用機械器具製造業,72.0,ok,10867.0,ok,551779.0,ok,168180.0,ok,68714.0,ok,384617.0,ok,547309.0,ok,45.0,ok,17.0,ok,10.0,ok
2019,25,滋賀,27,業務用機械器具製造業,23.0,ok,3927.0,ok,177476.0,ok,71357.0,ok,20033.0,ok,95782.0,ok,166901.0,ok,11.0,ok,9.0,ok,3.0,ok
2019,25,滋賀,28,電子部品・デバイス・電子回路製造業,48.0,ok,15171.0,ok,438950.0,ok,132865.0,ok,85250.0,ok,272729.0,ok,401069.0,ok,21.0,ok,15.0,ok,12.0,ok
2019,25,滋賀,29,電気機械器具製造業,87.0,ok,14986.0,ok,721010.0,ok,240206.0,ok,81287.0,ok,446721.0,ok,566608.0,ok,51.0,ok,24.0,ok,12.0,ok
2019,25,滋賀,30,情報通信機械器具製造業,4.0,ok,1487.0,ok,,suppressed,,suppressed,,suppressed,,suppressed,,suppressed,1.0,ok,2.0,ok,1.0,ok
2019,25,滋賀,31,輸送用機械器具製造業,53.0,ok,14944.0,ok,1075981.0,ok,255665.0,ok,87263.0,ok,788716.0,ok,1074806.0,ok,26.0,ok,15.0,ok,12.0,ok
2019,25,滋賀,32,その他の製造業,11.0,ok,1406.0,ok,134957.0,ok,30913.0,ok,7392.0,ok,100857.0,ok,134721.0,ok,8.0,ok,1.0,ok,2.0,ok
2019,26,京都,09,食料品製造業,155.0,ok,18089.0,ok,506442.0,ok,221316.0,ok,55354.0,ok,254475.0,ok,484329.0,ok,101.0,ok,45.0,ok,9.0,ok
2019,26,京都,10,飲料・たばこ・飼料製造業,28.0,ok,2720.0,ok,810415.0,ok,173404.0,ok,14107.0,ok,157438.0,ok,805111.0,ok,20.0,ok,7.0,ok,1.0,ok
2019,26,京都,11,繊維工業,41.0,ok,2316.0,ok,37366.0,ok,17265.0,ok,8466.0,ok,17433.0,ok,34383.0,ok,37.0,ok,4.0,ok,,absent_from_source
2019,26,京都,12,木材・木製品製造業（家具を除く）,11.0,ok,887.0,ok,48836.0,ok,10662.0,ok,3845.0,ok,36725.0,ok,45065.0,ok,9.0,ok,2.0,ok,,absent_from_source
2019,26,京都,13,家具・装備品製造業,8.0,ok,402.0,ok,7738.0,ok,2719.0,ok,1636.0,ok,4633.0,ok,7494.0,ok,7.0,ok,1.0,ok,,absent_from_source
2019,26,京都,14,パルプ・紙・紙加工品製造業,28.0,ok,2298.0,ok,110811.0,ok,34819.0,ok,11620.0,ok,69910.0,ok,96179.0,ok,20.0,ok,8.0,ok,,absent_from_source
2019,26,京都,15,印刷・同関連業,52.0,ok,5523.0,ok,163289.0,ok,62690.0,ok,25676.0,ok,92057.0,ok,158816.0,ok,40.0,ok,9.0,ok,3.0,ok
2019,26,京都,16,化学工業,39.0,ok,4628.0,ok,186952.0,ok,94504.0,ok,23992.0,ok,78322.0,ok,187196.0,ok,24.0,ok,13.0,ok,2.0,ok
2019,26,京都,17,石油製品・石炭製品製造業,2.0,ok,99.0,ok,,suppressed,,suppressed,,suppressed,,suppressed,,suppressed,2.0,ok,,absent_from_source,,absent_from_source
2019,26,京都,18,プラスチック製品製造業（別掲を除く）,58.0,ok,4791.0,ok,123842.0,ok,42339.0,ok,18980.0,ok,72541.0,ok,115420.0,ok,42.0,ok,14.0,ok,2.0,ok
2019,26,京都,19,ゴム製品製造業,4.0,ok,633.0,ok,17186.0,ok,4967.0,ok,2793.0,ok,11145.0,ok,17107.0,ok,2.0,ok,2.0,ok,,absent_from_source
2019,26,京都,20,なめし革・同製品・毛皮製造業,4.0,ok,335.0,ok,,suppressed,,suppressed,,suppressed,,suppressed,,suppressed,3.0,ok,1.0,ok,,absent_from_source
2019,26,京都,21,窯業・土石製品製造業,20.0,ok,2842.0,ok,166189.0,ok,114879.0,ok,15820.0,ok,48428.0,ok,172056.0,ok,14.0,ok,3.0,ok,3.0,ok
2019,26,京都,22,鉄鋼業,12.0,ok,1015.0,ok,53627.0,ok,10293.0,ok,5081.0,ok,40733.0,ok,48910.0,ok,8.0,ok,4.0,ok,,absent_from_source
2019,26,京都,23,非鉄金属製造業,13.0,ok,1509.0,ok,79273.0,ok,14674.0,ok,8262.0,ok,61484.0,ok,74426.0,ok,7.0,ok,5.0,ok,1.0,ok
2019,26,京都,24,金属製品製造業,79.0,ok,5823.0,ok,139469.0,ok,54297.0,ok,26983.0,ok,76183.0,ok,132512.0,ok,66.0,ok,11.0,ok,2.0,ok
2019,26,京都,25,はん用機械器具製造業,24.0,ok,4188.0,ok,181793.0,ok,64723.0,ok,23003.0,ok,110365.0,ok,181161.0,ok,14.0,ok,6.0,ok,4.0,ok
2019,26,京都,26,生産用機械器具製造業,107.0,ok,10371.0,ok,352240.0,ok,150734.0,ok,58541.0,ok,185845.0,ok,338708.0,ok,77.0,ok,24.0,ok,6.0,ok
2019,26,京都,27,業務用機械器具製造業,41.0,ok,7859.0,ok,284713.0,ok,130631.0,ok,47282.0,ok,144478.0,ok,252111.0,ok,30.0,ok,6.0,ok,5.0,ok
2019,26,京都,28,電子部品・デバイス・電子回路製造業,32.0,ok,8397.0,ok,384911.0,ok,216356.0,ok,48405.0,ok,149373.0,ok,381130.0,ok,14.0,ok,13.0,ok,5.0,ok
2019,26,京都,29,電気機械器具製造業,72.0,ok,11778.0,ok,337882.0,ok,117542.0,ok,64507.0,ok,207243.0,ok,324191.0,ok,42.0,ok,21.0,ok,9.0,ok
2019,26,京都,30,情報通信機械器具製造業,5.0,ok,1651.0,ok,90050.0,ok,30283.0,ok,12022.0,ok,57102.0,ok,53958.0,ok,2.0,ok,1.0,ok,2.0,ok
2019,26,京都,31,輸送用機械器具製造業,32.0,ok,7689.0,ok,419417.0,ok,73363.0,ok,49892.0,ok,337813.0,ok,403246.0,ok,18.0,ok,7.0,ok,7.0,ok
2019,26,京都,32,その他の製造業,20.0,ok,1540.0,ok,497090.0,ok,268326.0,ok,6232.0,ok,227419.0,ok,357422.0,ok,15.0,ok,5.0,ok,,absent_from_source
2019,27,大阪,09,食料品製造業,301.0,ok,42156.0,ok,1194056.0,ok,508177.0,ok,140272.0,ok,617840.0,ok,1132796.0,ok,185.0,ok,86.0,ok,30.0,ok
2019,27,大阪,10,飲料・たばこ・飼料製造業,13.0,ok,862.0,ok,233004.0,ok,76473.0,ok,4667.0,ok,60831.0,ok,221845.0,ok,12.0,ok,1.0,ok,,absent_from_source
2019,27,大阪,11,繊維工業,99.0,ok,5986.0,ok,176713.0,ok,53906.0,ok,22965.0,ok,115783.0,ok,127222.0,ok,93.0,ok,5.0,ok,1.0,ok
2019,27,大阪,12,木材・木製品製造業（家具を除く）,22.0,ok,1295.0,ok,54990.0,ok,16171.0,ok,6380.0,ok,35550.0,ok,52329.0,ok,19.0,ok,3.0,ok,,absent_from_source
2019,27,大阪,13,家具・装備品製造業,33.0,ok,2785.0,ok,115120.0,ok,26089.0,ok,12471.0,ok,84687.0,ok,93757.0,ok,25.0,ok,7.0,ok,1.0,ok
2019,27,大阪,14,パルプ・紙・紙加工品製造業,101.0,ok,7417.0,ok,262285.0,ok,87481.0,ok,31939.0,ok,160908.0,ok,241641.0,ok,80.0,ok,19.0,ok,2.0,ok
2019,27,大阪,15,印刷・同関連業,180.0,ok,13817.0,ok,307806.0,ok,123607.0,ok,59777.0,ok,166993.0,ok,297225.0,ok,148.0,ok,29.0,ok,3.0,ok
2019,27,大阪,16,化学工業,211.0,ok,26133.0,ok,1487855.0,ok,506813.0,ok,154748.0,ok,900369.0,ok,1374636.0,ok,149.0,ok,46.0,ok,16.0,ok
2019,27,大阪,17,石油製品・石炭製品製造業,9.0,ok,1327.0,ok,1319178.0,ok,72773.0,ok,10774.0,ok,996662.0,ok,1318307.0,ok,6.0,ok,1.0,ok,2.0,ok
2019,27,大阪,18,プラスチック製品製造業（別掲を除く）,246.0,ok,19964.0,ok,587890.0,ok,228273.0,ok,85405.0,ok,320518.0,ok,541880.0,ok,201.0,ok,41.0,ok,4.0,ok
2019,27,大阪,19,ゴム製品製造業,38.0,ok,3986.0,ok,101446.0,ok,43522.0,ok,18570.0,ok,51596.0,ok,96620.0,ok,25.0,ok,10.0,ok,3.0,ok
2019,27,大阪,20,なめし革・同製品・毛皮製造業,7.0,ok,334.0,ok,3816.0,ok,1975.0,ok,1212.0,ok,1641.0,ok,3810.0,ok,7.0,ok,,absent_from_source,,absent_from_source
2019,27,大阪,21,窯業・土石製品製造業,49.0,ok,3899.0,ok,131009.0,ok,60994.0,ok,19993.0,ok,56772.0,ok,122192.0,ok,40.0,ok,7.0,ok,2.0,ok
2019,27,大阪,22,鉄鋼業,143.0,ok,13653.0,ok,1199186.0,ok,231168.0,ok,79685.0,ok,920962.0,ok,1154526.0,ok,110.0,ok,26.0,ok,7.0,ok
2019,27,大阪,23,非鉄金属製造業,57.0,ok,7950.0,ok,706695.0,ok,100203.0,ok,51009.0,ok,589921.0,ok,601769.0,ok,35.0,ok,16.0,ok,6.0,ok
2019,27,大阪,24,金属製品製造業,410.0,ok,29881.0,ok,959635.0,ok,392541.0,ok,144612.0,ok,514575.0,ok,900496.0,ok,339.0,ok,65.0,ok,6.0,ok
2019,27,大阪,25,はん用機械器具製造業,148.0,ok,20509.0,ok,739421.0,ok,284932.0,ok,119209.0,ok,433295.0,ok,713125.0,ok,105.0,ok,27.0,ok,16.0,ok
2019,27,大阪,26,生産用機械器具製造業,282.0,ok,33152.0,ok,1192071.0,ok,388117.0,ok,205915.0,ok,786963.0,ok,1126592.0,ok,225.0,ok,44.0,ok,13.0,ok
2019,27,大阪,27,業務用機械器具製造業,54.0,ok,5345.0,ok,146554.0,ok,61296.0,ok,27164.0,ok,78041.0,ok,131808.0,ok,37.0,ok,15.0,ok,2.0,ok
2019,27,大阪,28,電子部品・デバイス・電子回路製造業,48.0,ok,6569.0,ok,366149.0,ok,57709.0,ok,32311.0,ok,307280.0,ok,369251.0,ok,29.0,ok,14.0,ok,5.0,ok
2019,27,大阪,29,電気機械器具製造業,169.0,ok,19157.0,ok,914702.0,ok,335020.0,ok,104565.0,ok,533539.0,ok,654018.0,ok,128.0,ok,30.0,ok,11.0,ok
2019,27,大阪,30,情報通信機械器具製造業,12.0,ok,3071.0,ok,220955.0,ok,88480.0,ok,20862.0,ok,128863.0,ok,214109.0,ok,7.0,ok,2.0,ok,3.0,ok
2019,27,大阪,31,輸送用機械器具製造業,99.0,ok,24075.0,ok,1489996.0,ok,370964.0,ok,156759.0,ok,1073178.0,ok,1427471.0,ok,67.0,ok,22.0,ok,10.0,ok
2019,27,大阪,32,その他の製造業,64.0,ok,4631.0,ok,118612.0,ok,36347.0,ok,18621.0,ok,78218.0,ok,107765.0,ok,55.0,ok,8.0,ok,1.0,ok
2019,28,兵庫,09,食料品製造業,333.0,ok,47243.0,ok,1552539.0,ok,508727.0,ok,150640.0,ok,959883.0,ok,1484909.0,ok,196.0,ok,98.0,ok,39.0,ok
2019,28,兵庫,10,飲料・たばこ・飼料製造業,48.0,ok,4751.0,ok,388241.0,ok,110023.0,ok,23492.0,ok,209804.0,ok,378799.0,ok,31.0,ok,15.0,ok,2.0,ok
2019,28,兵庫,11,繊維工業,52.0,ok,4199.0,ok,89840.0,ok,28442.0,ok,14948.0,ok,56715.0,ok,77240.0,ok,41.0,ok,11.0,ok,,absent_from_source
2019,28,兵庫,12,木材・木製品製造業（家具を除く）,15.0,ok,876.0,ok,30316.0,ok,9197.0,ok,3579.0,ok,19577.0,ok,24924.0,ok,13.0,ok,2.0,ok,,absent_from_source
2019,28,兵庫,13,家具・装備品製造業,18.0,ok,1208.0,ok,57327.0,ok,16586.0,ok,4626.0,ok,38748.0,ok,44552.0,ok,15.0,ok,3.0,ok,,absent_from_source
2019,28,兵庫,14,パルプ・紙・紙加工品製造業,63.0,ok,5672.0,ok,294526.0,ok,100511.0,ok,28176.0,ok,172629.0,ok,280167.0,ok,43.0,ok,18.0,ok,2.0,ok
2019,28,兵庫,15,印刷・同関連業,47.0,ok,4262.0,ok,96533.0,ok,43059.0,ok,18907.0,ok,47778.0,ok,93383.0,ok,30.0,ok,15.0,ok,2.0,ok
2019,28,兵庫,16,化学工業,155.0,ok,21613.0,ok,2068271.0,ok,715768.0,ok,125112.0,ok,1268262.0,ok,1969994.0,ok,91.0,ok,53.0,ok,11.0,ok
2019,28,兵庫,17,石油製品・石炭製品製造業,5.0,ok,882.0,ok,150157.0,ok,29609.0,ok,4742.0,ok,113713.0,ok,149026.0,ok,2.0,ok,2.0,ok,1.0,ok
2019,28,兵庫,18,プラスチック製品製造業（別掲を除く）,127.0,ok,11179.0,ok,427545.0,ok,163659.0,ok,52218.0,ok,242706.0,ok,409682.0,ok,93.0,ok,31.0,ok,3.0,ok
2019,28,兵庫,19,ゴム製品製造業,32.0,ok,4007.0,ok,110920.0,ok,35450.0,ok,20375.0,ok,70580.0,ok,101771.0,ok,23.0,ok,4.0,ok,5.0,ok
2019,28,兵庫,20,なめし革・同製品・毛皮製造業,17.0,ok,1324.0,ok,21517.0,ok,8501.0,ok,3892.0,ok,11686.0,ok,20937.0,ok,13.0,ok,4.0,ok,,absent_from_source
2019,28,兵庫,21,窯業・土石製品製造業,64.0,ok,5105.0,ok,210258.0,ok,76998.0,ok,26864.0,ok,112055.0,ok,184310.0,ok,48.0,ok,14.0,ok,2.0,ok
2019,28,兵庫,22,鉄鋼業,85.0,ok,17978.0,ok,1849138.0,ok,267533.0,ok,109541.0,ok,1516295.0,ok,1662156.0,ok,56.0,ok,18.0,ok,11.0,ok
2019,28,兵庫,23,非鉄金属製造業,46.0,ok,5566.0,ok,246179.0,ok,109708.0,ok,31913.0,ok,119460.0,ok,236285.0,ok,30.0,ok,13.0,ok,3.0,ok
2019,28,兵庫,24,金属製品製造業,233.0,ok,19194.0,ok,650152.0,ok,229497.0,ok,90935.0,ok,385097.0,ok,622905.0,ok,185.0,ok,42.0,ok,6.0,ok
2019,28,兵庫,25,はん用機械器具製造業,121.0,ok,23269.0,ok,1146449.0,ok,410758.0,ok,147814.0,ok,703647.0,ok,1084472.0,ok,82.0,ok,28.0,ok,11.0,ok
2019,28,兵庫,26,生産用機械器具製造業,172.0,ok,22710.0,ok,1079385.0,ok,272104.0,ok,132413.0,ok,785744.0,ok,931075.0,ok,120.0,ok,38.0,ok,14.0,ok
2019,28,兵庫,27,業務用機械器具製造業,43.0,ok,6578.0,ok,267640.0,ok,138795.0,ok,35336.0,ok,116716.0,ok,213443.0,ok,26.0,ok,13.0,ok,4.0,ok
2019,28,兵庫,28,電子部品・デバイス・電子回路製造業,48.0,ok,10015.0,ok,376020.0,ok,97492.0,ok,52107.0,ok,256890.0,ok,279439.0,ok,22.0,ok,18.0,ok,8.0,ok
2019,28,兵庫,29,電気機械器具製造業,168.0,ok,34751.0,ok,1471258.0,ok,391034.0,ok,197217.0,ok,1010370.0,ok,1418384.0,ok,96.0,ok,45.0,ok,27.0,ok
2019,28,兵庫,30,情報通信機械器具製造業,26.0,ok,6385.0,ok,447723.0,ok,129029.0,ok,37837.0,ok,308218.0,ok,388266.0,ok,11.0,ok,9.0,ok,6.0,ok
2019,28,兵庫,31,輸送用機械器具製造業,122.0,ok,33477.0,ok,1678100.0,ok,544441.0,ok,190216.0,ok,1080939.0,ok,1537266.0,ok,70.0,ok,31.0,ok,21.0,ok
2019,28,兵庫,32,その他の製造業,34.0,ok,4045.0,ok,123329.0,ok,55154.0,ok,18218.0,ok,67839.0,ok,125217.0,ok,21.0,ok,10.0,ok,3.0,ok
2019,29,奈良,09,食料品製造業,56.0,ok,7020.0,ok,227266.0,ok,98960.0,ok,25614.0,ok,114950.0,ok,211799.0,ok,35.0,ok,16.0,ok,5.0,ok
2019,29,奈良,10,飲料・たばこ・飼料製造業,6.0,ok,559.0,ok,16790.0,ok,6003.0,ok,2373.0,ok,9213.0,ok,16645.0,ok,5.0,ok,,absent_from_source,1.0,ok
2019,29,奈良,11,繊維工業,44.0,ok,2739.0,ok,42281.0,ok,13955.0,ok,8254.0,ok,26524.0,ok,36633.0,ok,39.0,ok,5.0,ok,,absent_from_source
2019,29,奈良,12,木材・木製品製造業（家具を除く）,12.0,ok,597.0,ok,20862.0,ok,5958.0,ok,2267.0,ok,14189.0,ok,20684.0,ok,12.0,ok,,absent_from_source,,absent_from_source
2019,29,奈良,13,家具・装備品製造業,11.0,ok,769.0,ok,24382.0,ok,8033.0,ok,3146.0,ok,15391.0,ok,22812.0,ok,9.0,ok,2.0,ok,,absent_from_source
2019,29,奈良,14,パルプ・紙・紙加工品製造業,17.0,ok,1619.0,ok,52972.0,ok,19663.0,ok,6409.0,ok,30647.0,ok,51763.0,ok,12.0,ok,4.0,ok,1.0,ok
2019,29,奈良,15,印刷・同関連業,18.0,ok,2524.0,ok,52550.0,ok,20467.0,ok,12397.0,ok,28128.0,ok,52041.0,ok,12.0,ok,4.0,ok,2.0,ok
2019,29,奈良,16,化学工業,26.0,ok,2972.0,ok,103488.0,ok,34061.0,ok,12502.0,ok,63550.0,ok,99885.0,ok,17.0,ok,8.0,ok,1.0,ok
2019,29,奈良,17,石油製品・石炭製品製造業,1.0,ok,76.0,ok,,suppressed,,suppressed,,suppressed,,suppressed,,suppressed,1.0,ok,,absent_from_source,,absent_from_source
2019,29,奈良,18,プラスチック製品製造業（別掲を除く）,58.0,ok,4511.0,ok,122501.0,ok,42321.0,ok,18222.0,ok,71342.0,ok,119893.0,ok,47.0,ok,11.0,ok,,absent_from_source
2019,29,奈良,19,ゴム製品製造業,13.0,ok,2184.0,ok,60830.0,ok,22666.0,ok,10597.0,ok,35277.0,ok,49992.0,ok,6.0,ok,4.0,ok,3.0,ok
2019,29,奈良,20,なめし革・同製品・毛皮製造業,2.0,ok,122.0,ok,,suppressed,,suppressed,,suppressed,,suppressed,,suppressed,2.0,ok,,absent_from_source,,absent_from_source
2019,29,奈良,21,窯業・土石製品製造業,11.0,ok,564.0,ok,12886.0,ok,4646.0,ok,2384.0,ok,7612.0,ok,9348.0,ok,11.0,ok,,absent_from_source,,absent_from_source
2019,29,奈良,22,鉄鋼業,9.0,ok,422.0,ok,29331.0,ok,6091.0,ok,1839.0,ok,22345.0,ok,28277.0,ok,9.0,ok,,absent_from_source,,absent_from_source
2019,29,奈良,23,非鉄金属製造業,5.0,ok,467.0,ok,15642.0,ok,8773.0,ok,2558.0,ok,5310.0,ok,14323.0,ok,4.0,ok,1.0,ok,,absent_from_source
2019,29,奈良,24,金属製品製造業,38.0,ok,2768.0,ok,123016.0,ok,45266.0,ok,11789.0,ok,74187.0,ok,124663.0,ok,31.0,ok,6.0,ok,1.0,ok
2019,29,奈良,25,はん用機械器具製造業,20.0,ok,1558.0,ok,51978.0,ok,22691.0,ok,7287.0,ok,26859.0,ok,42817.0,ok,17.0,ok,2.0,ok,1.0,ok
2019,29,奈良,26,生産用機械器具製造業,36.0,ok,4008.0,ok,134870.0,ok,53974.0,ok,22133.0,ok,76198.0,ok,124635.0,ok,26.0,ok,7.0,ok,3.0,ok
2019,29,奈良,27,業務用機械器具製造業,9.0,ok,2772.0,ok,140288.0,ok,48883.0,ok,17586.0,ok,87559.0,ok,137353.0,ok,6.0,ok,2.0,ok,1.0,ok
2019,29,奈良,28,電子部品・デバイス・電子回路製造業,4.0,ok,170.0,ok,1483.0,ok,604.0,ok,505.0,ok,806.0,ok,1484.0,ok,4.0,ok,,absent_from_source,,absent_from_source
2019,29,奈良,29,電気機械器具製造業,8.0,ok,849.0,ok,38721.0,ok,9607.0,ok,4025.0,ok,32220.0,ok,37508.0,ok,5.0,ok,2.0,ok,1.0,ok
2019,29,奈良,30,情報通信機械器具製造業,1.0,ok,123.0,ok,,suppressed,,suppressed,,suppressed,,suppressed,,suppressed,,absent_from_source,1.0,ok,,absent_from_source
2019,29,奈良,31,輸送用機械器具製造業,9.0,ok,3056.0,ok,171390.0,ok,39224.0,ok,18687.0,ok,130070.0,ok,164917.0,ok,6.0,ok,,absent_from_source,3.0,ok
2019,29,奈良,32,その他の製造業,13.0,ok,2452.0,ok,357059.0,ok,55445.0,ok,12416.0,ok,311798.0,ok,57229.0,ok,7.0,ok,4.0,ok,2.0,ok
2019,30,和歌山,09,食料品製造業,65.0,ok,5026.0,ok,131804.0,ok,40814.0,ok,14326.0,ok,86093.0,ok,124748.0,ok,50.0,ok,14.0,ok,1.0,ok
2019,30,和歌山,10,飲料・たばこ・飼料製造業,14.0,ok,1326.0,ok,50772.0,ok,20263.0,ok,5011.0,ok,26617.0,ok,46750.0,ok,10.0,ok,4.0,ok,,absent_from_source
2019,30,和歌山,11,繊維工業,33.0,ok,2139.0,ok,41265.0,ok,15344.0,ok,7133.0,ok,23586.0,ok,41058.0,ok,30.0,ok,3.0,ok,,absent_from_source
2019,30,和歌山,12,木材・木製品製造業（家具を除く）,10.0,ok,574.0,ok,23283.0,ok,8053.0,ok,2527.0,ok,14068.0,ok,20945.0,ok,10.0,ok,,absent_from_source,,absent_from_source
2019,30,和歌山,13,家具・装備品製造業,4.0,ok,276.0,ok,5958.0,ok,1782.0,ok,1047.0,ok,3838.0,ok,5763.0,ok,3.0,ok,1.0,ok,,absent_from_source
2019,30,和歌山,14,パルプ・紙・紙加工品製造業,7.0,ok,676.0,ok,32507.0,ok,10614.0,ok,3389.0,ok,20333.0,ok,30103.0,ok,3.0,ok,4.0,ok,,absent_from_source
2019,30,和歌山,15,印刷・同関連業,8.0,ok,504.0,ok,6681.0,ok,4375.0,ok,1886.0,ok,2396.0,ok,7011.0,ok,7.0,ok,1.0,ok,,absent_from_source
2019,30,和歌山,16,化学工業,38.0,ok,5424.0,ok,363394.0,ok,164318.0,ok,30372.0,ok,166278.0,ok,358984.0,ok,26.0,ok,11.0,ok,1.0,ok
2019,30,和歌山,17,石油製品・石炭製品製造業,5.0,ok,940.0,ok,540891.0,ok,-27634.0,ok,6083.0,ok,500693.0,ok,541380.0,ok,2.0,ok,2.0,ok,1.0,ok
2019,30,和歌山,18,プラスチック製品製造業（別掲を除く）,19.0,ok,973.0,ok,30213.0,ok,11296.0,ok,3183.0,ok,16819.0,ok,30036.0,ok,19.0,ok,,absent_from_source,,absent_from_source
2019,30,和歌山,19,ゴム製品製造業,9.0,ok,1067.0,ok,20281.0,ok,11040.0,ok,4448.0,ok,9037.0,ok,20334.0,ok,7.0,ok,1.0,ok,1.0,ok
2019,30,和歌山,20,なめし革・同製品・毛皮製造業,1.0,ok,40.0,ok,,suppressed,,suppressed,,suppressed,,suppressed,,suppressed,1.0,ok,,absent_from_source,,absent_from_source
2019,30,和歌山,21,窯業・土石製品製造業,5.0,ok,302.0,ok,10799.0,ok,3571.0,ok,1500.0,ok,6646.0,ok,10634.0,ok,4.0,ok,1.0,ok,,absent_from_source
2019,30,和歌山,22,鉄鋼業,11.0,ok,4059.0,ok,507224.0,ok,103486.0,ok,26613.0,ok,391516.0,ok,500932.0,ok,6.0,ok,3.0,ok,2.0,ok
2019,30,和歌山,23,非鉄金属製造業,8.0,ok,504.0,ok,21570.0,ok,5600.0,ok,2472.0,ok,15066.0,ok,21211.0,ok,7.0,ok,1.0,ok,,absent_from_source
2019,30,和歌山,24,金属製品製造業,34.0,ok,2190.0,ok,66618.0,ok,25353.0,ok,9626.0,ok,35996.0,ok,64607.0,ok,30.0,ok,4.0,ok,,absent_from_source
2019,30,和歌山,25,はん用機械器具製造業,22.0,ok,3880.0,ok,357854.0,ok,235279.0,ok,18759.0,ok,102096.0,ok,360165.0,ok,14.0,ok,6.0,ok,2.0,ok
2019,30,和歌山,26,生産用機械器具製造業,34.0,ok,4146.0,ok,87418.0,ok,34904.0,ok,20920.0,ok,45379.0,ok,79656.0,ok,26.0,ok,7.0,ok,1.0,ok
2019,30,和歌山,27,業務用機械器具製造業,7.0,ok,769.0,ok,13903.0,ok,5325.0,ok,3280.0,ok,7528.0,ok,10829.0,ok,4.0,ok,3.0,ok,,absent_from_source
2019,30,和歌山,28,電子部品・デバイス・電子回路製造業,4.0,ok,862.0,ok,16818.0,ok,6317.0,ok,3720.0,ok,8915.0,ok,15739.0,ok,,absent_from_source,3.0,ok,1.0,ok
2019,30,和歌山,29,電気機械器具製造業,13.0,ok,920.0,ok,14342.0,ok,5382.0,ok,3639.0,ok,7994.0,ok,14151.0,ok,11.0,ok,2.0,ok,,absent_from_source
2019,30,和歌山,30,情報通信機械器具製造業,2.0,ok,270.0,ok,,suppressed,,suppressed,,suppressed,,suppressed,,suppressed,1.0,ok,1.0,ok,,absent_from_source
2019,30,和歌山,31,輸送用機械器具製造業,5.0,ok,664.0,ok,16963.0,ok,9310.0,ok,2920.0,ok,6206.0,ok,17252.0,ok,2.0,ok,3.0,ok,,absent_from_source
2019,30,和歌山,32,その他の製造業,7.0,ok,506.0,ok,6857.0,ok,3133.0,ok,1665.0,ok,3482.0,ok,6511.0,ok,6.0,ok,1.0,ok,,absent_from_source
2019,31,鳥取,09,食料品製造業,59.0,ok,6061.0,ok,139027.0,ok,44731.0,ok,18889.0,ok,87416.0,ok,121660.0,ok,36.0,ok,19.0,ok,4.0,ok
2019,31,鳥取,10,飲料・たばこ・飼料製造業,7.0,ok,512.0,ok,19178.0,ok,8547.0,ok,2020.0,ok,8313.0,ok,19245.0,ok,6.0,ok,1.0,ok,,absent_from_source
2019,31,鳥取,11,繊維工業,21.0,ok,2091.0,ok,14305.0,ok,6722.0,ok,5063.0,ok,6620.0,ok,14310.0,ok,16.0,ok,4.0,ok,1.0,ok
2019,31,鳥取,12,木材・木製品製造業（家具を除く）,5.0,ok,434.0,ok,20112.0,ok,6860.0,ok,1804.0,ok,12111.0,ok,20020.0,ok,4.0,ok,1.0,ok,,absent_from_source
2019,31,鳥取,13,家具・装備品製造業,2.0,ok,76.0,ok,,suppressed,,suppressed,,suppressed,,suppressed,,suppressed,2.0,ok,,absent_from_source,,absent_from_source
2019,31,鳥取,14,パルプ・紙・紙加工品製造業,12.0,ok,1459.0,ok,94989.0,ok,25083.0,ok,6796.0,ok,64992.0,ok,89948.0,ok,7.0,ok,4.0,ok,1.0,ok
2019,31,鳥取,15,印刷・同関連業,10.0,ok,462.0,ok,5624.0,ok,2808.0,ok,1525.0,ok,2576.0,ok,5616.0,ok,10.0,ok,,absent_from_source,,absent_from_source
2019,31,鳥取,16,化学工業,1.0,ok,134.0,ok,,suppressed,,suppressed,,suppressed,,suppressed,,suppressed,,absent_from_source,1.0,ok,,absent_from_source
2019,31,鳥取,17,石油製品・石炭製品製造業,,absent_from_source,,absent_from_source,,absent_from_source,,absent_from_source,,absent_from_source,,absent_from_source,,absent_from_source,,absent_from_source,,absent_from_source,,absent_from_source
2019,31,鳥取,18,プラスチック製品製造業（別掲を除く）,13.0,ok,829.0,ok,20227.0,ok,8752.0,ok,2679.0,ok,10143.0,ok,20046.0,ok,11.0,ok,2.0,ok,,absent_from_source
2019,31,鳥取,19,ゴム製品製造業,3.0,ok,416.0,ok,6739.0,ok,2292.0,ok,1343.0,ok,4133.0,ok,6689.0,ok,1.0,ok,2.0,ok,,absent_from_source
2019,31,鳥取,20,なめし革・同製品・毛皮製造業,,absent_from_source,,absent_from_source,,absent_from_source,,absent_from_source,,absent_from_source,,absent_from_source,,absent_from_source,,absent_from_source,,absent_from_source,,absent_from_source
2019,31,鳥取,21,窯業・土石製品製造業,2.0,ok,78.0,ok,,suppressed,,suppressed,,suppressed,,suppressed,,suppressed,2.0,ok,,absent_from_source,,absent_from_source
2019,31,鳥取,22,鉄鋼業,5.0,ok,691.0,ok,,suppressed,,suppressed,,suppressed,,suppressed,,suppressed,3.0,ok,1.0,ok,1.0,ok
2019,31,鳥取,23,非鉄金属製造業,1.0,ok,72.0,ok,,suppressed,,suppressed,,suppressed,,suppressed,,suppressed,1.0,ok,,absent_from_source,,absent_from_source
2019,31,鳥取,24,金属製品製造業,21.0,ok,1495.0,ok,32458.0,ok,12770.0,ok,5527.0,ok,17133.0,ok,32168.0,ok,16.0,ok,5.0,ok,,absent_from_source
2019,31,鳥取,25,はん用機械器具製造業,3.0,ok,310.0,ok,7625.0,ok,2580.0,ok,2144.0,ok,4288.0,ok,5924.0,ok,1.0,ok,2.0,ok,,absent_from_source
2019,31,鳥取,26,生産用機械器具製造業,12.0,ok,861.0,ok,17664.0,ok,6317.0,ok,3419.0,ok,10696.0,ok,16030.0,ok,10.0,ok,2.0,ok,,absent_from_source
2019,31,鳥取,27,業務用機械器具製造業,5.0,ok,578.0,ok,7595.0,ok,3156.0,ok,1665.0,ok,3788.0,ok,7276.0,ok,2.0,ok,3.0,ok,,absent_from_source
2019,31,鳥取,28,電子部品・デバイス・電子回路製造業,29.0,ok,4551.0,ok,145107.0,ok,33130.0,ok,23053.0,ok,107712.0,ok,114612.0,ok,18.0,ok,5.0,ok,6.0,ok
2019,31,鳥取,29,電気機械器具製造業,30.0,ok,2991.0,ok,80628.0,ok,20845.0,ok,10743.0,ok,57391.0,ok,76750.0,ok,22.0,ok,6.0,ok,2.0,ok
2019,31,鳥取,30,情報通信機械器具製造業,3.0,ok,534.0,ok,24826.0,ok,5573.0,ok,2381.0,ok,18164.0,ok,24460.0,ok,1.0,ok,1.0,ok,1.0,ok
2019,31,鳥取,31,輸送用機械器具製造業,9.0,ok,1376.0,ok,27518.0,ok,8776.0,ok,5037.0,ok,16119.0,ok,26247.0,ok,5.0,ok,3.0,ok,1.0,ok
2019,31,鳥取,32,その他の製造業,2.0,ok,217.0,ok,,suppressed,,suppressed,,suppressed,,suppressed,,suppressed,1.0,ok,1.0,ok,,absent_from_source
2019,32,島根,09,食料品製造業,46.0,ok,3319.0,ok,49116.0,ok,17247.0,ok,8639.0,ok,29249.0,ok,45296.0,ok,36.0,ok,10.0,ok,,absent_from_source
2019,32,島根,10,飲料・たばこ・飼料製造業,4.0,ok,248.0,ok,7170.0,ok,3210.0,ok,811.0,ok,3442.0,ok,6304.0,ok,4.0,ok,,absent_from_source,,absent_from_source
2019,32,島根,11,繊維工業,20.0,ok,1697.0,ok,28346.0,ok,8404.0,ok,5078.0,ok,18111.0,ok,27264.0,ok,14.0,ok,6.0,ok,,absent_from_source
2019,32,島根,12,木材・木製品製造業（家具を除く）,6.0,ok,431.0,ok,29907.0,ok,9829.0,ok,2007.0,ok,18046.0,ok,30065.0,ok,4.0,ok,2.0,ok,,absent_from_source
2019,32,島根,13,家具・装備品製造業,3.0,ok,226.0,ok,4716.0,ok,1532.0,ok,815.0,ok,3006.0,ok,4604.0,ok,3.0,ok,,absent_from_source,,absent_from_source
2019,32,島根,14,パルプ・紙・紙加工品製造業,12.0,ok,1077.0,ok,29356.0,ok,10516.0,ok,3795.0,ok,16775.0,ok,28985.0,ok,9.0,ok,3.0,ok,,absent_from_source
2019,32,島根,15,印刷・同関連業,8.0,ok,349.0,ok,5448.0,ok,2327.0,ok,1143.0,ok,2776.0,ok,5441.0,ok,8.0,ok,,absent_from_source,,absent_from_source
2019,32,島根,16,化学工業,5.0,ok,945.0,ok,31921.0,ok,14549.0,ok,3211.0,ok,15880.0,ok,32206.0,ok,2.0,ok,2.0,ok,1.0,ok
2019,32,島根,17,石油製品・石炭製品製造業,,absent_from_source,,absent_from_source,,absent_from_source,,absent_from_source,,absent_from_source,,absent_from_source,,absent_from_source,,absent_from_source,,absent_from_source,,absent_from_source
2019,32,島根,18,プラスチック製品製造業（別掲を除く）,11.0,ok,948.0,ok,22285.0,ok,6253.0,ok,3107.0,ok,14151.0,ok,22223.0,ok,6.0,ok,5.0,ok,,absent_from_source
2019,32,島根,19,ゴム製品製造業,7.0,ok,541.0,ok,6686.0,ok,2849.0,ok,1570.0,ok,3494.0,ok,6619.0,ok,5.0,ok,2.0,ok,,absent_from_source
2019,32,島根,20,なめし革・同製品・毛皮製造業,1.0,ok,39.0,ok,,suppressed,,suppressed,,suppressed,,suppressed,,suppressed,1.0,ok,,absent_from_source,,absent_from_source
2019,32,島根,21,窯業・土石製品製造業,7.0,ok,461.0,ok,8116.0,ok,3006.0,ok,1552.0,ok,4714.0,ok,8191.0,ok,6.0,ok,1.0,ok,,absent_from_source
2019,32,島根,22,鉄鋼業,17.0,ok,4323.0,ok,163648.0,ok,71955.0,ok,23236.0,ok,73454.0,ok,156850.0,ok,9.0,ok,5.0,ok,3.0,ok
2019,32,島根,23,非鉄金属製造業,2.0,ok,362.0,ok,,suppressed,,suppressed,,suppressed,,suppressed,,suppressed,1.0,ok,1.0,ok,,absent_from_source
2019,32,島根,24,金属製品製造業,14.0,ok,1042.0,ok,28456.0,ok,9495.0,ok,4571.0,ok,17187.0,ok,28093.0,ok,11.0,ok,3.0,ok,,absent_from_source
2019,32,島根,25,はん用機械器具製造業,11.0,ok,1354.0,ok,58978.0,ok,23619.0,ok,7127.0,ok,32451.0,ok,55703.0,ok,6.0,ok,4.0,ok,1.0,ok
2019,32,島根,26,生産用機械器具製造業,24.0,ok,1943.0,ok,52032.0,ok,15646.0,ok,8309.0,ok,34168.0,ok,51490.0,ok,20.0,ok,3.0,ok,1.0,ok
2019,32,島根,27,業務用機械器具製造業,3.0,ok,924.0,ok,19156.0,ok,11586.0,ok,3312.0,ok,5426.0,ok,19219.0,ok,2.0,ok,,absent_from_source,1.0,ok
2019,32,島根,28,電子部品・デバイス・電子回路製造業,16.0,ok,6290.0,ok,243731.0,ok,107321.0,ok,29544.0,ok,119065.0,ok,247992.0,ok,7.0,ok,7.0,ok,2.0,ok
2019,32,島根,29,電気機械器具製造業,14.0,ok,1486.0,ok,36181.0,ok,10603.0,ok,4708.0,ok,23890.0,ok,34675.0,ok,11.0,ok,2.0,ok,1.0,ok
2019,32,島根,30,情報通信機械器具製造業,6.0,ok,1167.0,ok,,suppressed,,suppressed,,suppressed,,suppressed,,suppressed,3.0,ok,2.0,ok,1.0,ok
2019,32,島根,31,輸送用機械器具製造業,17.0,ok,2442.0,ok,78257.0,ok,28142.0,ok,11151.0,ok,44489.0,ok,77301.0,ok,8.0,ok,7.0,ok,2.0,ok
2019,32,島根,32,その他の製造業,3.0,ok,113.0,ok,,suppressed,,suppressed,,suppressed,,suppressed,,suppressed,3.0,ok,,absent_from_source,,absent_from_source
2019,33,岡山,09,食料品製造業,119.0,ok,18082.0,ok,509484.0,ok,190786.0,ok,60313.0,ok,292724.0,ok,490701.0,ok,69.0,ok,35.0,ok,15.0,ok
2019,33,岡山,10,飲料・たばこ・飼料製造業,9.0,ok,547.0,ok,152571.0,ok,49135.0,ok,2893.0,ok,58951.0,ok,151455.0,ok,8.0,ok,1.0,ok,,absent_from_source
2019,33,岡山,11,繊維工業,98.0,ok,7651.0,ok,185356.0,ok,73847.0,ok,24265.0,ok,103233.0,ok,168195.0,ok,78.0,ok,18.0,ok,2.0,ok
2019,33,岡山,12,木材・木製品製造業（家具を除く）,19.0,ok,1291.0,ok,67993.0,ok,16040.0,ok,5679.0,ok,48822.0,ok,65927.0,ok,15.0,ok,4.0,ok,,absent_from_source
2019,33,岡山,13,家具・装備品製造業,9.0,ok,849.0,ok,20713.0,ok,6632.0,ok,3341.0,ok,12816.0,ok,20244.0,ok,6.0,ok,3.0,ok,,absent_from_source
2019,33,岡山,14,パルプ・紙・紙加工品製造業,33.0,ok,3188.0,ok,109320.0,ok,36859.0,ok,12354.0,ok,66402.0,ok,104652.0,ok,22.0,ok,11.0,ok,,absent_from_source
2019,33,岡山,15,印刷・同関連業,42.0,ok,3602.0,ok,92651.0,ok,38691.0,ok,15884.0,ok,49218.0,ok,92862.0,ok,33.0,ok,6.0,ok,3.0,ok
2019,33,岡山,16,化学工業,69.0,ok,11390.0,ok,1044911.0,ok,217222.0,ok,67431.0,ok,779279.0,ok,987788.0,ok,40.0,ok,22.0,ok,7.0,ok
2019,33,岡山,17,石油製品・石炭製品製造業,3.0,ok,1250.0,ok,,suppressed,,suppressed,,suppressed,,suppressed,,suppressed,2.0,ok,,absent_from_source,1.0,ok
2019,33,岡山,18,プラスチック製品製造業（別掲を除く）,68.0,ok,6647.0,ok,253590.0,ok,87768.0,ok,31394.0,ok,151604.0,ok,221664.0,ok,50.0,ok,15.0,ok,3.0,ok
2019,33,岡山,19,ゴム製品製造業,27.0,ok,4265.0,ok,102862.0,ok,35414.0,ok,18655.0,ok,62124.0,ok,86652.0,ok,15.0,ok,8.0,ok,4.0,ok
2019,33,岡山,20,なめし革・同製品・毛皮製造業,2.0,ok,115.0,ok,,suppressed,,suppressed,,suppressed,,suppressed,,suppressed,2.0,ok,,absent_from_source,,absent_from_source
2019,33,岡山,21,窯業・土石製品製造業,37.0,ok,3166.0,ok,166830.0,ok,54240.0,ok,16148.0,ok,103551.0,ok,135861.0,ok,24.0,ok,13.0,ok,,absent_from_source
2019,33,岡山,22,鉄鋼業,35.0,ok,8230.0,ok,928581.0,ok,50624.0,ok,48292.0,ok,836236.0,ok,917163.0,ok,22.0,ok,9.0,ok,4.0,ok
2019,33,岡山,23,非鉄金属製造業,15.0,ok,1570.0,ok,77342.0,ok,23188.0,ok,8409.0,ok,41084.0,ok,70203.0,ok,9.0,ok,6.0,ok,,absent_from_source
2019,33,岡山,24,金属製品製造業,57.0,ok,5539.0,ok,185573.0,ok,60389.0,ok,25940.0,ok,111037.0,ok,181713.0,ok,43.0,ok,11.0,ok,3.0,ok
2019,33,岡山,25,はん用機械器具製造業,38.0,ok,5393.0,ok,236460.0,ok,85588.0,ok,28858.0,ok,139619.0,ok,231067.0,ok,21.0,ok,16.0,ok,1.0,ok
2019,33,岡山,26,生産用機械器具製造業,80.0,ok,7668.0,ok,266464.0,ok,93344.0,ok,36954.0,ok,159517.0,ok,258415.0,ok,59.0,ok,15.0,ok,6.0,ok
2019,33,岡山,27,業務用機械器具製造業,8.0,ok,999.0,ok,23833.0,ok,9850.0,ok,3467.0,ok,12710.0,ok,22079.0,ok,6.0,ok,1.0,ok,1.0,ok
2019,33,岡山,28,電子部品・デバイス・電子回路製造業,25.0,ok,7633.0,ok,268464.0,ok,88489.0,ok,41135.0,ok,159611.0,ok,264237.0,ok,9.0,ok,10.0,ok,6.0,ok
2019,33,岡山,29,電気機械器具製造業,41.0,ok,4286.0,ok,195027.0,ok,40328.0,ok,17800.0,ok,147948.0,ok,185180.0,ok,29.0,ok,9.0,ok,3.0,ok
2019,33,岡山,30,情報通信機械器具製造業,6.0,ok,789.0,ok,21450.0,ok,10964.0,ok,4156.0,ok,10192.0,ok,20959.0,ok,4.0,ok,1.0,ok,1.0,ok
2019,33,岡山,31,輸送用機械器具製造業,89.0,ok,17785.0,ok,974675.0,ok,270659.0,ok,97068.0,ok,685759.0,ok,967628.0,ok,52.0,ok,25.0,ok,12.0,ok
2019,33,岡山,32,その他の製造業,12.0,ok,869.0,ok,29073.0,ok,5734.0,ok,3600.0,ok,22283.0,ok,29141.0,ok,10.0,ok,2.0,ok,,absent_from_source
2019,34,広島,09,食料品製造業,179.0,ok,23277.0,ok,576191.0,ok,206100.0,ok,70224.0,ok,345928.0,ok,485149.0,ok,115.0,ok,47.0,ok,17.0,ok
2019,34,広島,10,飲料・たばこ・飼料製造業,10.0,ok,661.0,ok,20609.0,ok,6333.0,ok,2658.0,ok,10408.0,ok,19298.0,ok,9.0,ok,1.0,ok,,absent_from_source
2019,34,広島,11,繊維工業,46.0,ok,3388.0,ok,93890.0,ok,30081.0,ok,12821.0,ok,60399.0,ok,80737.0,ok,38.0,ok,8.0,ok,,absent_from_source
2019,34,広島,12,木材・木製品製造業（家具を除く）,27.0,ok,2130.0,ok,136610.0,ok,43891.0,ok,9232.0,ok,88259.0,ok,127586.0,ok,22.0,ok,4.0,ok,1.0,ok
2019,34,広島,13,家具・装備品製造業,25.0,ok,1668.0,ok,23552.0,ok,10065.0,ok,4993.0,ok,12145.0,ok,21584.0,ok,23.0,ok,2.0,ok,,absent_from_source
2019,34,広島,14,パルプ・紙・紙加工品製造業,20.0,ok,1462.0,ok,89465.0,ok,20174.0,ok,7412.0,ok,64886.0,ok,84819.0,ok,17.0,ok,3.0,ok,,absent_from_source
2019,34,広島,15,印刷・同関連業,45.0,ok,2764.0,ok,56163.0,ok,23452.0,ok,11669.0,ok,29044.0,ok,53745.0,ok,39.0,ok,6.0,ok,,absent_from_source
2019,34,広島,16,化学工業,39.0,ok,5968.0,ok,400069.0,ok,178841.0,ok,36013.0,ok,192443.0,ok,392308.0,ok,23.0,ok,14.0,ok,2.0,ok
2019,34,広島,17,石油製品・石炭製品製造業,1.0,ok,52.0,ok,,suppressed,,suppressed,,suppressed,,suppressed,,suppressed,1.0,ok,,absent_from_source,,absent_from_source
2019,34,広島,18,プラスチック製品製造業（別掲を除く）,84.0,ok,12387.0,ok,539983.0,ok,170368.0,ok,55957.0,ok,347935.0,ok,523140.0,ok,51.0,ok,27.0,ok,6.0,ok
2019,34,広島,19,ゴム製品製造業,29.0,ok,3680.0,ok,93268.0,ok,40651.0,ok,19076.0,ok,45657.0,ok,80809.0,ok,16.0,ok,10.0,ok,3.0,ok
2019,34,広島,20,なめし革・同製品・毛皮製造業,1.0,ok,133.0,ok,,suppressed,,suppressed,,suppressed,,suppressed,,suppressed,,absent_from_source,1.0,ok,,absent_from_source
2019,34,広島,21,窯業・土石製品製造業,25.0,ok,2828.0,ok,87171.0,ok,36600.0,ok,14445.0,ok,45832.0,ok,79116.0,ok,20.0,ok,3.0,ok,2.0,ok
2019,34,広島,22,鉄鋼業,37.0,ok,9220.0,ok,1145791.0,ok,37893.0,ok,54865.0,ok,1099157.0,ok,1116493.0,ok,23.0,ok,11.0,ok,3.0,ok
2019,34,広島,23,非鉄金属製造業,19.0,ok,4767.0,ok,276588.0,ok,80689.0,ok,29909.0,ok,177519.0,ok,278951.0,ok,6.0,ok,7.0,ok,6.0,ok
2019,34,広島,24,金属製品製造業,102.0,ok,7452.0,ok,213110.0,ok,80361.0,ok,35405.0,ok,121896.0,ok,209810.0,ok,79.0,ok,22.0,ok,1.0,ok
2019,34,広島,25,はん用機械器具製造業,53.0,ok,9362.0,ok,482005.0,ok,167784.0,ok,57940.0,ok,308140.0,ok,423644.0,ok,32.0,ok,12.0,ok,9.0,ok
2019,34,広島,26,生産用機械器具製造業,121.0,ok,16949.0,ok,802215.0,ok,254578.0,ok,94661.0,ok,541554.0,ok,743640.0,ok,91.0,ok,17.0,ok,13.0,ok
2019,34,広島,27,業務用機械器具製造業,12.0,ok,2633.0,ok,79201.0,ok,37998.0,ok,13655.0,ok,38075.0,ok,72162.0,ok,4.0,ok,5.0,ok,3.0,ok
2019,34,広島,28,電子部品・デバイス・電子回路製造業,16.0,ok,5928.0,ok,333347.0,ok,141529.0,ok,35879.0,ok,122444.0,ok,345397.0,ok,7.0,ok,6.0,ok,3.0,ok
2019,34,広島,29,電気機械器具製造業,46.0,ok,7111.0,ok,223266.0,ok,80072.0,ok,31625.0,ok,131399.0,ok,212277.0,ok,28.0,ok,11.0,ok,7.0,ok
2019,34,広島,30,情報通信機械器具製造業,6.0,ok,731.0,ok,,suppressed,,suppressed,,suppressed,,suppressed,,suppressed,4.0,ok,1.0,ok,1.0,ok
2019,34,広島,31,輸送用機械器具製造業,182.0,ok,48353.0,ok,3193746.0,ok,686818.0,ok,284148.0,ok,2520132.0,ok,2846455.0,ok,112.0,ok,45.0,ok,25.0,ok
2019,34,広島,32,その他の製造業,33.0,ok,2508.0,ok,65250.0,ok,28330.0,ok,9349.0,ok,33593.0,ok,61726.0,ok,27.0,ok,6.0,ok,,absent_from_source
2019,35,山口,09,食料品製造業,95.0,ok,9464.0,ok,182423.0,ok,64037.0,ok,27086.0,ok,108557.0,ok,171175.0,ok,64.0,ok,27.0,ok,4.0,ok
2019,35,山口,10,飲料・たばこ・飼料製造業,6.0,ok,868.0,ok,45520.0,ok,12218.0,ok,3706.0,ok,26321.0,ok,45942.0,ok,3.0,ok,2.0,ok,1.0,ok
2019,35,山口,11,繊維工業,16.0,ok,1954.0,ok,52127.0,ok,11862.0,ok,7726.0,ok,34632.0,ok,50237.0,ok,12.0,ok,1.0,ok,3.0,ok
2019,35,山口,12,木材・木製品製造業（家具を除く）,9.0,ok,807.0,ok,30164.0,ok,6266.0,ok,3373.0,ok,22681.0,ok,28498.0,ok,6.0,ok,3.0,ok,,absent_from_source
2019,35,山口,13,家具・装備品製造業,1.0,ok,42.0,ok,,suppressed,,suppressed,,suppressed,,suppressed,,suppressed,1.0,ok,,absent_from_source,,absent_from_source
2019,35,山口,14,パルプ・紙・紙加工品製造業,15.0,ok,1747.0,ok,90070.0,ok,19673.0,ok,8279.0,ok,65603.0,ok,86398.0,ok,10.0,ok,4.0,ok,1.0,ok
2019,35,山口,15,印刷・同関連業,17.0,ok,1389.0,ok,23293.0,ok,8716.0,ok,5108.0,ok,12671.0,ok,21597.0,ok,11.0,ok,6.0,ok,,absent_from_source
2019,35,山口,16,化学工業,58.0,ok,14845.0,ok,1942628.0,ok,883456.0,ok,94289.0,ok,912405.0,ok,1859315.0,ok,27.0,ok,15.0,ok,16.0,ok
2019,35,山口,17,石油製品・石炭製品製造業,4.0,ok,1160.0,ok,946932.0,ok,6315.0,ok,7708.0,ok,751087.0,ok,929799.0,ok,1.0,ok,1.0,ok,2.0,ok
2019,35,山口,18,プラスチック製品製造業（別掲を除く）,37.0,ok,3897.0,ok,113869.0,ok,34310.0,ok,17045.0,ok,73291.0,ok,113257.0,ok,25.0,ok,11.0,ok,1.0,ok
2019,35,山口,19,ゴム製品製造業,10.0,ok,2730.0,ok,177166.0,ok,101624.0,ok,15408.0,ok,70635.0,ok,175975.0,ok,4.0,ok,4.0,ok,2.0,ok
2019,35,山口,20,なめし革・同製品・毛皮製造業,,absent_from_source,,absent_from_source,,absent_from_source,,absent_from_source,,absent_from_source,,absent_from_source,,absent_from_source,,absent_from_source,,absent_from_source,,absent_from_source
2019,35,山口,21,窯業・土石製品製造業,29.0,ok,2883.0,ok,196734.0,ok,77970.0,ok,15571.0,ok,108320.0,ok,182838.0,ok,19.0,ok,9.0,ok,1.0,ok
2019,35,山口,22,鉄鋼業,28.0,ok,6367.0,ok,606455.0,ok,76909.0,ok,36986.0,ok,501724.0,ok,596679.0,ok,14.0,ok,8.0,ok,6.0,ok
2019,35,山口,23,非鉄金属製造業,7.0,ok,1727.0,ok,116628.0,ok,19559.0,ok,10808.0,ok,90462.0,ok,115964.0,ok,3.0,ok,2.0,ok,2.0,ok
2019,35,山口,24,金属製品製造業,47.0,ok,4024.0,ok,157119.0,ok,48873.0,ok,19668.0,ok,103033.0,ok,121698.0,ok,38.0,ok,8.0,ok,1.0,ok
2019,35,山口,25,はん用機械器具製造業,22.0,ok,2744.0,ok,90404.0,ok,29975.0,ok,14189.0,ok,55612.0,ok,87349.0,ok,15.0,ok,5.0,ok,2.0,ok
2019,35,山口,26,生産用機械器具製造業,42.0,ok,5014.0,ok,219196.0,ok,89002.0,ok,28071.0,ok,127507.0,ok,194690.0,ok,32.0,ok,7.0,ok,3.0,ok
2019,35,山口,27,業務用機械器具製造業,4.0,ok,688.0,ok,,suppressed,,suppressed,,suppressed,,suppressed,,suppressed,1.0,ok,2.0,ok,1.0,ok
2019,35,山口,28,電子部品・デバイス・電子回路製造業,12.0,ok,2274.0,ok,,suppressed,,suppressed,,suppressed,,suppressed,,suppressed,6.0,ok,4.0,ok,2.0,ok
2019,35,山口,29,電気機械器具製造業,18.0,ok,1535.0,ok,24295.0,ok,8057.0,ok,4999.0,ok,15077.0,ok,19681.0,ok,15.0,ok,2.0,ok,1.0,ok
2019,35,山口,30,情報通信機械器具製造業,1.0,ok,70.0,ok,,suppressed,,suppressed,,suppressed,,suppressed,,suppressed,1.0,ok,,absent_from_source,,absent_from_source
2019,35,山口,31,輸送用機械器具製造業,55.0,ok,14184.0,ok,1167171.0,ok,291740.0,ok,75015.0,ok,884980.0,ok,1153046.0,ok,29.0,ok,16.0,ok,10.0,ok
2019,35,山口,32,その他の製造業,7.0,ok,657.0,ok,8325.0,ok,4972.0,ok,2441.0,ok,2920.0,ok,8333.0,ok,4.0,ok,3.0,ok,,absent_from_source
2019,36,徳島,09,食料品製造業,49.0,ok,4905.0,ok,112483.0,ok,34432.0,ok,13966.0,ok,73431.0,ok,105512.0,ok,36.0,ok,11.0,ok,2.0,ok
2019,36,徳島,10,飲料・たばこ・飼料製造業,5.0,ok,461.0,ok,31361.0,ok,10568.0,ok,1990.0,ok,19374.0,ok,29074.0,ok,4.0,ok,1.0,ok,,absent_from_source
2019,36,徳島,11,繊維工業,8.0,ok,762.0,ok,15034.0,ok,3521.0,ok,2626.0,ok,11163.0,ok,15312.0,ok,4.0,ok,4.0,ok,,absent_from_source
2019,36,徳島,12,木材・木製品製造業（家具を除く）,8.0,ok,679.0,ok,27775.0,ok,7840.0,ok,2791.0,ok,18279.0,ok,26704.0,ok,6.0,ok,2.0,ok,,absent_from_source
2019,36,徳島,13,家具・装備品製造業,9.0,ok,926.0,ok,22465.0,ok,8764.0,ok,3598.0,ok,12812.0,ok,18467.0,ok,5.0,ok,4.0,ok,,absent_from_source
2019,36,徳島,14,パルプ・紙・紙加工品製造業,18.0,ok,2049.0,ok,115392.0,ok,31079.0,ok,11888.0,ok,76102.0,ok,109041.0,ok,11.0,ok,7.0,ok,,absent_from_source
2019,36,徳島,15,印刷・同関連業,8.0,ok,626.0,ok,9574.0,ok,4669.0,ok,3405.0,ok,4099.0,ok,9594.0,ok,7.0,ok,1.0,ok,,absent_from_source
2019,36,徳島,16,化学工業,31.0,ok,6720.0,ok,614772.0,ok,422818.0,ok,41744.0,ok,151537.0,ok,612048.0,ok,15.0,ok,10.0,ok,6.0,ok
2019,36,徳島,17,石油製品・石炭製品製造業,,absent_from_source,,absent_from_source,,absent_from_source,,absent_from_source,,absent_from_source,,absent_from_source,,absent_from_source,,absent_from_source,,absent_from_source,,absent_from_source
2019,36,徳島,18,プラスチック製品製造業（別掲を除く）,13.0,ok,1513.0,ok,43178.0,ok,16496.0,ok,6727.0,ok,24506.0,ok,42904.0,ok,6.0,ok,7.0,ok,,absent_from_source
2019,36,徳島,19,ゴム製品製造業,1.0,ok,317.0,ok,,suppressed,,suppressed,,suppressed,,suppressed,,suppressed,,absent_from_source,,absent_from_source,1.0,ok
2019,36,徳島,20,なめし革・同製品・毛皮製造業,,absent_from_source,,absent_from_source,,absent_from_source,,absent_from_source,,absent_from_source,,absent_from_source,,absent_from_source,,absent_from_source,,absent_from_source,,absent_from_source
2019,36,徳島,21,窯業・土石製品製造業,5.0,ok,279.0,ok,,suppressed,,suppressed,,suppressed,,suppressed,,suppressed,5.0,ok,,absent_from_source,,absent_from_source
2019,36,徳島,22,鉄鋼業,4.0,ok,471.0,ok,38051.0,ok,4700.0,ok,2310.0,ok,33666.0,ok,37949.0,ok,2.0,ok,2.0,ok,,absent_from_source
2019,36,徳島,23,非鉄金属製造業,1.0,ok,42.0,ok,,suppressed,,suppressed,,suppressed,,suppressed,,suppressed,1.0,ok,,absent_from_source,,absent_from_source
2019,36,徳島,24,金属製品製造業,23.0,ok,2290.0,ok,55154.0,ok,22143.0,ok,10307.0,ok,29985.0,ok,49633.0,ok,19.0,ok,2.0,ok,2.0,ok
2019,36,徳島,25,はん用機械器具製造業,13.0,ok,1927.0,ok,64929.0,ok,19222.0,ok,10471.0,ok,43026.0,ok,63227.0,ok,11.0,ok,1.0,ok,1.0,ok
2019,36,徳島,26,生産用機械器具製造業,19.0,ok,1881.0,ok,61796.0,ok,21669.0,ok,9610.0,ok,37858.0,ok,41852.0,ok,14.0,ok,4.0,ok,1.0,ok
2019,36,徳島,27,業務用機械器具製造業,,absent_from_source,,absent_from_source,,absent_from_source,,absent_from_source,,absent_from_source,,absent_from_source,,absent_from_source,,absent_from_source,,absent_from_source,,absent_from_source
2019,36,徳島,28,電子部品・デバイス・電子回路製造業,7.0,ok,8909.0,ok,437912.0,ok,161974.0,ok,51454.0,ok,212926.0,ok,429347.0,ok,1.0,ok,3.0,ok,3.0,ok
2019,36,徳島,29,電気機械器具製造業,15.0,ok,1820.0,ok,47594.0,ok,7069.0,ok,7582.0,ok,37657.0,ok,38675.0,ok,10.0,ok,4.0,ok,1.0,ok
2019,36,徳島,30,情報通信機械器具製造業,1.0,ok,61.0,ok,,suppressed,,suppressed,,suppressed,,suppressed,,suppressed,1.0,ok,,absent_from_source,,absent_from_source
2019,36,徳島,31,輸送用機械器具製造業,4.0,ok,266.0,ok,,suppressed,,suppressed,,suppressed,,suppressed,,suppressed,4.0,ok,,absent_from_source,,absent_from_source
2019,36,徳島,32,その他の製造業,5.0,ok,488.0,ok,25412.0,ok,18736.0,ok,2140.0,ok,5024.0,ok,25530.0,ok,3.0,ok,2.0,ok,,absent_from_source
2019,37,香川,09,食料品製造業,101.0,ok,10586.0,ok,290541.0,ok,98129.0,ok,32136.0,ok,179507.0,ok,263407.0,ok,68.0,ok,28.0,ok,5.0,ok
2019,37,香川,10,飲料・たばこ・飼料製造業,2.0,ok,83.0,ok,,suppressed,,suppressed,,suppressed,,suppressed,,suppressed,2.0,ok,,absent_from_source,,absent_from_source
2019,37,香川,11,繊維工業,23.0,ok,1648.0,ok,30689.0,ok,12683.0,ok,4904.0,ok,16286.0,ok,29887.0,ok,19.0,ok,4.0,ok,,absent_from_source
2019,37,香川,12,木材・木製品製造業（家具を除く）,10.0,ok,1165.0,ok,53262.0,ok,15654.0,ok,4890.0,ok,35878.0,ok,51675.0,ok,7.0,ok,3.0,ok,,absent_from_source
2019,37,香川,13,家具・装備品製造業,2.0,ok,235.0,ok,,suppressed,,suppressed,,suppressed,,suppressed,,suppressed,,absent_from_source,2.0,ok,,absent_from_source
2019,37,香川,14,パルプ・紙・紙加工品製造業,28.0,ok,2834.0,ok,117605.0,ok,30198.0,ok,11440.0,ok,80826.0,ok,109960.0,ok,18.0,ok,9.0,ok,1.0,ok
2019,37,香川,15,印刷・同関連業,32.0,ok,2416.0,ok,48664.0,ok,20000.0,ok,9385.0,ok,24780.0,ok,47544.0,ok,26.0,ok,5.0,ok,1.0,ok
2019,37,香川,16,化学工業,20.0,ok,3342.0,ok,146806.0,ok,64954.0,ok,14039.0,ok,68800.0,ok,130375.0,ok,9.0,ok,8.0,ok,3.0,ok
2019,37,香川,17,石油製品・石炭製品製造業,1.0,ok,911.0,ok,,suppressed,,suppressed,,suppressed,,suppressed,,suppressed,,absent_from_source,,absent_from_source,1.0,ok
2019,37,香川,18,プラスチック製品製造業（別掲を除く）,32.0,ok,3281.0,ok,117356.0,ok,30771.0,ok,13850.0,ok,79847.0,ok,107178.0,ok,19.0,ok,12.0,ok,1.0,ok
2019,37,香川,19,ゴム製品製造業,4.0,ok,568.0,ok,14902.0,ok,8156.0,ok,2558.0,ok,5714.0,ok,14888.0,ok,1.0,ok,3.0,ok,,absent_from_source
2019,37,香川,20,なめし革・同製品・毛皮製造業,5.0,ok,207.0,ok,3572.0,ok,1631.0,ok,608.0,ok,1786.0,ok,3565.0,ok,5.0,ok,,absent_from_source,,absent_from_source
2019,37,香川,21,窯業・土石製品製造業,12.0,ok,1720.0,ok,40809.0,ok,16239.0,ok,9047.0,ok,21855.0,ok,40804.0,ok,7.0,ok,3.0,ok,2.0,ok
2019,37,香川,22,鉄鋼業,7.0,ok,396.0,ok,42098.0,ok,7660.0,ok,2096.0,ok,33107.0,ok,41913.0,ok,7.0,ok,,absent_from_source,,absent_from_source
2019,37,香川,23,非鉄金属製造業,5.0,ok,941.0,ok,420109.0,ok,64426.0,ok,4809.0,ok,354261.0,ok,426958.0,ok,2.0,ok,2.0,ok,1.0,ok
2019,37,香川,24,金属製品製造業,47.0,ok,4565.0,ok,138374.0,ok,58519.0,ok,21173.0,ok,79497.0,ok,143826.0,ok,36.0,ok,10.0,ok,1.0,ok
2019,37,香川,25,はん用機械器具製造業,22.0,ok,3058.0,ok,101720.0,ok,34320.0,ok,15078.0,ok,61371.0,ok,96422.0,ok,14.0,ok,6.0,ok,2.0,ok
2019,37,香川,26,生産用機械器具製造業,25.0,ok,2884.0,ok,152805.0,ok,52452.0,ok,15463.0,ok,105330.0,ok,155685.0,ok,18.0,ok,5.0,ok,2.0,ok
2019,37,香川,27,業務用機械器具製造業,2.0,ok,243.0,ok,,suppressed,,suppressed,,suppressed,,suppressed,,suppressed,1.0,ok,1.0,ok,,absent_from_source
2019,37,香川,28,電子部品・デバイス・電子回路製造業,8.0,ok,2561.0,ok,41778.0,ok,18490.0,ok,10981.0,ok,19512.0,ok,41855.0,ok,5.0,ok,1.0,ok,2.0,ok
2019,37,香川,29,電気機械器具製造業,36.0,ok,5498.0,ok,171424.0,ok,50639.0,ok,27522.0,ok,116285.0,ok,167657.0,ok,18.0,ok,13.0,ok,5.0,ok
2019,37,香川,30,情報通信機械器具製造業,,absent_from_source,,absent_from_source,,absent_from_source,,absent_from_source,,absent_from_source,,absent_from_source,,absent_from_source,,absent_from_source,,absent_from_source,,absent_from_source
2019,37,香川,31,輸送用機械器具製造業,19.0,ok,3655.0,ok,293217.0,ok,102306.0,ok,22016.0,ok,160679.0,ok,272058.0,ok,11.0,ok,5.0,ok,3.0,ok
2019,37,香川,32,その他の製造業,13.0,ok,828.0,ok,17470.0,ok,7252.0,ok,2965.0,ok,9335.0,ok,12165.0,ok,12.0,ok,1.0,ok,,absent_from_source
2019,38,愛媛,09,食料品製造業,110.0,ok,10984.0,ok,261432.0,ok,86356.0,ok,29805.0,ok,162595.0,ok,249666.0,ok,76.0,ok,29.0,ok,5.0,ok
2019,38,愛媛,10,飲料・たばこ・飼料製造業,5.0,ok,359.0,ok,55069.0,ok,8223.0,ok,1739.0,ok,28521.0,ok,54856.0,ok,5.0,ok,,absent_from_source,,absent_from_source
2019,38,愛媛,11,繊維工業,46.0,ok,5108.0,ok,162914.0,ok,58181.0,ok,21939.0,ok,91659.0,ok,157832.0,ok,36.0,ok,9.0,ok,1.0,ok
2019,38,愛媛,12,木材・木製品製造業（家具を除く）,10.0,ok,648.0,ok,23844.0,ok,7035.0,ok,2320.0,ok,15819.0,ok,23555.0,ok,8.0,ok,2.0,ok,,absent_from_source
2019,38,愛媛,13,家具・装備品製造業,3.0,ok,238.0,ok,4078.0,ok,1924.0,ok,1007.0,ok,1825.0,ok,3997.0,ok,2.0,ok,1.0,ok,,absent_from_source
2019,38,愛媛,14,パルプ・紙・紙加工品製造業,75.0,ok,8241.0,ok,527282.0,ok,137377.0,ok,38593.0,ok,358783.0,ok,507803.0,ok,56.0,ok,14.0,ok,5.0,ok
2019,38,愛媛,15,印刷・同関連業,16.0,ok,968.0,ok,14958.0,ok,5776.0,ok,3369.0,ok,7945.0,ok,12607.0,ok,14.0,ok,2.0,ok,,absent_from_source
2019,38,愛媛,16,化学工業,22.0,ok,3998.0,ok,332635.0,ok,89381.0,ok,27070.0,ok,214418.0,ok,329295.0,ok,14.0,ok,5.0,ok,3.0,ok
2019,38,愛媛,17,石油製品・石炭製品製造業,2.0,ok,595.0,ok,,suppressed,,suppressed,,suppressed,,suppressed,,suppressed,,absent_from_source,1.0,ok,1.0,ok
2019,38,愛媛,18,プラスチック製品製造業（別掲を除く）,30.0,ok,3247.0,ok,165233.0,ok,70430.0,ok,15967.0,ok,85864.0,ok,159100.0,ok,24.0,ok,3.0,ok,3.0,ok
2019,38,愛媛,19,ゴム製品製造業,4.0,ok,305.0,ok,2621.0,ok,1031.0,ok,955.0,ok,1398.0,ok,2583.0,ok,3.0,ok,1.0,ok,,absent_from_source
2019,38,愛媛,20,なめし革・同製品・毛皮製造業,1.0,ok,48.0,ok,,suppressed,,suppressed,,suppressed,,suppressed,,suppressed,1.0,ok,,absent_from_source,,absent_from_source
2019,38,愛媛,21,窯業・土石製品製造業,14.0,ok,627.0,ok,15625.0,ok,6030.0,ok,2391.0,ok,8670.0,ok,14221.0,ok,14.0,ok,,absent_from_source,,absent_from_source
2019,38,愛媛,22,鉄鋼業,9.0,ok,770.0,ok,108958.0,ok,9863.0,ok,3363.0,ok,96576.0,ok,109294.0,ok,6.0,ok,3.0,ok,,absent_from_source
2019,38,愛媛,23,非鉄金属製造業,10.0,ok,1535.0,ok,733689.0,ok,92317.0,ok,9074.0,ok,638073.0,ok,682065.0,ok,5.0,ok,3.0,ok,2.0,ok
2019,38,愛媛,24,金属製品製造業,21.0,ok,1489.0,ok,40719.0,ok,15973.0,ok,5930.0,ok,22761.0,ok,36033.0,ok,18.0,ok,2.0,ok,1.0,ok
2019,38,愛媛,25,はん用機械器具製造業,30.0,ok,4170.0,ok,171820.0,ok,76636.0,ok,20664.0,ok,88976.0,ok,172720.0,ok,21.0,ok,5.0,ok,4.0,ok
2019,38,愛媛,26,生産用機械器具製造業,55.0,ok,5685.0,ok,208673.0,ok,74648.0,ok,27798.0,ok,128335.0,ok,209553.0,ok,38.0,ok,14.0,ok,3.0,ok
2019,38,愛媛,27,業務用機械器具製造業,3.0,ok,147.0,ok,,suppressed,,suppressed,,suppressed,,suppressed,,suppressed,3.0,ok,,absent_from_source,,absent_from_source
2019,38,愛媛,28,電子部品・デバイス・電子回路製造業,9.0,ok,2177.0,ok,35814.0,ok,18995.0,ok,9969.0,ok,15135.0,ok,34556.0,ok,5.0,ok,2.0,ok,2.0,ok
2019,38,愛媛,29,電気機械器具製造業,20.0,ok,3116.0,ok,100193.0,ok,54613.0,ok,16682.0,ok,41110.0,ok,96811.0,ok,12.0,ok,5.0,ok,3.0,ok
2019,38,愛媛,30,情報通信機械器具製造業,,absent_from_source,,absent_from_source,,absent_from_source,,absent_from_source,,absent_from_source,,absent_from_source,,absent_from_source,,absent_from_source,,absent_from_source,,absent_from_source
2019,38,愛媛,31,輸送用機械器具製造業,34.0,ok,3979.0,ok,405252.0,ok,86995.0,ok,21180.0,ok,319001.0,ok,340906.0,ok,22.0,ok,9.0,ok,3.0,ok
2019,38,愛媛,32,その他の製造業,6.0,ok,432.0,ok,6782.0,ok,2885.0,ok,1165.0,ok,3537.0,ok,6797.0,ok,5.0,ok,1.0,ok,,absent_from_source
2019,39,高知,09,食料品製造業,46.0,ok,3676.0,ok,70798.0,ok,25797.0,ok,10551.0,ok,41596.0,ok,66252.0,ok,37.0,ok,9.0,ok,,absent_from_source
2019,39,高知,10,飲料・たばこ・飼料製造業,6.0,ok,290.0,ok,8532.0,ok,2688.0,ok,1156.0,ok,4875.0,ok,8568.0,ok,6.0,ok,,absent_from_source,,absent_from_source
2019,39,高知,11,繊維工業,12.0,ok,707.0,ok,11226.0,ok,3808.0,ok,2325.0,ok,6975.0,ok,10988.0,ok,10.0,ok,2.0,ok,,absent_from_source
2019,39,高知,12,木材・木製品製造業（家具を除く）,4.0,ok,171.0,ok,4780.0,ok,1193.0,ok,574.0,ok,3501.0,ok,4354.0,ok,4.0,ok,,absent_from_source,,absent_from_source
2019,39,高知,13,家具・装備品製造業,1.0,ok,48.0,ok,,suppressed,,suppressed,,suppressed,,suppressed,,suppressed,1.0,ok,,absent_from_source,,absent_from_source
2019,39,高知,14,パルプ・紙・紙加工品製造業,28.0,ok,2346.0,ok,58872.0,ok,22444.0,ok,10210.0,ok,31297.0,ok,56740.0,ok,24.0,ok,3.0,ok,1.0,ok
2019,39,高知,15,印刷・同関連業,6.0,ok,261.0,ok,,suppressed,,suppressed,,suppressed,,suppressed,,suppressed,6.0,ok,,absent_from_source,,absent_from_source
2019,39,高知,16,化学工業,3.0,ok,136.0,ok,6854.0,ok,2620.0,ok,512.0,ok,4041.0,ok,6943.0,ok,3.0,ok,,absent_from_source,,absent_from_source
2019,39,高知,17,石油製品・石炭製品製造業,,absent_from_source,,absent_from_source,,absent_from_source,,absent_from_source,,absent_from_source,,absent_from_source,,absent_from_source,,absent_from_source,,absent_from_source,,absent_from_source
2019,39,高知,18,プラスチック製品製造業（別掲を除く）,9.0,ok,483.0,ok,8614.0,ok,3068.0,ok,1752.0,ok,4774.0,ok,8444.0,ok,8.0,ok,1.0,ok,,absent_from_source
2019,39,高知,19,ゴム製品製造業,,absent_from_source,,absent_from_source,,absent_from_source,,absent_from_source,,absent_from_source,,absent_from_source,,absent_from_source,,absent_from_source,,absent_from_source,,absent_from_source
2019,39,高知,20,なめし革・同製品・毛皮製造業,1.0,ok,89.0,ok,,suppressed,,suppressed,,suppressed,,suppressed,,suppressed,1.0,ok,,absent_from_source,,absent_from_source
2019,39,高知,21,窯業・土石製品製造業,7.0,ok,448.0,ok,42627.0,ok,14260.0,ok,2203.0,ok,22809.0,ok,28168.0,ok,5.0,ok,2.0,ok,,absent_from_source
2019,39,高知,22,鉄鋼業,8.0,ok,776.0,ok,37604.0,ok,9956.0,ok,3742.0,ok,26109.0,ok,26160.0,ok,6.0,ok,1.0,ok,1.0,ok
2019,39,高知,23,非鉄金属製造業,2.0,ok,181.0,ok,,suppressed,,suppressed,,suppressed,,suppressed,,suppressed,1.0,ok,1.0,ok,,absent_from_source
2019,39,高知,24,金属製品製造業,9.0,ok,359.0,ok,5741.0,ok,2423.0,ok,1441.0,ok,3335.0,ok,5578.0,ok,9.0,ok,,absent_from_source,,absent_from_source
2019,39,高知,25,はん用機械器具製造業,7.0,ok,447.0,ok,9378.0,ok,402.0,ok,1657.0,ok,5344.0,ok,7850.0,ok,6.0,ok,1.0,ok,,absent_from_source
2019,39,高知,26,生産用機械器具製造業,28.0,ok,2151.0,ok,62995.0,ok,26375.0,ok,10089.0,ok,33012.0,ok,57630.0,ok,23.0,ok,5.0,ok,,absent_from_source
2019,39,高知,27,業務用機械器具製造業,6.0,ok,483.0,ok,24068.0,ok,4354.0,ok,2122.0,ok,19249.0,ok,18118.0,ok,5.0,ok,1.0,ok,,absent_from_source
2019,39,高知,28,電子部品・デバイス・電子回路製造業,6.0,ok,537.0,ok,5126.0,ok,2353.0,ok,1948.0,ok,2025.0,ok,4769.0,ok,4.0,ok,2.0,ok,,absent_from_source
2019,39,高知,29,電気機械器具製造業,7.0,ok,503.0,ok,8579.0,ok,2765.0,ok,1818.0,ok,5349.0,ok,8225.0,ok,5.0,ok,2.0,ok,,absent_from_source
2019,39,高知,30,情報通信機械器具製造業,,absent_from_source,,absent_from_source,,absent_from_source,,absent_from_source,,absent_from_source,,absent_from_source,,absent_from_source,,absent_from_source,,absent_from_source,,absent_from_source
2019,39,高知,31,輸送用機械器具製造業,5.0,ok,528.0,ok,30335.0,ok,7337.0,ok,2195.0,ok,24744.0,ok,31190.0,ok,3.0,ok,2.0,ok,,absent_from_source
2019,39,高知,32,その他の製造業,7.0,ok,763.0,ok,20475.0,ok,5864.0,ok,2887.0,ok,14305.0,ok,10968.0,ok,4.0,ok,3.0,ok,,absent_from_source
2019,40,福岡,09,食料品製造業,300.0,ok,38275.0,ok,959750.0,ok,365527.0,ok,110288.0,ok,544723.0,ok,885671.0,ok,190.0,ok,87.0,ok,23.0,ok
2019,40,福岡,10,飲料・たばこ・飼料製造業,24.0,ok,2279.0,ok,507950.0,ok,122436.0,ok,12060.0,ok,91321.0,ok,504341.0,ok,17.0,ok,6.0,ok,1.0,ok
2019,40,福岡,11,繊維工業,35.0,ok,2580.0,ok,38388.0,ok,13594.0,ok,7917.0,ok,22415.0,ok,37060.0,ok,29.0,ok,5.0,ok,1.0,ok
2019,40,福岡,12,木材・木製品製造業（家具を除く）,20.0,ok,1051.0,ok,33174.0,ok,8962.0,ok,4127.0,ok,22905.0,ok,31354.0,ok,20.0,ok,,absent_from_source,,absent_from_source
2019,40,福岡,13,家具・装備品製造業,30.0,ok,1916.0,ok,43065.0,ok,12886.0,ok,6757.0,ok,28101.0,ok,32255.0,ok,26.0,ok,4.0,ok,,absent_from_source
2019,40,福岡,14,パルプ・紙・紙加工品製造業,43.0,ok,2507.0,ok,73523.0,ok,23949.0,ok,9955.0,ok,45640.0,ok,66655.0,ok,39.0,ok,4.0,ok,,absent_from_source
2019,40,福岡,15,印刷・同関連業,62.0,ok,6575.0,ok,148811.0,ok,59000.0,ok,27055.0,ok,80900.0,ok,144555.0,ok,45.0,ok,11.0,ok,6.0,ok
2019,40,福岡,16,化学工業,52.0,ok,7194.0,ok,442254.0,ok,173983.0,ok,43147.0,ok,239457.0,ok,429366.0,ok,37.0,ok,8.0,ok,7.0,ok
2019,40,福岡,17,石油製品・石炭製品製造業,3.0,ok,542.0,ok,,suppressed,,suppressed,,suppressed,,suppressed,,suppressed,1.0,ok,1.0,ok,1.0,ok
2019,40,福岡,18,プラスチック製品製造業（別掲を除く）,91.0,ok,9530.0,ok,271535.0,ok,85906.0,ok,38165.0,ok,170658.0,ok,255810.0,ok,57.0,ok,30.0,ok,4.0,ok
2019,40,福岡,19,ゴム製品製造業,17.0,ok,4591.0,ok,243436.0,ok,119543.0,ok,24167.0,ok,122170.0,ok,245350.0,ok,9.0,ok,3.0,ok,5.0,ok
2019,40,福岡,20,なめし革・同製品・毛皮製造業,1.0,ok,94.0,ok,,suppressed,,suppressed,,suppressed,,suppressed,,suppressed,1.0,ok,,absent_from_source,,absent_from_source
2019,40,福岡,21,窯業・土石製品製造業,62.0,ok,7144.0,ok,274782.0,ok,82999.0,ok,36961.0,ok,170176.0,ok,220020.0,ok,43.0,ok,14.0,ok,5.0,ok
2019,40,福岡,22,鉄鋼業,57.0,ok,9449.0,ok,906716.0,ok,207964.0,ok,56393.0,ok,637558.0,ok,867062.0,ok,37.0,ok,15.0,ok,5.0,ok
2019,40,福岡,23,非鉄金属製造業,28.0,ok,2613.0,ok,125420.0,ok,35724.0,ok,12576.0,ok,77948.0,ok,118475.0,ok,20.0,ok,8.0,ok,,absent_from_source
2019,40,福岡,24,金属製品製造業,141.0,ok,13215.0,ok,422369.0,ok,147412.0,ok,56706.0,ok,251900.0,ok,400697.0,ok,115.0,ok,21.0,ok,5.0,ok
2019,40,福岡,25,はん用機械器具製造業,51.0,ok,4533.0,ok,144983.0,ok,59370.0,ok,22837.0,ok,77168.0,ok,125950.0,ok,38.0,ok,11.0,ok,2.0,ok
2019,40,福岡,26,生産用機械器具製造業,118.0,ok,12359.0,ok,385239.0,ok,132251.0,ok,64419.0,ok,243081.0,ok,368542.0,ok,90.0,ok,22.0,ok,6.0,ok
2019,40,福岡,27,業務用機械器具製造業,13.0,ok,951.0,ok,31239.0,ok,8031.0,ok,4143.0,ok,22414.0,ok,26043.0,ok,11.0,ok,2.0,ok,,absent_from_source
2019,40,福岡,28,電子部品・デバイス・電子回路製造業,27.0,ok,6758.0,ok,184530.0,ok,64321.0,ok,32457.0,ok,108356.0,ok,186811.0,ok,8.0,ok,13.0,ok,6.0,ok
2019,40,福岡,29,電気機械器具製造業,78.0,ok,11322.0,ok,279880.0,ok,75796.0,ok,53403.0,ok,181999.0,ok,253093.0,ok,47.0,ok,17.0,ok,14.0,ok
2019,40,福岡,30,情報通信機械器具製造業,6.0,ok,628.0,ok,12895.0,ok,5866.0,ok,2667.0,ok,6597.0,ok,12901.0,ok,3.0,ok,3.0,ok,,absent_from_source
2019,40,福岡,31,輸送用機械器具製造業,91.0,ok,30867.0,ok,3327671.0,ok,368385.0,ok,178043.0,ok,2918976.0,ok,3317477.0,ok,47.0,ok,25.0,ok,19.0,ok
2019,40,福岡,32,その他の製造業,6.0,ok,425.0,ok,14541.0,ok,3870.0,ok,1727.0,ok,9081.0,ok,12678.0,ok,5.0,ok,1.0,ok,,absent_from_source
2019,41,佐賀,09,食料品製造業,101.0,ok,14697.0,ok,327552.0,ok,121586.0,ok,44598.0,ok,191386.0,ok,310711.0,ok,57.0,ok,31.0,ok,13.0,ok
2019,41,佐賀,10,飲料・たばこ・飼料製造業,8.0,ok,900.0,ok,99338.0,ok,12679.0,ok,4310.0,ok,85766.0,ok,101225.0,ok,4.0,ok,4.0,ok,,absent_from_source
2019,41,佐賀,11,繊維工業,20.0,ok,1907.0,ok,21044.0,ok,9361.0,ok,4983.0,ok,10944.0,ok,21088.0,ok,11.0,ok,9.0,ok,,absent_from_source
2019,41,佐賀,12,木材・木製品製造業（家具を除く）,6.0,ok,406.0,ok,21302.0,ok,5013.0,ok,1804.0,ok,14350.0,ok,20032.0,ok,5.0,ok,1.0,ok,,absent_from_source
2019,41,佐賀,13,家具・装備品製造業,6.0,ok,631.0,ok,22790.0,ok,3347.0,ok,2125.0,ok,17552.0,ok,6378.0,ok,5.0,ok,,absent_from_source,1.0,ok
2019,41,佐賀,14,パルプ・紙・紙加工品製造業,14.0,ok,1329.0,ok,75875.0,ok,27076.0,ok,5768.0,ok,45166.0,ok,68467.0,ok,7.0,ok,7.0,ok,,absent_from_source
2019,41,佐賀,15,印刷・同関連業,8.0,ok,528.0,ok,11741.0,ok,5649.0,ok,2123.0,ok,5033.0,ok,11137.0,ok,7.0,ok,1.0,ok,,absent_from_source
2019,41,佐賀,16,化学工業,19.0,ok,2410.0,ok,153553.0,ok,78104.0,ok,10946.0,ok,67559.0,ok,148230.0,ok,13.0,ok,5.0,ok,1.0,ok
2019,41,佐賀,17,石油製品・石炭製品製造業,,absent_from_source,,absent_from_source,,absent_from_source,,absent_from_source,,absent_from_source,,absent_from_source,,absent_from_source,,absent_from_source,,absent_from_source,,absent_from_source
2019,41,佐賀,18,プラスチック製品製造業（別掲を除く）,24.0,ok,1966.0,ok,48948.0,ok,15127.0,ok,7483.0,ok,31359.0,ok,48245.0,ok,14.0,ok,10.0,ok,,absent_from_source
2019,41,佐賀,19,ゴム製品製造業,5.0,ok,1761.0,ok,55365.0,ok,24578.0,ok,9036.0,ok,26533.0,ok,55120.0,ok,2.0,ok,,absent_from_source,3.0,ok
2019,41,佐賀,20,なめし革・同製品・毛皮製造業,3.0,ok,356.0,ok,9497.0,ok,1345.0,ok,1059.0,ok,7942.0,ok,9444.0,ok,2.0,ok,1.0,ok,,absent_from_source
2019,41,佐賀,21,窯業・土石製品製造業,22.0,ok,1439.0,ok,18704.0,ok,11405.0,ok,5238.0,ok,5808.0,ok,18452.0,ok,20.0,ok,2.0,ok,,absent_from_source
2019,41,佐賀,22,鉄鋼業,6.0,ok,1069.0,ok,36387.0,ok,10798.0,ok,6441.0,ok,22562.0,ok,36189.0,ok,3.0,ok,2.0,ok,1.0,ok
2019,41,佐賀,23,非鉄金属製造業,5.0,ok,1467.0,ok,118850.0,ok,31541.0,ok,9403.0,ok,86675.0,ok,121137.0,ok,1.0,ok,2.0,ok,2.0,ok
2019,41,佐賀,24,金属製品製造業,29.0,ok,2313.0,ok,85092.0,ok,29647.0,ok,11493.0,ok,48647.0,ok,83509.0,ok,20.0,ok,9.0,ok,,absent_from_source
2019,41,佐賀,25,はん用機械器具製造業,7.0,ok,572.0,ok,13752.0,ok,3573.0,ok,2358.0,ok,8905.0,ok,9018.0,ok,6.0,ok,1.0,ok,,absent_from_source
2019,41,佐賀,26,生産用機械器具製造業,38.0,ok,3641.0,ok,82791.0,ok,39716.0,ok,14935.0,ok,37165.0,ok,77965.0,ok,26.0,ok,11.0,ok,1.0,ok
2019,41,佐賀,27,業務用機械器具製造業,2.0,ok,83.0,ok,,suppressed,,suppressed,,suppressed,,suppressed,,suppressed,2.0,ok,,absent_from_source,,absent_from_source
2019,41,佐賀,28,電子部品・デバイス・電子回路製造業,5.0,ok,3826.0,ok,200584.0,ok,74788.0,ok,23043.0,ok,105485.0,ok,201038.0,ok,1.0,ok,,absent_from_source,4.0,ok
2019,41,佐賀,29,電気機械器具製造業,31.0,ok,4667.0,ok,181710.0,ok,55428.0,ok,22244.0,ok,113250.0,ok,179922.0,ok,14.0,ok,14.0,ok,3.0,ok
2019,41,佐賀,30,情報通信機械器具製造業,3.0,ok,344.0,ok,,suppressed,,suppressed,,suppressed,,suppressed,,suppressed,2.0,ok,1.0,ok,,absent_from_source
2019,41,佐賀,31,輸送用機械器具製造業,17.0,ok,3426.0,ok,244799.0,ok,97222.0,ok,17698.0,ok,146614.0,ok,244986.0,ok,11.0,ok,4.0,ok,2.0,ok
2019,41,佐賀,32,その他の製造業,6.0,ok,1156.0,ok,60772.0,ok,14847.0,ok,5070.0,ok,43738.0,ok,60741.0,ok,3.0,ok,2.0,ok,1.0,ok
2019,42,長崎,09,食料品製造業,96.0,ok,10345.0,ok,255707.0,ok,86356.0,ok,29267.0,ok,157592.0,ok,243916.0,ok,65.0,ok,26.0,ok,5.0,ok
2019,42,長崎,10,飲料・たばこ・飼料製造業,7.0,ok,355.0,ok,20683.0,ok,4221.0,ok,1289.0,ok,15300.0,ok,19252.0,ok,7.0,ok,,absent_from_source,,absent_from_source
2019,42,長崎,11,繊維工業,35.0,ok,2893.0,ok,24719.0,ok,11592.0,ok,6339.0,ok,11851.0,ok,24468.0,ok,26.0,ok,8.0,ok,1.0,ok
2019,42,長崎,12,木材・木製品製造業（家具を除く）,,absent_from_source,,absent_from_source,,absent_from_source,,absent_from_source,,absent_from_source,,absent_from_source,,absent_from_source,,absent_from_source,,absent_from_source,,absent_from_source
2019,42,長崎,13,家具・装備品製造業,1.0,ok,44.0,ok,,suppressed,,suppressed,,suppressed,,suppressed,,suppressed,1.0,ok,,absent_from_source,,absent_from_source
2019,42,長崎,14,パルプ・紙・紙加工品製造業,3.0,ok,229.0,ok,1931.0,ok,785.0,ok,507.0,ok,829.0,ok,1570.0,ok,2.0,ok,1.0,ok,,absent_from_source
2019,42,長崎,15,印刷・同関連業,8.0,ok,446.0,ok,4959.0,ok,2626.0,ok,1518.0,ok,1898.0,ok,4956.0,ok,7.0,ok,1.0,ok,,absent_from_source
2019,42,長崎,16,化学工業,2.0,ok,237.0,ok,,suppressed,,suppressed,,suppressed,,suppressed,,suppressed,1.0,ok,1.0,ok,,absent_from_source
2019,42,長崎,17,石油製品・石炭製品製造業,,absent_from_source,,absent_from_source,,absent_from_source,,absent_from_source,,absent_from_source,,absent_from_source,,absent_from_source,,absent_from_source,,absent_from_source,,absent_from_source
2019,42,長崎,18,プラスチック製品製造業（別掲を除く）,7.0,ok,651.0,ok,16094.0,ok,6170.0,ok,2262.0,ok,8329.0,ok,15539.0,ok,5.0,ok,2.0,ok,,absent_from_source
2019,42,長崎,19,ゴム製品製造業,,absent_from_source,,absent_from_source,,absent_from_source,,absent_from_source,,absent_from_source,,absent_from_source,,absent_from_source,,absent_from_source,,absent_from_source,,absent_from_source
2019,42,長崎,20,なめし革・同製品・毛皮製造業,,absent_from_source,,absent_from_source,,absent_from_source,,absent_from_source,,absent_from_source,,absent_from_source,,absent_from_source,,absent_from_source,,absent_from_source,,absent_from_source
2019,42,長崎,21,窯業・土石製品製造業,13.0,ok,912.0,ok,15435.0,ok,7889.0,ok,4029.0,ok,6451.0,ok,14547.0,ok,12.0,ok,,absent_from_source,1.0,ok
2019,42,長崎,22,鉄鋼業,10.0,ok,656.0,ok,24573.0,ok,6789.0,ok,3128.0,ok,16351.0,ok,15175.0,ok,8.0,ok,2.0,ok,,absent_from_source
2019,42,長崎,23,非鉄金属製造業,,absent_from_source,,absent_from_source,,absent_from_source,,absent_from_source,,absent_from_source,,absent_from_source,,absent_from_source,,absent_from_source,,absent_from_source,,absent_from_source
2019,42,長崎,24,金属製品製造業,26.0,ok,2460.0,ok,45020.0,ok,21323.0,ok,10480.0,ok,20721.0,ok,39785.0,ok,21.0,ok,3.0,ok,2.0,ok
2019,42,長崎,25,はん用機械器具製造業,23.0,ok,4546.0,ok,331868.0,ok,164510.0,ok,31734.0,ok,155463.0,ok,327927.0,ok,13.0,ok,6.0,ok,4.0,ok
2019,42,長崎,26,生産用機械器具製造業,12.0,ok,1233.0,ok,28608.0,ok,12095.0,ok,5386.0,ok,15052.0,ok,26479.0,ok,7.0,ok,5.0,ok,,absent_from_source
2019,42,長崎,27,業務用機械器具製造業,4.0,ok,550.0,ok,40179.0,ok,5127.0,ok,3961.0,ok,34107.0,ok,37931.0,ok,2.0,ok,1.0,ok,1.0,ok
2019,42,長崎,28,電子部品・デバイス・電子回路製造業,9.0,ok,4675.0,ok,299299.0,ok,191708.0,ok,27466.0,ok,44107.0,ok,293169.0,ok,3.0,ok,3.0,ok,3.0,ok
2019,42,長崎,29,電気機械器具製造業,18.0,ok,2052.0,ok,40780.0,ok,14286.0,ok,8545.0,ok,23524.0,ok,38597.0,ok,9.0,ok,8.0,ok,1.0,ok
2019,42,長崎,30,情報通信機械器具製造業,3.0,ok,1090.0,ok,,suppressed,,suppressed,,suppressed,,suppressed,,suppressed,2.0,ok,,absent_from_source,1.0,ok
2019,42,長崎,31,輸送用機械器具製造業,37.0,ok,6375.0,ok,277389.0,ok,31821.0,ok,32683.0,ok,223593.0,ok,263102.0,ok,22.0,ok,10.0,ok,5.0,ok
2019,42,長崎,32,その他の製造業,3.0,ok,420.0,ok,8485.0,ok,2692.0,ok,1728.0,ok,5336.0,ok,8469.0,ok,2.0,ok,,absent_from_source,1.0,ok
2019,43,熊本,09,食料品製造業,111.0,ok,14294.0,ok,338284.0,ok,108695.0,ok,41492.0,ok,214142.0,ok,318724.0,ok,70.0,ok,34.0,ok,7.0,ok
2019,43,熊本,10,飲料・たばこ・飼料製造業,11.0,ok,933.0,ok,105649.0,ok,10871.0,ok,5195.0,ok,83916.0,ok,103583.0,ok,9.0,ok,2.0,ok,,absent_from_source
2019,43,熊本,11,繊維工業,28.0,ok,2348.0,ok,21179.0,ok,9285.0,ok,6328.0,ok,10962.0,ok,20876.0,ok,17.0,ok,10.0,ok,1.0,ok
2019,43,熊本,12,木材・木製品製造業（家具を除く）,19.0,ok,974.0,ok,24848.0,ok,7343.0,ok,3432.0,ok,15745.0,ok,22012.0,ok,18.0,ok,1.0,ok,,absent_from_source
2019,43,熊本,13,家具・装備品製造業,2.0,ok,218.0,ok,,suppressed,,suppressed,,suppressed,,suppressed,,suppressed,1.0,ok,1.0,ok,,absent_from_source
2019,43,熊本,14,パルプ・紙・紙加工品製造業,13.0,ok,1289.0,ok,93749.0,ok,32853.0,ok,6289.0,ok,55136.0,ok,90118.0,ok,9.0,ok,3.0,ok,1.0,ok
2019,43,熊本,15,印刷・同関連業,25.0,ok,1678.0,ok,29121.0,ok,12341.0,ok,5550.0,ok,15146.0,ok,28331.0,ok,22.0,ok,3.0,ok,,absent_from_source
2019,43,熊本,16,化学工業,21.0,ok,3517.0,ok,122998.0,ok,62587.0,ok,16648.0,ok,47004.0,ok,116131.0,ok,12.0,ok,7.0,ok,2.0,ok
2019,43,熊本,17,石油製品・石炭製品製造業,,absent_from_source,,absent_from_source,,absent_from_source,,absent_from_source,,absent_from_source,,absent_from_source,,absent_from_source,,absent_from_source,,absent_from_source,,absent_from_source
2019,43,熊本,18,プラスチック製品製造業（別掲を除く）,40.0,ok,4428.0,ok,110890.0,ok,50482.0,ok,18006.0,ok,50910.0,ok,106893.0,ok,25.0,ok,14.0,ok,1.0,ok
2019,43,熊本,19,ゴム製品製造業,7.0,ok,1991.0,ok,73593.0,ok,13453.0,ok,11475.0,ok,56627.0,ok,40634.0,ok,2.0,ok,3.0,ok,2.0,ok
2019,43,熊本,20,なめし革・同製品・毛皮製造業,1.0,ok,41.0,ok,,suppressed,,suppressed,,suppressed,,suppressed,,suppressed,1.0,ok,,absent_from_source,,absent_from_source
2019,43,熊本,21,窯業・土石製品製造業,24.0,ok,1318.0,ok,39164.0,ok,17205.0,ok,5903.0,ok,19934.0,ok,35289.0,ok,22.0,ok,2.0,ok,,absent_from_source
2019,43,熊本,22,鉄鋼業,13.0,ok,1133.0,ok,54154.0,ok,13084.0,ok,4716.0,ok,37076.0,ok,52719.0,ok,11.0,ok,1.0,ok,1.0,ok
2019,43,熊本,23,非鉄金属製造業,5.0,ok,1084.0,ok,34806.0,ok,11756.0,ok,4679.0,ok,21059.0,ok,34827.0,ok,3.0,ok,1.0,ok,1.0,ok
2019,43,熊本,24,金属製品製造業,44.0,ok,5074.0,ok,145685.0,ok,68550.0,ok,23262.0,ok,65885.0,ok,139338.0,ok,33.0,ok,9.0,ok,2.0,ok
2019,43,熊本,25,はん用機械器具製造業,4.0,ok,224.0,ok,4102.0,ok,1685.0,ok,1017.0,ok,2081.0,ok,3885.0,ok,4.0,ok,,absent_from_source,,absent_from_source
2019,43,熊本,26,生産用機械器具製造業,50.0,ok,8586.0,ok,468179.0,ok,188025.0,ok,48381.0,ok,256072.0,ok,463918.0,ok,34.0,ok,8.0,ok,8.0,ok
2019,43,熊本,27,業務用機械器具製造業,5.0,ok,515.0,ok,9747.0,ok,3895.0,ok,1993.0,ok,5839.0,ok,5534.0,ok,4.0,ok,1.0,ok,,absent_from_source
2019,43,熊本,28,電子部品・デバイス・電子回路製造業,32.0,ok,11215.0,ok,340398.0,ok,147208.0,ok,62703.0,ok,151256.0,ok,347189.0,ok,10.0,ok,13.0,ok,9.0,ok
2019,43,熊本,29,電気機械器具製造業,26.0,ok,4225.0,ok,135885.0,ok,52958.0,ok,18905.0,ok,78215.0,ok,136292.0,ok,12.0,ok,9.0,ok,5.0,ok
2019,43,熊本,30,情報通信機械器具製造業,3.0,ok,514.0,ok,13000.0,ok,1941.0,ok,2743.0,ok,10503.0,ok,12690.0,ok,2.0,ok,,absent_from_source,1.0,ok
2019,43,熊本,31,輸送用機械器具製造業,39.0,ok,11012.0,ok,388920.0,ok,72766.0,ok,61461.0,ok,315286.0,ok,391681.0,ok,20.0,ok,10.0,ok,9.0,ok
2019,43,熊本,32,その他の製造業,10.0,ok,594.0,ok,8417.0,ok,3693.0,ok,1889.0,ok,4413.0,ok,8484.0,ok,8.0,ok,2.0,ok,,absent_from_source
2019,44,大分,09,食料品製造業,63.0,ok,4876.0,ok,118109.0,ok,36204.0,ok,14218.0,ok,76438.0,ok,113531.0,ok,50.0,ok,12.0,ok,1.0,ok
2019,44,大分,10,飲料・たばこ・飼料製造業,10.0,ok,929.0,ok,104393.0,ok,44285.0,ok,6323.0,ok,23131.0,ok,103082.0,ok,8.0,ok,1.0,ok,1.0,ok
2019,44,大分,11,繊維工業,17.0,ok,1379.0,ok,17243.0,ok,7873.0,ok,3647.0,ok,8087.0,ok,15853.0,ok,15.0,ok,1.0,ok,1.0,ok
2019,44,大分,12,木材・木製品製造業（家具を除く）,6.0,ok,319.0,ok,10369.0,ok,4150.0,ok,1090.0,ok,6468.0,ok,10412.0,ok,6.0,ok,,absent_from_source,,absent_from_source
2019,44,大分,13,家具・装備品製造業,6.0,ok,341.0,ok,5880.0,ok,2374.0,ok,1150.0,ok,3229.0,ok,5865.0,ok,6.0,ok,,absent_from_source,,absent_from_source
2019,44,大分,14,パルプ・紙・紙加工品製造業,6.0,ok,603.0,ok,34515.0,ok,13703.0,ok,2506.0,ok,18306.0,ok,33470.0,ok,4.0,ok,2.0,ok,,absent_from_source
2019,44,大分,15,印刷・同関連業,10.0,ok,571.0,ok,7909.0,ok,3579.0,ok,2021.0,ok,3850.0,ok,7805.0,ok,9.0,ok,1.0,ok,,absent_from_source
2019,44,大分,16,化学工業,20.0,ok,2862.0,ok,542099.0,ok,128598.0,ok,18117.0,ok,393734.0,ok,540089.0,ok,11.0,ok,7.0,ok,2.0,ok
2019,44,大分,17,石油製品・石炭製品製造業,2.0,ok,630.0,ok,,suppressed,,suppressed,,suppressed,,suppressed,,suppressed,,absent_from_source,1.0,ok,1.0,ok
2019,44,大分,18,プラスチック製品製造業（別掲を除く）,33.0,ok,2714.0,ok,71095.0,ok,28808.0,ok,9851.0,ok,37473.0,ok,71099.0,ok,25.0,ok,7.0,ok,1.0,ok
2019,44,大分,19,ゴム製品製造業,7.0,ok,940.0,ok,22197.0,ok,7876.0,ok,3438.0,ok,12975.0,ok,22220.0,ok,4.0,ok,3.0,ok,,absent_from_source
2019,44,大分,20,なめし革・同製品・毛皮製造業,1.0,ok,55.0,ok,,suppressed,,suppressed,,suppressed,,suppressed,,suppressed,1.0,ok,,absent_from_source,,absent_from_source
2019,44,大分,21,窯業・土石製品製造業,20.0,ok,2315.0,ok,79468.0,ok,36629.0,ok,11885.0,ok,37960.0,ok,71588.0,ok,13.0,ok,5.0,ok,2.0,ok
2019,44,大分,22,鉄鋼業,8.0,ok,2549.0,ok,581579.0,ok,106146.0,ok,16155.0,ok,460325.0,ok,561832.0,ok,7.0,ok,,absent_from_source,1.0,ok
2019,44,大分,23,非鉄金属製造業,5.0,ok,1156.0,ok,548898.0,ok,96480.0,ok,6414.0,ok,456372.0,ok,551006.0,ok,1.0,ok,3.0,ok,1.0,ok
2019,44,大分,24,金属製品製造業,36.0,ok,2415.0,ok,46147.0,ok,20659.0,ok,8753.0,ok,22049.0,ok,43445.0,ok,33.0,ok,3.0,ok,,absent_from_source
2019,44,大分,25,はん用機械器具製造業,8.0,ok,1984.0,ok,83811.0,ok,35525.0,ok,8611.0,ok,52281.0,ok,89584.0,ok,3.0,ok,2.0,ok,3.0,ok
2019,44,大分,26,生産用機械器具製造業,26.0,ok,2472.0,ok,45729.0,ok,19589.0,ok,10192.0,ok,21720.0,ok,40369.0,ok,16.0,ok,10.0,ok,,absent_from_source
2019,44,大分,27,業務用機械器具製造業,9.0,ok,2963.0,ok,89435.0,ok,27033.0,ok,15719.0,ok,58653.0,ok,88235.0,ok,4.0,ok,2.0,ok,3.0,ok
2019,44,大分,28,電子部品・デバイス・電子回路製造業,22.0,ok,6249.0,ok,268366.0,ok,105498.0,ok,33245.0,ok,127149.0,ok,264868.0,ok,8.0,ok,9.0,ok,5.0,ok
2019,44,大分,29,電気機械器具製造業,18.0,ok,2028.0,ok,34240.0,ok,10860.0,ok,8528.0,ok,22396.0,ok,33336.0,ok,12.0,ok,4.0,ok,2.0,ok
2019,44,大分,30,情報通信機械器具製造業,9.0,ok,4198.0,ok,172733.0,ok,9319.0,ok,16827.0,ok,158511.0,ok,156006.0,ok,2.0,ok,5.0,ok,2.0,ok
2019,44,大分,31,輸送用機械器具製造業,40.0,ok,8851.0,ok,627061.0,ok,69873.0,ok,43228.0,ok,545482.0,ok,628215.0,ok,20.0,ok,15.0,ok,5.0,ok
2019,44,大分,32,その他の製造業,3.0,ok,156.0,ok,2859.0,ok,465.0,ok,388.0,ok,2318.0,ok,936.0,ok,3.0,ok,,absent_from_source,,absent_from_source
2019,45,宮崎,09,食料品製造業,96.0,ok,10411.0,ok,285558.0,ok,67063.0,ok,29881.0,ok,206923.0,ok,275350.0,ok,64.0,ok,26.0,ok,6.0,ok
2019,45,宮崎,10,飲料・たばこ・飼料製造業,23.0,ok,1947.0,ok,160908.0,ok,39586.0,ok,7550.0,ok,92966.0,ok,148954.0,ok,20.0,ok,2.0,ok,1.0,ok
2019,45,宮崎,11,繊維工業,37.0,ok,3451.0,ok,58924.0,ok,30225.0,ok,10792.0,ok,25604.0,ok,58700.0,ok,27.0,ok,8.0,ok,2.0,ok
2019,45,宮崎,12,木材・木製品製造業（家具を除く）,22.0,ok,1569.0,ok,34756.0,ok,8351.0,ok,5281.0,ok,21895.0,ok,32918.0,ok,18.0,ok,3.0,ok,1.0,ok
2019,45,宮崎,13,家具・装備品製造業,3.0,ok,150.0,ok,2165.0,ok,989.0,ok,466.0,ok,812.0,ok,2159.0,ok,3.0,ok,,absent_from_source,,absent_from_source
2019,45,宮崎,14,パルプ・紙・紙加工品製造業,6.0,ok,681.0,ok,,suppressed,,suppressed,,suppressed,,suppressed,,suppressed,3.0,ok,3.0,ok,,absent_from_source
2019,45,宮崎,15,印刷・同関連業,8.0,ok,442.0,ok,9837.0,ok,5179.0,ok,1678.0,ok,4009.0,ok,9716.0,ok,7.0,ok,1.0,ok,,absent_from_source
2019,45,宮崎,16,化学工業,16.0,ok,1877.0,ok,150959.0,ok,55332.0,ok,10445.0,ok,91913.0,ok,153313.0,ok,8.0,ok,7.0,ok,1.0,ok
2019,45,宮崎,17,石油製品・石炭製品製造業,1.0,ok,39.0,ok,,suppressed,,suppressed,,suppressed,,suppressed,,suppressed,1.0,ok,,absent_from_source,,absent_from_source
2019,45,宮崎,18,プラスチック製品製造業（別掲を除く）,20.0,ok,1665.0,ok,51242.0,ok,23273.0,ok,6454.0,ok,25551.0,ok,48821.0,ok,16.0,ok,3.0,ok,1.0,ok
2019,45,宮崎,19,ゴム製品製造業,6.0,ok,2077.0,ok,112231.0,ok,53082.0,ok,11860.0,ok,50219.0,ok,112168.0,ok,3.0,ok,2.0,ok,1.0,ok
2019,45,宮崎,20,なめし革・同製品・毛皮製造業,,absent_from_source,,absent_from_source,,absent_from_source,,absent_from_source,,absent_from_source,,absent_from_source,,absent_from_source,,absent_from_source,,absent_from_source,,absent_from_source
2019,45,宮崎,21,窯業・土石製品製造業,11.0,ok,821.0,ok,10900.0,ok,6551.0,ok,2573.0,ok,3426.0,ok,6986.0,ok,9.0,ok,2.0,ok,,absent_from_source
2019,45,宮崎,22,鉄鋼業,3.0,ok,368.0,ok,17119.0,ok,5128.0,ok,1896.0,ok,10530.0,ok,16924.0,ok,1.0,ok,2.0,ok,,absent_from_source
2019,45,宮崎,23,非鉄金属製造業,2.0,ok,168.0,ok,,suppressed,,suppressed,,suppressed,,suppressed,,suppressed,1.0,ok,1.0,ok,,absent_from_source
2019,45,宮崎,24,金属製品製造業,22.0,ok,1377.0,ok,24901.0,ok,10624.0,ok,4767.0,ok,12709.0,ok,21470.0,ok,19.0,ok,3.0,ok,,absent_from_source
2019,45,宮崎,25,はん用機械器具製造業,6.0,ok,517.0,ok,17952.0,ok,8374.0,ok,2399.0,ok,8468.0,ok,11745.0,ok,4.0,ok,2.0,ok,,absent_from_source
2019,45,宮崎,26,生産用機械器具製造業,23.0,ok,2104.0,ok,51461.0,ok,20317.0,ok,8959.0,ok,30139.0,ok,50089.0,ok,19.0,ok,2.0,ok,2.0,ok
2019,45,宮崎,27,業務用機械器具製造業,8.0,ok,1415.0,ok,26306.0,ok,12590.0,ok,4995.0,ok,12186.0,ok,26770.0,ok,4.0,ok,3.0,ok,1.0,ok
2019,45,宮崎,28,電子部品・デバイス・電子回路製造業,20.0,ok,5113.0,ok,173680.0,ok,75746.0,ok,21335.0,ok,87093.0,ok,171438.0,ok,6.0,ok,7.0,ok,7.0,ok
2019,45,宮崎,29,電気機械器具製造業,15.0,ok,2129.0,ok,42612.0,ok,11800.0,ok,7599.0,ok,26401.0,ok,41175.0,ok,9.0,ok,4.0,ok,2.0,ok
2019,45,宮崎,30,情報通信機械器具製造業,4.0,ok,1297.0,ok,,suppressed,,suppressed,,suppressed,,suppressed,,suppressed,3.0,ok,,absent_from_source,1.0,ok
2019,45,宮崎,31,輸送用機械器具製造業,18.0,ok,2942.0,ok,62032.0,ok,18113.0,ok,11032.0,ok,40444.0,ok,62235.0,ok,7.0,ok,8.0,ok,3.0,ok
2019,45,宮崎,32,その他の製造業,6.0,ok,571.0,ok,15920.0,ok,3371.0,ok,2054.0,ok,12074.0,ok,15913.0,ok,3.0,ok,3.0,ok,,absent_from_source
2019,46,鹿児島,09,食料品製造業,192.0,ok,18712.0,ok,585363.0,ok,119453.0,ok,53007.0,ok,447662.0,ok,560531.0,ok,143.0,ok,37.0,ok,12.0,ok
2019,46,鹿児島,10,飲料・たばこ・飼料製造業,38.0,ok,2243.0,ok,282679.0,ok,53356.0,ok,8745.0,ok,204721.0,ok,275487.0,ok,35.0,ok,3.0,ok,,absent_from_source
2019,46,鹿児島,11,繊維工業,19.0,ok,1411.0,ok,9853.0,ok,4254.0,ok,2898.0,ok,5018.0,ok,9328.0,ok,15.0,ok,4.0,ok,,absent_from_source
2019,46,鹿児島,12,木材・木製品製造業（家具を除く）,7.0,ok,377.0,ok,9385.0,ok,2538.0,ok,1227.0,ok,6537.0,ok,8190.0,ok,6.0,ok,1.0,ok,,absent_from_source
2019,46,鹿児島,13,家具・装備品製造業,,absent_from_source,,absent_from_source,,absent_from_source,,absent_from_source,,absent_from_source,,absent_from_source,,absent_from_source,,absent_from_source,,absent_from_source,,absent_from_source
2019,46,鹿児島,14,パルプ・紙・紙加工品製造業,6.0,ok,685.0,ok,47981.0,ok,12031.0,ok,3189.0,ok,31892.0,ok,41543.0,ok,3.0,ok,3.0,ok,,absent_from_source
2019,46,鹿児島,15,印刷・同関連業,14.0,ok,792.0,ok,11053.0,ok,5277.0,ok,2632.0,ok,4903.0,ok,9824.0,ok,14.0,ok,,absent_from_source,,absent_from_source
2019,46,鹿児島,16,化学工業,5.0,ok,251.0,ok,16592.0,ok,6085.0,ok,1118.0,ok,9638.0,ok,13938.0,ok,5.0,ok,,absent_from_source,,absent_from_source
2019,46,鹿児島,17,石油製品・石炭製品製造業,,absent_from_source,,absent_from_source,,absent_from_source,,absent_from_source,,absent_from_source,,absent_from_source,,absent_from_source,,absent_from_source,,absent_from_source,,absent_from_source
2019,46,鹿児島,18,プラスチック製品製造業（別掲を除く）,10.0,ok,525.0,ok,11698.0,ok,3813.0,ok,1880.0,ok,7201.0,ok,10498.0,ok,10.0,ok,,absent_from_source,,absent_from_source
2019,46,鹿児島,19,ゴム製品製造業,,absent_from_source,,absent_from_source,,absent_from_source,,absent_from_source,,absent_from_source,,absent_from_source,,absent_from_source,,absent_from_source,,absent_from_source,,absent_from_source
2019,46,鹿児島,20,なめし革・同製品・毛皮製造業,,absent_from_source,,absent_from_source,,absent_from_source,,absent_from_source,,absent_from_source,,absent_from_source,,absent_from_source,,absent_from_source,,absent_from_source,,absent_from_source
2019,46,鹿児島,21,窯業・土石製品製造業,19.0,ok,5313.0,ok,128258.0,ok,58302.0,ok,25336.0,ok,59843.0,ok,126171.0,ok,17.0,ok,1.0,ok,1.0,ok
2019,46,鹿児島,22,鉄鋼業,2.0,ok,79.0,ok,,suppressed,,suppressed,,suppressed,,suppressed,,suppressed,2.0,ok,,absent_from_source,,absent_from_source
2019,46,鹿児島,23,非鉄金属製造業,3.0,ok,425.0,ok,,suppressed,,suppressed,,suppressed,,suppressed,,suppressed,1.0,ok,2.0,ok,,absent_from_source
2019,46,鹿児島,24,金属製品製造業,22.0,ok,1421.0,ok,28611.0,ok,10966.0,ok,5575.0,ok,15321.0,ok,26575.0,ok,18.0,ok,4.0,ok,,absent_from_source
2019,46,鹿児島,25,はん用機械器具製造業,3.0,ok,176.0,ok,2869.0,ok,1565.0,ok,807.0,ok,1091.0,ok,2564.0,ok,3.0,ok,,absent_from_source,,absent_from_source
2019,46,鹿児島,26,生産用機械器具製造業,38.0,ok,2751.0,ok,53151.0,ok,23541.0,ok,11328.0,ok,26700.0,ok,50985.0,ok,30.0,ok,8.0,ok,,absent_from_source
2019,46,鹿児島,27,業務用機械器具製造業,5.0,ok,330.0,ok,3544.0,ok,1989.0,ok,1165.0,ok,1235.0,ok,3494.0,ok,4.0,ok,1.0,ok,,absent_from_source
2019,46,鹿児島,28,電子部品・デバイス・電子回路製造業,40.0,ok,12047.0,ok,289965.0,ok,141052.0,ok,58095.0,ok,123810.0,ok,290200.0,ok,18.0,ok,16.0,ok,6.0,ok
2019,46,鹿児島,29,電気機械器具製造業,18.0,ok,2284.0,ok,85264.0,ok,45923.0,ok,11397.0,ok,34351.0,ok,83972.0,ok,13.0,ok,4.0,ok,1.0,ok
2019,46,鹿児島,30,情報通信機械器具製造業,3.0,ok,393.0,ok,,suppressed,,suppressed,,suppressed,,suppressed,,suppressed,1.0,ok,2.0,ok,,absent_from_source
2019,46,鹿児島,31,輸送用機械器具製造業,7.0,ok,594.0,ok,13685.0,ok,6987.0,ok,2934.0,ok,5562.0,ok,13574.0,ok,5.0,ok,2.0,ok,,absent_from_source
2019,46,鹿児島,32,その他の製造業,6.0,ok,699.0,ok,10523.0,ok,3382.0,ok,2997.0,ok,6609.0,ok,9962.0,ok,4.0,ok,1.0,ok,1.0,ok
2019,47,沖縄,09,食料品製造業,77.0,ok,8059.0,ok,142676.0,ok,46510.0,ok,22477.0,ok,87634.0,ok,123672.0,ok,59.0,ok,13.0,ok,5.0,ok
2019,47,沖縄,10,飲料・たばこ・飼料製造業,16.0,ok,876.0,ok,51654.0,ok,12211.0,ok,3427.0,ok,25374.0,ok,47894.0,ok,14.0,ok,2.0,ok,,absent_from_source
2019,47,沖縄,11,繊維工業,6.0,ok,325.0,ok,1315.0,ok,670.0,ok,641.0,ok,588.0,ok,1276.0,ok,6.0,ok,,absent_from_source,,absent_from_source
2019,47,沖縄,12,木材・木製品製造業（家具を除く）,,absent_from_source,,absent_from_source,,absent_from_source,,absent_from_source,,absent_from_source,,absent_from_source,,absent_from_source,,absent_from_source,,absent_from_source,,absent_from_source
2019,47,沖縄,13,家具・装備品製造業,,absent_from_source,,absent_from_source,,absent_from_source,,absent_from_source,,absent_from_source,,absent_from_source,,absent_from_source,,absent_from_source,,absent_from_source,,absent_from_source
2019,47,沖縄,14,パルプ・紙・紙加工品製造業,4.0,ok,360.0,ok,,suppressed,,suppressed,,suppressed,,suppressed,,suppressed,3.0,ok,1.0,ok,,absent_from_source
2019,47,沖縄,15,印刷・同関連業,9.0,ok,697.0,ok,12352.0,ok,5906.0,ok,2661.0,ok,5619.0,ok,11983.0,ok,7.0,ok,2.0,ok,,absent_from_source
2019,47,沖縄,16,化学工業,7.0,ok,472.0,ok,4329.0,ok,2404.0,ok,1534.0,ok,1551.0,ok,3827.0,ok,6.0,ok,1.0,ok,,absent_from_source
2019,47,沖縄,17,石油製品・石炭製品製造業,,absent_from_source,,absent_from_source,,absent_from_source,,absent_from_source,,absent_from_source,,absent_from_source,,absent_from_source,,absent_from_source,,absent_from_source,,absent_from_source
2019,47,沖縄,18,プラスチック製品製造業（別掲を除く）,5.0,ok,346.0,ok,7309.0,ok,2177.0,ok,1148.0,ok,4760.0,ok,4366.0,ok,5.0,ok,,absent_from_source,,absent_from_source
2019,47,沖縄,19,ゴム製品製造業,,absent_from_source,,absent_from_source,,absent_from_source,,absent_from_source,,absent_from_source,,absent_from_source,,absent_from_source,,absent_from_source,,absent_from_source,,absent_from_source
2019,47,沖縄,20,なめし革・同製品・毛皮製造業,,absent_from_source,,absent_from_source,,absent_from_source,,absent_from_source,,absent_from_source,,absent_from_source,,absent_from_source,,absent_from_source,,absent_from_source,,absent_from_source
2019,47,沖縄,21,窯業・土石製品製造業,22.0,ok,1002.0,ok,25700.0,ok,10782.0,ok,4005.0,ok,13057.0,ok,22744.0,ok,21.0,ok,1.0,ok,,absent_from_source
2019,47,沖縄,22,鉄鋼業,6.0,ok,644.0,ok,,suppressed,,suppressed,,suppressed,,suppressed,,suppressed,3.0,ok,3.0,ok,,absent_from_source
2019,47,沖縄,23,非鉄金属製造業,,absent_from_source,,absent_from_source,,absent_from_source,,absent_from_source,,absent_from_source,,absent_from_source,,absent_from_source,,absent_from_source,,absent_from_source,,absent_from_source
2019,47,沖縄,24,金属製品製造業,22.0,ok,1269.0,ok,29797.0,ok,12687.0,ok,5160.0,ok,15441.0,ok,23309.0,ok,20.0,ok,2.0,ok,,absent_from_source
2019,47,沖縄,25,はん用機械器具製造業,1.0,ok,47.0,ok,,suppressed,,suppressed,,suppressed,,suppressed,,suppressed,1.0,ok,,absent_from_source,,absent_from_source
2019,47,沖縄,26,生産用機械器具製造業,4.0,ok,182.0,ok,1875.0,ok,988.0,ok,524.0,ok,719.0,ok,1760.0,ok,4.0,ok,,absent_from_source,,absent_from_source
2019,47,沖縄,27,業務用機械器具製造業,1.0,ok,38.0,ok,,suppressed,,suppressed,,suppressed,,suppressed,,suppressed,1.0,ok,,absent_from_source,,absent_from_source
2019,47,沖縄,28,電子部品・デバイス・電子回路製造業,1.0,ok,65.0,ok,,suppressed,,suppressed,,suppressed,,suppressed,,suppressed,1.0,ok,,absent_from_source,,absent_from_source
2019,47,沖縄,29,電気機械器具製造業,4.0,ok,218.0,ok,3493.0,ok,1555.0,ok,968.0,ok,1839.0,ok,2411.0,ok,4.0,ok,,absent_from_source,,absent_from_source
2019,47,沖縄,30,情報通信機械器具製造業,,absent_from_source,,absent_from_source,,absent_from_source,,absent_from_source,,absent_from_source,,absent_from_source,,absent_from_source,,absent_from_source,,absent_from_source,,absent_from_source
2019,47,沖縄,31,輸送用機械器具製造業,1.0,ok,55.0,ok,,suppressed,,suppressed,,suppressed,,suppressed,,suppressed,1.0,ok,,absent_from_source,,absent_from_source
2019,47,沖縄,32,その他の製造業,3.0,ok,122.0,ok,2140.0,ok,1046.0,ok,525.0,ok,1004.0,ok,1453.0,ok,3.0,ok,,absent_from_source,,absent_from_source
