year,prefecture_code,prefecture_name,industry_code,industry_name,establishments,establishments_flag,employment,employment_flag,shipments,shipments_flag,value_added,value_added_flag,cash_wages,cash_wages_flag,raw_materials,raw_materials_flag,production_value,production_value_flag,establishments_30_99,establishments_30_99_flag,establishments_100_299,establishments_100_299_flag,establishments_300plus,establishments_300plus_flag
2018,01,北海道,09,食料品製造業,626.0,ok,63157.0,ok,1849323.0,ok,508281.0,ok,182952.0,ok,1258146.0,ok,1777632.0,ok,459.0,ok,134.0,ok,33.0,ok
2018,01,北海道,10,飲料・たばこ・飼料製造業,33.0,ok,2033.0,ok,161528.0,ok,46610.0,ok,8902.0,ok,71811.0,ok,157581.0,ok,31.0,ok,1.0,ok,1.0,ok
2018,01,北海道,11,繊維工業,18.0,ok,1326.0,ok,15600.0,ok,8069.0,ok,3794.0,ok,6638.0,ok,15162.0,ok,17.0,ok,,nil_or_na,1.0,ok
2018,01,北海道,12,木材・木製品製造業（家具を除く）,49.0,ok,2965.0,ok,92925.0,ok,28360.0,ok,10927.0,ok,60642.0,ok,76020.0,ok,43.0,ok,6.0,ok,,nil_or_na
2018,01,北海道,13,家具・装備品製造業,22.0,ok,1185.0,ok,19995.0,ok,10128.0,ok,4118.0,ok,8545.0,ok,17305.0,ok,21.0,ok,1.0,ok,,nil_or_na
2018,01,北海道,14,パルプ・紙・紙加工品製造業,45.0,ok,5395.0,ok,379133.0,ok,96034.0,ok,28329.0,ok,261635.0,ok,363303.0,ok,25.0,ok,19.0,ok,1.0,ok
2018,01,北海道,15,印刷・同関連業,57.0,ok,4094.0,ok,67308.0,ok,31649.0,ok,16099.0,ok,31909.0,ok,64200.0,ok,45.0,ok,12.0,ok,,nil_or_na
2018,01,北海道,16,化学工業,31.0,ok,2619.0,ok,137409.0,ok,53113.0,ok,13242.0,ok,74401.0,ok,126042.0,ok,24.0,ok,6.0,ok,1.0,ok
2018,01,北海道,17,石油製品・石炭製品製造業,3.0,ok,432.0,ok,1031882.0,ok,61325.0,ok,4544.0,ok,813388.0,ok,1028912.0,ok,2.0,ok,,nil_or_na,1.0,ok
2018,01,北海道,18,プラスチック製品製造業（別掲を除く）,40.0,ok,2801.0,ok,58146.0,ok,21109.0,ok,11013.0,ok,32772.0,ok,51279.0,ok,36.0,ok,3.0,ok,1.0,ok
2018,01,北海道,19,ゴム製品製造業,5.0,ok,425.0,ok,8251.0,ok,3500.0,ok,1514.0,ok,4404.0,ok,6554.0,ok,4.0,ok,1.0,ok,,nil_or_na
2018,01,北海道,20,なめし革・同製品・毛皮製造業,5.0,ok,402.0,ok,4404.0,ok,1588.0,ok,1331.0,ok,2646.0,ok,3532.0,ok,3.0,ok,2.0,ok,,nil_or_na
2018,01,北海道,21,窯業・土石製品製造業,34.0,ok,1979.0,ok,82305.0,ok,31074.0,ok,8138.0,ok,43400.0,ok,62639.0,ok,30.0,ok,4.0,ok,,nil_or_na
2018,01,北海道,22,鉄鋼業,32.0,ok,5364.0,ok,400754.0,ok,79696.0,ok,28624.0,ok,310640.0,ok,369945.0,ok,21.0,ok,6.0,ok,5.0,ok
2018,01,北海道,23,非鉄金属製造業,3.0,ok,136.0,ok,5185.0,ok,1405.0,ok,718.0,ok,3384.0,ok,3896.0,ok,3.0,ok,,nil_or_na,,nil_or_na
2018,01,北海道,24,金属製品製造業,82.0,ok,5628.0,ok,198700.0,ok,72789.0,ok,26590.0,ok,120512.0,ok,184552.0,ok,72.0,ok,9.0,ok,1.0,ok
2018,01,北海道,25,はん用機械器具製造業,18.0,ok,1428.0,ok,22603.0,ok,9052.0,ok,5371.0,ok,11656.0,ok,19020.0,ok,16.0,ok,1.0,ok,1.0,ok
2018,01,北海道,26,生産用機械器具製造業,40.0,ok,2494.0,ok,60759.0,ok,22836.0,ok,12149.0,ok,36565.0,ok,55802.0,ok,34.0,ok,6.0,ok,,nil_or_na
2018,01,北海道,27,業務用機械器具製造業,3.0,ok,119.0,ok,1465.0,ok,923.0,ok,583.0,ok,454.0,ok,1464.0,ok,3.0,ok,,nil_or_na,,nil_or_na
2018,01,北海道,28,電子部品・デバイス・電子回路製造業,24.0,ok,6434.0,ok,202778.0,ok,88230.0,ok,31742.0,ok,102976.0,ok,202703.0,ok,9.0,ok,9.0,ok,6.0,ok
2018,01,北海道,29,電気機械器具製造業,18.0,ok,1440.0,ok,33425.0,ok,10120.0,ok,5964.0,ok,21339.0,ok,31295.0,ok,14.0,ok,4.0,ok,,nil_or_na
2018,01,北海道,30,情報通信機械器具製造業,7.0,ok,1096.0,ok,64409.0,ok,17029.0,ok,5683.0,ok,42997.0,ok,61991.0,ok,3.0,ok,3.0,ok,1.0,ok
2018,01,北海道,31,輸送用機械器具製造業,30.0,ok,8747.0,ok,360511.0,ok,100880.0,ok,44645.0,ok,229068.0,ok,344842.0,ok,14.0,ok,9.0,ok,7.0,ok
2018,01,北海道,32,その他の製造業,9.0,ok,834.0,ok,18717.0,ok,7471.0,ok,3380.0,ok,10298.0,ok,17704.0,ok,6.0,ok,3.0,ok,,nil_or_na
2018,02,青森,09,食料品製造業,113.0,ok,12031.0,ok,311809.0,ok,73436.0,ok,31685.0,ok,225357.0,ok,294012.0,ok,75.0,ok,32.0,ok,6.0,ok
2018,02,青森,10,飲料・たばこ・飼料製造業,12.0,ok,729.0,ok,78164.0,ok,6947.0,ok,2730.0,ok,68601.0,ok,78169.0,ok,11.0,ok,1.0,ok,,nil_or_na
2018,02,青森,11,繊維工業,42.0,ok,3664.0,ok,16752.0,ok,9376.0,ok,7185.0,ok,6109.0,ok,16489.0,ok,32.0,ok,9.0,ok,1.0,ok
2018,02,青森,12,木材・木製品製造業（家具を除く）,5.0,ok,205.0,ok,8528.0,ok,1208.0,ok,669.0,ok,7037.0,ok,6224.0,ok,5.0,ok,,nil_or_na,,nil_or_na
2018,02,青森,13,家具・装備品製造業,3.0,ok,132.0,ok,3489.0,ok,1571.0,ok,518.0,ok,1758.0,ok,3077.0,ok,3.0,ok,,nil_or_na,,nil_or_na
2018,02,青森,14,パルプ・紙・紙加工品製造業,12.0,ok,1757.0,ok,98782.0,ok,35478.0,ok,9408.0,ok,53821.0,ok,96127.0,ok,9.0,ok,1.0,ok,2.0,ok
2018,02,青森,15,印刷・同関連業,15.0,ok,681.0,ok,9547.0,ok,3950.0,ok,2016.0,ok,4614.0,ok,9498.0,ok,14.0,ok,1.0,ok,,nil_or_na
2018,02,青森,16,化学工業,4.0,ok,452.0,ok,31942.0,ok,13846.0,ok,2909.0,ok,15052.0,ok,30470.0,ok,2.0,ok,2.0,ok,,nil_or_na
2018,02,青森,17,石油製品・石炭製品製造業,,nil_or_na,,nil_or_na,,nil_or_na,,nil_or_na,,nil_or_na,,nil_or_na,,nil_or_na,,nil_or_na,,nil_or_na,,nil_or_na
2018,02,青森,18,プラスチック製品製造業（別掲を除く）,10.0,ok,741.0,ok,14493.0,ok,4713.0,ok,2555.0,ok,8959.0,ok,10049.0,ok,7.0,ok,3.0,ok,,nil_or_na
2018,02,青森,19,ゴム製品製造業,3.0,ok,168.0,ok,1941.0,ok,1174.0,ok,652.0,ok,600.0,ok,1935.0,ok,3.0,ok,,nil_or_na,,nil_or_na
2018,02,青森,20,なめし革・同製品・毛皮製造業,,nil_or_na,,nil_or_na,,nil_or_na,,nil_or_na,,nil_or_na,,nil_or_na,,nil_or_na,,nil_or_na,,nil_or_na,,nil_or_na
2018,02,青森,21,窯業・土石製品製造業,11.0,ok,561.0,ok,21509.0,ok,6759.0,ok,2358.0,ok,12704.0,ok,16228.0,ok,11.0,ok,,nil_or_na,,nil_or_na
2018,02,青森,22,鉄鋼業,9.0,ok,1481.0,ok,97145.0,ok,18239.0,ok,7265.0,ok,78913.0,ok,92286.0,ok,4.0,ok,3.0,ok,2.0,ok
2018,02,青森,23,非鉄金属製造業,10.0,ok,3904.0,ok,,suppressed,,suppressed,,suppressed,,suppressed,,suppressed,4.0,ok,4.0,ok,2.0,ok
2018,02,青森,24,金属製品製造業,23.0,ok,1313.0,ok,32153.0,ok,10339.0,ok,4698.0,ok,21526.0,ok,28482.0,ok,22.0,ok,1.0,ok,,nil_or_na
2018,02,青森,25,はん用機械器具製造業,2.0,ok,92.0,ok,,suppressed,,suppressed,,suppressed,,suppressed,,suppressed,2.0,ok,,nil_or_na,,nil_or_na
2018,02,青森,26,生産用機械器具製造業,11.0,ok,1048.0,ok,36212.0,ok,7418.0,ok,4789.0,ok,28109.0,ok,36464.0,ok,8.0,ok,2.0,ok,1.0,ok
2018,02,青森,27,業務用機械器具製造業,20.0,ok,4415.0,ok,131705.0,ok,36833.0,ok,18155.0,ok,91760.0,ok,132699.0,ok,12.0,ok,4.0,ok,4.0,ok
2018,02,青森,28,電子部品・デバイス・電子回路製造業,46.0,ok,6298.0,ok,294876.0,ok,55981.0,ok,22133.0,ok,229044.0,ok,291255.0,ok,28.0,ok,12.0,ok,6.0,ok
2018,02,青森,29,電気機械器具製造業,20.0,ok,3078.0,ok,58239.0,ok,26415.0,ok,10683.0,ok,29871.0,ok,57572.0,ok,9.0,ok,10.0,ok,1.0,ok
2018,02,青森,30,情報通信機械器具製造業,7.0,ok,692.0,ok,5055.0,ok,2776.0,ok,2096.0,ok,1970.0,ok,4883.0,ok,5.0,ok,2.0,ok,,nil_or_na
2018,02,青森,31,輸送用機械器具製造業,11.0,ok,1315.0,ok,47462.0,ok,27783.0,ok,5538.0,ok,22066.0,ok,49373.0,ok,6.0,ok,5.0,ok,,nil_or_na
2018,02,青森,32,その他の製造業,4.0,ok,206.0,ok,2808.0,ok,1004.0,ok,683.0,ok,1656.0,ok,2753.0,ok,4.0,ok,,nil_or_na,,nil_or_na
2018,03,岩手,09,食料品製造業,140.0,ok,14946.0,ok,328119.0,ok,98748.0,ok,41006.0,ok,211734.0,ok,315556.0,ok,96.0,ok,37.0,ok,7.0,ok
2018,03,岩手,10,飲料・たばこ・飼料製造業,7.0,ok,428.0,ok,37483.0,ok,18463.0,ok,1367.0,ok,16012.0,ok,37069.0,ok,6.0,ok,1.0,ok,,nil_or_na
2018,03,岩手,11,繊維工業,50.0,ok,3292.0,ok,20514.0,ok,9960.0,ok,6942.0,ok,9356.0,ok,20216.0,ok,43.0,ok,7.0,ok,,nil_or_na
2018,03,岩手,12,木材・木製品製造業（家具を除く）,20.0,ok,1053.0,ok,38930.0,ok,9440.0,ok,3395.0,ok,27754.0,ok,38043.0,ok,19.0,ok,1.0,ok,,nil_or_na
2018,03,岩手,13,家具・装備品製造業,3.0,ok,218.0,ok,4105.0,ok,1111.0,ok,753.0,ok,2686.0,ok,4126.0,ok,2.0,ok,1.0,ok,,nil_or_na
2018,03,岩手,14,パルプ・紙・紙加工品製造業,11.0,ok,912.0,ok,48229.0,ok,14326.0,ok,3768.0,ok,30681.0,ok,47435.0,ok,8.0,ok,3.0,ok,,nil_or_na
2018,03,岩手,15,印刷・同関連業,18.0,ok,1152.0,ok,28047.0,ok,14523.0,ok,4219.0,ok,11703.0,ok,27903.0,ok,15.0,ok,3.0,ok,,nil_or_na
2018,03,岩手,16,化学工業,9.0,ok,1385.0,ok,50055.0,ok,22975.0,ok,7318.0,ok,24287.0,ok,52765.0,ok,5.0,ok,3.0,ok,1.0,ok
2018,03,岩手,17,石油製品・石炭製品製造業,,nil_or_na,,nil_or_na,,nil_or_na,,nil_or_na,,nil_or_na,,nil_or_na,,nil_or_na,,nil_or_na,,nil_or_na,,nil_or_na
2018,03,岩手,18,プラスチック製品製造業（別掲を除く）,35.0,ok,3108.0,ok,77215.0,ok,29447.0,ok,10204.0,ok,44480.0,ok,76546.0,ok,27.0,ok,7.0,ok,1.0,ok
2018,03,岩手,19,ゴム製品製造業,6.0,ok,461.0,ok,5071.0,ok,1950.0,ok,1250.0,ok,2760.0,ok,4233.0,ok,5.0,ok,1.0,ok,,nil_or_na
2018,03,岩手,20,なめし革・同製品・毛皮製造業,4.0,ok,310.0,ok,6821.0,ok,1430.0,ok,899.0,ok,5316.0,ok,6864.0,ok,4.0,ok,,nil_or_na,,nil_or_na
2018,03,岩手,21,窯業・土石製品製造業,21.0,ok,1258.0,ok,56820.0,ok,22468.0,ok,5833.0,ok,30130.0,ok,49995.0,ok,19.0,ok,2.0,ok,,nil_or_na
2018,03,岩手,22,鉄鋼業,19.0,ok,1918.0,ok,88609.0,ok,18198.0,ok,9353.0,ok,66855.0,ok,74876.0,ok,17.0,ok,,nil_or_na,2.0,ok
2018,03,岩手,23,非鉄金属製造業,8.0,ok,625.0,ok,19359.0,ok,8137.0,ok,2417.0,ok,10188.0,ok,18534.0,ok,7.0,ok,1.0,ok,,nil_or_na
2018,03,岩手,24,金属製品製造業,43.0,ok,3992.0,ok,100264.0,ok,37656.0,ok,18080.0,ok,58411.0,ok,85610.0,ok,33.0,ok,8.0,ok,2.0,ok
2018,03,岩手,25,はん用機械器具製造業,15.0,ok,3709.0,ok,124462.0,ok,64824.0,ok,16148.0,ok,59532.0,ok,126905.0,ok,9.0,ok,2.0,ok,4.0,ok
2018,03,岩手,26,生産用機械器具製造業,62.0,ok,6456.0,ok,273672.0,ok,80989.0,ok,30928.0,ok,186403.0,ok,273985.0,ok,48.0,ok,9.0,ok,5.0,ok
2018,03,岩手,27,業務用機械器具製造業,21.0,ok,3096.0,ok,112379.0,ok,28779.0,ok,11913.0,ok,81815.0,ok,111556.0,ok,11.0,ok,7.0,ok,3.0,ok
2018,03,岩手,28,電子部品・デバイス・電子回路製造業,48.0,ok,7535.0,ok,188433.0,ok,60161.0,ok,34456.0,ok,109212.0,ok,188035.0,ok,29.0,ok,11.0,ok,8.0,ok
2018,03,岩手,29,電気機械器具製造業,27.0,ok,2689.0,ok,54307.0,ok,21531.0,ok,10517.0,ok,30101.0,ok,54643.0,ok,18.0,ok,8.0,ok,1.0,ok
2018,03,岩手,30,情報通信機械器具製造業,14.0,ok,1609.0,ok,42430.0,ok,17147.0,ok,7474.0,ok,23995.0,ok,42340.0,ok,8.0,ok,6.0,ok,,nil_or_na
2018,03,岩手,31,輸送用機械器具製造業,33.0,ok,7618.0,ok,677268.0,ok,82889.0,ok,37435.0,ok,576661.0,ok,671382.0,ok,17.0,ok,10.0,ok,6.0,ok
2018,03,岩手,32,その他の製造業,13.0,ok,1715.0,ok,36916.0,ok,10025.0,ok,7087.0,ok,24934.0,ok,36927.0,ok,10.0,ok,1.0,ok,2.0,ok
2018,04,宮城,09,食料品製造業,206.0,ok,22328.0,ok,537131.0,ok,178377.0,ok,64910.0,ok,329405.0,ok,497695.0,ok,148.0,ok,46.0,ok,12.0,ok
2018,04,宮城,10,飲料・たばこ・飼料製造業,13.0,ok,1060.0,ok,159723.0,ok,45643.0,ok,5365.0,ok,78589.0,ok,159610.0,ok,10.0,ok,3.0,ok,,nil_or_na
2018,04,宮城,11,繊維工業,31.0,ok,1975.0,ok,14990.0,ok,7941.0,ok,4647.0,ok,6214.0,ok,14055.0,ok,27.0,ok,4.0,ok,,nil_or_na
2018,04,宮城,12,木材・木製品製造業（家具を除く）,15.0,ok,1288.0,ok,64440.0,ok,17508.0,ok,5445.0,ok,44423.0,ok,55620.0,ok,11.0,ok,4.0,ok,,nil_or_na
2018,04,宮城,13,家具・装備品製造業,4.0,ok,242.0,ok,4667.0,ok,1543.0,ok,953.0,ok,2876.0,ok,4647.0,ok,3.0,ok,1.0,ok,,nil_or_na
2018,04,宮城,14,パルプ・紙・紙加工品製造業,19.0,ok,2125.0,ok,170371.0,ok,48353.0,ok,10216.0,ok,106081.0,ok,164392.0,ok,15.0,ok,3.0,ok,1.0,ok
2018,04,宮城,15,印刷・同関連業,37.0,ok,3187.0,ok,75672.0,ok,32348.0,ok,12686.0,ok,38860.0,ok,71430.0,ok,26.0,ok,11.0,ok,,nil_or_na
2018,04,宮城,16,化学工業,16.0,ok,1539.0,ok,74990.0,ok,30569.0,ok,5798.0,ok,40830.0,ok,72263.0,ok,11.0,ok,4.0,ok,1.0,ok
2018,04,宮城,17,石油製品・石炭製品製造業,2.0,ok,404.0,ok,,suppressed,,suppressed,,suppressed,,suppressed,,suppressed,1.0,ok,,nil_or_na,1.0,ok
2018,04,宮城,18,プラスチック製品製造業（別掲を除く）,43.0,ok,3436.0,ok,81340.0,ok,33424.0,ok,12823.0,ok,42044.0,ok,77778.0,ok,34.0,ok,9.0,ok,,nil_or_na
2018,04,宮城,19,ゴム製品製造業,13.0,ok,2568.0,ok,69927.0,ok,21996.0,ok,12214.0,ok,45247.0,ok,69738.0,ok,7.0,ok,5.0,ok,1.0,ok
2018,04,宮城,20,なめし革・同製品・毛皮製造業,1.0,ok,101.0,ok,,suppressed,,suppressed,,suppressed,,suppressed,,suppressed,,nil_or_na,1.0,ok,,nil_or_na
2018,04,宮城,21,窯業・土石製品製造業,27.0,ok,2429.0,ok,70674.0,ok,32255.0,ok,11735.0,ok,34186.0,ok,60926.0,ok,19.0,ok,6.0,ok,2.0,ok
2018,04,宮城,22,鉄鋼業,13.0,ok,1878.0,ok,165686.0,ok,20867.0,ok,10692.0,ok,141130.0,ok,166620.0,ok,8.0,ok,2.0,ok,3.0,ok
2018,04,宮城,23,非鉄金属製造業,16.0,ok,1561.0,ok,77714.0,ok,26645.0,ok,7175.0,ok,48259.0,ok,74603.0,ok,10.0,ok,6.0,ok,,nil_or_na
2018,04,宮城,24,金属製品製造業,49.0,ok,5667.0,ok,153535.0,ok,53357.0,ok,24505.0,ok,91087.0,ok,141083.0,ok,38.0,ok,9.0,ok,2.0,ok
2018,04,宮城,25,はん用機械器具製造業,12.0,ok,997.0,ok,25330.0,ok,10390.0,ok,4676.0,ok,13938.0,ok,24710.0,ok,9.0,ok,3.0,ok,,nil_or_na
2018,04,宮城,26,生産用機械器具製造業,52.0,ok,5804.0,ok,437162.0,ok,131762.0,ok,30166.0,ok,304945.0,ok,449001.0,ok,43.0,ok,8.0,ok,1.0,ok
2018,04,宮城,27,業務用機械器具製造業,17.0,ok,2560.0,ok,83653.0,ok,27112.0,ok,11123.0,ok,54116.0,ok,76901.0,ok,11.0,ok,4.0,ok,2.0,ok
2018,04,宮城,28,電子部品・デバイス・電子回路製造業,55.0,ok,13781.0,ok,522990.0,ok,300497.0,ok,69795.0,ok,198463.0,ok,494435.0,ok,27.0,ok,13.0,ok,15.0,ok
2018,04,宮城,29,電気機械器具製造業,38.0,ok,5156.0,ok,146920.0,ok,49307.0,ok,20409.0,ok,90438.0,ok,144667.0,ok,21.0,ok,14.0,ok,3.0,ok
2018,04,宮城,30,情報通信機械器具製造業,18.0,ok,4334.0,ok,138068.0,ok,43492.0,ok,20703.0,ok,90595.0,ok,137812.0,ok,7.0,ok,4.0,ok,7.0,ok
2018,04,宮城,31,輸送用機械器具製造業,49.0,ok,9982.0,ok,535374.0,ok,119139.0,ok,49732.0,ok,401854.0,ok,533886.0,ok,30.0,ok,9.0,ok,10.0,ok
2018,04,宮城,32,その他の製造業,10.0,ok,741.0,ok,30763.0,ok,9117.0,ok,3474.0,ok,20363.0,ok,30755.0,ok,7.0,ok,3.0,ok,,nil_or_na
2018,05,秋田,09,食料品製造業,49.0,ok,4653.0,ok,84216.0,ok,27134.0,ok,12611.0,ok,52916.0,ok,79272.0,ok,33.0,ok,15.0,ok,1.0,ok
2018,05,秋田,10,飲料・たばこ・飼料製造業,8.0,ok,500.0,ok,14713.0,ok,6525.0,ok,2081.0,ok,3956.0,ok,14675.0,ok,7.0,ok,1.0,ok,,nil_or_na
2018,05,秋田,11,繊維工業,65.0,ok,3743.0,ok,27423.0,ok,11948.0,ok,7878.0,ok,14027.0,ok,27390.0,ok,61.0,ok,4.0,ok,,nil_or_na
2018,05,秋田,12,木材・木製品製造業（家具を除く）,20.0,ok,1356.0,ok,55705.0,ok,15841.0,ok,4799.0,ok,36466.0,ok,54054.0,ok,15.0,ok,5.0,ok,,nil_or_na
2018,05,秋田,13,家具・装備品製造業,8.0,ok,545.0,ok,6576.0,ok,2473.0,ok,1593.0,ok,3853.0,ok,6606.0,ok,7.0,ok,1.0,ok,,nil_or_na
2018,05,秋田,14,パルプ・紙・紙加工品製造業,5.0,ok,440.0,ok,36766.0,ok,3589.0,ok,2052.0,ok,30953.0,ok,36861.0,ok,3.0,ok,2.0,ok,,nil_or_na
2018,05,秋田,15,印刷・同関連業,9.0,ok,423.0,ok,5080.0,ok,2646.0,ok,1304.0,ok,1937.0,ok,4990.0,ok,9.0,ok,,nil_or_na,,nil_or_na
2018,05,秋田,16,化学工業,6.0,ok,1627.0,ok,42942.0,ok,16256.0,ok,7253.0,ok,22664.0,ok,43592.0,ok,2.0,ok,3.0,ok,1.0,ok
2018,05,秋田,17,石油製品・石炭製品製造業,,nil_or_na,,nil_or_na,,nil_or_na,,nil_or_na,,nil_or_na,,nil_or_na,,nil_or_na,,nil_or_na,,nil_or_na,,nil_or_na
2018,05,秋田,18,プラスチック製品製造業（別掲を除く）,16.0,ok,1377.0,ok,23799.0,ok,7347.0,ok,3995.0,ok,15463.0,ok,23393.0,ok,12.0,ok,4.0,ok,,nil_or_na
2018,05,秋田,19,ゴム製品製造業,6.0,ok,426.0,ok,4023.0,ok,2400.0,ok,1007.0,ok,1532.0,ok,4115.0,ok,5.0,ok,1.0,ok,,nil_or_na
2018,05,秋田,20,なめし革・同製品・毛皮製造業,5.0,ok,195.0,ok,1375.0,ok,646.0,ok,436.0,ok,611.0,ok,1325.0,ok,5.0,ok,,nil_or_na,,nil_or_na
2018,05,秋田,21,窯業・土石製品製造業,12.0,ok,841.0,ok,24008.0,ok,7860.0,ok,3589.0,ok,14597.0,ok,22034.0,ok,10.0,ok,2.0,ok,,nil_or_na
2018,05,秋田,22,鉄鋼業,8.0,ok,748.0,ok,15603.0,ok,5871.0,ok,2827.0,ok,9002.0,ok,15720.0,ok,4.0,ok,4.0,ok,,nil_or_na
2018,05,秋田,23,非鉄金属製造業,13.0,ok,1296.0,ok,55612.0,ok,18043.0,ok,6343.0,ok,32466.0,ok,55045.0,ok,10.0,ok,2.0,ok,1.0,ok
2018,05,秋田,24,金属製品製造業,32.0,ok,2142.0,ok,48218.0,ok,19535.0,ok,8409.0,ok,25478.0,ok,46324.0,ok,28.0,ok,4.0,ok,,nil_or_na
2018,05,秋田,25,はん用機械器具製造業,11.0,ok,823.0,ok,16290.0,ok,7375.0,ok,3184.0,ok,8186.0,ok,16009.0,ok,9.0,ok,2.0,ok,,nil_or_na
2018,05,秋田,26,生産用機械器具製造業,49.0,ok,4533.0,ok,112325.0,ok,53321.0,ok,19536.0,ok,55391.0,ok,113906.0,ok,36.0,ok,11.0,ok,2.0,ok
2018,05,秋田,27,業務用機械器具製造業,21.0,ok,3929.0,ok,83716.0,ok,32309.0,ok,15521.0,ok,44286.0,ok,80485.0,ok,12.0,ok,8.0,ok,1.0,ok
2018,05,秋田,28,電子部品・デバイス・電子回路製造業,55.0,ok,12112.0,ok,389438.0,ok,136569.0,ok,53762.0,ok,237563.0,ok,377581.0,ok,30.0,ok,10.0,ok,15.0,ok
2018,05,秋田,29,電気機械器具製造業,20.0,ok,1609.0,ok,22292.0,ok,9392.0,ok,5672.0,ok,12015.0,ok,22696.0,ok,15.0,ok,5.0,ok,,nil_or_na
2018,05,秋田,30,情報通信機械器具製造業,5.0,ok,549.0,ok,9167.0,ok,4116.0,ok,2245.0,ok,4472.0,ok,9174.0,ok,4.0,ok,,nil_or_na,1.0,ok
2018,05,秋田,31,輸送用機械器具製造業,20.0,ok,2790.0,ok,71768.0,ok,24989.0,ok,12602.0,ok,42798.0,ok,71685.0,ok,14.0,ok,4.0,ok,2.0,ok
2018,05,秋田,32,その他の製造業,7.0,ok,469.0,ok,5389.0,ok,2956.0,ok,1569.0,ok,1931.0,ok,4867.0,ok,6.0,ok,1.0,ok,,nil_or_na
2018,06,山形,09,食料品製造業,110.0,ok,11715.0,ok,287099.0,ok,88351.0,ok,35261.0,ok,184561.0,ok,278110.0,ok,80.0,ok,22.0,ok,8.0,ok
2018,06,山形,10,飲料・たばこ・飼料製造業,11.0,ok,766.0,ok,33683.0,ok,7944.0,ok,3073.0,ok,22192.0,ok,32388.0,ok,8.0,ok,3.0,ok,,nil_or_na
2018,06,山形,11,繊維工業,64.0,ok,4456.0,ok,38820.0,ok,16980.0,ok,10296.0,ok,19914.0,ok,38238.0,ok,52.0,ok,12.0,ok,,nil_or_na
2018,06,山形,12,木材・木製品製造業（家具を除く）,8.0,ok,402.0,ok,11573.0,ok,3481.0,ok,1468.0,ok,7712.0,ok,10641.0,ok,7.0,ok,1.0,ok,,nil_or_na
2018,06,山形,13,家具・装備品製造業,12.0,ok,1143.0,ok,17918.0,ok,7500.0,ok,3993.0,ok,9472.0,ok,16738.0,ok,7.0,ok,4.0,ok,1.0,ok
2018,06,山形,14,パルプ・紙・紙加工品製造業,12.0,ok,715.0,ok,16794.0,ok,4671.0,ok,2596.0,ok,11176.0,ok,14138.0,ok,10.0,ok,2.0,ok,,nil_or_na
2018,06,山形,15,印刷・同関連業,19.0,ok,1441.0,ok,21994.0,ok,8701.0,ok,4979.0,ok,11838.0,ok,21054.0,ok,13.0,ok,6.0,ok,,nil_or_na
2018,06,山形,16,化学工業,19.0,ok,3314.0,ok,251245.0,ok,83567.0,ok,16521.0,ok,147549.0,ok,241150.0,ok,9.0,ok,6.0,ok,4.0,ok
2018,06,山形,17,石油製品・石炭製品製造業,1.0,ok,31.0,ok,,suppressed,,suppressed,,suppressed,,suppressed,,suppressed,1.0,ok,,nil_or_na,,nil_or_na
2018,06,山形,18,プラスチック製品製造業（別掲を除く）,33.0,ok,3041.0,ok,52914.0,ok,20891.0,ok,10692.0,ok,28942.0,ok,52045.0,ok,25.0,ok,7.0,ok,1.0,ok
2018,06,山形,19,ゴム製品製造業,5.0,ok,340.0,ok,,suppressed,,suppressed,,suppressed,,suppressed,,suppressed,4.0,ok,1.0,ok,,nil_or_na
2018,06,山形,20,なめし革・同製品・毛皮製造業,8.0,ok,898.0,ok,20633.0,ok,8646.0,ok,2979.0,ok,10933.0,ok,20588.0,ok,7.0,ok,,nil_or_na,1.0,ok
2018,06,山形,21,窯業・土石製品製造業,23.0,ok,3049.0,ok,80521.0,ok,47716.0,ok,13132.0,ok,36129.0,ok,88105.0,ok,17.0,ok,4.0,ok,2.0,ok
2018,06,山形,22,鉄鋼業,9.0,ok,724.0,ok,22238.0,ok,5916.0,ok,3199.0,ok,14698.0,ok,21044.0,ok,7.0,ok,2.0,ok,,nil_or_na
2018,06,山形,23,非鉄金属製造業,9.0,ok,1356.0,ok,52051.0,ok,19469.0,ok,6858.0,ok,28857.0,ok,52535.0,ok,5.0,ok,2.0,ok,2.0,ok
2018,06,山形,24,金属製品製造業,51.0,ok,3144.0,ok,79361.0,ok,30208.0,ok,12691.0,ok,45768.0,ok,80145.0,ok,45.0,ok,6.0,ok,,nil_or_na
2018,06,山形,25,はん用機械器具製造業,30.0,ok,2953.0,ok,70458.0,ok,25515.0,ok,12748.0,ok,41631.0,ok,68521.0,ok,22.0,ok,7.0,ok,1.0,ok
2018,06,山形,26,生産用機械器具製造業,96.0,ok,8668.0,ok,234399.0,ok,76937.0,ok,37326.0,ok,150436.0,ok,209993.0,ok,71.0,ok,19.0,ok,6.0,ok
2018,06,山形,27,業務用機械器具製造業,24.0,ok,2374.0,ok,52346.0,ok,16097.0,ok,9266.0,ok,34171.0,ok,51972.0,ok,16.0,ok,8.0,ok,,nil_or_na
2018,06,山形,28,電子部品・デバイス・電子回路製造業,50.0,ok,12366.0,ok,398699.0,ok,195764.0,ok,64634.0,ok,173088.0,ok,415474.0,ok,17.0,ok,18.0,ok,15.0,ok
2018,06,山形,29,電気機械器具製造業,49.0,ok,5150.0,ok,142396.0,ok,50424.0,ok,19873.0,ok,89023.0,ok,143648.0,ok,37.0,ok,8.0,ok,4.0,ok
2018,06,山形,30,情報通信機械器具製造業,19.0,ok,3464.0,ok,283702.0,ok,69886.0,ok,17556.0,ok,208081.0,ok,255556.0,ok,11.0,ok,5.0,ok,3.0,ok
2018,06,山形,31,輸送用機械器具製造業,43.0,ok,5883.0,ok,126888.0,ok,48121.0,ok,25424.0,ok,69327.0,ok,126152.0,ok,23.0,ok,15.0,ok,5.0,ok
2018,06,山形,32,その他の製造業,11.0,ok,2448.0,ok,206220.0,ok,63554.0,ok,12916.0,ok,136448.0,ok,206959.0,ok,6.0,ok,2.0,ok,3.0,ok
2018,07,福島,09,食料品製造業,115.0,ok,12038.0,ok,252769.0,ok,82864.0,ok,32843.0,ok,156914.0,ok,244000.0,ok,70.0,ok,38.0,ok,7.0,ok
2018,07,福島,10,飲料・たばこ・飼料製造業,8.0,ok,514.0,ok,122570.0,ok,37503.0,ok,2735.0,ok,21802.0,ok,122544.0,ok,7.0,ok,1.0,ok,,nil_or_na
2018,07,福島,11,繊維工業,55.0,ok,3425.0,ok,28381.0,ok,11547.0,ok,8169.0,ok,15487.0,ok,28299.0,ok,48.0,ok,7.0,ok,,nil_or_na
2018,07,福島,12,木材・木製品製造業（家具を除く）,16.0,ok,1197.0,ok,34946.0,ok,9408.0,ok,3921.0,ok,24437.0,ok,35139.0,ok,14.0,ok,2.0,ok,,nil_or_na
2018,07,福島,13,家具・装備品製造業,14.0,ok,1950.0,ok,45889.0,ok,13808.0,ok,9516.0,ok,28840.0,ok,43192.0,ok,9.0,ok,2.0,ok,3.0,ok
2018,07,福島,14,パルプ・紙・紙加工品製造業,29.0,ok,2865.0,ok,193643.0,ok,39697.0,ok,12774.0,ok,141784.0,ok,186369.0,ok,18.0,ok,10.0,ok,1.0,ok
2018,07,福島,15,印刷・同関連業,28.0,ok,1643.0,ok,29521.0,ok,13690.0,ok,5825.0,ok,13785.0,ok,28628.0,ok,25.0,ok,3.0,ok,,nil_or_na
2018,07,福島,16,化学工業,58.0,ok,7919.0,ok,508004.0,ok,195752.0,ok,41961.0,ok,285661.0,ok,459350.0,ok,37.0,ok,18.0,ok,3.0,ok
2018,07,福島,17,石油製品・石炭製品製造業,,nil_or_na,,nil_or_na,,nil_or_na,,nil_or_na,,nil_or_na,,nil_or_na,,nil_or_na,,nil_or_na,,nil_or_na,,nil_or_na
2018,07,福島,18,プラスチック製品製造業（別掲を除く）,75.0,ok,7515.0,ok,206353.0,ok,61665.0,ok,29919.0,ok,134072.0,ok,194082.0,ok,55.0,ok,16.0,ok,4.0,ok
2018,07,福島,19,ゴム製品製造業,31.0,ok,5528.0,ok,197621.0,ok,92853.0,ok,26889.0,ok,93558.0,ok,195980.0,ok,18.0,ok,10.0,ok,3.0,ok
2018,07,福島,20,なめし革・同製品・毛皮製造業,7.0,ok,693.0,ok,12203.0,ok,3035.0,ok,1804.0,ok,8922.0,ok,12342.0,ok,4.0,ok,3.0,ok,,nil_or_na
2018,07,福島,21,窯業・土石製品製造業,60.0,ok,4987.0,ok,136467.0,ok,61938.0,ok,23896.0,ok,67174.0,ok,130352.0,ok,47.0,ok,11.0,ok,2.0,ok
2018,07,福島,22,鉄鋼業,19.0,ok,2597.0,ok,85293.0,ok,23227.0,ok,13219.0,ok,58527.0,ok,80125.0,ok,12.0,ok,5.0,ok,2.0,ok
2018,07,福島,23,非鉄金属製造業,26.0,ok,3548.0,ok,209971.0,ok,49442.0,ok,18312.0,ok,151752.0,ok,206649.0,ok,13.0,ok,10.0,ok,3.0,ok
2018,07,福島,24,金属製品製造業,87.0,ok,7772.0,ok,235397.0,ok,78353.0,ok,36205.0,ok,145027.0,ok,233437.0,ok,69.0,ok,16.0,ok,2.0,ok
2018,07,福島,25,はん用機械器具製造業,44.0,ok,5112.0,ok,209231.0,ok,78162.0,ok,25398.0,ok,126286.0,ok,198772.0,ok,34.0,ok,7.0,ok,3.0,ok
2018,07,福島,26,生産用機械器具製造業,75.0,ok,6068.0,ok,137416.0,ok,54050.0,ok,26914.0,ok,76900.0,ok,136385.0,ok,59.0,ok,15.0,ok,1.0,ok
2018,07,福島,27,業務用機械器具製造業,58.0,ok,10496.0,ok,268405.0,ok,94552.0,ok,45900.0,ok,162721.0,ok,263819.0,ok,38.0,ok,14.0,ok,6.0,ok
2018,07,福島,28,電子部品・デバイス・電子回路製造業,75.0,ok,12359.0,ok,463920.0,ok,126419.0,ok,57320.0,ok,303503.0,ok,453670.0,ok,36.0,ok,27.0,ok,12.0,ok
2018,07,福島,29,電気機械器具製造業,66.0,ok,8422.0,ok,251801.0,ok,66504.0,ok,38892.0,ok,172637.0,ok,244019.0,ok,43.0,ok,18.0,ok,5.0,ok
2018,07,福島,30,情報通信機械器具製造業,45.0,ok,10654.0,ok,552824.0,ok,116942.0,ok,54560.0,ok,428452.0,ok,345357.0,ok,23.0,ok,14.0,ok,8.0,ok
2018,07,福島,31,輸送用機械器具製造業,61.0,ok,11219.0,ok,513418.0,ok,210432.0,ok,52972.0,ok,282204.0,ok,520167.0,ok,39.0,ok,11.0,ok,11.0,ok
2018,07,福島,32,その他の製造業,18.0,ok,1335.0,ok,29744.0,ok,11823.0,ok,4697.0,ok,16082.0,ok,27086.0,ok,15.0,ok,3.0,ok,,nil_or_na
2018,08,茨城,09,食料品製造業,267.0,ok,36788.0,ok,1318229.0,ok,421025.0,ok,124884.0,ok,825380.0,ok,1274234.0,ok,153.0,ok,82.0,ok,32.0,ok
2018,08,茨城,10,飲料・たばこ・飼料製造業,23.0,ok,2130.0,ok,509209.0,ok,112465.0,ok,11525.0,ok,240303.0,ok,508641.0,ok,16.0,ok,7.0,ok,,nil_or_na
2018,08,茨城,11,繊維工業,27.0,ok,2294.0,ok,54888.0,ok,17141.0,ok,8760.0,ok,31215.0,ok,52090.0,ok,19.0,ok,7.0,ok,1.0,ok
2018,08,茨城,12,木材・木製品製造業（家具を除く）,26.0,ok,2629.0,ok,153600.0,ok,47202.0,ok,10915.0,ok,100740.0,ok,141962.0,ok,18.0,ok,6.0,ok,2.0,ok
2018,08,茨城,13,家具・装備品製造業,21.0,ok,1753.0,ok,50925.0,ok,17596.0,ok,7264.0,ok,30607.0,ok,51045.0,ok,14.0,ok,7.0,ok,,nil_or_na
2018,08,茨城,14,パルプ・紙・紙加工品製造業,52.0,ok,4891.0,ok,216639.0,ok,58609.0,ok,21392.0,ok,146148.0,ok,206085.0,ok,34.0,ok,17.0,ok,1.0,ok
2018,08,茨城,15,印刷・同関連業,40.0,ok,3939.0,ok,107647.0,ok,34292.0,ok,17116.0,ok,66831.0,ok,106924.0,ok,31.0,ok,8.0,ok,1.0,ok
2018,08,茨城,16,化学工業,102.0,ok,14642.0,ok,1573802.0,ok,575696.0,ok,85032.0,ok,928687.0,ok,1534843.0,ok,62.0,ok,29.0,ok,11.0,ok
2018,08,茨城,17,石油製品・石炭製品製造業,4.0,ok,644.0,ok,,suppressed,,suppressed,,suppressed,,suppressed,,suppressed,2.0,ok,1.0,ok,1.0,ok
2018,08,茨城,18,プラスチック製品製造業（別掲を除く）,162.0,ok,17842.0,ok,740927.0,ok,230580.0,ok,88329.0,ok,476538.0,ok,658465.0,ok,112.0,ok,42.0,ok,8.0,ok
2018,08,茨城,19,ゴム製品製造業,23.0,ok,2714.0,ok,64239.0,ok,23232.0,ok,12188.0,ok,38150.0,ok,64923.0,ok,15.0,ok,6.0,ok,2.0,ok
2018,08,茨城,20,なめし革・同製品・毛皮製造業,1.0,ok,39.0,ok,,suppressed,,suppressed,,suppressed,,suppressed,,suppressed,1.0,ok,,nil_or_na,,nil_or_na
2018,08,茨城,21,窯業・土石製品製造業,74.0,ok,5895.0,ok,232915.0,ok,98513.0,ok,30076.0,ok,120939.0,ok,227761.0,ok,54.0,ok,19.0,ok,1.0,ok
2018,08,茨城,22,鉄鋼業,41.0,ok,8632.0,ok,820158.0,ok,127327.0,ok,50356.0,ok,659480.0,ok,828417.0,ok,20.0,ok,18.0,ok,3.0,ok
2018,08,茨城,23,非鉄金属製造業,40.0,ok,7497.0,ok,669214.0,ok,111946.0,ok,51791.0,ok,549302.0,ok,663267.0,ok,21.0,ok,11.0,ok,8.0,ok
2018,08,茨城,24,金属製品製造業,182.0,ok,17326.0,ok,722237.0,ok,245739.0,ok,77166.0,ok,441825.0,ok,645645.0,ok,143.0,ok,26.0,ok,13.0,ok
2018,08,茨城,25,はん用機械器具製造業,54.0,ok,13422.0,ok,663181.0,ok,300189.0,ok,84879.0,ok,346086.0,ok,653773.0,ok,32.0,ok,8.0,ok,14.0,ok
2018,08,茨城,26,生産用機械器具製造業,95.0,ok,18612.0,ok,1266220.0,ok,452474.0,ok,110568.0,ok,840420.0,ok,1273414.0,ok,63.0,ok,19.0,ok,13.0,ok
2018,08,茨城,27,業務用機械器具製造業,48.0,ok,13131.0,ok,255377.0,ok,74552.0,ok,81137.0,ok,168504.0,ok,251978.0,ok,26.0,ok,17.0,ok,5.0,ok
2018,08,茨城,28,電子部品・デバイス・電子回路製造業,41.0,ok,12054.0,ok,406426.0,ok,129568.0,ok,83944.0,ok,256067.0,ok,375867.0,ok,20.0,ok,15.0,ok,6.0,ok
2018,08,茨城,29,電気機械器具製造業,105.0,ok,21212.0,ok,793631.0,ok,280617.0,ok,124482.0,ok,475682.0,ok,784199.0,ok,62.0,ok,33.0,ok,10.0,ok
2018,08,茨城,30,情報通信機械器具製造業,13.0,ok,2160.0,ok,70017.0,ok,23245.0,ok,11337.0,ok,45366.0,ok,67072.0,ok,10.0,ok,,nil_or_na,3.0,ok
2018,08,茨城,31,輸送用機械器具製造業,82.0,ok,14876.0,ok,1105841.0,ok,655059.0,ok,84932.0,ok,382226.0,ok,1104165.0,ok,55.0,ok,17.0,ok,10.0,ok
2018,08,茨城,32,その他の製造業,27.0,ok,4073.0,ok,198093.0,ok,60352.0,ok,19239.0,ok,130529.0,ok,193499.0,ok,14.0,ok,11.0,ok,2.0,ok
2018,09,栃木,09,食料品製造業,160.0,ok,21120.0,ok,608279.0,ok,230555.0,ok,68720.0,ok,343202.0,ok,583157.0,ok,90.0,ok,54.0,ok,16.0,ok
2018,09,栃木,10,飲料・たばこ・飼料製造業,13.0,ok,1482.0,ok,942534.0,ok,209029.0,ok,7830.0,ok,98773.0,ok,942098.0,ok,8.0,ok,4.0,ok,1.0,ok
2018,09,栃木,11,繊維工業,28.0,ok,1514.0,ok,38309.0,ok,14462.0,ok,5575.0,ok,21817.0,ok,35256.0,ok,24.0,ok,4.0,ok,,nil_or_na
2018,09,栃木,12,木材・木製品製造業（家具を除く）,27.0,ok,1680.0,ok,64173.0,ok,11524.0,ok,6451.0,ok,50431.0,ok,57630.0,ok,24.0,ok,3.0,ok,,nil_or_na
2018,09,栃木,13,家具・装備品製造業,11.0,ok,1105.0,ok,42119.0,ok,10744.0,ok,5242.0,ok,29733.0,ok,41524.0,ok,7.0,ok,4.0,ok,,nil_or_na
2018,09,栃木,14,パルプ・紙・紙加工品製造業,43.0,ok,5276.0,ok,252370.0,ok,96433.0,ok,24453.0,ok,138780.0,ok,233700.0,ok,31.0,ok,10.0,ok,2.0,ok
2018,09,栃木,15,印刷・同関連業,26.0,ok,2158.0,ok,45614.0,ok,15810.0,ok,7667.0,ok,27011.0,ok,44930.0,ok,19.0,ok,7.0,ok,,nil_or_na
2018,09,栃木,16,化学工業,49.0,ok,6252.0,ok,670582.0,ok,241355.0,ok,30065.0,ok,407985.0,ok,677564.0,ok,29.0,ok,15.0,ok,5.0,ok
2018,09,栃木,17,石油製品・石炭製品製造業,3.0,ok,172.0,ok,,suppressed,,suppressed,,suppressed,,suppressed,,suppressed,3.0,ok,,nil_or_na,,nil_or_na
2018,09,栃木,18,プラスチック製品製造業（別掲を除く）,132.0,ok,15192.0,ok,542725.0,ok,189240.0,ok,72191.0,ok,313111.0,ok,522595.0,ok,90.0,ok,31.0,ok,11.0,ok
2018,09,栃木,19,ゴム製品製造業,26.0,ok,4352.0,ok,139044.0,ok,65901.0,ok,21354.0,ok,64148.0,ok,132269.0,ok,16.0,ok,7.0,ok,3.0,ok
2018,09,栃木,20,なめし革・同製品・毛皮製造業,2.0,ok,102.0,ok,,suppressed,,suppressed,,suppressed,,suppressed,,suppressed,2.0,ok,,nil_or_na,,nil_or_na
2018,09,栃木,21,窯業・土石製品製造業,42.0,ok,3009.0,ok,98596.0,ok,40936.0,ok,13666.0,ok,49278.0,ok,93567.0,ok,34.0,ok,7.0,ok,1.0,ok
2018,09,栃木,22,鉄鋼業,30.0,ok,3167.0,ok,227988.0,ok,56912.0,ok,16414.0,ok,164790.0,ok,225525.0,ok,21.0,ok,8.0,ok,1.0,ok
2018,09,栃木,23,非鉄金属製造業,31.0,ok,6545.0,ok,436428.0,ok,78619.0,ok,37773.0,ok,343965.0,ok,429605.0,ok,16.0,ok,8.0,ok,7.0,ok
2018,09,栃木,24,金属製品製造業,122.0,ok,9716.0,ok,403039.0,ok,134717.0,ok,45572.0,ok,253993.0,ok,393531.0,ok,95.0,ok,24.0,ok,3.0,ok
2018,09,栃木,25,はん用機械器具製造業,38.0,ok,4460.0,ok,184292.0,ok,46451.0,ok,20917.0,ok,134525.0,ok,164984.0,ok,23.0,ok,12.0,ok,3.0,ok
2018,09,栃木,26,生産用機械器具製造業,70.0,ok,14632.0,ok,674697.0,ok,231812.0,ok,91992.0,ok,434178.0,ok,621763.0,ok,44.0,ok,17.0,ok,9.0,ok
2018,09,栃木,27,業務用機械器具製造業,62.0,ok,11572.0,ok,336270.0,ok,143431.0,ok,55670.0,ok,178263.0,ok,337115.0,ok,43.0,ok,11.0,ok,8.0,ok
2018,09,栃木,28,電子部品・デバイス・電子回路製造業,46.0,ok,6097.0,ok,222265.0,ok,81602.0,ok,31239.0,ok,133081.0,ok,205869.0,ok,27.0,ok,14.0,ok,5.0,ok
2018,09,栃木,29,電気機械器具製造業,58.0,ok,12909.0,ok,989498.0,ok,487940.0,ok,66300.0,ok,456668.0,ok,845454.0,ok,37.0,ok,14.0,ok,7.0,ok
2018,09,栃木,30,情報通信機械器具製造業,24.0,ok,3804.0,ok,166362.0,ok,50046.0,ok,19008.0,ok,115014.0,ok,168201.0,ok,16.0,ok,5.0,ok,3.0,ok
2018,09,栃木,31,輸送用機械器具製造業,133.0,ok,31578.0,ok,1410022.0,ok,344259.0,ok,175177.0,ok,1043758.0,ok,1410871.0,ok,76.0,ok,34.0,ok,23.0,ok
2018,09,栃木,32,その他の製造業,18.0,ok,2081.0,ok,56458.0,ok,28709.0,ok,8674.0,ok,25380.0,ok,56927.0,ok,12.0,ok,5.0,ok,1.0,ok
2018,10,群馬,09,食料品製造業,182.0,ok,23437.0,ok,776654.0,ok,259144.0,ok,74454.0,ok,475432.0,ok,722669.0,ok,104.0,ok,62.0,ok,16.0,ok
2018,10,群馬,10,飲料・たばこ・飼料製造業,18.0,ok,2361.0,ok,330230.0,ok,113536.0,ok,13405.0,ok,159128.0,ok,330345.0,ok,7.0,ok,9.0,ok,2.0,ok
2018,10,群馬,11,繊維工業,22.0,ok,1339.0,ok,18401.0,ok,6899.0,ok,4277.0,ok,10442.0,ok,18331.0,ok,19.0,ok,3.0,ok,,nil_or_na
2018,10,群馬,12,木材・木製品製造業（家具を除く）,12.0,ok,1120.0,ok,60498.0,ok,14026.0,ok,5184.0,ok,44340.0,ok,59327.0,ok,8.0,ok,4.0,ok,,nil_or_na
2018,10,群馬,13,家具・装備品製造業,13.0,ok,1334.0,ok,30281.0,ok,10492.0,ok,5409.0,ok,17988.0,ok,30357.0,ok,9.0,ok,3.0,ok,1.0,ok
2018,10,群馬,14,パルプ・紙・紙加工品製造業,19.0,ok,1293.0,ok,70113.0,ok,19430.0,ok,5902.0,ok,46828.0,ok,63122.0,ok,14.0,ok,5.0,ok,,nil_or_na
2018,10,群馬,15,印刷・同関連業,31.0,ok,2673.0,ok,65509.0,ok,26046.0,ok,12408.0,ok,33487.0,ok,62915.0,ok,22.0,ok,8.0,ok,1.0,ok
2018,10,群馬,16,化学工業,53.0,ok,9890.0,ok,695803.0,ok,349554.0,ok,50698.0,ok,307061.0,ok,688610.0,ok,27.0,ok,16.0,ok,10.0,ok
2018,10,群馬,17,石油製品・石炭製品製造業,,nil_or_na,,nil_or_na,,nil_or_na,,nil_or_na,,nil_or_na,,nil_or_na,,nil_or_na,,nil_or_na,,nil_or_na,,nil_or_na
2018,10,群馬,18,プラスチック製品製造業（別掲を除く）,135.0,ok,14360.0,ok,492361.0,ok,168009.0,ok,58593.0,ok,293606.0,ok,469334.0,ok,90.0,ok,37.0,ok,8.0,ok
2018,10,群馬,19,ゴム製品製造業,14.0,ok,1971.0,ok,42613.0,ok,23411.0,ok,8419.0,ok,16793.0,ok,41318.0,ok,9.0,ok,3.0,ok,2.0,ok
2018,10,群馬,20,なめし革・同製品・毛皮製造業,1.0,ok,48.0,ok,,suppressed,,suppressed,,suppressed,,suppressed,,suppressed,1.0,ok,,nil_or_na,,nil_or_na
2018,10,群馬,21,窯業・土石製品製造業,25.0,ok,1561.0,ok,48952.0,ok,18464.0,ok,6752.0,ok,27713.0,ok,48589.0,ok,22.0,ok,3.0,ok,,nil_or_na
2018,10,群馬,22,鉄鋼業,31.0,ok,3495.0,ok,233191.0,ok,39128.0,ok,18787.0,ok,187402.0,ok,221179.0,ok,23.0,ok,5.0,ok,3.0,ok
2018,10,群馬,23,非鉄金属製造業,25.0,ok,2687.0,ok,133395.0,ok,33851.0,ok,12274.0,ok,93696.0,ok,127198.0,ok,17.0,ok,8.0,ok,,nil_or_na
2018,10,群馬,24,金属製品製造業,141.0,ok,11829.0,ok,353146.0,ok,142310.0,ok,53144.0,ok,177146.0,ok,327951.0,ok,116.0,ok,21.0,ok,4.0,ok
2018,10,群馬,25,はん用機械器具製造業,52.0,ok,8211.0,ok,314628.0,ok,81560.0,ok,43057.0,ok,223298.0,ok,282966.0,ok,35.0,ok,13.0,ok,4.0,ok
2018,10,群馬,26,生産用機械器具製造業,93.0,ok,7592.0,ok,218765.0,ok,84670.0,ok,35799.0,ok,130670.0,ok,222088.0,ok,76.0,ok,15.0,ok,2.0,ok
2018,10,群馬,27,業務用機械器具製造業,46.0,ok,6097.0,ok,310973.0,ok,151533.0,ok,30505.0,ok,146725.0,ok,288819.0,ok,30.0,ok,11.0,ok,5.0,ok
2018,10,群馬,28,電子部品・デバイス・電子回路製造業,36.0,ok,6429.0,ok,202624.0,ok,77301.0,ok,32904.0,ok,118231.0,ok,189450.0,ok,22.0,ok,10.0,ok,4.0,ok
2018,10,群馬,29,電気機械器具製造業,80.0,ok,10838.0,ok,385472.0,ok,121952.0,ok,51047.0,ok,256282.0,ok,387606.0,ok,56.0,ok,15.0,ok,9.0,ok
2018,10,群馬,30,情報通信機械器具製造業,12.0,ok,2084.0,ok,,suppressed,,suppressed,,suppressed,,suppressed,,suppressed,6.0,ok,4.0,ok,2.0,ok
2018,10,群馬,31,輸送用機械器具製造業,190.0,ok,48525.0,ok,3477237.0,ok,1038647.0,ok,269233.0,ok,2391439.0,ok,3431732.0,ok,108.0,ok,53.0,ok,29.0,ok
2018,10,群馬,32,その他の製造業,26.0,ok,2067.0,ok,59940.0,ok,24498.0,ok,9534.0,ok,33088.0,ok,59609.0,ok,23.0,ok,1.0,ok,2.0,ok
2018,11,埼玉,09,食料品製造業,405.0,ok,66248.0,ok,1892393.0,ok,696576.0,ok,192360.0,ok,1093223.0,ok,1799780.0,ok,230.0,ok,110.0,ok,65.0,ok
2018,11,埼玉,10,飲料・たばこ・飼料製造業,23.0,ok,2229.0,ok,190167.0,ok,45750.0,ok,10141.0,ok,133841.0,ok,187438.0,ok,14.0,ok,9.0,ok,,nil_or_na
2018,11,埼玉,11,繊維工業,36.0,ok,2761.0,ok,59409.0,ok,20622.0,ok,9184.0,ok,36285.0,ok,48869.0,ok,30.0,ok,5.0,ok,1.0,ok
2018,11,埼玉,12,木材・木製品製造業（家具を除く）,17.0,ok,866.0,ok,42166.0,ok,12579.0,ok,3576.0,ok,28123.0,ok,39419.0,ok,17.0,ok,,nil_or_na,,nil_or_na
2018,11,埼玉,13,家具・装備品製造業,23.0,ok,1993.0,ok,91565.0,ok,15780.0,ok,7557.0,ok,72759.0,ok,53370.0,ok,18.0,ok,3.0,ok,2.0,ok
2018,11,埼玉,14,パルプ・紙・紙加工品製造業,139.0,ok,10011.0,ok,432092.0,ok,137725.0,ok,42568.0,ok,271749.0,ok,407208.0,ok,111.0,ok,27.0,ok,1.0,ok
2018,11,埼玉,15,印刷・同関連業,217.0,ok,24493.0,ok,613095.0,ok,258951.0,ok,118445.0,ok,311261.0,ok,602615.0,ok,152.0,ok,55.0,ok,10.0,ok
2018,11,埼玉,16,化学工業,161.0,ok,21682.0,ok,1616264.0,ok,662226.0,ok,105761.0,ok,884926.0,ok,1555862.0,ok,102.0,ok,39.0,ok,20.0,ok
2018,11,埼玉,17,石油製品・石炭製品製造業,2.0,ok,86.0,ok,,suppressed,,suppressed,,suppressed,,suppressed,,suppressed,2.0,ok,,nil_or_na,,nil_or_na
2018,11,埼玉,18,プラスチック製品製造業（別掲を除く）,189.0,ok,16701.0,ok,549859.0,ok,195488.0,ok,73599.0,ok,322950.0,ok,530726.0,ok,143.0,ok,40.0,ok,6.0,ok
2018,11,埼玉,19,ゴム製品製造業,46.0,ok,4598.0,ok,103291.0,ok,40848.0,ok,20821.0,ok,56833.0,ok,92300.0,ok,32.0,ok,11.0,ok,3.0,ok
2018,11,埼玉,20,なめし革・同製品・毛皮製造業,7.0,ok,501.0,ok,,suppressed,,suppressed,,suppressed,,suppressed,,suppressed,5.0,ok,2.0,ok,,nil_or_na
2018,11,埼玉,21,窯業・土石製品製造業,49.0,ok,3469.0,ok,153132.0,ok,59163.0,ok,17065.0,ok,83619.0,ok,129434.0,ok,38.0,ok,10.0,ok,1.0,ok
2018,11,埼玉,22,鉄鋼業,50.0,ok,3814.0,ok,287693.0,ok,64559.0,ok,19311.0,ok,208962.0,ok,253660.0,ok,40.0,ok,9.0,ok,1.0,ok
2018,11,埼玉,23,非鉄金属製造業,71.0,ok,7790.0,ok,528048.0,ok,107382.0,ok,40458.0,ok,408044.0,ok,522979.0,ok,54.0,ok,11.0,ok,6.0,ok
2018,11,埼玉,24,金属製品製造業,226.0,ok,15926.0,ok,468782.0,ok,175873.0,ok,73800.0,ok,264009.0,ok,454709.0,ok,187.0,ok,37.0,ok,2.0,ok
2018,11,埼玉,25,はん用機械器具製造業,76.0,ok,10477.0,ok,377912.0,ok,173491.0,ok,52430.0,ok,192941.0,ok,350404.0,ok,49.0,ok,21.0,ok,6.0,ok
2018,11,埼玉,26,生産用機械器具製造業,152.0,ok,13132.0,ok,406296.0,ok,125253.0,ok,65666.0,ok,270445.0,ok,385918.0,ok,121.0,ok,27.0,ok,4.0,ok
2018,11,埼玉,27,業務用機械器具製造業,100.0,ok,10347.0,ok,419614.0,ok,171889.0,ok,48141.0,ok,232834.0,ok,407740.0,ok,72.0,ok,24.0,ok,4.0,ok
2018,11,埼玉,28,電子部品・デバイス・電子回路製造業,68.0,ok,10962.0,ok,337069.0,ok,137493.0,ok,55227.0,ok,189414.0,ok,332160.0,ok,46.0,ok,16.0,ok,6.0,ok
2018,11,埼玉,29,電気機械器具製造業,128.0,ok,14772.0,ok,461851.0,ok,166780.0,ok,73818.0,ok,281132.0,ok,438782.0,ok,99.0,ok,18.0,ok,11.0,ok
2018,11,埼玉,30,情報通信機械器具製造業,36.0,ok,7318.0,ok,361124.0,ok,88249.0,ok,43150.0,ok,264992.0,ok,358183.0,ok,25.0,ok,6.0,ok,5.0,ok
2018,11,埼玉,31,輸送用機械器具製造業,203.0,ok,42095.0,ok,2638258.0,ok,571721.0,ok,226568.0,ok,1976695.0,ok,2550960.0,ok,115.0,ok,60.0,ok,28.0,ok
2018,11,埼玉,32,その他の製造業,79.0,ok,7253.0,ok,212057.0,ok,75277.0,ok,28359.0,ok,125926.0,ok,183769.0,ok,59.0,ok,16.0,ok,4.0,ok
2018,12,千葉,09,食料品製造業,299.0,ok,45791.0,ok,1503160.0,ok,464182.0,ok,154498.0,ok,967448.0,ok,1454575.0,ok,178.0,ok,86.0,ok,35.0,ok
2018,12,千葉,10,飲料・たばこ・飼料製造業,22.0,ok,2875.0,ok,367343.0,ok,141227.0,ok,15478.0,ok,115734.0,ok,365223.0,ok,12.0,ok,9.0,ok,1.0,ok
2018,12,千葉,11,繊維工業,15.0,ok,983.0,ok,10427.0,ok,5785.0,ok,3076.0,ok,3585.0,ok,10442.0,ok,14.0,ok,1.0,ok,,nil_or_na
2018,12,千葉,12,木材・木製品製造業（家具を除く）,20.0,ok,1146.0,ok,53659.0,ok,11154.0,ok,4381.0,ok,41250.0,ok,48831.0,ok,18.0,ok,2.0,ok,,nil_or_na
2018,12,千葉,13,家具・装備品製造業,12.0,ok,1761.0,ok,86503.0,ok,33138.0,ok,8890.0,ok,48967.0,ok,72805.0,ok,5.0,ok,5.0,ok,2.0,ok
2018,12,千葉,14,パルプ・紙・紙加工品製造業,42.0,ok,2943.0,ok,105924.0,ok,32813.0,ok,11862.0,ok,66920.0,ok,102712.0,ok,37.0,ok,4.0,ok,1.0,ok
2018,12,千葉,15,印刷・同関連業,45.0,ok,3338.0,ok,79741.0,ok,37543.0,ok,13936.0,ok,36262.0,ok,76634.0,ok,37.0,ok,8.0,ok,,nil_or_na
2018,12,千葉,16,化学工業,136.0,ok,20995.0,ok,2185290.0,ok,719390.0,ok,125281.0,ok,1363926.0,ok,2125142.0,ok,76.0,ok,43.0,ok,17.0,ok
2018,12,千葉,17,石油製品・石炭製品製造業,12.0,ok,2674.0,ok,3094805.0,ok,123789.0,ok,19290.0,ok,2493292.0,ok,3012156.0,ok,7.0,ok,1.0,ok,4.0,ok
2018,12,千葉,18,プラスチック製品製造業（別掲を除く）,89.0,ok,7254.0,ok,263226.0,ok,87513.0,ok,32238.0,ok,163520.0,ok,253233.0,ok,68.0,ok,20.0,ok,1.0,ok
2018,12,千葉,19,ゴム製品製造業,20.0,ok,1464.0,ok,25195.0,ok,12003.0,ok,6900.0,ok,10980.0,ok,24451.0,ok,15.0,ok,5.0,ok,,nil_or_na
2018,12,千葉,20,なめし革・同製品・毛皮製造業,6.0,ok,337.0,ok,6074.0,ok,1923.0,ok,1135.0,ok,3882.0,ok,5880.0,ok,5.0,ok,1.0,ok,,nil_or_na
2018,12,千葉,21,窯業・土石製品製造業,50.0,ok,5370.0,ok,206520.0,ok,90485.0,ok,27734.0,ok,104918.0,ok,186642.0,ok,35.0,ok,12.0,ok,3.0,ok
2018,12,千葉,22,鉄鋼業,87.0,ok,15463.0,ok,1617748.0,ok,268227.0,ok,99768.0,ok,1277622.0,ok,1576601.0,ok,59.0,ok,22.0,ok,6.0,ok
2018,12,千葉,23,非鉄金属製造業,25.0,ok,4706.0,ok,197125.0,ok,61060.0,ok,29783.0,ok,129086.0,ok,166824.0,ok,15.0,ok,8.0,ok,2.0,ok
2018,12,千葉,24,金属製品製造業,158.0,ok,12935.0,ok,496587.0,ok,202908.0,ok,66319.0,ok,269384.0,ok,484110.0,ok,122.0,ok,32.0,ok,4.0,ok
2018,12,千葉,25,はん用機械器具製造業,43.0,ok,4641.0,ok,200918.0,ok,88701.0,ok,25906.0,ok,104769.0,ok,158458.0,ok,32.0,ok,7.0,ok,4.0,ok
2018,12,千葉,26,生産用機械器具製造業,87.0,ok,10293.0,ok,531693.0,ok,164925.0,ok,58010.0,ok,363836.0,ok,489874.0,ok,53.0,ok,28.0,ok,6.0,ok
2018,12,千葉,27,業務用機械器具製造業,29.0,ok,2687.0,ok,96355.0,ok,32652.0,ok,11884.0,ok,53573.0,ok,82372.0,ok,20.0,ok,9.0,ok,,nil_or_na
2018,12,千葉,28,電子部品・デバイス・電子回路製造業,24.0,ok,6073.0,ok,208444.0,ok,57452.0,ok,38345.0,ok,128590.0,ok,198416.0,ok,11.0,ok,9.0,ok,4.0,ok
2018,12,千葉,29,電気機械器具製造業,46.0,ok,5657.0,ok,172849.0,ok,61663.0,ok,28967.0,ok,102544.0,ok,162877.0,ok,31.0,ok,11.0,ok,4.0,ok
2018,12,千葉,30,情報通信機械器具製造業,8.0,ok,1939.0,ok,206167.0,ok,19775.0,ok,13971.0,ok,179310.0,ok,63341.0,ok,4.0,ok,3.0,ok,1.0,ok
2018,12,千葉,31,輸送用機械器具製造業,37.0,ok,3575.0,ok,105316.0,ok,32156.0,ok,17764.0,ok,72852.0,ok,99632.0,ok,27.0,ok,9.0,ok,1.0,ok
2018,12,千葉,32,その他の製造業,30.0,ok,2668.0,ok,101098.0,ok,29967.0,ok,10865.0,ok,67409.0,ok,92504.0,ok,21.0,ok,8.0,ok,1.0,ok
2018,13,東京,09,食料品製造業,178.0,ok,23988.0,ok,614162.0,ok,224579.0,ok,80002.0,ok,358591.0,ok,564000.0,ok,113.0,ok,42.0,ok,23.0,ok
2018,13,東京,10,飲料・たばこ・飼料製造業,8.0,ok,738.0,ok,98854.0,ok,19600.0,ok,4175.0,ok,51316.0,ok,98911.0,ok,5.0,ok,3.0,ok,,nil_or_na
2018,13,東京,11,繊維工業,21.0,ok,1090.0,ok,12649.0,ok,4958.0,ok,3482.0,ok,7098.0,ok,11418.0,ok,19.0,ok,2.0,ok,,nil_or_na
2018,13,東京,12,木材・木製品製造業（家具を除く）,2.0,ok,118.0,ok,,suppressed,,suppressed,,suppressed,,suppressed,,suppressed,2.0,ok,,nil_or_na,,nil_or_na
2018,13,東京,13,家具・装備品製造業,16.0,ok,1646.0,ok,83151.0,ok,21920.0,ok,9621.0,ok,68226.0,ok,82970.0,ok,14.0,ok,1.0,ok,1.0,ok
2018,13,東京,14,パルプ・紙・紙加工品製造業,34.0,ok,2057.0,ok,82155.0,ok,25300.0,ok,9635.0,ok,52699.0,ok,63456.0,ok,30.0,ok,4.0,ok,,nil_or_na
2018,13,東京,15,印刷・同関連業,283.0,ok,26496.0,ok,505859.0,ok,245366.0,ok,137347.0,ok,225833.0,ok,495389.0,ok,228.0,ok,45.0,ok,10.0,ok
2018,13,東京,16,化学工業,61.0,ok,9004.0,ok,338308.0,ok,159584.0,ok,53744.0,ok,159580.0,ok,320950.0,ok,44.0,ok,12.0,ok,5.0,ok
2018,13,東京,17,石油製品・石炭製品製造業,2.0,ok,104.0,ok,,suppressed,,suppressed,,suppressed,,suppressed,,suppressed,2.0,ok,,nil_or_na,,nil_or_na
2018,13,東京,18,プラスチック製品製造業（別掲を除く）,41.0,ok,2221.0,ok,41358.0,ok,18634.0,ok,9699.0,ok,20335.0,ok,36436.0,ok,38.0,ok,3.0,ok,,nil_or_na
2018,13,東京,19,ゴム製品製造業,10.0,ok,687.0,ok,13283.0,ok,2674.0,ok,3602.0,ok,8834.0,ok,11954.0,ok,9.0,ok,1.0,ok,,nil_or_na
2018,13,東京,20,なめし革・同製品・毛皮製造業,19.0,ok,1440.0,ok,24210.0,ok,8173.0,ok,4878.0,ok,15210.0,ok,22696.0,ok,16.0,ok,2.0,ok,1.0,ok
2018,13,東京,21,窯業・土石製品製造業,19.0,ok,1509.0,ok,62449.0,ok,27650.0,ok,8366.0,ok,31244.0,ok,55016.0,ok,14.0,ok,5.0,ok,,nil_or_na
2018,13,東京,22,鉄鋼業,17.0,ok,1826.0,ok,135899.0,ok,30525.0,ok,10943.0,ok,100902.0,ok,133751.0,ok,11.0,ok,5.0,ok,1.0,ok
2018,13,東京,23,非鉄金属製造業,18.0,ok,1408.0,ok,72017.0,ok,15877.0,ok,6999.0,ok,54522.0,ok,70355.0,ok,15.0,ok,2.0,ok,1.0,ok
2018,13,東京,24,金属製品製造業,91.0,ok,5118.0,ok,100650.0,ok,47701.0,ok,24489.0,ok,46036.0,ok,95267.0,ok,83.0,ok,7.0,ok,1.0,ok
2018,13,東京,25,はん用機械器具製造業,50.0,ok,4580.0,ok,133110.0,ok,56203.0,ok,25173.0,ok,72516.0,ok,125624.0,ok,39.0,ok,8.0,ok,3.0,ok
2018,13,東京,26,生産用機械器具製造業,104.0,ok,7933.0,ok,259725.0,ok,111185.0,ok,41924.0,ok,145290.0,ok,238258.0,ok,89.0,ok,12.0,ok,3.0,ok
2018,13,東京,27,業務用機械器具製造業,89.0,ok,8299.0,ok,232268.0,ok,97994.0,ok,48800.0,ok,128761.0,ok,213252.0,ok,73.0,ok,11.0,ok,5.0,ok
2018,13,東京,28,電子部品・デバイス・電子回路製造業,53.0,ok,7248.0,ok,334607.0,ok,105272.0,ok,43829.0,ok,208820.0,ok,330327.0,ok,37.0,ok,12.0,ok,4.0,ok
2018,13,東京,29,電気機械器具製造業,120.0,ok,18571.0,ok,695821.0,ok,277798.0,ok,115783.0,ok,414555.0,ok,608690.0,ok,92.0,ok,19.0,ok,9.0,ok
2018,13,東京,30,情報通信機械器具製造業,31.0,ok,6652.0,ok,535022.0,ok,241977.0,ok,47807.0,ok,299136.0,ok,465137.0,ok,19.0,ok,9.0,ok,3.0,ok
2018,13,東京,31,輸送用機械器具製造業,63.0,ok,18944.0,ok,1443446.0,ok,563070.0,ok,118415.0,ok,803659.0,ok,1418534.0,ok,42.0,ok,16.0,ok,5.0,ok
2018,13,東京,32,その他の製造業,54.0,ok,4526.0,ok,135062.0,ok,51210.0,ok,23996.0,ok,78124.0,ok,109427.0,ok,42.0,ok,11.0,ok,1.0,ok
2018,14,神奈川,09,食料品製造業,259.0,ok,46338.0,ok,1540113.0,ok,535076.0,ok,152453.0,ok,933832.0,ok,1450520.0,ok,124.0,ok,88.0,ok,47.0,ok
2018,14,神奈川,10,飲料・たばこ・飼料製造業,22.0,ok,2767.0,ok,403800.0,ok,155608.0,ok,13059.0,ok,152925.0,ok,402639.0,ok,11.0,ok,11.0,ok,,nil_or_na
2018,14,神奈川,11,繊維工業,14.0,ok,1170.0,ok,26517.0,ok,12511.0,ok,5404.0,ok,12394.0,ok,23282.0,ok,10.0,ok,4.0,ok,,nil_or_na
2018,14,神奈川,12,木材・木製品製造業（家具を除く）,4.0,ok,192.0,ok,,suppressed,,suppressed,,suppressed,,suppressed,,suppressed,4.0,ok,,nil_or_na,,nil_or_na
2018,14,神奈川,13,家具・装備品製造業,15.0,ok,1823.0,ok,62603.0,ok,24648.0,ok,8172.0,ok,35093.0,ok,60142.0,ok,9.0,ok,5.0,ok,1.0,ok
2018,14,神奈川,14,パルプ・紙・紙加工品製造業,53.0,ok,5253.0,ok,197980.0,ok,60582.0,ok,23003.0,ok,127368.0,ok,174872.0,ok,36.0,ok,15.0,ok,2.0,ok
2018,14,神奈川,15,印刷・同関連業,69.0,ok,6193.0,ok,141510.0,ok,72751.0,ok,30530.0,ok,58083.0,ok,137696.0,ok,56.0,ok,11.0,ok,2.0,ok
2018,14,神奈川,16,化学工業,122.0,ok,20223.0,ok,1880736.0,ok,704307.0,ok,120230.0,ok,1096942.0,ok,1872301.0,ok,62.0,ok,44.0,ok,16.0,ok
2018,14,神奈川,17,石油製品・石炭製品製造業,16.0,ok,2729.0,ok,2303871.0,ok,270119.0,ok,23817.0,ok,1536037.0,ok,2286623.0,ok,12.0,ok,1.0,ok,3.0,ok
2018,14,神奈川,18,プラスチック製品製造業（別掲を除く）,117.0,ok,10781.0,ok,435089.0,ok,164948.0,ok,53203.0,ok,245195.0,ok,424799.0,ok,93.0,ok,19.0,ok,5.0,ok
2018,14,神奈川,19,ゴム製品製造業,13.0,ok,5047.0,ok,93559.0,ok,33108.0,ok,30306.0,ok,51521.0,ok,76256.0,ok,5.0,ok,6.0,ok,2.0,ok
2018,14,神奈川,20,なめし革・同製品・毛皮製造業,1.0,ok,111.0,ok,,suppressed,,suppressed,,suppressed,,suppressed,,suppressed,,nil_or_na,1.0,ok,,nil_or_na
2018,14,神奈川,21,窯業・土石製品製造業,45.0,ok,5750.0,ok,202715.0,ok,78305.0,ok,35041.0,ok,110124.0,ok,191464.0,ok,33.0,ok,6.0,ok,6.0,ok
2018,14,神奈川,22,鉄鋼業,41.0,ok,7130.0,ok,622414.0,ok,57949.0,ok,48436.0,ok,559631.0,ok,617242.0,ok,28.0,ok,8.0,ok,5.0,ok
2018,14,神奈川,23,非鉄金属製造業,39.0,ok,5309.0,ok,360267.0,ok,112286.0,ok,27907.0,ok,241029.0,ok,358000.0,ok,22.0,ok,13.0,ok,4.0,ok
2018,14,神奈川,24,金属製品製造業,172.0,ok,14285.0,ok,421248.0,ok,157411.0,ok,72705.0,ok,248494.0,ok,411831.0,ok,143.0,ok,22.0,ok,7.0,ok
2018,14,神奈川,25,はん用機械器具製造業,96.0,ok,19601.0,ok,799208.0,ok,219047.0,ok,121664.0,ok,547828.0,ok,741674.0,ok,57.0,ok,26.0,ok,13.0,ok
2018,14,神奈川,26,生産用機械器具製造業,183.0,ok,22506.0,ok,1109399.0,ok,309547.0,ok,140144.0,ok,767327.0,ok,985926.0,ok,121.0,ok,48.0,ok,14.0,ok
2018,14,神奈川,27,業務用機械器具製造業,88.0,ok,10783.0,ok,416725.0,ok,134588.0,ok,70472.0,ok,272773.0,ok,380707.0,ok,59.0,ok,23.0,ok,6.0,ok
2018,14,神奈川,28,電子部品・デバイス・電子回路製造業,88.0,ok,10330.0,ok,376374.0,ok,159892.0,ok,59262.0,ok,195167.0,ok,363310.0,ok,62.0,ok,18.0,ok,8.0,ok
2018,14,神奈川,29,電気機械器具製造業,134.0,ok,18680.0,ok,661311.0,ok,195655.0,ok,105856.0,ok,431796.0,ok,584545.0,ok,89.0,ok,37.0,ok,8.0,ok
2018,14,神奈川,30,情報通信機械器具製造業,58.0,ok,13698.0,ok,855306.0,ok,294369.0,ok,98987.0,ok,543965.0,ok,854665.0,ok,28.0,ok,19.0,ok,11.0,ok
2018,14,神奈川,31,輸送用機械器具製造業,196.0,ok,55065.0,ok,4052122.0,ok,925206.0,ok,325658.0,ok,3014598.0,ok,3976398.0,ok,115.0,ok,47.0,ok,34.0,ok
2018,14,神奈川,32,その他の製造業,37.0,ok,3253.0,ok,79943.0,ok,30960.0,ok,15412.0,ok,45748.0,ok,77066.0,ok,25.0,ok,11.0,ok,1.0,ok
2018,15,新潟,09,食料品製造業,203.0,ok,28320.0,ok,704424.0,ok,301325.0,ok,90051.0,ok,360119.0,ok,682280.0,ok,125.0,ok,52.0,ok,26.0,ok
2018,15,新潟,10,飲料・たばこ・飼料製造業,21.0,ok,1531.0,ok,45584.0,ok,17308.0,ok,7169.0,ok,18906.0,ok,43422.0,ok,17.0,ok,4.0,ok,,nil_or_na
2018,15,新潟,11,繊維工業,73.0,ok,5825.0,ok,50937.0,ok,28278.0,ok,16797.0,ok,19566.0,ok,48392.0,ok,59.0,ok,13.0,ok,1.0,ok
2018,15,新潟,12,木材・木製品製造業（家具を除く）,9.0,ok,629.0,ok,16914.0,ok,5618.0,ok,2621.0,ok,10810.0,ok,15648.0,ok,7.0,ok,2.0,ok,,nil_or_na
2018,15,新潟,13,家具・装備品製造業,21.0,ok,1814.0,ok,28840.0,ok,10550.0,ok,6998.0,ok,16823.0,ok,27476.0,ok,17.0,ok,3.0,ok,1.0,ok
2018,15,新潟,14,パルプ・紙・紙加工品製造業,33.0,ok,3044.0,ok,201529.0,ok,56213.0,ok,12611.0,ok,125745.0,ok,195304.0,ok,28.0,ok,3.0,ok,2.0,ok
2018,15,新潟,15,印刷・同関連業,50.0,ok,3721.0,ok,63878.0,ok,24113.0,ok,12714.0,ok,35439.0,ok,59268.0,ok,37.0,ok,13.0,ok,,nil_or_na
2018,15,新潟,16,化学工業,30.0,ok,7307.0,ok,621482.0,ok,241246.0,ok,44587.0,ok,357652.0,ok,510244.0,ok,12.0,ok,11.0,ok,7.0,ok
2018,15,新潟,17,石油製品・石炭製品製造業,2.0,ok,65.0,ok,,suppressed,,suppressed,,suppressed,,suppressed,,suppressed,2.0,ok,,nil_or_na,,nil_or_na
2018,15,新潟,18,プラスチック製品製造業（別掲を除く）,64.0,ok,5915.0,ok,169905.0,ok,47527.0,ok,23350.0,ok,114321.0,ok,151937.0,ok,47.0,ok,14.0,ok,3.0,ok
2018,15,新潟,19,ゴム製品製造業,9.0,ok,764.0,ok,12408.0,ok,4759.0,ok,2482.0,ok,6909.0,ok,11669.0,ok,6.0,ok,3.0,ok,,nil_or_na
2018,15,新潟,20,なめし革・同製品・毛皮製造業,2.0,ok,155.0,ok,,suppressed,,suppressed,,suppressed,,suppressed,,suppressed,2.0,ok,,nil_or_na,,nil_or_na
2018,15,新潟,21,窯業・土石製品製造業,26.0,ok,1891.0,ok,49050.0,ok,12797.0,ok,8147.0,ok,32304.0,ok,45863.0,ok,22.0,ok,3.0,ok,1.0,ok
2018,15,新潟,22,鉄鋼業,49.0,ok,4527.0,ok,191158.0,ok,49529.0,ok,20537.0,ok,134541.0,ok,181149.0,ok,40.0,ok,7.0,ok,2.0,ok
2018,15,新潟,23,非鉄金属製造業,16.0,ok,1859.0,ok,60908.0,ok,18119.0,ok,8123.0,ok,38436.0,ok,60501.0,ok,10.0,ok,5.0,ok,1.0,ok
2018,15,新潟,24,金属製品製造業,197.0,ok,15357.0,ok,390858.0,ok,153983.0,ok,62912.0,ok,217939.0,ok,372054.0,ok,154.0,ok,41.0,ok,2.0,ok
2018,15,新潟,25,はん用機械器具製造業,60.0,ok,8242.0,ok,227905.0,ok,88678.0,ok,37906.0,ok,128991.0,ok,220875.0,ok,35.0,ok,20.0,ok,5.0,ok
2018,15,新潟,26,生産用機械器具製造業,146.0,ok,12051.0,ok,337350.0,ok,127047.0,ok,55445.0,ok,205665.0,ok,332859.0,ok,114.0,ok,28.0,ok,4.0,ok
2018,15,新潟,27,業務用機械器具製造業,27.0,ok,3443.0,ok,147094.0,ok,52906.0,ok,16357.0,ok,91404.0,ok,147122.0,ok,18.0,ok,7.0,ok,2.0,ok
2018,15,新潟,28,電子部品・デバイス・電子回路製造業,90.0,ok,15492.0,ok,332803.0,ok,133047.0,ok,76744.0,ok,173359.0,ok,306769.0,ok,57.0,ok,20.0,ok,13.0,ok
2018,15,新潟,29,電気機械器具製造業,78.0,ok,8619.0,ok,293851.0,ok,85524.0,ok,38080.0,ok,199866.0,ok,281733.0,ok,57.0,ok,14.0,ok,7.0,ok
2018,15,新潟,30,情報通信機械器具製造業,13.0,ok,1822.0,ok,94754.0,ok,24480.0,ok,7843.0,ok,68355.0,ok,91869.0,ok,8.0,ok,3.0,ok,2.0,ok
2018,15,新潟,31,輸送用機械器具製造業,73.0,ok,8193.0,ok,227905.0,ok,71114.0,ok,35223.0,ok,144799.0,ok,221456.0,ok,50.0,ok,18.0,ok,5.0,ok
2018,15,新潟,32,その他の製造業,12.0,ok,1125.0,ok,17737.0,ok,12568.0,ok,4031.0,ok,3876.0,ok,17895.0,ok,8.0,ok,3.0,ok,1.0,ok
2018,16,富山,09,食料品製造業,72.0,ok,5733.0,ok,121654.0,ok,38086.0,ok,16755.0,ok,76315.0,ok,115119.0,ok,55.0,ok,17.0,ok,,nil_or_na
2018,16,富山,10,飲料・たばこ・飼料製造業,9.0,ok,875.0,ok,56407.0,ok,12342.0,ok,3114.0,ok,41336.0,ok,56580.0,ok,6.0,ok,3.0,ok,,nil_or_na
2018,16,富山,11,繊維工業,46.0,ok,3224.0,ok,55971.0,ok,19787.0,ok,10984.0,ok,32364.0,ok,50830.0,ok,39.0,ok,6.0,ok,1.0,ok
2018,16,富山,12,木材・木製品製造業（家具を除く）,11.0,ok,681.0,ok,15678.0,ok,5117.0,ok,2726.0,ok,9835.0,ok,14237.0,ok,10.0,ok,1.0,ok,,nil_or_na
2018,16,富山,13,家具・装備品製造業,13.0,ok,924.0,ok,30244.0,ok,10023.0,ok,3992.0,ok,19036.0,ok,30561.0,ok,11.0,ok,2.0,ok,,nil_or_na
2018,16,富山,14,パルプ・紙・紙加工品製造業,25.0,ok,3096.0,ok,137480.0,ok,41120.0,ok,13780.0,ok,84172.0,ok,116722.0,ok,15.0,ok,9.0,ok,1.0,ok
2018,16,富山,15,印刷・同関連業,19.0,ok,1449.0,ok,26812.0,ok,11262.0,ok,5277.0,ok,13625.0,ok,25437.0,ok,15.0,ok,3.0,ok,1.0,ok
2018,16,富山,16,化学工業,78.0,ok,14557.0,ok,716183.0,ok,259272.0,ok,70193.0,ok,405285.0,ok,613487.0,ok,32.0,ok,28.0,ok,18.0,ok
2018,16,富山,17,石油製品・石炭製品製造業,,nil_or_na,,nil_or_na,,nil_or_na,,nil_or_na,,nil_or_na,,nil_or_na,,nil_or_na,,nil_or_na,,nil_or_na,,nil_or_na
2018,16,富山,18,プラスチック製品製造業（別掲を除く）,70.0,ok,7326.0,ok,159391.0,ok,58788.0,ok,27754.0,ok,91408.0,ok,143173.0,ok,46.0,ok,19.0,ok,5.0,ok
2018,16,富山,19,ゴム製品製造業,6.0,ok,977.0,ok,14007.0,ok,6655.0,ok,3946.0,ok,6517.0,ok,12895.0,ok,3.0,ok,2.0,ok,1.0,ok
2018,16,富山,20,なめし革・同製品・毛皮製造業,2.0,ok,149.0,ok,,suppressed,,suppressed,,suppressed,,suppressed,,suppressed,2.0,ok,,nil_or_na,,nil_or_na
2018,16,富山,21,窯業・土石製品製造業,24.0,ok,1857.0,ok,67034.0,ok,35976.0,ok,7502.0,ok,30014.0,ok,65533.0,ok,20.0,ok,4.0,ok,,nil_or_na
2018,16,富山,22,鉄鋼業,25.0,ok,3964.0,ok,188120.0,ok,68250.0,ok,22127.0,ok,116153.0,ok,183212.0,ok,14.0,ok,9.0,ok,2.0,ok
2018,16,富山,23,非鉄金属製造業,25.0,ok,5942.0,ok,380357.0,ok,70406.0,ok,31403.0,ok,294845.0,ok,339010.0,ok,14.0,ok,6.0,ok,5.0,ok
2018,16,富山,24,金属製品製造業,121.0,ok,14651.0,ok,344178.0,ok,121773.0,ok,66806.0,ok,203025.0,ok,335413.0,ok,87.0,ok,28.0,ok,6.0,ok
2018,16,富山,25,はん用機械器具製造業,27.0,ok,2607.0,ok,70041.0,ok,20535.0,ok,11521.0,ok,45120.0,ok,69398.0,ok,17.0,ok,9.0,ok,1.0,ok
2018,16,富山,26,生産用機械器具製造業,101.0,ok,12585.0,ok,527023.0,ok,200503.0,ok,63478.0,ok,315747.0,ok,521427.0,ok,78.0,ok,18.0,ok,5.0,ok
2018,16,富山,27,業務用機械器具製造業,6.0,ok,770.0,ok,34506.0,ok,10286.0,ok,3518.0,ok,23240.0,ok,32247.0,ok,1.0,ok,5.0,ok,,nil_or_na
2018,16,富山,28,電子部品・デバイス・電子回路製造業,48.0,ok,9310.0,ok,335419.0,ok,144059.0,ok,52084.0,ok,161669.0,ok,335293.0,ok,25.0,ok,16.0,ok,7.0,ok
2018,16,富山,29,電気機械器具製造業,21.0,ok,1897.0,ok,41037.0,ok,16872.0,ok,7593.0,ok,21699.0,ok,38430.0,ok,14.0,ok,6.0,ok,1.0,ok
2018,16,富山,30,情報通信機械器具製造業,5.0,ok,384.0,ok,,suppressed,,suppressed,,suppressed,,suppressed,,suppressed,4.0,ok,1.0,ok,,nil_or_na
2018,16,富山,31,輸送用機械器具製造業,30.0,ok,4992.0,ok,148612.0,ok,49333.0,ok,26232.0,ok,89705.0,ok,147917.0,ok,16.0,ok,8.0,ok,6.0,ok
2018,16,富山,32,その他の製造業,12.0,ok,5265.0,ok,143852.0,ok,64150.0,ok,27130.0,ok,72065.0,ok,145743.0,ok,8.0,ok,3.0,ok,1.0,ok
2018,17,石川,09,食料品製造業,87.0,ok,8483.0,ok,137862.0,ok,50766.0,ok,23627.0,ok,79698.0,ok,131076.0,ok,60.0,ok,24.0,ok,3.0,ok
2018,17,石川,10,飲料・たばこ・飼料製造業,4.0,ok,272.0,ok,5413.0,ok,3081.0,ok,1147.0,ok,1626.0,ok,5597.0,ok,3.0,ok,1.0,ok,,nil_or_na
2018,17,石川,11,繊維工業,73.0,ok,6181.0,ok,144801.0,ok,55480.0,ok,23724.0,ok,80262.0,ok,140098.0,ok,59.0,ok,12.0,ok,2.0,ok
2018,17,石川,12,木材・木製品製造業（家具を除く）,4.0,ok,372.0,ok,14898.0,ok,3003.0,ok,1609.0,ok,11258.0,ok,12900.0,ok,2.0,ok,2.0,ok,,nil_or_na
2018,17,石川,13,家具・装備品製造業,8.0,ok,2245.0,ok,53450.0,ok,27774.0,ok,10823.0,ok,21901.0,ok,53680.0,ok,5.0,ok,1.0,ok,2.0,ok
2018,17,石川,14,パルプ・紙・紙加工品製造業,11.0,ok,658.0,ok,14722.0,ok,4810.0,ok,2411.0,ok,8920.0,ok,14083.0,ok,10.0,ok,1.0,ok,,nil_or_na
2018,17,石川,15,印刷・同関連業,29.0,ok,2727.0,ok,55309.0,ok,22534.0,ok,11033.0,ok,28885.0,ok,50902.0,ok,23.0,ok,4.0,ok,2.0,ok
2018,17,石川,16,化学工業,12.0,ok,2105.0,ok,183065.0,ok,105086.0,ok,10296.0,ok,65485.0,ok,178765.0,ok,3.0,ok,7.0,ok,2.0,ok
2018,17,石川,17,石油製品・石炭製品製造業,1.0,ok,49.0,ok,,suppressed,,suppressed,,suppressed,,suppressed,,suppressed,1.0,ok,,nil_or_na,,nil_or_na
2018,17,石川,18,プラスチック製品製造業（別掲を除く）,23.0,ok,2102.0,ok,41278.0,ok,17528.0,ok,8699.0,ok,20583.0,ok,40125.0,ok,17.0,ok,5.0,ok,1.0,ok
2018,17,石川,19,ゴム製品製造業,2.0,ok,139.0,ok,,suppressed,,suppressed,,suppressed,,suppressed,,suppressed,2.0,ok,,nil_or_na,,nil_or_na
2018,17,石川,20,なめし革・同製品・毛皮製造業,,nil_or_na,,nil_or_na,,nil_or_na,,nil_or_na,,nil_or_na,,nil_or_na,,nil_or_na,,nil_or_na,,nil_or_na,,nil_or_na
2018,17,石川,21,窯業・土石製品製造業,10.0,ok,1347.0,ok,42547.0,ok,25516.0,ok,6464.0,ok,14388.0,ok,36042.0,ok,5.0,ok,4.0,ok,1.0,ok
2018,17,石川,22,鉄鋼業,15.0,ok,1055.0,ok,37327.0,ok,12812.0,ok,4725.0,ok,22469.0,ok,36496.0,ok,13.0,ok,2.0,ok,,nil_or_na
2018,17,石川,23,非鉄金属製造業,3.0,ok,724.0,ok,29391.0,ok,12093.0,ok,4189.0,ok,15876.0,ok,29446.0,ok,,nil_or_na,3.0,ok,,nil_or_na
2018,17,石川,24,金属製品製造業,61.0,ok,4660.0,ok,102816.0,ok,41686.0,ok,21586.0,ok,55142.0,ok,101975.0,ok,46.0,ok,14.0,ok,1.0,ok
2018,17,石川,25,はん用機械器具製造業,34.0,ok,3569.0,ok,104458.0,ok,37402.0,ok,17247.0,ok,63514.0,ok,101425.0,ok,21.0,ok,12.0,ok,1.0,ok
2018,17,石川,26,生産用機械器具製造業,121.0,ok,17195.0,ok,773830.0,ok,204420.0,ok,88209.0,ok,561001.0,ok,768290.0,ok,84.0,ok,22.0,ok,15.0,ok
2018,17,石川,27,業務用機械器具製造業,7.0,ok,1632.0,ok,106959.0,ok,37138.0,ok,8675.0,ok,67166.0,ok,107363.0,ok,2.0,ok,4.0,ok,1.0,ok
2018,17,石川,28,電子部品・デバイス・電子回路製造業,31.0,ok,11680.0,ok,414016.0,ok,140857.0,ok,62494.0,ok,225111.0,ok,418968.0,ok,10.0,ok,11.0,ok,10.0,ok
2018,17,石川,29,電気機械器具製造業,42.0,ok,4301.0,ok,100068.0,ok,39348.0,ok,19120.0,ok,56309.0,ok,92696.0,ok,28.0,ok,13.0,ok,1.0,ok
2018,17,石川,30,情報通信機械器具製造業,9.0,ok,2912.0,ok,167401.0,ok,36844.0,ok,14249.0,ok,127340.0,ok,152812.0,ok,3.0,ok,2.0,ok,4.0,ok
2018,17,石川,31,輸送用機械器具製造業,28.0,ok,4425.0,ok,168653.0,ok,58839.0,ok,22405.0,ok,101553.0,ok,165846.0,ok,21.0,ok,4.0,ok,3.0,ok
2018,17,石川,32,その他の製造業,9.0,ok,520.0,ok,13904.0,ok,5781.0,ok,2069.0,ok,6769.0,ok,13814.0,ok,8.0,ok,1.0,ok,,nil_or_na
2018,18,福井,09,食料品製造業,29.0,ok,2774.0,ok,40646.0,ok,17412.0,ok,7219.0,ok,20983.0,ok,38287.0,ok,20.0,ok,6.0,ok,3.0,ok
2018,18,福井,10,飲料・たばこ・飼料製造業,,nil_or_na,,nil_or_na,,nil_or_na,,nil_or_na,,nil_or_na,,nil_or_na,,nil_or_na,,nil_or_na,,nil_or_na,,nil_or_na
2018,18,福井,11,繊維工業,113.0,ok,10109.0,ok,188915.0,ok,78792.0,ok,35603.0,ok,96781.0,ok,180298.0,ok,80.0,ok,31.0,ok,2.0,ok
2018,18,福井,12,木材・木製品製造業（家具を除く）,11.0,ok,1111.0,ok,65390.0,ok,36329.0,ok,3616.0,ok,26858.0,ok,66249.0,ok,7.0,ok,4.0,ok,,nil_or_na
2018,18,福井,13,家具・装備品製造業,5.0,ok,421.0,ok,8631.0,ok,4760.0,ok,1735.0,ok,3264.0,ok,8616.0,ok,4.0,ok,1.0,ok,,nil_or_na
2018,18,福井,14,パルプ・紙・紙加工品製造業,13.0,ok,965.0,ok,56074.0,ok,14752.0,ok,5058.0,ok,36676.0,ok,52196.0,ok,10.0,ok,3.0,ok,,nil_or_na
2018,18,福井,15,印刷・同関連業,13.0,ok,1163.0,ok,19116.0,ok,9403.0,ok,4182.0,ok,8308.0,ok,18453.0,ok,8.0,ok,5.0,ok,,nil_or_na
2018,18,福井,16,化学工業,31.0,ok,3723.0,ok,234842.0,ok,78493.0,ok,20025.0,ok,139952.0,ok,232989.0,ok,21.0,ok,7.0,ok,3.0,ok
2018,18,福井,17,石油製品・石炭製品製造業,,nil_or_na,,nil_or_na,,nil_or_na,,nil_or_na,,nil_or_na,,nil_or_na,,nil_or_na,,nil_or_na,,nil_or_na,,nil_or_na
2018,18,福井,18,プラスチック製品製造業（別掲を除く）,38.0,ok,3984.0,ok,150998.0,ok,46979.0,ok,17668.0,ok,96818.0,ok,125316.0,ok,26.0,ok,10.0,ok,2.0,ok
2018,18,福井,19,ゴム製品製造業,2.0,ok,157.0,ok,,suppressed,,suppressed,,suppressed,,suppressed,,suppressed,1.0,ok,1.0,ok,,nil_or_na
2018,18,福井,20,なめし革・同製品・毛皮製造業,1.0,ok,46.0,ok,,suppressed,,suppressed,,suppressed,,suppressed,,suppressed,1.0,ok,,nil_or_na,,nil_or_na
2018,18,福井,21,窯業・土石製品製造業,13.0,ok,1173.0,ok,24883.0,ok,6892.0,ok,6209.0,ok,15685.0,ok,24600.0,ok,11.0,ok,1.0,ok,1.0,ok
2018,18,福井,22,鉄鋼業,2.0,ok,142.0,ok,,suppressed,,suppressed,,suppressed,,suppressed,,suppressed,2.0,ok,,nil_or_na,,nil_or_na
2018,18,福井,23,非鉄金属製造業,8.0,ok,1307.0,ok,139388.0,ok,11775.0,ok,8656.0,ok,125804.0,ok,141254.0,ok,5.0,ok,2.0,ok,1.0,ok
2018,18,福井,24,金属製品製造業,31.0,ok,2600.0,ok,71644.0,ok,31856.0,ok,11443.0,ok,35005.0,ok,70371.0,ok,24.0,ok,6.0,ok,1.0,ok
2018,18,福井,25,はん用機械器具製造業,6.0,ok,471.0,ok,16305.0,ok,3145.0,ok,2182.0,ok,12385.0,ok,15990.0,ok,5.0,ok,1.0,ok,,nil_or_na
2018,18,福井,26,生産用機械器具製造業,32.0,ok,2460.0,ok,92759.0,ok,30607.0,ok,13193.0,ok,61958.0,ok,82608.0,ok,26.0,ok,5.0,ok,1.0,ok
2018,18,福井,27,業務用機械器具製造業,5.0,ok,537.0,ok,7567.0,ok,3344.0,ok,2081.0,ok,4007.0,ok,7607.0,ok,3.0,ok,2.0,ok,,nil_or_na
2018,18,福井,28,電子部品・デバイス・電子回路製造業,26.0,ok,9574.0,ok,335382.0,ok,119063.0,ok,51247.0,ok,198994.0,ok,341356.0,ok,6.0,ok,10.0,ok,10.0,ok
2018,18,福井,29,電気機械器具製造業,23.0,ok,2976.0,ok,190206.0,ok,72802.0,ok,14077.0,ok,107027.0,ok,188814.0,ok,14.0,ok,7.0,ok,2.0,ok
2018,18,福井,30,情報通信機械器具製造業,3.0,ok,318.0,ok,,suppressed,,suppressed,,suppressed,,suppressed,,suppressed,2.0,ok,1.0,ok,,nil_or_na
2018,18,福井,31,輸送用機械器具製造業,6.0,ok,4594.0,ok,205964.0,ok,49022.0,ok,26832.0,ok,143245.0,ok,206400.0,ok,3.0,ok,2.0,ok,1.0,ok
2018,18,福井,32,その他の製造業,40.0,ok,3628.0,ok,55919.0,ok,26738.0,ok,13497.0,ok,26702.0,ok,49644.0,ok,30.0,ok,9.0,ok,1.0,ok
2018,19,山梨,09,食料品製造業,60.0,ok,8470.0,ok,191675.0,ok,72215.0,ok,26372.0,ok,109382.0,ok,188286.0,ok,34.0,ok,21.0,ok,5.0,ok
2018,19,山梨,10,飲料・たばこ・飼料製造業,30.0,ok,2341.0,ok,159862.0,ok,77232.0,ok,10642.0,ok,64597.0,ok,158267.0,ok,23.0,ok,7.0,ok,,nil_or_na
2018,19,山梨,11,繊維工業,10.0,ok,647.0,ok,15609.0,ok,5324.0,ok,2067.0,ok,9643.0,ok,15400.0,ok,9.0,ok,1.0,ok,,nil_or_na
2018,19,山梨,12,木材・木製品製造業（家具を除く）,2.0,ok,168.0,ok,,suppressed,,suppressed,,suppressed,,suppressed,,suppressed,2.0,ok,,nil_or_na,,nil_or_na
2018,19,山梨,13,家具・装備品製造業,7.0,ok,378.0,ok,5109.0,ok,2304.0,ok,1368.0,ok,2533.0,ok,4869.0,ok,7.0,ok,,nil_or_na,,nil_or_na
2018,19,山梨,14,パルプ・紙・紙加工品製造業,7.0,ok,360.0,ok,11588.0,ok,3280.0,ok,1379.0,ok,7674.0,ok,9801.0,ok,7.0,ok,,nil_or_na,,nil_or_na
2018,19,山梨,15,印刷・同関連業,1.0,ok,219.0,ok,,suppressed,,suppressed,,suppressed,,suppressed,,suppressed,,nil_or_na,1.0,ok,,nil_or_na
2018,19,山梨,16,化学工業,11.0,ok,1198.0,ok,44021.0,ok,26117.0,ok,6021.0,ok,15206.0,ok,43947.0,ok,5.0,ok,6.0,ok,,nil_or_na
2018,19,山梨,17,石油製品・石炭製品製造業,,nil_or_na,,nil_or_na,,nil_or_na,,nil_or_na,,nil_or_na,,nil_or_na,,nil_or_na,,nil_or_na,,nil_or_na,,nil_or_na
2018,19,山梨,18,プラスチック製品製造業（別掲を除く）,38.0,ok,3294.0,ok,79446.0,ok,31685.0,ok,12160.0,ok,42884.0,ok,78464.0,ok,25.0,ok,12.0,ok,1.0,ok
2018,19,山梨,19,ゴム製品製造業,3.0,ok,181.0,ok,21557.0,ok,10233.0,ok,1092.0,ok,10467.0,ok,20566.0,ok,3.0,ok,,nil_or_na,,nil_or_na
2018,19,山梨,20,なめし革・同製品・毛皮製造業,2.0,ok,78.0,ok,,suppressed,,suppressed,,suppressed,,suppressed,,suppressed,2.0,ok,,nil_or_na,,nil_or_na
2018,19,山梨,21,窯業・土石製品製造業,8.0,ok,674.0,ok,41678.0,ok,24257.0,ok,3715.0,ok,16488.0,ok,41573.0,ok,7.0,ok,1.0,ok,,nil_or_na
2018,19,山梨,22,鉄鋼業,5.0,ok,243.0,ok,6136.0,ok,2094.0,ok,946.0,ok,3651.0,ok,6120.0,ok,5.0,ok,,nil_or_na,,nil_or_na
2018,19,山梨,23,非鉄金属製造業,11.0,ok,1360.0,ok,42329.0,ok,16598.0,ok,6648.0,ok,23964.0,ok,42866.0,ok,7.0,ok,4.0,ok,,nil_or_na
2018,19,山梨,24,金属製品製造業,34.0,ok,2654.0,ok,81770.0,ok,35624.0,ok,11847.0,ok,42569.0,ok,81680.0,ok,26.0,ok,8.0,ok,,nil_or_na
2018,19,山梨,25,はん用機械器具製造業,14.0,ok,3069.0,ok,110070.0,ok,50576.0,ok,16837.0,ok,53740.0,ok,93464.0,ok,7.0,ok,4.0,ok,3.0,ok
2018,19,山梨,26,生産用機械器具製造業,59.0,ok,11957.0,ok,882798.0,ok,341277.0,ok,86025.0,ok,520947.0,ok,881711.0,ok,37.0,ok,16.0,ok,6.0,ok
2018,19,山梨,27,業務用機械器具製造業,15.0,ok,3256.0,ok,86730.0,ok,46773.0,ok,14027.0,ok,36831.0,ok,83964.0,ok,9.0,ok,2.0,ok,4.0,ok
2018,19,山梨,28,電子部品・デバイス・電子回路製造業,42.0,ok,6072.0,ok,204681.0,ok,61446.0,ok,35003.0,ok,131196.0,ok,200984.0,ok,22.0,ok,15.0,ok,5.0,ok
2018,19,山梨,29,電気機械器具製造業,26.0,ok,3520.0,ok,105138.0,ok,33245.0,ok,15879.0,ok,69389.0,ok,102386.0,ok,14.0,ok,11.0,ok,1.0,ok
2018,19,山梨,30,情報通信機械器具製造業,12.0,ok,1831.0,ok,116042.0,ok,34317.0,ok,10504.0,ok,78179.0,ok,113818.0,ok,7.0,ok,3.0,ok,2.0,ok
2018,19,山梨,31,輸送用機械器具製造業,22.0,ok,3473.0,ok,96232.0,ok,30294.0,ok,19567.0,ok,60735.0,ok,95732.0,ok,14.0,ok,6.0,ok,2.0,ok
2018,19,山梨,32,その他の製造業,24.0,ok,1414.0,ok,29002.0,ok,9593.0,ok,5560.0,ok,18730.0,ok,28449.0,ok,21.0,ok,3.0,ok,,nil_or_na
2018,20,長野,09,食料品製造業,165.0,ok,16977.0,ok,505335.0,ok,195756.0,ok,58833.0,ok,280834.0,ok,484920.0,ok,119.0,ok,37.0,ok,9.0,ok
2018,20,長野,10,飲料・たばこ・飼料製造業,23.0,ok,2443.0,ok,133763.0,ok,38990.0,ok,11820.0,ok,84346.0,ok,122788.0,ok,14.0,ok,8.0,ok,1.0,ok
2018,20,長野,11,繊維工業,17.0,ok,1213.0,ok,11339.0,ok,4336.0,ok,3233.0,ok,6308.0,ok,10669.0,ok,14.0,ok,3.0,ok,,nil_or_na
2018,20,長野,12,木材・木製品製造業（家具を除く）,8.0,ok,397.0,ok,14064.0,ok,3732.0,ok,1390.0,ok,9476.0,ok,14003.0,ok,8.0,ok,,nil_or_na,,nil_or_na
2018,20,長野,13,家具・装備品製造業,6.0,ok,663.0,ok,17349.0,ok,10474.0,ok,2692.0,ok,6296.0,ok,17376.0,ok,5.0,ok,,nil_or_na,1.0,ok
2018,20,長野,14,パルプ・紙・紙加工品製造業,18.0,ok,1396.0,ok,69210.0,ok,17965.0,ok,6178.0,ok,47844.0,ok,55881.0,ok,15.0,ok,3.0,ok,,nil_or_na
2018,20,長野,15,印刷・同関連業,43.0,ok,2599.0,ok,50369.0,ok,22853.0,ok,10223.0,ok,23950.0,ok,49362.0,ok,38.0,ok,5.0,ok,,nil_or_na
2018,20,長野,16,化学工業,17.0,ok,1526.0,ok,85641.0,ok,49403.0,ok,6974.0,ok,29707.0,ok,81664.0,ok,13.0,ok,3.0,ok,1.0,ok
2018,20,長野,17,石油製品・石炭製品製造業,1.0,ok,37.0,ok,,suppressed,,suppressed,,suppressed,,suppressed,,suppressed,1.0,ok,,nil_or_na,,nil_or_na
2018,20,長野,18,プラスチック製品製造業（別掲を除く）,83.0,ok,6759.0,ok,151074.0,ok,57338.0,ok,25850.0,ok,83989.0,ok,143788.0,ok,64.0,ok,19.0,ok,,nil_or_na
2018,20,長野,19,ゴム製品製造業,9.0,ok,816.0,ok,11687.0,ok,4430.0,ok,2990.0,ok,7055.0,ok,7629.0,ok,5.0,ok,4.0,ok,,nil_or_na
2018,20,長野,20,なめし革・同製品・毛皮製造業,4.0,ok,265.0,ok,,suppressed,,suppressed,,suppressed,,suppressed,,suppressed,3.0,ok,1.0,ok,,nil_or_na
2018,20,長野,21,窯業・土石製品製造業,20.0,ok,2059.0,ok,100632.0,ok,53243.0,ok,11300.0,ok,47314.0,ok,101776.0,ok,13.0,ok,6.0,ok,1.0,ok
2018,20,長野,22,鉄鋼業,6.0,ok,900.0,ok,26488.0,ok,8406.0,ok,4570.0,ok,14036.0,ok,25128.0,ok,4.0,ok,1.0,ok,1.0,ok
2018,20,長野,23,非鉄金属製造業,27.0,ok,2639.0,ok,99014.0,ok,24043.0,ok,12012.0,ok,71626.0,ok,98508.0,ok,20.0,ok,6.0,ok,1.0,ok
2018,20,長野,24,金属製品製造業,120.0,ok,9795.0,ok,266939.0,ok,101291.0,ok,45033.0,ok,151114.0,ok,265370.0,ok,97.0,ok,19.0,ok,4.0,ok
2018,20,長野,25,はん用機械器具製造業,68.0,ok,12624.0,ok,428461.0,ok,163396.0,ok,73627.0,ok,244224.0,ok,396027.0,ok,39.0,ok,15.0,ok,14.0,ok
2018,20,長野,26,生産用機械器具製造業,169.0,ok,16892.0,ok,633502.0,ok,203397.0,ok,84459.0,ok,430686.0,ok,625984.0,ok,116.0,ok,46.0,ok,7.0,ok
2018,20,長野,27,業務用機械器具製造業,76.0,ok,10101.0,ok,390291.0,ok,130215.0,ok,50777.0,ok,250341.0,ok,208482.0,ok,54.0,ok,16.0,ok,6.0,ok
2018,20,長野,28,電子部品・デバイス・電子回路製造業,154.0,ok,26805.0,ok,768225.0,ok,266647.0,ok,142047.0,ok,458687.0,ok,716375.0,ok,84.0,ok,48.0,ok,22.0,ok
2018,20,長野,29,電気機械器具製造業,90.0,ok,11569.0,ok,371505.0,ok,130764.0,ok,63388.0,ok,227509.0,ok,303480.0,ok,60.0,ok,21.0,ok,9.0,ok
2018,20,長野,30,情報通信機械器具製造業,39.0,ok,14365.0,ok,1103786.0,ok,317635.0,ok,84327.0,ok,763595.0,ok,567934.0,ok,21.0,ok,9.0,ok,9.0,ok
2018,20,長野,31,輸送用機械器具製造業,98.0,ok,13352.0,ok,387197.0,ok,131245.0,ok,62279.0,ok,232279.0,ok,383871.0,ok,57.0,ok,31.0,ok,10.0,ok
2018,20,長野,32,その他の製造業,34.0,ok,4124.0,ok,124722.0,ok,36575.0,ok,21214.0,ok,81757.0,ok,116390.0,ok,21.0,ok,11.0,ok,2.0,ok
2018,21,岐阜,09,食料品製造業,129.0,ok,13345.0,ok,323464.0,ok,110892.0,ok,38957.0,ok,196115.0,ok,314423.0,ok,79.0,ok,44.0,ok,6.0,ok
2018,21,岐阜,10,飲料・たばこ・飼料製造業,12.0,ok,894.0,ok,59165.0,ok,15101.0,ok,3987.0,ok,39440.0,ok,55859.0,ok,8.0,ok,4.0,ok,,nil_or_na
2018,21,岐阜,11,繊維工業,45.0,ok,3598.0,ok,93914.0,ok,23406.0,ok,13476.0,ok,66206.0,ok,86619.0,ok,34.0,ok,11.0,ok,,nil_or_na
2018,21,岐阜,12,木材・木製品製造業（家具を除く）,22.0,ok,1558.0,ok,43597.0,ok,14171.0,ok,6526.0,ok,27452.0,ok,41155.0,ok,18.0,ok,4.0,ok,,nil_or_na
2018,21,岐阜,13,家具・装備品製造業,35.0,ok,3568.0,ok,78880.0,ok,35429.0,ok,14775.0,ok,38437.0,ok,72165.0,ok,23.0,ok,11.0,ok,1.0,ok
2018,21,岐阜,14,パルプ・紙・紙加工品製造業,55.0,ok,4320.0,ok,187561.0,ok,49140.0,ok,19511.0,ok,129085.0,ok,175740.0,ok,44.0,ok,10.0,ok,1.0,ok
2018,21,岐阜,15,印刷・同関連業,41.0,ok,3122.0,ok,70545.0,ok,32273.0,ok,11976.0,ok,33374.0,ok,70390.0,ok,35.0,ok,5.0,ok,1.0,ok
2018,21,岐阜,16,化学工業,45.0,ok,5447.0,ok,263079.0,ok,140302.0,ok,28144.0,ok,100058.0,ok,257962.0,ok,29.0,ok,12.0,ok,4.0,ok
2018,21,岐阜,17,石油製品・石炭製品製造業,,nil_or_na,,nil_or_na,,nil_or_na,,nil_or_na,,nil_or_na,,nil_or_na,,nil_or_na,,nil_or_na,,nil_or_na,,nil_or_na
2018,21,岐阜,18,プラスチック製品製造業（別掲を除く）,128.0,ok,14858.0,ok,435280.0,ok,142110.0,ok,64638.0,ok,263796.0,ok,425167.0,ok,77.0,ok,42.0,ok,9.0,ok
2018,21,岐阜,19,ゴム製品製造業,24.0,ok,2122.0,ok,64574.0,ok,21048.0,ok,8882.0,ok,40138.0,ok,56155.0,ok,19.0,ok,4.0,ok,1.0,ok
2018,21,岐阜,20,なめし革・同製品・毛皮製造業,,nil_or_na,,nil_or_na,,nil_or_na,,nil_or_na,,nil_or_na,,nil_or_na,,nil_or_na,,nil_or_na,,nil_or_na,,nil_or_na
2018,21,岐阜,21,窯業・土石製品製造業,129.0,ok,10931.0,ok,269410.0,ok,110472.0,ok,49399.0,ok,146569.0,ok,241515.0,ok,106.0,ok,17.0,ok,6.0,ok
2018,21,岐阜,22,鉄鋼業,31.0,ok,3753.0,ok,221746.0,ok,49615.0,ok,21096.0,ok,162774.0,ok,219391.0,ok,17.0,ok,13.0,ok,1.0,ok
2018,21,岐阜,23,非鉄金属製造業,23.0,ok,3264.0,ok,95162.0,ok,28166.0,ok,13131.0,ok,59747.0,ok,92243.0,ok,11.0,ok,10.0,ok,2.0,ok
2018,21,岐阜,24,金属製品製造業,145.0,ok,12672.0,ok,367998.0,ok,152753.0,ok,56333.0,ok,194591.0,ok,357285.0,ok,110.0,ok,28.0,ok,7.0,ok
2018,21,岐阜,25,はん用機械器具製造業,61.0,ok,8896.0,ok,320383.0,ok,104015.0,ok,41457.0,ok,198773.0,ok,314033.0,ok,43.0,ok,11.0,ok,7.0,ok
2018,21,岐阜,26,生産用機械器具製造業,128.0,ok,11329.0,ok,474638.0,ok,160922.0,ok,61035.0,ok,295701.0,ok,454000.0,ok,99.0,ok,25.0,ok,4.0,ok
2018,21,岐阜,27,業務用機械器具製造業,11.0,ok,1709.0,ok,38171.0,ok,19650.0,ok,6755.0,ok,16684.0,ok,35899.0,ok,5.0,ok,4.0,ok,2.0,ok
2018,21,岐阜,28,電子部品・デバイス・電子回路製造業,28.0,ok,4967.0,ok,127563.0,ok,59910.0,ok,24217.0,ok,62912.0,ok,129057.0,ok,14.0,ok,11.0,ok,3.0,ok
2018,21,岐阜,29,電気機械器具製造業,79.0,ok,10059.0,ok,313431.0,ok,95754.0,ok,42397.0,ok,204349.0,ok,310527.0,ok,45.0,ok,27.0,ok,7.0,ok
2018,21,岐阜,30,情報通信機械器具製造業,6.0,ok,1140.0,ok,76351.0,ok,6477.0,ok,5330.0,ok,69137.0,ok,74866.0,ok,3.0,ok,2.0,ok,1.0,ok
2018,21,岐阜,31,輸送用機械器具製造業,148.0,ok,31632.0,ok,1082644.0,ok,364427.0,ok,163389.0,ok,674031.0,ok,1087031.0,ok,81.0,ok,45.0,ok,22.0,ok
2018,21,岐阜,32,その他の製造業,18.0,ok,1510.0,ok,40330.0,ok,14793.0,ok,5976.0,ok,23462.0,ok,30325.0,ok,14.0,ok,4.0,ok,,nil_or_na
2018,22,静岡,09,食料品製造業,323.0,ok,36435.0,ok,1199369.0,ok,386763.0,ok,120355.0,ok,748954.0,ok,1130764.0,ok,207.0,ok,94.0,ok,22.0,ok
2018,22,静岡,10,飲料・たばこ・飼料製造業,64.0,ok,6369.0,ok,769304.0,ok,327899.0,ok,28501.0,ok,259694.0,ok,754453.0,ok,45.0,ok,14.0,ok,5.0,ok
2018,22,静岡,11,繊維工業,37.0,ok,3185.0,ok,92403.0,ok,31588.0,ok,13891.0,ok,51191.0,ok,82595.0,ok,28.0,ok,8.0,ok,1.0,ok
2018,22,静岡,12,木材・木製品製造業（家具を除く）,23.0,ok,2157.0,ok,163090.0,ok,42191.0,ok,10940.0,ok,114463.0,ok,117224.0,ok,18.0,ok,3.0,ok,2.0,ok
2018,22,静岡,13,家具・装備品製造業,27.0,ok,2259.0,ok,72589.0,ok,25308.0,ok,9719.0,ok,44261.0,ok,62627.0,ok,21.0,ok,5.0,ok,1.0,ok
2018,22,静岡,14,パルプ・紙・紙加工品製造業,167.0,ok,14422.0,ok,759658.0,ok,213164.0,ok,68963.0,ok,495045.0,ok,721081.0,ok,123.0,ok,40.0,ok,4.0,ok
2018,22,静岡,15,印刷・同関連業,53.0,ok,5239.0,ok,118468.0,ok,39795.0,ok,23354.0,ok,70949.0,ok,117406.0,ok,37.0,ok,12.0,ok,4.0,ok
2018,22,静岡,16,化学工業,110.0,ok,21933.0,ok,1836357.0,ok,769382.0,ok,127029.0,ok,991483.0,ok,1751802.0,ok,50.0,ok,37.0,ok,23.0,ok
2018,22,静岡,17,石油製品・石炭製品製造業,4.0,ok,169.0,ok,11384.0,ok,2989.0,ok,821.0,ok,8008.0,ok,11010.0,ok,4.0,ok,,nil_or_na,,nil_or_na
2018,22,静岡,18,プラスチック製品製造業（別掲を除く）,217.0,ok,21934.0,ok,654502.0,ok,221325.0,ok,93348.0,ok,391132.0,ok,630653.0,ok,159.0,ok,49.0,ok,9.0,ok
2018,22,静岡,19,ゴム製品製造業,31.0,ok,7051.0,ok,183658.0,ok,91469.0,ok,32656.0,ok,82208.0,ok,180846.0,ok,15.0,ok,10.0,ok,6.0,ok
2018,22,静岡,20,なめし革・同製品・毛皮製造業,3.0,ok,221.0,ok,5281.0,ok,1139.0,ok,767.0,ok,4075.0,ok,5009.0,ok,2.0,ok,1.0,ok,,nil_or_na
2018,22,静岡,21,窯業・土石製品製造業,28.0,ok,2722.0,ok,88535.0,ok,30068.0,ok,14427.0,ok,49504.0,ok,75698.0,ok,23.0,ok,2.0,ok,3.0,ok
2018,22,静岡,22,鉄鋼業,36.0,ok,2320.0,ok,156950.0,ok,26975.0,ok,11309.0,ok,128613.0,ok,131809.0,ok,32.0,ok,4.0,ok,,nil_or_na
2018,22,静岡,23,非鉄金属製造業,35.0,ok,6171.0,ok,567932.0,ok,101726.0,ok,34347.0,ok,448471.0,ok,565804.0,ok,19.0,ok,10.0,ok,6.0,ok
2018,22,静岡,24,金属製品製造業,194.0,ok,14391.0,ok,399091.0,ok,136860.0,ok,61924.0,ok,244905.0,ok,387104.0,ok,171.0,ok,19.0,ok,4.0,ok
2018,22,静岡,25,はん用機械器具製造業,61.0,ok,9168.0,ok,290376.0,ok,80367.0,ok,47456.0,ok,202836.0,ok,290761.0,ok,42.0,ok,15.0,ok,4.0,ok
2018,22,静岡,26,生産用機械器具製造業,203.0,ok,21196.0,ok,762169.0,ok,286340.0,ok,110134.0,ok,465210.0,ok,728247.0,ok,155.0,ok,40.0,ok,8.0,ok
2018,22,静岡,27,業務用機械器具製造業,51.0,ok,7578.0,ok,253856.0,ok,99065.0,ok,34580.0,ok,146003.0,ok,249448.0,ok,28.0,ok,18.0,ok,5.0,ok
2018,22,静岡,28,電子部品・デバイス・電子回路製造業,62.0,ok,11513.0,ok,312838.0,ok,128098.0,ok,55975.0,ok,169151.0,ok,305502.0,ok,37.0,ok,14.0,ok,11.0,ok
2018,22,静岡,29,電気機械器具製造業,179.0,ok,42167.0,ok,2385718.0,ok,807842.0,ok,236719.0,ok,1490835.0,ok,2263750.0,ok,107.0,ok,43.0,ok,29.0,ok
2018,22,静岡,30,情報通信機械器具製造業,15.0,ok,3784.0,ok,335413.0,ok,98777.0,ok,25781.0,ok,230815.0,ok,247362.0,ok,8.0,ok,3.0,ok,4.0,ok
2018,22,静岡,31,輸送用機械器具製造業,405.0,ok,81302.0,ok,4318399.0,ok,1439111.0,ok,461927.0,ok,2699349.0,ok,4275120.0,ok,241.0,ok,105.0,ok,59.0,ok
2018,22,静岡,32,その他の製造業,58.0,ok,7055.0,ok,169609.0,ok,74434.0,ok,31554.0,ok,86453.0,ok,163708.0,ok,43.0,ok,10.0,ok,5.0,ok
2018,23,愛知,09,食料品製造業,415.0,ok,54609.0,ok,1539187.0,ok,537461.0,ok,177933.0,ok,926325.0,ok,1481298.0,ok,257.0,ok,119.0,ok,39.0,ok
2018,23,愛知,10,飲料・たばこ・飼料製造業,30.0,ok,2942.0,ok,389513.0,ok,101358.0,ok,15342.0,ok,196626.0,ok,377940.0,ok,18.0,ok,11.0,ok,1.0,ok
2018,23,愛知,11,繊維工業,110.0,ok,9873.0,ok,258790.0,ok,84826.0,ok,40683.0,ok,158522.0,ok,249912.0,ok,89.0,ok,18.0,ok,3.0,ok
2018,23,愛知,12,木材・木製品製造業（家具を除く）,32.0,ok,2072.0,ok,94646.0,ok,27013.0,ok,9171.0,ok,63798.0,ok,89620.0,ok,30.0,ok,2.0,ok,,nil_or_na
2018,23,愛知,13,家具・装備品製造業,38.0,ok,3076.0,ok,93235.0,ok,29647.0,ok,13580.0,ok,58498.0,ok,85636.0,ok,29.0,ok,8.0,ok,1.0,ok
2018,23,愛知,14,パルプ・紙・紙加工品製造業,101.0,ok,9138.0,ok,389280.0,ok,112975.0,ok,41551.0,ok,255635.0,ok,349448.0,ok,78.0,ok,20.0,ok,3.0,ok
2018,23,愛知,15,印刷・同関連業,112.0,ok,8934.0,ok,227834.0,ok,82132.0,ok,40011.0,ok,134109.0,ok,218077.0,ok,89.0,ok,20.0,ok,3.0,ok
2018,23,愛知,16,化学工業,96.0,ok,12686.0,ok,1214906.0,ok,394997.0,ok,76480.0,ok,783308.0,ok,1201718.0,ok,56.0,ok,36.0,ok,4.0,ok
2018,23,愛知,17,石油製品・石炭製品製造業,5.0,ok,704.0,ok,709696.0,ok,208840.0,ok,5865.0,ok,504037.0,ok,719564.0,ok,4.0,ok,,nil_or_na,1.0,ok
2018,23,愛知,18,プラスチック製品製造業（別掲を除く）,405.0,ok,44204.0,ok,1404166.0,ok,481418.0,ok,195105.0,ok,850044.0,ok,1331737.0,ok,286.0,ok,93.0,ok,26.0,ok
2018,23,愛知,19,ゴム製品製造業,52.0,ok,10161.0,ok,394515.0,ok,148397.0,ok,49319.0,ok,221572.0,ok,392573.0,ok,34.0,ok,13.0,ok,5.0,ok
2018,23,愛知,20,なめし革・同製品・毛皮製造業,6.0,ok,512.0,ok,15125.0,ok,2403.0,ok,2118.0,ok,12426.0,ok,14794.0,ok,5.0,ok,,nil_or_na,1.0,ok
2018,23,愛知,21,窯業・土石製品製造業,141.0,ok,19202.0,ok,728084.0,ok,266271.0,ok,113191.0,ok,437922.0,ok,541847.0,ok,101.0,ok,30.0,ok,10.0,ok
2018,23,愛知,22,鉄鋼業,137.0,ok,24929.0,ok,2244540.0,ok,375654.0,ok,155498.0,ok,1795761.0,ok,2226469.0,ok,86.0,ok,37.0,ok,14.0,ok
2018,23,愛知,23,非鉄金属製造業,53.0,ok,7199.0,ok,527822.0,ok,106217.0,ok,43324.0,ok,408241.0,ok,506228.0,ok,37.0,ok,11.0,ok,5.0,ok
2018,23,愛知,24,金属製品製造業,406.0,ok,36802.0,ok,1238480.0,ok,477215.0,ok,176672.0,ok,712207.0,ok,1176870.0,ok,315.0,ok,71.0,ok,20.0,ok
2018,23,愛知,25,はん用機械器具製造業,124.0,ok,24928.0,ok,1146341.0,ok,282768.0,ok,156101.0,ok,840216.0,ok,1114682.0,ok,73.0,ok,36.0,ok,15.0,ok
2018,23,愛知,26,生産用機械器具製造業,403.0,ok,50137.0,ok,2037533.0,ok,764553.0,ok,296382.0,ok,1237047.0,ok,1753654.0,ok,303.0,ok,69.0,ok,31.0,ok
2018,23,愛知,27,業務用機械器具製造業,85.0,ok,13006.0,ok,835845.0,ok,256329.0,ok,74168.0,ok,511354.0,ok,679679.0,ok,57.0,ok,20.0,ok,8.0,ok
2018,23,愛知,28,電子部品・デバイス・電子回路製造業,41.0,ok,7482.0,ok,456104.0,ok,108111.0,ok,39869.0,ok,338306.0,ok,264994.0,ok,22.0,ok,13.0,ok,6.0,ok
2018,23,愛知,29,電気機械器具製造業,192.0,ok,53832.0,ok,2821541.0,ok,1016869.0,ok,308997.0,ok,1716131.0,ok,2821055.0,ok,115.0,ok,47.0,ok,30.0,ok
2018,23,愛知,30,情報通信機械器具製造業,20.0,ok,3615.0,ok,124813.0,ok,49586.0,ok,20971.0,ok,72952.0,ok,123479.0,ok,9.0,ok,7.0,ok,4.0,ok
2018,23,愛知,31,輸送用機械器具製造業,759.0,ok,317645.0,ok,26712106.0,ok,6563575.0,ok,2039116.0,ok,19373650.0,ok,17998114.0,ok,384.0,ok,232.0,ok,143.0,ok
2018,23,愛知,32,その他の製造業,57.0,ok,7779.0,ok,291239.0,ok,80775.0,ok,40101.0,ok,201008.0,ok,282487.0,ok,41.0,ok,11.0,ok,5.0,ok
2018,24,三重,09,食料品製造業,119.0,ok,12795.0,ok,436354.0,ok,158747.0,ok,43146.0,ok,254393.0,ok,418968.0,ok,76.0,ok,36.0,ok,7.0,ok
2018,24,三重,10,飲料・たばこ・飼料製造業,11.0,ok,1011.0,ok,73506.0,ok,19252.0,ok,4214.0,ok,43041.0,ok,70760.0,ok,10.0,ok,,nil_or_na,1.0,ok
2018,24,三重,11,繊維工業,23.0,ok,1453.0,ok,34843.0,ok,8346.0,ok,5120.0,ok,24882.0,ok,34204.0,ok,20.0,ok,3.0,ok,,nil_or_na
2018,24,三重,12,木材・木製品製造業（家具を除く）,12.0,ok,576.0,ok,55047.0,ok,11648.0,ok,2761.0,ok,42231.0,ok,29351.0,ok,12.0,ok,,nil_or_na,,nil_or_na
2018,24,三重,13,家具・装備品製造業,13.0,ok,1324.0,ok,31386.0,ok,11621.0,ok,4986.0,ok,18139.0,ok,31441.0,ok,9.0,ok,3.0,ok,1.0,ok
2018,24,三重,14,パルプ・紙・紙加工品製造業,18.0,ok,1519.0,ok,67580.0,ok,16118.0,ok,6544.0,ok,46218.0,ok,63037.0,ok,13.0,ok,4.0,ok,1.0,ok
2018,24,三重,15,印刷・同関連業,17.0,ok,1139.0,ok,24564.0,ok,8269.0,ok,4580.0,ok,15041.0,ok,24565.0,ok,14.0,ok,3.0,ok,,nil_or_na
2018,24,三重,16,化学工業,64.0,ok,14341.0,ok,1209098.0,ok,364053.0,ok,84125.0,ok,814876.0,ok,1176559.0,ok,30.0,ok,24.0,ok,10.0,ok
2018,24,三重,17,石油製品・石炭製品製造業,5.0,ok,1431.0,ok,,suppressed,,suppressed,,suppressed,,suppressed,,suppressed,1.0,ok,2.0,ok,2.0,ok
2018,24,三重,18,プラスチック製品製造業（別掲を除く）,90.0,ok,10644.0,ok,481026.0,ok,160464.0,ok,45669.0,ok,290534.0,ok,441821.0,ok,56.0,ok,30.0,ok,4.0,ok
2018,24,三重,19,ゴム製品製造業,33.0,ok,6975.0,ok,217283.0,ok,78759.0,ok,31500.0,ok,126716.0,ok,214913.0,ok,17.0,ok,11.0,ok,5.0,ok
2018,24,三重,20,なめし革・同製品・毛皮製造業,,nil_or_na,,nil_or_na,,nil_or_na,,nil_or_na,,nil_or_na,,nil_or_na,,nil_or_na,,nil_or_na,,nil_or_na,,nil_or_na
2018,24,三重,21,窯業・土石製品製造業,46.0,ok,4330.0,ok,210768.0,ok,94125.0,ok,24203.0,ok,103263.0,ok,195357.0,ok,32.0,ok,13.0,ok,1.0,ok
2018,24,三重,22,鉄鋼業,20.0,ok,1532.0,ok,95249.0,ok,18740.0,ok,7488.0,ok,74316.0,ok,59043.0,ok,18.0,ok,1.0,ok,1.0,ok
2018,24,三重,23,非鉄金属製造業,22.0,ok,3519.0,ok,437592.0,ok,64663.0,ok,20242.0,ok,365410.0,ok,435617.0,ok,11.0,ok,8.0,ok,3.0,ok
2018,24,三重,24,金属製品製造業,104.0,ok,10605.0,ok,334498.0,ok,138013.0,ok,48732.0,ok,175142.0,ok,324660.0,ok,76.0,ok,24.0,ok,4.0,ok
2018,24,三重,25,はん用機械器具製造業,55.0,ok,10078.0,ok,382378.0,ok,134702.0,ok,56919.0,ok,231832.0,ok,380922.0,ok,29.0,ok,18.0,ok,8.0,ok
2018,24,三重,26,生産用機械器具製造業,65.0,ok,8177.0,ok,274768.0,ok,118271.0,ok,46332.0,ok,152386.0,ok,274032.0,ok,44.0,ok,17.0,ok,4.0,ok
2018,24,三重,27,業務用機械器具製造業,21.0,ok,4433.0,ok,166790.0,ok,52726.0,ok,22516.0,ok,109550.0,ok,167070.0,ok,14.0,ok,4.0,ok,3.0,ok
2018,24,三重,28,電子部品・デバイス・電子回路製造業,51.0,ok,19118.0,ok,2089873.0,ok,891429.0,ok,125336.0,ok,1198826.0,ok,2108490.0,ok,34.0,ok,11.0,ok,6.0,ok
2018,24,三重,29,電気機械器具製造業,62.0,ok,15728.0,ok,700136.0,ok,212610.0,ok,80492.0,ok,476217.0,ok,657230.0,ok,34.0,ok,14.0,ok,14.0,ok
2018,24,三重,30,情報通信機械器具製造業,5.0,ok,1620.0,ok,,suppressed,,suppressed,,suppressed,,suppressed,,suppressed,1.0,ok,3.0,ok,1.0,ok
2018,24,三重,31,輸送用機械器具製造業,122.0,ok,40171.0,ok,2503945.0,ok,533795.0,ok,237621.0,ok,1858648.0,ok,2479616.0,ok,66.0,ok,39.0,ok,17.0,ok
2018,24,三重,32,その他の製造業,15.0,ok,1628.0,ok,70377.0,ok,23901.0,ok,5400.0,ok,44221.0,ok,69574.0,ok,11.0,ok,3.0,ok,1.0,ok
2018,25,滋賀,09,食料品製造業,73.0,ok,9581.0,ok,319531.0,ok,109798.0,ok,31342.0,ok,193500.0,ok,304266.0,ok,42.0,ok,23.0,ok,8.0,ok
2018,25,滋賀,10,飲料・たばこ・飼料製造業,8.0,ok,827.0,ok,130107.0,ok,59523.0,ok,4326.0,ok,49175.0,ok,131073.0,ok,4.0,ok,4.0,ok,,nil_or_na
2018,25,滋賀,11,繊維工業,55.0,ok,5037.0,ok,177655.0,ok,64200.0,ok,21623.0,ok,104508.0,ok,170316.0,ok,38.0,ok,17.0,ok,,nil_or_na
2018,25,滋賀,12,木材・木製品製造業（家具を除く）,9.0,ok,583.0,ok,24191.0,ok,5642.0,ok,2273.0,ok,17939.0,ok,23470.0,ok,8.0,ok,1.0,ok,,nil_or_na
2018,25,滋賀,13,家具・装備品製造業,16.0,ok,1354.0,ok,52601.0,ok,12517.0,ok,5614.0,ok,37814.0,ok,39205.0,ok,9.0,ok,7.0,ok,,nil_or_na
2018,25,滋賀,14,パルプ・紙・紙加工品製造業,34.0,ok,3335.0,ok,167952.0,ok,52962.0,ok,14763.0,ok,105461.0,ok,151917.0,ok,20.0,ok,13.0,ok,1.0,ok
2018,25,滋賀,15,印刷・同関連業,23.0,ok,3130.0,ok,94529.0,ok,35109.0,ok,15942.0,ok,52159.0,ok,94883.0,ok,13.0,ok,7.0,ok,3.0,ok
2018,25,滋賀,16,化学工業,71.0,ok,6925.0,ok,1027522.0,ok,574486.0,ok,36168.0,ok,400108.0,ok,994353.0,ok,43.0,ok,26.0,ok,2.0,ok
2018,25,滋賀,17,石油製品・石炭製品製造業,1.0,ok,35.0,ok,,suppressed,,suppressed,,suppressed,,suppressed,,suppressed,1.0,ok,,nil_or_na,,nil_or_na
2018,25,滋賀,18,プラスチック製品製造業（別掲を除く）,114.0,ok,13938.0,ok,586367.0,ok,209234.0,ok,72185.0,ok,346779.0,ok,573596.0,ok,71.0,ok,33.0,ok,10.0,ok
2018,25,滋賀,19,ゴム製品製造業,7.0,ok,2121.0,ok,102053.0,ok,42675.0,ok,14217.0,ok,48270.0,ok,100877.0,ok,3.0,ok,3.0,ok,1.0,ok
2018,25,滋賀,20,なめし革・同製品・毛皮製造業,,nil_or_na,,nil_or_na,,nil_or_na,,nil_or_na,,nil_or_na,,nil_or_na,,nil_or_na,,nil_or_na,,nil_or_na,,nil_or_na
2018,25,滋賀,21,窯業・土石製品製造業,47.0,ok,7155.0,ok,371208.0,ok,153481.0,ok,49755.0,ok,200683.0,ok,293957.0,ok,33.0,ok,9.0,ok,5.0,ok
2018,25,滋賀,22,鉄鋼業,12.0,ok,1461.0,ok,98165.0,ok,24376.0,ok,8366.0,ok,69843.0,ok,96988.0,ok,8.0,ok,3.0,ok,1.0,ok
2018,25,滋賀,23,非鉄金属製造業,24.0,ok,2223.0,ok,165217.0,ok,33846.0,ok,10906.0,ok,126946.0,ok,160019.0,ok,15.0,ok,8.0,ok,1.0,ok
2018,25,滋賀,24,金属製品製造業,96.0,ok,8716.0,ok,356493.0,ok,122786.0,ok,41341.0,ok,214581.0,ok,347998.0,ok,69.0,ok,23.0,ok,4.0,ok
2018,25,滋賀,25,はん用機械器具製造業,65.0,ok,12821.0,ok,755623.0,ok,245579.0,ok,76781.0,ok,502677.0,ok,754784.0,ok,32.0,ok,25.0,ok,8.0,ok
2018,25,滋賀,26,生産用機械器具製造業,70.0,ok,9639.0,ok,556945.0,ok,147067.0,ok,58303.0,ok,418242.0,ok,557985.0,ok,44.0,ok,17.0,ok,9.0,ok
2018,25,滋賀,27,業務用機械器具製造業,24.0,ok,3505.0,ok,167798.0,ok,78148.0,ok,18104.0,ok,84487.0,ok,166500.0,ok,12.0,ok,10.0,ok,2.0,ok
2018,25,滋賀,28,電子部品・デバイス・電子回路製造業,45.0,ok,13236.0,ok,427796.0,ok,147420.0,ok,73994.0,ok,252824.0,ok,386660.0,ok,18.0,ok,16.0,ok,11.0,ok
2018,25,滋賀,29,電気機械器具製造業,86.0,ok,16805.0,ok,788775.0,ok,281170.0,ok,91941.0,ok,484763.0,ok,643811.0,ok,47.0,ok,24.0,ok,15.0,ok
2018,25,滋賀,30,情報通信機械器具製造業,4.0,ok,1508.0,ok,,suppressed,,suppressed,,suppressed,,suppressed,,suppressed,1.0,ok,2.0,ok,1.0,ok
2018,25,滋賀,31,輸送用機械器具製造業,49.0,ok,14395.0,ok,1014041.0,ok,240768.0,ok,79326.0,ok,747524.0,ok,1006800.0,ok,23.0,ok,15.0,ok,11.0,ok
2018,25,滋賀,32,その他の製造業,11.0,ok,1424.0,ok,106987.0,ok,24088.0,ok,6216.0,ok,80029.0,ok,106260.0,ok,8.0,ok,1.0,ok,2.0,ok
2018,26,京都,09,食料品製造業,155.0,ok,18101.0,ok,495223.0,ok,213446.0,ok,53650.0,ok,252921.0,ok,469967.0,ok,97.0,ok,46.0,ok,12.0,ok
2018,26,京都,10,飲料・たばこ・飼料製造業,27.0,ok,2689.0,ok,900930.0,ok,201275.0,ok,13877.0,ok,151803.0,ok,891967.0,ok,19.0,ok,7.0,ok,1.0,ok
2018,26,京都,11,繊維工業,44.0,ok,2441.0,ok,37553.0,ok,17987.0,ok,8620.0,ok,17155.0,ok,34980.0,ok,39.0,ok,5.0,ok,,nil_or_na
2018,26,京都,12,木材・木製品製造業（家具を除く）,12.0,ok,885.0,ok,46214.0,ok,7481.0,ok,4089.0,ok,36886.0,ok,41307.0,ok,10.0,ok,2.0,ok,,nil_or_na
2018,26,京都,13,家具・装備品製造業,7.0,ok,304.0,ok,5899.0,ok,2210.0,ok,1337.0,ok,3591.0,ok,6028.0,ok,7.0,ok,,nil_or_na,,nil_or_na
2018,26,京都,14,パルプ・紙・紙加工品製造業,31.0,ok,2417.0,ok,112414.0,ok,33616.0,ok,11679.0,ok,72989.0,ok,97275.0,ok,24.0,ok,7.0,ok,,nil_or_na
2018,26,京都,15,印刷・同関連業,49.0,ok,5495.0,ok,163310.0,ok,60793.0,ok,24156.0,ok,93742.0,ok,158491.0,ok,38.0,ok,7.0,ok,4.0,ok
2018,26,京都,16,化学工業,38.0,ok,4673.0,ok,196602.0,ok,100188.0,ok,23419.0,ok,82646.0,ok,195864.0,ok,23.0,ok,13.0,ok,2.0,ok
2018,26,京都,17,石油製品・石炭製品製造業,2.0,ok,98.0,ok,,suppressed,,suppressed,,suppressed,,suppressed,,suppressed,2.0,ok,,nil_or_na,,nil_or_na
2018,26,京都,18,プラスチック製品製造業（別掲を除く）,56.0,ok,4750.0,ok,126498.0,ok,43703.0,ok,18425.0,ok,75448.0,ok,119449.0,ok,38.0,ok,17.0,ok,1.0,ok
2018,26,京都,19,ゴム製品製造業,5.0,ok,808.0,ok,18273.0,ok,5257.0,ok,2872.0,ok,12191.0,ok,18412.0,ok,3.0,ok,1.0,ok,1.0,ok
2018,26,京都,20,なめし革・同製品・毛皮製造業,5.0,ok,361.0,ok,6556.0,ok,3207.0,ok,1270.0,ok,2966.0,ok,6068.0,ok,4.0,ok,1.0,ok,,nil_or_na
2018,26,京都,21,窯業・土石製品製造業,20.0,ok,2815.0,ok,170837.0,ok,115658.0,ok,15529.0,ok,47058.0,ok,171605.0,ok,14.0,ok,3.0,ok,3.0,ok
2018,26,京都,22,鉄鋼業,10.0,ok,940.0,ok,57212.0,ok,9344.0,ok,4804.0,ok,45546.0,ok,52684.0,ok,6.0,ok,4.0,ok,,nil_or_na
2018,26,京都,23,非鉄金属製造業,11.0,ok,1453.0,ok,81394.0,ok,14955.0,ok,8008.0,ok,64098.0,ok,76118.0,ok,4.0,ok,6.0,ok,1.0,ok
2018,26,京都,24,金属製品製造業,76.0,ok,5696.0,ok,143662.0,ok,58005.0,ok,26807.0,ok,77727.0,ok,139134.0,ok,64.0,ok,10.0,ok,2.0,ok
2018,26,京都,25,はん用機械器具製造業,23.0,ok,4285.0,ok,197941.0,ok,64331.0,ok,24004.0,ok,121849.0,ok,191822.0,ok,13.0,ok,6.0,ok,4.0,ok
2018,26,京都,26,生産用機械器具製造業,110.0,ok,10360.0,ok,373592.0,ok,151493.0,ok,58349.0,ok,211340.0,ok,362510.0,ok,82.0,ok,22.0,ok,6.0,ok
2018,26,京都,27,業務用機械器具製造業,38.0,ok,7520.0,ok,281145.0,ok,128601.0,ok,45256.0,ok,141720.0,ok,252870.0,ok,25.0,ok,8.0,ok,5.0,ok
2018,26,京都,28,電子部品・デバイス・電子回路製造業,35.0,ok,8559.0,ok,447337.0,ok,241636.0,ok,48050.0,ok,189068.0,ok,456421.0,ok,15.0,ok,15.0,ok,5.0,ok
2018,26,京都,29,電気機械器具製造業,73.0,ok,11978.0,ok,361446.0,ok,128580.0,ok,67262.0,ok,217124.0,ok,347353.0,ok,42.0,ok,22.0,ok,9.0,ok
2018,26,京都,30,情報通信機械器具製造業,4.0,ok,1014.0,ok,,suppressed,,suppressed,,suppressed,,suppressed,,suppressed,2.0,ok,1.0,ok,1.0,ok
2018,26,京都,31,輸送用機械器具製造業,33.0,ok,8127.0,ok,460501.0,ok,92751.0,ok,51080.0,ok,363340.0,ok,451178.0,ok,19.0,ok,7.0,ok,7.0,ok
2018,26,京都,32,その他の製造業,23.0,ok,1534.0,ok,503497.0,ok,267010.0,ok,6391.0,ok,234496.0,ok,346896.0,ok,19.0,ok,4.0,ok,,nil_or_na
2018,27,大阪,09,食料品製造業,308.0,ok,43021.0,ok,1182260.0,ok,497286.0,ok,142019.0,ok,619807.0,ok,1120784.0,ok,191.0,ok,86.0,ok,31.0,ok
2018,27,大阪,10,飲料・たばこ・飼料製造業,13.0,ok,845.0,ok,239784.0,ok,78499.0,ok,5026.0,ok,60554.0,ok,228018.0,ok,12.0,ok,1.0,ok,,nil_or_na
2018,27,大阪,11,繊維工業,101.0,ok,6201.0,ok,170625.0,ok,51776.0,ok,23163.0,ok,111953.0,ok,129057.0,ok,93.0,ok,7.0,ok,1.0,ok
2018,27,大阪,12,木材・木製品製造業（家具を除く）,23.0,ok,1333.0,ok,60038.0,ok,17225.0,ok,6530.0,ok,41052.0,ok,59084.0,ok,20.0,ok,3.0,ok,,nil_or_na
2018,27,大阪,13,家具・装備品製造業,35.0,ok,6482.0,ok,115719.0,ok,25627.0,ok,47355.0,ok,86141.0,ok,94981.0,ok,27.0,ok,6.0,ok,2.0,ok
2018,27,大阪,14,パルプ・紙・紙加工品製造業,103.0,ok,7435.0,ok,257441.0,ok,87703.0,ok,31274.0,ok,157166.0,ok,237193.0,ok,83.0,ok,18.0,ok,2.0,ok
2018,27,大阪,15,印刷・同関連業,176.0,ok,13541.0,ok,300365.0,ok,119309.0,ok,59954.0,ok,164447.0,ok,289374.0,ok,144.0,ok,29.0,ok,3.0,ok
2018,27,大阪,16,化学工業,211.0,ok,26631.0,ok,1714927.0,ok,685878.0,ok,160138.0,ok,930545.0,ok,1605773.0,ok,147.0,ok,48.0,ok,16.0,ok
2018,27,大阪,17,石油製品・石炭製品製造業,7.0,ok,1245.0,ok,1486484.0,ok,93404.0,ok,10069.0,ok,1104018.0,ok,1468301.0,ok,4.0,ok,1.0,ok,2.0,ok
2018,27,大阪,18,プラスチック製品製造業（別掲を除く）,241.0,ok,19685.0,ok,568101.0,ok,215633.0,ok,83553.0,ok,318168.0,ok,530074.0,ok,198.0,ok,38.0,ok,5.0,ok
2018,27,大阪,19,ゴム製品製造業,36.0,ok,3899.0,ok,105225.0,ok,46462.0,ok,18616.0,ok,52693.0,ok,100461.0,ok,24.0,ok,9.0,ok,3.0,ok
2018,27,大阪,20,なめし革・同製品・毛皮製造業,8.0,ok,383.0,ok,4639.0,ok,2171.0,ok,1443.0,ok,2277.0,ok,4392.0,ok,8.0,ok,,nil_or_na,,nil_or_na
2018,27,大阪,21,窯業・土石製品製造業,50.0,ok,3994.0,ok,134119.0,ok,64770.0,ok,19055.0,ok,54879.0,ok,126725.0,ok,42.0,ok,7.0,ok,1.0,ok
2018,27,大阪,22,鉄鋼業,141.0,ok,14009.0,ok,1251401.0,ok,230059.0,ok,80464.0,ok,989801.0,ok,1226837.0,ok,104.0,ok,29.0,ok,8.0,ok
2018,27,大阪,23,非鉄金属製造業,56.0,ok,7884.0,ok,763973.0,ok,107166.0,ok,50082.0,ok,638557.0,ok,686132.0,ok,34.0,ok,17.0,ok,5.0,ok
2018,27,大阪,24,金属製品製造業,427.0,ok,30864.0,ok,1002868.0,ok,404425.0,ok,147073.0,ok,559187.0,ok,916275.0,ok,353.0,ok,67.0,ok,7.0,ok
2018,27,大阪,25,はん用機械器具製造業,147.0,ok,20127.0,ok,733745.0,ok,278400.0,ok,106730.0,ok,431286.0,ok,701772.0,ok,106.0,ok,25.0,ok,16.0,ok
2018,27,大阪,26,生産用機械器具製造業,289.0,ok,29990.0,ok,1290756.0,ok,430807.0,ok,171476.0,ok,840410.0,ok,1215582.0,ok,233.0,ok,46.0,ok,10.0,ok
2018,27,大阪,27,業務用機械器具製造業,55.0,ok,5793.0,ok,147790.0,ok,62603.0,ok,27543.0,ok,80845.0,ok,137360.0,ok,37.0,ok,15.0,ok,3.0,ok
2018,27,大阪,28,電子部品・デバイス・電子回路製造業,48.0,ok,6375.0,ok,446527.0,ok,59498.0,ok,34536.0,ok,374325.0,ok,439684.0,ok,31.0,ok,14.0,ok,3.0,ok
2018,27,大阪,29,電気機械器具製造業,172.0,ok,20069.0,ok,967145.0,ok,357776.0,ok,105665.0,ok,584861.0,ok,914658.0,ok,128.0,ok,33.0,ok,11.0,ok
2018,27,大阪,30,情報通信機械器具製造業,13.0,ok,3097.0,ok,152532.0,ok,53191.0,ok,20879.0,ok,90805.0,ok,147429.0,ok,8.0,ok,2.0,ok,3.0,ok
2018,27,大阪,31,輸送用機械器具製造業,94.0,ok,24005.0,ok,1432331.0,ok,384264.0,ok,151748.0,ok,1011988.0,ok,1375235.0,ok,64.0,ok,20.0,ok,10.0,ok
2018,27,大阪,32,その他の製造業,71.0,ok,4985.0,ok,123940.0,ok,39870.0,ok,19934.0,ok,78969.0,ok,112373.0,ok,63.0,ok,7.0,ok,1.0,ok
2018,28,兵庫,09,食料品製造業,334.0,ok,46816.0,ok,1550685.0,ok,519444.0,ok,152562.0,ok,947329.0,ok,1481171.0,ok,199.0,ok,98.0,ok,37.0,ok
2018,28,兵庫,10,飲料・たばこ・飼料製造業,47.0,ok,4797.0,ok,413452.0,ok,131054.0,ok,23557.0,ok,204991.0,ok,400802.0,ok,29.0,ok,16.0,ok,2.0,ok
2018,28,兵庫,11,繊維工業,53.0,ok,4267.0,ok,92558.0,ok,30481.0,ok,15353.0,ok,57133.0,ok,79742.0,ok,41.0,ok,12.0,ok,,nil_or_na
2018,28,兵庫,12,木材・木製品製造業（家具を除く）,17.0,ok,969.0,ok,30564.0,ok,9964.0,ok,3775.0,ok,19705.0,ok,26037.0,ok,14.0,ok,3.0,ok,,nil_or_na
2018,28,兵庫,13,家具・装備品製造業,19.0,ok,1264.0,ok,53392.0,ok,14930.0,ok,4515.0,ok,36469.0,ok,40605.0,ok,16.0,ok,3.0,ok,,nil_or_na
2018,28,兵庫,14,パルプ・紙・紙加工品製造業,64.0,ok,5517.0,ok,270130.0,ok,92467.0,ok,27221.0,ok,158834.0,ok,260418.0,ok,45.0,ok,17.0,ok,2.0,ok
2018,28,兵庫,15,印刷・同関連業,48.0,ok,4207.0,ok,92903.0,ok,40301.0,ok,18097.0,ok,47278.0,ok,89648.0,ok,32.0,ok,14.0,ok,2.0,ok
2018,28,兵庫,16,化学工業,156.0,ok,21698.0,ok,2125721.0,ok,732218.0,ok,125769.0,ok,1294828.0,ok,1953188.0,ok,94.0,ok,48.0,ok,14.0,ok
2018,28,兵庫,17,石油製品・石炭製品製造業,5.0,ok,868.0,ok,149456.0,ok,27571.0,ok,4650.0,ok,118573.0,ok,149317.0,ok,3.0,ok,1.0,ok,1.0,ok
2018,28,兵庫,18,プラスチック製品製造業（別掲を除く）,121.0,ok,10828.0,ok,431364.0,ok,159358.0,ok,51370.0,ok,248403.0,ok,410862.0,ok,90.0,ok,28.0,ok,3.0,ok
2018,28,兵庫,19,ゴム製品製造業,33.0,ok,3818.0,ok,107213.0,ok,34043.0,ok,20371.0,ok,68777.0,ok,98592.0,ok,25.0,ok,3.0,ok,5.0,ok
2018,28,兵庫,20,なめし革・同製品・毛皮製造業,16.0,ok,1430.0,ok,22528.0,ok,7849.0,ok,3873.0,ok,13602.0,ok,22308.0,ok,12.0,ok,4.0,ok,,nil_or_na
2018,28,兵庫,21,窯業・土石製品製造業,60.0,ok,4957.0,ok,212016.0,ok,76932.0,ok,25315.0,ok,111029.0,ok,183385.0,ok,44.0,ok,15.0,ok,1.0,ok
2018,28,兵庫,22,鉄鋼業,81.0,ok,16484.0,ok,1792355.0,ok,284431.0,ok,103879.0,ok,1435252.0,ok,1712176.0,ok,54.0,ok,16.0,ok,11.0,ok
2018,28,兵庫,23,非鉄金属製造業,46.0,ok,5589.0,ok,256626.0,ok,97711.0,ok,32046.0,ok,138423.0,ok,241558.0,ok,29.0,ok,14.0,ok,3.0,ok
2018,28,兵庫,24,金属製品製造業,224.0,ok,18892.0,ok,648952.0,ok,215597.0,ok,89611.0,ok,402167.0,ok,624956.0,ok,177.0,ok,42.0,ok,5.0,ok
2018,28,兵庫,25,はん用機械器具製造業,126.0,ok,23938.0,ok,1206514.0,ok,415253.0,ok,148670.0,ok,668066.0,ok,1032234.0,ok,84.0,ok,29.0,ok,13.0,ok
2018,28,兵庫,26,生産用機械器具製造業,172.0,ok,22281.0,ok,1079278.0,ok,293426.0,ok,137808.0,ok,754313.0,ok,978370.0,ok,121.0,ok,38.0,ok,13.0,ok
2018,28,兵庫,27,業務用機械器具製造業,44.0,ok,6545.0,ok,277797.0,ok,138609.0,ok,34561.0,ok,121696.0,ok,222632.0,ok,29.0,ok,11.0,ok,4.0,ok
2018,28,兵庫,28,電子部品・デバイス・電子回路製造業,50.0,ok,11138.0,ok,544560.0,ok,117439.0,ok,58917.0,ok,406385.0,ok,287373.0,ok,23.0,ok,17.0,ok,10.0,ok
2018,28,兵庫,29,電気機械器具製造業,169.0,ok,35466.0,ok,1507206.0,ok,379643.0,ok,204924.0,ok,1023071.0,ok,1431058.0,ok,91.0,ok,50.0,ok,28.0,ok
2018,28,兵庫,30,情報通信機械器具製造業,25.0,ok,5939.0,ok,342347.0,ok,108663.0,ok,37627.0,ok,231476.0,ok,294269.0,ok,10.0,ok,9.0,ok,6.0,ok
2018,28,兵庫,31,輸送用機械器具製造業,124.0,ok,34031.0,ok,1664279.0,ok,552940.0,ok,191873.0,ok,1085342.0,ok,1561209.0,ok,68.0,ok,36.0,ok,20.0,ok
2018,28,兵庫,32,その他の製造業,35.0,ok,4463.0,ok,123598.0,ok,53330.0,ok,17925.0,ok,65804.0,ok,121331.0,ok,21.0,ok,11.0,ok,3.0,ok
2018,29,奈良,09,食料品製造業,57.0,ok,7189.0,ok,229509.0,ok,100331.0,ok,26588.0,ok,115867.0,ok,213498.0,ok,35.0,ok,16.0,ok,6.0,ok
2018,29,奈良,10,飲料・たばこ・飼料製造業,5.0,ok,259.0,ok,4993.0,ok,2913.0,ok,699.0,ok,1968.0,ok,5581.0,ok,5.0,ok,,nil_or_na,,nil_or_na
2018,29,奈良,11,繊維工業,45.0,ok,2832.0,ok,45370.0,ok,16088.0,ok,8976.0,ok,27283.0,ok,40499.0,ok,40.0,ok,5.0,ok,,nil_or_na
2018,29,奈良,12,木材・木製品製造業（家具を除く）,10.0,ok,536.0,ok,18075.0,ok,4504.0,ok,2018.0,ok,12962.0,ok,17902.0,ok,9.0,ok,1.0,ok,,nil_or_na
2018,29,奈良,13,家具・装備品製造業,12.0,ok,842.0,ok,24517.0,ok,7743.0,ok,3210.0,ok,15838.0,ok,23175.0,ok,10.0,ok,2.0,ok,,nil_or_na
2018,29,奈良,14,パルプ・紙・紙加工品製造業,18.0,ok,1674.0,ok,50369.0,ok,18787.0,ok,6165.0,ok,28926.0,ok,49658.0,ok,13.0,ok,4.0,ok,1.0,ok
2018,29,奈良,15,印刷・同関連業,20.0,ok,2640.0,ok,53477.0,ok,21152.0,ok,12792.0,ok,28856.0,ok,53251.0,ok,14.0,ok,4.0,ok,2.0,ok
2018,29,奈良,16,化学工業,24.0,ok,2855.0,ok,99941.0,ok,33928.0,ok,12137.0,ok,61241.0,ok,95697.0,ok,14.0,ok,9.0,ok,1.0,ok
2018,29,奈良,17,石油製品・石炭製品製造業,1.0,ok,75.0,ok,,suppressed,,suppressed,,suppressed,,suppressed,,suppressed,1.0,ok,,nil_or_na,,nil_or_na
2018,29,奈良,18,プラスチック製品製造業（別掲を除く）,54.0,ok,4388.0,ok,118217.0,ok,38856.0,ok,16780.0,ok,72343.0,ok,116587.0,ok,40.0,ok,14.0,ok,,nil_or_na
2018,29,奈良,19,ゴム製品製造業,14.0,ok,2236.0,ok,62325.0,ok,27944.0,ok,11485.0,ok,30155.0,ok,50595.0,ok,7.0,ok,4.0,ok,3.0,ok
2018,29,奈良,20,なめし革・同製品・毛皮製造業,2.0,ok,122.0,ok,,suppressed,,suppressed,,suppressed,,suppressed,,suppressed,2.0,ok,,nil_or_na,,nil_or_na
2018,29,奈良,21,窯業・土石製品製造業,11.0,ok,573.0,ok,13650.0,ok,5006.0,ok,2384.0,ok,7964.0,ok,10106.0,ok,11.0,ok,,nil_or_na,,nil_or_na
2018,29,奈良,22,鉄鋼業,9.0,ok,418.0,ok,30186.0,ok,7316.0,ok,1851.0,ok,21870.0,ok,29073.0,ok,9.0,ok,,nil_or_na,,nil_or_na
2018,29,奈良,23,非鉄金属製造業,5.0,ok,463.0,ok,16693.0,ok,9391.0,ok,2596.0,ok,6041.0,ok,15381.0,ok,4.0,ok,1.0,ok,,nil_or_na
2018,29,奈良,24,金属製品製造業,36.0,ok,2638.0,ok,120088.0,ok,43110.0,ok,11600.0,ok,73104.0,ok,121991.0,ok,31.0,ok,5.0,ok,,nil_or_na
2018,29,奈良,25,はん用機械器具製造業,20.0,ok,1587.0,ok,52334.0,ok,22095.0,ok,7116.0,ok,27782.0,ok,42000.0,ok,17.0,ok,2.0,ok,1.0,ok
2018,29,奈良,26,生産用機械器具製造業,37.0,ok,4146.0,ok,143723.0,ok,53392.0,ok,22333.0,ok,88730.0,ok,138070.0,ok,27.0,ok,7.0,ok,3.0,ok
2018,29,奈良,27,業務用機械器具製造業,9.0,ok,2531.0,ok,161366.0,ok,60882.0,ok,17784.0,ok,93015.0,ok,154980.0,ok,6.0,ok,1.0,ok,2.0,ok
2018,29,奈良,28,電子部品・デバイス・電子回路製造業,5.0,ok,1152.0,ok,296375.0,ok,33750.0,ok,7593.0,ok,278577.0,ok,1941.0,ok,4.0,ok,,nil_or_na,1.0,ok
2018,29,奈良,29,電気機械器具製造業,10.0,ok,884.0,ok,53021.0,ok,10488.0,ok,4626.0,ok,41713.0,ok,42897.0,ok,7.0,ok,2.0,ok,1.0,ok
2018,29,奈良,30,情報通信機械器具製造業,1.0,ok,118.0,ok,,suppressed,,suppressed,,suppressed,,suppressed,,suppressed,,nil_or_na,1.0,ok,,nil_or_na
2018,29,奈良,31,輸送用機械器具製造業,10.0,ok,3197.0,ok,189434.0,ok,48679.0,ok,18822.0,ok,137040.0,ok,180053.0,ok,6.0,ok,1.0,ok,3.0,ok
2018,29,奈良,32,その他の製造業,12.0,ok,1350.0,ok,50097.0,ok,15223.0,ok,5288.0,ok,32731.0,ok,42103.0,ok,8.0,ok,4.0,ok,,nil_or_na
2018,30,和歌山,09,食料品製造業,68.0,ok,5083.0,ok,131526.0,ok,35018.0,ok,13400.0,ok,91065.0,ok,120924.0,ok,54.0,ok,13.0,ok,1.0,ok
2018,30,和歌山,10,飲料・たばこ・飼料製造業,15.0,ok,1316.0,ok,51616.0,ok,21372.0,ok,4912.0,ok,26275.0,ok,46834.0,ok,11.0,ok,4.0,ok,,nil_or_na
2018,30,和歌山,11,繊維工業,33.0,ok,2183.0,ok,40940.0,ok,15096.0,ok,7148.0,ok,23723.0,ok,40797.0,ok,30.0,ok,3.0,ok,,nil_or_na
2018,30,和歌山,12,木材・木製品製造業（家具を除く）,9.0,ok,537.0,ok,19853.0,ok,6190.0,ok,2366.0,ok,12424.0,ok,17490.0,ok,8.0,ok,1.0,ok,,nil_or_na
2018,30,和歌山,13,家具・装備品製造業,5.0,ok,327.0,ok,6193.0,ok,1688.0,ok,1103.0,ok,4341.0,ok,6136.0,ok,4.0,ok,1.0,ok,,nil_or_na
2018,30,和歌山,14,パルプ・紙・紙加工品製造業,7.0,ok,668.0,ok,30941.0,ok,10237.0,ok,3139.0,ok,18736.0,ok,27823.0,ok,3.0,ok,4.0,ok,,nil_or_na
2018,30,和歌山,15,印刷・同関連業,9.0,ok,516.0,ok,6983.0,ok,4367.0,ok,1933.0,ok,2323.0,ok,7101.0,ok,8.0,ok,1.0,ok,,nil_or_na
2018,30,和歌山,16,化学工業,37.0,ok,5178.0,ok,359830.0,ok,164709.0,ok,28804.0,ok,169745.0,ok,359955.0,ok,25.0,ok,11.0,ok,1.0,ok
2018,30,和歌山,17,石油製品・石炭製品製造業,5.0,ok,819.0,ok,580751.0,ok,9571.0,ok,6256.0,ok,490801.0,ok,587165.0,ok,2.0,ok,2.0,ok,1.0,ok
2018,30,和歌山,18,プラスチック製品製造業（別掲を除く）,19.0,ok,922.0,ok,30377.0,ok,10201.0,ok,3083.0,ok,18692.0,ok,30171.0,ok,19.0,ok,,nil_or_na,,nil_or_na
2018,30,和歌山,19,ゴム製品製造業,8.0,ok,1015.0,ok,18159.0,ok,7656.0,ok,3661.0,ok,9441.0,ok,15636.0,ok,6.0,ok,1.0,ok,1.0,ok
2018,30,和歌山,20,なめし革・同製品・毛皮製造業,1.0,ok,41.0,ok,,suppressed,,suppressed,,suppressed,,suppressed,,suppressed,1.0,ok,,nil_or_na,,nil_or_na
2018,30,和歌山,21,窯業・土石製品製造業,6.0,ok,359.0,ok,15890.0,ok,4958.0,ok,1703.0,ok,9946.0,ok,15765.0,ok,5.0,ok,1.0,ok,,nil_or_na
2018,30,和歌山,22,鉄鋼業,12.0,ok,4067.0,ok,555382.0,ok,118583.0,ok,26119.0,ok,421673.0,ok,540197.0,ok,7.0,ok,3.0,ok,2.0,ok
2018,30,和歌山,23,非鉄金属製造業,8.0,ok,532.0,ok,24168.0,ok,4883.0,ok,2457.0,ok,18849.0,ok,24176.0,ok,7.0,ok,1.0,ok,,nil_or_na
2018,30,和歌山,24,金属製品製造業,31.0,ok,2158.0,ok,75165.0,ok,30205.0,ok,9639.0,ok,40889.0,ok,72016.0,ok,25.0,ok,6.0,ok,,nil_or_na
2018,30,和歌山,25,はん用機械器具製造業,22.0,ok,3838.0,ok,339174.0,ok,218259.0,ok,18552.0,ok,99111.0,ok,338528.0,ok,14.0,ok,6.0,ok,2.0,ok
2018,30,和歌山,26,生産用機械器具製造業,34.0,ok,4059.0,ok,107884.0,ok,53804.0,ok,20820.0,ok,55965.0,ok,108782.0,ok,27.0,ok,6.0,ok,1.0,ok
2018,30,和歌山,27,業務用機械器具製造業,7.0,ok,804.0,ok,12454.0,ok,4774.0,ok,3225.0,ok,7141.0,ok,10182.0,ok,4.0,ok,3.0,ok,,nil_or_na
2018,30,和歌山,28,電子部品・デバイス・電子回路製造業,5.0,ok,796.0,ok,16581.0,ok,6818.0,ok,3848.0,ok,8155.0,ok,15620.0,ok,1.0,ok,4.0,ok,,nil_or_na
2018,30,和歌山,29,電気機械器具製造業,12.0,ok,871.0,ok,14394.0,ok,5573.0,ok,3213.0,ok,7954.0,ok,14369.0,ok,10.0,ok,2.0,ok,,nil_or_na
2018,30,和歌山,30,情報通信機械器具製造業,2.0,ok,289.0,ok,,suppressed,,suppressed,,suppressed,,suppressed,,suppressed,1.0,ok,1.0,ok,,nil_or_na
2018,30,和歌山,31,輸送用機械器具製造業,5.0,ok,705.0,ok,16964.0,ok,8394.0,ok,2721.0,ok,6856.0,ok,16841.0,ok,1.0,ok,4.0,ok,,nil_or_na
2018,30,和歌山,32,その他の製造業,7.0,ok,489.0,ok,6932.0,ok,2799.0,ok,1684.0,ok,3693.0,ok,6819.0,ok,6.0,ok,1.0,ok,,nil_or_na
2018,31,鳥取,09,食料品製造業,60.0,ok,6200.0,ok,144207.0,ok,41646.0,ok,18833.0,ok,95817.0,ok,126499.0,ok,40.0,ok,16.0,ok,4.0,ok
2018,31,鳥取,10,飲料・たばこ・飼料製造業,7.0,ok,498.0,ok,18906.0,ok,8985.0,ok,2013.0,ok,7244.0,ok,18822.0,ok,6.0,ok,1.0,ok,,nil_or_na
2018,31,鳥取,11,繊維工業,22.0,ok,2178.0,ok,14607.0,ok,6768.0,ok,5153.0,ok,6771.0,ok,14470.0,ok,17.0,ok,4.0,ok,1.0,ok
2018,31,鳥取,12,木材・木製品製造業（家具を除く）,6.0,ok,454.0,ok,20910.0,ok,2459.0,ok,1854.0,ok,17594.0,ok,20767.0,ok,5.0,ok,1.0,ok,,nil_or_na
2018,31,鳥取,13,家具・装備品製造業,2.0,ok,80.0,ok,,suppressed,,suppressed,,suppressed,,suppressed,,suppressed,2.0,ok,,nil_or_na,,nil_or_na
2018,31,鳥取,14,パルプ・紙・紙加工品製造業,12.0,ok,1479.0,ok,94711.0,ok,27463.0,ok,6821.0,ok,60888.0,ok,89946.0,ok,7.0,ok,4.0,ok,1.0,ok
2018,31,鳥取,15,印刷・同関連業,10.0,ok,462.0,ok,5540.0,ok,2810.0,ok,1358.0,ok,2332.0,ok,5529.0,ok,10.0,ok,,nil_or_na,,nil_or_na
2018,31,鳥取,16,化学工業,1.0,ok,125.0,ok,,suppressed,,suppressed,,suppressed,,suppressed,,suppressed,,nil_or_na,1.0,ok,,nil_or_na
2018,31,鳥取,17,石油製品・石炭製品製造業,,nil_or_na,,nil_or_na,,nil_or_na,,nil_or_na,,nil_or_na,,nil_or_na,,nil_or_na,,nil_or_na,,nil_or_na,,nil_or_na
2018,31,鳥取,18,プラスチック製品製造業（別掲を除く）,12.0,ok,802.0,ok,18783.0,ok,7658.0,ok,2581.0,ok,10074.0,ok,18651.0,ok,10.0,ok,2.0,ok,,nil_or_na
2018,31,鳥取,19,ゴム製品製造業,3.0,ok,421.0,ok,6621.0,ok,2174.0,ok,1340.0,ok,4262.0,ok,6665.0,ok,1.0,ok,2.0,ok,,nil_or_na
2018,31,鳥取,20,なめし革・同製品・毛皮製造業,,nil_or_na,,nil_or_na,,nil_or_na,,nil_or_na,,nil_or_na,,nil_or_na,,nil_or_na,,nil_or_na,,nil_or_na,,nil_or_na
2018,31,鳥取,21,窯業・土石製品製造業,3.0,ok,114.0,ok,1272.0,ok,518.0,ok,332.0,ok,680.0,ok,1046.0,ok,3.0,ok,,nil_or_na,,nil_or_na
2018,31,鳥取,22,鉄鋼業,4.0,ok,657.0,ok,15536.0,ok,3321.0,ok,2555.0,ok,11208.0,ok,15585.0,ok,2.0,ok,1.0,ok,1.0,ok
2018,31,鳥取,23,非鉄金属製造業,1.0,ok,67.0,ok,,suppressed,,suppressed,,suppressed,,suppressed,,suppressed,1.0,ok,,nil_or_na,,nil_or_na
2018,31,鳥取,24,金属製品製造業,20.0,ok,1451.0,ok,28757.0,ok,10713.0,ok,5333.0,ok,16508.0,ok,28515.0,ok,15.0,ok,5.0,ok,,nil_or_na
2018,31,鳥取,25,はん用機械器具製造業,1.0,ok,55.0,ok,,suppressed,,suppressed,,suppressed,,suppressed,,suppressed,1.0,ok,,nil_or_na,,nil_or_na
2018,31,鳥取,26,生産用機械器具製造業,12.0,ok,1002.0,ok,23760.0,ok,7169.0,ok,4089.0,ok,15457.0,ok,20691.0,ok,9.0,ok,3.0,ok,,nil_or_na
2018,31,鳥取,27,業務用機械器具製造業,5.0,ok,566.0,ok,7897.0,ok,2765.0,ok,1654.0,ok,4431.0,ok,7482.0,ok,2.0,ok,3.0,ok,,nil_or_na
2018,31,鳥取,28,電子部品・デバイス・電子回路製造業,32.0,ok,5069.0,ok,162146.0,ok,40976.0,ok,22571.0,ok,114545.0,ok,125363.0,ok,18.0,ok,9.0,ok,5.0,ok
2018,31,鳥取,29,電気機械器具製造業,28.0,ok,2862.0,ok,86348.0,ok,20960.0,ok,10869.0,ok,60955.0,ok,80199.0,ok,21.0,ok,5.0,ok,2.0,ok
2018,31,鳥取,30,情報通信機械器具製造業,3.0,ok,511.0,ok,24993.0,ok,5089.0,ok,2351.0,ok,19449.0,ok,25115.0,ok,1.0,ok,2.0,ok,,nil_or_na
2018,31,鳥取,31,輸送用機械器具製造業,10.0,ok,1367.0,ok,27158.0,ok,8976.0,ok,4982.0,ok,16015.0,ok,25931.0,ok,7.0,ok,2.0,ok,1.0,ok
2018,31,鳥取,32,その他の製造業,3.0,ok,245.0,ok,2436.0,ok,1111.0,ok,588.0,ok,1181.0,ok,2449.0,ok,2.0,ok,1.0,ok,,nil_or_na
2018,32,島根,09,食料品製造業,46.0,ok,3436.0,ok,51582.0,ok,17891.0,ok,8934.0,ok,30861.0,ok,47204.0,ok,34.0,ok,12.0,ok,,nil_or_na
2018,32,島根,10,飲料・たばこ・飼料製造業,4.0,ok,247.0,ok,7821.0,ok,3541.0,ok,787.0,ok,3713.0,ok,6276.0,ok,4.0,ok,,nil_or_na,,nil_or_na
2018,32,島根,11,繊維工業,20.0,ok,1751.0,ok,30596.0,ok,9109.0,ok,5011.0,ok,20627.0,ok,30241.0,ok,13.0,ok,7.0,ok,,nil_or_na
2018,32,島根,12,木材・木製品製造業（家具を除く）,6.0,ok,413.0,ok,30723.0,ok,8473.0,ok,1832.0,ok,20791.0,ok,30835.0,ok,4.0,ok,2.0,ok,,nil_or_na
2018,32,島根,13,家具・装備品製造業,3.0,ok,230.0,ok,5373.0,ok,1839.0,ok,852.0,ok,3331.0,ok,5107.0,ok,3.0,ok,,nil_or_na,,nil_or_na
2018,32,島根,14,パルプ・紙・紙加工品製造業,11.0,ok,1038.0,ok,29121.0,ok,10266.0,ok,3718.0,ok,15462.0,ok,28592.0,ok,7.0,ok,4.0,ok,,nil_or_na
2018,32,島根,15,印刷・同関連業,9.0,ok,376.0,ok,4718.0,ok,1642.0,ok,1217.0,ok,2772.0,ok,4462.0,ok,9.0,ok,,nil_or_na,,nil_or_na
2018,32,島根,16,化学工業,5.0,ok,880.0,ok,32107.0,ok,14010.0,ok,3043.0,ok,16619.0,ok,32315.0,ok,2.0,ok,2.0,ok,1.0,ok
2018,32,島根,17,石油製品・石炭製品製造業,,nil_or_na,,nil_or_na,,nil_or_na,,nil_or_na,,nil_or_na,,nil_or_na,,nil_or_na,,nil_or_na,,nil_or_na,,nil_or_na
2018,32,島根,18,プラスチック製品製造業（別掲を除く）,10.0,ok,886.0,ok,21036.0,ok,6403.0,ok,3148.0,ok,12470.0,ok,20888.0,ok,5.0,ok,5.0,ok,,nil_or_na
2018,32,島根,19,ゴム製品製造業,7.0,ok,576.0,ok,7275.0,ok,3064.0,ok,1730.0,ok,3842.0,ok,7160.0,ok,5.0,ok,2.0,ok,,nil_or_na
2018,32,島根,20,なめし革・同製品・毛皮製造業,1.0,ok,36.0,ok,,suppressed,,suppressed,,suppressed,,suppressed,,suppressed,1.0,ok,,nil_or_na,,nil_or_na
2018,32,島根,21,窯業・土石製品製造業,9.0,ok,542.0,ok,7882.0,ok,2703.0,ok,1668.0,ok,4796.0,ok,7797.0,ok,8.0,ok,1.0,ok,,nil_or_na
2018,32,島根,22,鉄鋼業,17.0,ok,4628.0,ok,182056.0,ok,65924.0,ok,24627.0,ok,115275.0,ok,188731.0,ok,10.0,ok,4.0,ok,3.0,ok
2018,32,島根,23,非鉄金属製造業,2.0,ok,368.0,ok,,suppressed,,suppressed,,suppressed,,suppressed,,suppressed,1.0,ok,1.0,ok,,nil_or_na
2018,32,島根,24,金属製品製造業,16.0,ok,1247.0,ok,31808.0,ok,11063.0,ok,5076.0,ok,18469.0,ok,30527.0,ok,13.0,ok,3.0,ok,,nil_or_na
2018,32,島根,25,はん用機械器具製造業,10.0,ok,1314.0,ok,61614.0,ok,25143.0,ok,6956.0,ok,33438.0,ok,58513.0,ok,5.0,ok,4.0,ok,1.0,ok
2018,32,島根,26,生産用機械器具製造業,25.0,ok,1958.0,ok,60009.0,ok,17038.0,ok,8447.0,ok,40101.0,ok,58174.0,ok,21.0,ok,3.0,ok,1.0,ok
2018,32,島根,27,業務用機械器具製造業,2.0,ok,871.0,ok,,suppressed,,suppressed,,suppressed,,suppressed,,suppressed,1.0,ok,,nil_or_na,1.0,ok
2018,32,島根,28,電子部品・デバイス・電子回路製造業,17.0,ok,6260.0,ok,250611.0,ok,109308.0,ok,28810.0,ok,137012.0,ok,265215.0,ok,9.0,ok,6.0,ok,2.0,ok
2018,32,島根,29,電気機械器具製造業,13.0,ok,1418.0,ok,39458.0,ok,10093.0,ok,5744.0,ok,27951.0,ok,35780.0,ok,10.0,ok,2.0,ok,1.0,ok
2018,32,島根,30,情報通信機械器具製造業,6.0,ok,1104.0,ok,,suppressed,,suppressed,,suppressed,,suppressed,,suppressed,4.0,ok,1.0,ok,1.0,ok
2018,32,島根,31,輸送用機械器具製造業,17.0,ok,2493.0,ok,87243.0,ok,29368.0,ok,11298.0,ok,51121.0,ok,84346.0,ok,8.0,ok,7.0,ok,2.0,ok
2018,32,島根,32,その他の製造業,3.0,ok,113.0,ok,1439.0,ok,590.0,ok,298.0,ok,809.0,ok,1450.0,ok,3.0,ok,,nil_or_na,,nil_or_na
2018,33,岡山,09,食料品製造業,111.0,ok,17015.0,ok,501031.0,ok,179227.0,ok,55654.0,ok,292475.0,ok,481615.0,ok,63.0,ok,34.0,ok,14.0,ok
2018,33,岡山,10,飲料・たばこ・飼料製造業,9.0,ok,536.0,ok,154052.0,ok,48927.0,ok,2865.0,ok,60165.0,ok,153409.0,ok,8.0,ok,1.0,ok,,nil_or_na
2018,33,岡山,11,繊維工業,97.0,ok,7638.0,ok,180276.0,ok,70414.0,ok,24273.0,ok,103351.0,ok,164820.0,ok,78.0,ok,18.0,ok,1.0,ok
2018,33,岡山,12,木材・木製品製造業（家具を除く）,19.0,ok,1271.0,ok,68766.0,ok,13875.0,ok,5471.0,ok,53628.0,ok,64544.0,ok,15.0,ok,4.0,ok,,nil_or_na
2018,33,岡山,13,家具・装備品製造業,9.0,ok,821.0,ok,21926.0,ok,7707.0,ok,3292.0,ok,13132.0,ok,21701.0,ok,6.0,ok,3.0,ok,,nil_or_na
2018,33,岡山,14,パルプ・紙・紙加工品製造業,33.0,ok,3196.0,ok,113675.0,ok,40954.0,ok,12163.0,ok,64704.0,ok,103282.0,ok,22.0,ok,10.0,ok,1.0,ok
2018,33,岡山,15,印刷・同関連業,43.0,ok,3642.0,ok,91564.0,ok,38830.0,ok,16117.0,ok,48402.0,ok,91625.0,ok,35.0,ok,5.0,ok,3.0,ok
2018,33,岡山,16,化学工業,68.0,ok,11326.0,ok,1172602.0,ok,245559.0,ok,69224.0,ok,885024.0,ok,1086138.0,ok,39.0,ok,21.0,ok,8.0,ok
2018,33,岡山,17,石油製品・石炭製品製造業,3.0,ok,1195.0,ok,1498194.0,ok,52471.0,ok,9265.0,ok,1208414.0,ok,1499750.0,ok,2.0,ok,,nil_or_na,1.0,ok
2018,33,岡山,18,プラスチック製品製造業（別掲を除く）,67.0,ok,6707.0,ok,285803.0,ok,85591.0,ok,30446.0,ok,189516.0,ok,256078.0,ok,49.0,ok,15.0,ok,3.0,ok
2018,33,岡山,19,ゴム製品製造業,28.0,ok,4385.0,ok,103753.0,ok,35902.0,ok,19604.0,ok,62437.0,ok,87286.0,ok,15.0,ok,9.0,ok,4.0,ok
2018,33,岡山,20,なめし革・同製品・毛皮製造業,1.0,ok,35.0,ok,,suppressed,,suppressed,,suppressed,,suppressed,,suppressed,1.0,ok,,nil_or_na,,nil_or_na
2018,33,岡山,21,窯業・土石製品製造業,37.0,ok,3190.0,ok,166404.0,ok,58374.0,ok,15875.0,ok,103660.0,ok,140536.0,ok,24.0,ok,13.0,ok,,nil_or_na
2018,33,岡山,22,鉄鋼業,33.0,ok,7941.0,ok,983249.0,ok,85634.0,ok,48072.0,ok,850320.0,ok,964641.0,ok,19.0,ok,10.0,ok,4.0,ok
2018,33,岡山,23,非鉄金属製造業,14.0,ok,1468.0,ok,69232.0,ok,20953.0,ok,7479.0,ok,38533.0,ok,64714.0,ok,10.0,ok,4.0,ok,,nil_or_na
2018,33,岡山,24,金属製品製造業,52.0,ok,5311.0,ok,173537.0,ok,60578.0,ok,24868.0,ok,99365.0,ok,170264.0,ok,39.0,ok,10.0,ok,3.0,ok
2018,33,岡山,25,はん用機械器具製造業,37.0,ok,5238.0,ok,233537.0,ok,79561.0,ok,28220.0,ok,142774.0,ok,225914.0,ok,20.0,ok,16.0,ok,1.0,ok
2018,33,岡山,26,生産用機械器具製造業,81.0,ok,7559.0,ok,277502.0,ok,97793.0,ok,37745.0,ok,171976.0,ok,275309.0,ok,63.0,ok,12.0,ok,6.0,ok
2018,33,岡山,27,業務用機械器具製造業,8.0,ok,914.0,ok,25420.0,ok,10766.0,ok,3704.0,ok,13346.0,ok,23752.0,ok,6.0,ok,1.0,ok,1.0,ok
2018,33,岡山,28,電子部品・デバイス・電子回路製造業,25.0,ok,7890.0,ok,437721.0,ok,88842.0,ok,41271.0,ok,333340.0,ok,438109.0,ok,10.0,ok,9.0,ok,6.0,ok
2018,33,岡山,29,電気機械器具製造業,43.0,ok,4446.0,ok,195460.0,ok,47379.0,ok,18295.0,ok,143475.0,ok,186561.0,ok,30.0,ok,10.0,ok,3.0,ok
2018,33,岡山,30,情報通信機械器具製造業,7.0,ok,896.0,ok,,suppressed,,suppressed,,suppressed,,suppressed,,suppressed,5.0,ok,1.0,ok,1.0,ok
2018,33,岡山,31,輸送用機械器具製造業,90.0,ok,18376.0,ok,946789.0,ok,291139.0,ok,98814.0,ok,646858.0,ok,948201.0,ok,52.0,ok,26.0,ok,12.0,ok
2018,33,岡山,32,その他の製造業,12.0,ok,885.0,ok,27700.0,ok,5236.0,ok,3723.0,ok,21537.0,ok,27733.0,ok,10.0,ok,2.0,ok,,nil_or_na
2018,34,広島,09,食料品製造業,189.0,ok,23870.0,ok,586442.0,ok,202832.0,ok,72075.0,ok,357920.0,ok,492787.0,ok,121.0,ok,51.0,ok,17.0,ok
2018,34,広島,10,飲料・たばこ・飼料製造業,11.0,ok,655.0,ok,22582.0,ok,7503.0,ok,2733.0,ok,11476.0,ok,21097.0,ok,11.0,ok,,nil_or_na,,nil_or_na
2018,34,広島,11,繊維工業,45.0,ok,3478.0,ok,88905.0,ok,27276.0,ok,12269.0,ok,57072.0,ok,77487.0,ok,36.0,ok,8.0,ok,1.0,ok
2018,34,広島,12,木材・木製品製造業（家具を除く）,28.0,ok,2051.0,ok,96390.0,ok,36352.0,ok,9084.0,ok,58339.0,ok,92015.0,ok,23.0,ok,4.0,ok,1.0,ok
2018,34,広島,13,家具・装備品製造業,27.0,ok,1517.0,ok,21817.0,ok,8520.0,ok,4608.0,ok,11870.0,ok,20365.0,ok,25.0,ok,2.0,ok,,nil_or_na
2018,34,広島,14,パルプ・紙・紙加工品製造業,22.0,ok,1526.0,ok,88925.0,ok,23133.0,ok,7334.0,ok,61429.0,ok,84497.0,ok,19.0,ok,3.0,ok,,nil_or_na
2018,34,広島,15,印刷・同関連業,46.0,ok,2775.0,ok,55548.0,ok,22576.0,ok,11794.0,ok,29175.0,ok,53168.0,ok,42.0,ok,4.0,ok,,nil_or_na
2018,34,広島,16,化学工業,39.0,ok,5882.0,ok,411688.0,ok,177836.0,ok,35680.0,ok,214027.0,ok,410899.0,ok,23.0,ok,14.0,ok,2.0,ok
2018,34,広島,17,石油製品・石炭製品製造業,2.0,ok,91.0,ok,,suppressed,,suppressed,,suppressed,,suppressed,,suppressed,2.0,ok,,nil_or_na,,nil_or_na
2018,34,広島,18,プラスチック製品製造業（別掲を除く）,87.0,ok,11866.0,ok,526422.0,ok,179677.0,ok,55874.0,ok,330387.0,ok,512384.0,ok,54.0,ok,27.0,ok,6.0,ok
2018,34,広島,19,ゴム製品製造業,30.0,ok,3648.0,ok,93038.0,ok,41477.0,ok,18303.0,ok,45695.0,ok,82498.0,ok,19.0,ok,8.0,ok,3.0,ok
2018,34,広島,20,なめし革・同製品・毛皮製造業,1.0,ok,143.0,ok,,suppressed,,suppressed,,suppressed,,suppressed,,suppressed,,nil_or_na,1.0,ok,,nil_or_na
2018,34,広島,21,窯業・土石製品製造業,24.0,ok,2904.0,ok,82408.0,ok,37591.0,ok,13819.0,ok,40234.0,ok,75346.0,ok,19.0,ok,2.0,ok,3.0,ok
2018,34,広島,22,鉄鋼業,39.0,ok,9204.0,ok,1274027.0,ok,152046.0,ok,53263.0,ok,1105277.0,ok,1245975.0,ok,26.0,ok,10.0,ok,3.0,ok
2018,34,広島,23,非鉄金属製造業,19.0,ok,4749.0,ok,321371.0,ok,95873.0,ok,30218.0,ok,201378.0,ok,319540.0,ok,6.0,ok,8.0,ok,5.0,ok
2018,34,広島,24,金属製品製造業,100.0,ok,7433.0,ok,215513.0,ok,74975.0,ok,34344.0,ok,127199.0,ok,208518.0,ok,78.0,ok,21.0,ok,1.0,ok
2018,34,広島,25,はん用機械器具製造業,49.0,ok,8997.0,ok,384646.0,ok,120511.0,ok,54672.0,ok,241269.0,ok,303327.0,ok,28.0,ok,13.0,ok,8.0,ok
2018,34,広島,26,生産用機械器具製造業,125.0,ok,18310.0,ok,820168.0,ok,226109.0,ok,101615.0,ok,581372.0,ok,735595.0,ok,93.0,ok,17.0,ok,15.0,ok
2018,34,広島,27,業務用機械器具製造業,10.0,ok,2175.0,ok,61442.0,ok,30959.0,ok,9742.0,ok,27586.0,ok,60648.0,ok,3.0,ok,5.0,ok,2.0,ok
2018,34,広島,28,電子部品・デバイス・電子回路製造業,15.0,ok,5924.0,ok,312124.0,ok,145259.0,ok,37535.0,ok,118575.0,ok,317588.0,ok,7.0,ok,5.0,ok,3.0,ok
2018,34,広島,29,電気機械器具製造業,49.0,ok,7271.0,ok,239246.0,ok,94169.0,ok,31950.0,ok,147752.0,ok,242836.0,ok,32.0,ok,9.0,ok,8.0,ok
2018,34,広島,30,情報通信機械器具製造業,6.0,ok,754.0,ok,20475.0,ok,16777.0,ok,2744.0,ok,1330.0,ok,19164.0,ok,4.0,ok,1.0,ok,1.0,ok
2018,34,広島,31,輸送用機械器具製造業,182.0,ok,48642.0,ok,3437119.0,ok,817439.0,ok,282791.0,ok,2647392.0,ok,2986616.0,ok,114.0,ok,41.0,ok,27.0,ok
2018,34,広島,32,その他の製造業,30.0,ok,2435.0,ok,62558.0,ok,27615.0,ok,9259.0,ok,31959.0,ok,58721.0,ok,24.0,ok,6.0,ok,,nil_or_na
2018,35,山口,09,食料品製造業,100.0,ok,9883.0,ok,192116.0,ok,69219.0,ok,27793.0,ok,114887.0,ok,182243.0,ok,68.0,ok,28.0,ok,4.0,ok
2018,35,山口,10,飲料・たばこ・飼料製造業,5.0,ok,760.0,ok,38640.0,ok,8613.0,ok,4437.0,ok,25353.0,ok,38734.0,ok,3.0,ok,1.0,ok,1.0,ok
2018,35,山口,11,繊維工業,16.0,ok,1910.0,ok,52618.0,ok,11872.0,ok,7668.0,ok,36272.0,ok,51997.0,ok,11.0,ok,2.0,ok,3.0,ok
2018,35,山口,12,木材・木製品製造業（家具を除く）,11.0,ok,971.0,ok,34626.0,ok,7928.0,ok,3816.0,ok,26146.0,ok,33395.0,ok,8.0,ok,3.0,ok,,nil_or_na
2018,35,山口,13,家具・装備品製造業,1.0,ok,31.0,ok,,suppressed,,suppressed,,suppressed,,suppressed,,suppressed,1.0,ok,,nil_or_na,,nil_or_na
2018,35,山口,14,パルプ・紙・紙加工品製造業,15.0,ok,1782.0,ok,96562.0,ok,21632.0,ok,8189.0,ok,67828.0,ok,91031.0,ok,11.0,ok,3.0,ok,1.0,ok
2018,35,山口,15,印刷・同関連業,18.0,ok,1415.0,ok,24451.0,ok,9339.0,ok,5746.0,ok,13489.0,ok,23208.0,ok,13.0,ok,5.0,ok,,nil_or_na
2018,35,山口,16,化学工業,57.0,ok,14343.0,ok,1888124.0,ok,761341.0,ok,92676.0,ok,1006538.0,ok,1814502.0,ok,28.0,ok,13.0,ok,16.0,ok
2018,35,山口,17,石油製品・石炭製品製造業,4.0,ok,1097.0,ok,1120530.0,ok,36849.0,ok,9046.0,ok,888533.0,ok,1116277.0,ok,1.0,ok,1.0,ok,2.0,ok
2018,35,山口,18,プラスチック製品製造業（別掲を除く）,37.0,ok,4207.0,ok,105587.0,ok,34146.0,ok,15582.0,ok,65909.0,ok,104941.0,ok,23.0,ok,13.0,ok,1.0,ok
2018,35,山口,19,ゴム製品製造業,11.0,ok,2794.0,ok,187290.0,ok,110405.0,ok,15032.0,ok,71752.0,ok,187159.0,ok,5.0,ok,4.0,ok,2.0,ok
2018,35,山口,20,なめし革・同製品・毛皮製造業,,nil_or_na,,nil_or_na,,nil_or_na,,nil_or_na,,nil_or_na,,nil_or_na,,nil_or_na,,nil_or_na,,nil_or_na,,nil_or_na
2018,35,山口,21,窯業・土石製品製造業,29.0,ok,2909.0,ok,202444.0,ok,81161.0,ok,15057.0,ok,112040.0,ok,188871.0,ok,18.0,ok,10.0,ok,1.0,ok
2018,35,山口,22,鉄鋼業,28.0,ok,6494.0,ok,666807.0,ok,105907.0,ok,36929.0,ok,556796.0,ok,680728.0,ok,14.0,ok,8.0,ok,6.0,ok
2018,35,山口,23,非鉄金属製造業,7.0,ok,1551.0,ok,132830.0,ok,24131.0,ok,10506.0,ok,102699.0,ok,132512.0,ok,3.0,ok,2.0,ok,2.0,ok
2018,35,山口,24,金属製品製造業,46.0,ok,4012.0,ok,159769.0,ok,54061.0,ok,19083.0,ok,104814.0,ok,129272.0,ok,35.0,ok,10.0,ok,1.0,ok
2018,35,山口,25,はん用機械器具製造業,23.0,ok,2966.0,ok,99218.0,ok,39458.0,ok,16587.0,ok,58619.0,ok,98607.0,ok,16.0,ok,5.0,ok,2.0,ok
2018,35,山口,26,生産用機械器具製造業,45.0,ok,4900.0,ok,192019.0,ok,82200.0,ok,27247.0,ok,115070.0,ok,175690.0,ok,36.0,ok,6.0,ok,3.0,ok
2018,35,山口,27,業務用機械器具製造業,3.0,ok,598.0,ok,,suppressed,,suppressed,,suppressed,,suppressed,,suppressed,,nil_or_na,2.0,ok,1.0,ok
2018,35,山口,28,電子部品・デバイス・電子回路製造業,11.0,ok,2188.0,ok,,suppressed,,suppressed,,suppressed,,suppressed,,suppressed,6.0,ok,3.0,ok,2.0,ok
2018,35,山口,29,電気機械器具製造業,19.0,ok,1591.0,ok,26206.0,ok,8130.0,ok,5157.0,ok,16361.0,ok,20564.0,ok,16.0,ok,2.0,ok,1.0,ok
2018,35,山口,30,情報通信機械器具製造業,1.0,ok,89.0,ok,,suppressed,,suppressed,,suppressed,,suppressed,,suppressed,1.0,ok,,nil_or_na,,nil_or_na
2018,35,山口,31,輸送用機械器具製造業,55.0,ok,14297.0,ok,1107670.0,ok,299013.0,ok,76425.0,ok,816948.0,ok,1089758.0,ok,26.0,ok,17.0,ok,12.0,ok
2018,35,山口,32,その他の製造業,7.0,ok,784.0,ok,8632.0,ok,4703.0,ok,2513.0,ok,3659.0,ok,8783.0,ok,4.0,ok,3.0,ok,,nil_or_na
2018,36,徳島,09,食料品製造業,44.0,ok,4429.0,ok,111562.0,ok,32624.0,ok,13761.0,ok,73864.0,ok,105102.0,ok,33.0,ok,9.0,ok,2.0,ok
2018,36,徳島,10,飲料・たばこ・飼料製造業,5.0,ok,457.0,ok,31184.0,ok,10542.0,ok,1946.0,ok,19175.0,ok,29292.0,ok,4.0,ok,1.0,ok,,nil_or_na
2018,36,徳島,11,繊維工業,9.0,ok,810.0,ok,18290.0,ok,4316.0,ok,2709.0,ok,12815.0,ok,17918.0,ok,4.0,ok,5.0,ok,,nil_or_na
2018,36,徳島,12,木材・木製品製造業（家具を除く）,9.0,ok,716.0,ok,26492.0,ok,7206.0,ok,2938.0,ok,18293.0,ok,26005.0,ok,7.0,ok,2.0,ok,,nil_or_na
2018,36,徳島,13,家具・装備品製造業,9.0,ok,899.0,ok,20497.0,ok,7229.0,ok,3653.0,ok,12668.0,ok,18141.0,ok,6.0,ok,3.0,ok,,nil_or_na
2018,36,徳島,14,パルプ・紙・紙加工品製造業,18.0,ok,2164.0,ok,116603.0,ok,26721.0,ok,11797.0,ok,79663.0,ok,110875.0,ok,11.0,ok,5.0,ok,2.0,ok
2018,36,徳島,15,印刷・同関連業,7.0,ok,601.0,ok,8223.0,ok,3623.0,ok,2573.0,ok,3760.0,ok,8085.0,ok,6.0,ok,1.0,ok,,nil_or_na
2018,36,徳島,16,化学工業,31.0,ok,6781.0,ok,549796.0,ok,373013.0,ok,40022.0,ok,145084.0,ok,547797.0,ok,14.0,ok,11.0,ok,6.0,ok
2018,36,徳島,17,石油製品・石炭製品製造業,,nil_or_na,,nil_or_na,,nil_or_na,,nil_or_na,,nil_or_na,,nil_or_na,,nil_or_na,,nil_or_na,,nil_or_na,,nil_or_na
2018,36,徳島,18,プラスチック製品製造業（別掲を除く）,12.0,ok,1455.0,ok,45262.0,ok,16893.0,ok,6519.0,ok,25129.0,ok,44254.0,ok,5.0,ok,7.0,ok,,nil_or_na
2018,36,徳島,19,ゴム製品製造業,1.0,ok,321.0,ok,,suppressed,,suppressed,,suppressed,,suppressed,,suppressed,,nil_or_na,,nil_or_na,1.0,ok
2018,36,徳島,20,なめし革・同製品・毛皮製造業,,nil_or_na,,nil_or_na,,nil_or_na,,nil_or_na,,nil_or_na,,nil_or_na,,nil_or_na,,nil_or_na,,nil_or_na,,nil_or_na
2018,36,徳島,21,窯業・土石製品製造業,4.0,ok,248.0,ok,2431.0,ok,896.0,ok,737.0,ok,1340.0,ok,2480.0,ok,4.0,ok,,nil_or_na,,nil_or_na
2018,36,徳島,22,鉄鋼業,4.0,ok,465.0,ok,40676.0,ok,5566.0,ok,2497.0,ok,35203.0,ok,38584.0,ok,2.0,ok,2.0,ok,,nil_or_na
2018,36,徳島,23,非鉄金属製造業,1.0,ok,43.0,ok,,suppressed,,suppressed,,suppressed,,suppressed,,suppressed,1.0,ok,,nil_or_na,,nil_or_na
2018,36,徳島,24,金属製品製造業,20.0,ok,2143.0,ok,53606.0,ok,21358.0,ok,10240.0,ok,29468.0,ok,47444.0,ok,16.0,ok,2.0,ok,2.0,ok
2018,36,徳島,25,はん用機械器具製造業,11.0,ok,1975.0,ok,67749.0,ok,20027.0,ok,10343.0,ok,45191.0,ok,66399.0,ok,8.0,ok,2.0,ok,1.0,ok
2018,36,徳島,26,生産用機械器具製造業,18.0,ok,1578.0,ok,52130.0,ok,21041.0,ok,8856.0,ok,30516.0,ok,41714.0,ok,15.0,ok,2.0,ok,1.0,ok
2018,36,徳島,27,業務用機械器具製造業,,nil_or_na,,nil_or_na,,nil_or_na,,nil_or_na,,nil_or_na,,nil_or_na,,nil_or_na,,nil_or_na,,nil_or_na,,nil_or_na
2018,36,徳島,28,電子部品・デバイス・電子回路製造業,8.0,ok,9029.0,ok,,suppressed,,suppressed,,suppressed,,suppressed,,suppressed,2.0,ok,3.0,ok,3.0,ok
2018,36,徳島,29,電気機械器具製造業,18.0,ok,2154.0,ok,62525.0,ok,11522.0,ok,8348.0,ok,47792.0,ok,49259.0,ok,12.0,ok,5.0,ok,1.0,ok
2018,36,徳島,30,情報通信機械器具製造業,1.0,ok,62.0,ok,,suppressed,,suppressed,,suppressed,,suppressed,,suppressed,1.0,ok,,nil_or_na,,nil_or_na
2018,36,徳島,31,輸送用機械器具製造業,5.0,ok,319.0,ok,10959.0,ok,2995.0,ok,1342.0,ok,6794.0,ok,10311.0,ok,4.0,ok,1.0,ok,,nil_or_na
2018,36,徳島,32,その他の製造業,5.0,ok,505.0,ok,25530.0,ok,18805.0,ok,2101.0,ok,4918.0,ok,25610.0,ok,3.0,ok,2.0,ok,,nil_or_na
2018,37,香川,09,食料品製造業,105.0,ok,10749.0,ok,291668.0,ok,96980.0,ok,32910.0,ok,181350.0,ok,262868.0,ok,70.0,ok,31.0,ok,4.0,ok
2018,37,香川,10,飲料・たばこ・飼料製造業,3.0,ok,110.0,ok,3908.0,ok,995.0,ok,582.0,ok,2613.0,ok,3889.0,ok,3.0,ok,,nil_or_na,,nil_or_na
2018,37,香川,11,繊維工業,23.0,ok,1647.0,ok,30898.0,ok,12101.0,ok,5086.0,ok,16142.0,ok,29258.0,ok,20.0,ok,3.0,ok,,nil_or_na
2018,37,香川,12,木材・木製品製造業（家具を除く）,12.0,ok,1232.0,ok,53445.0,ok,15402.0,ok,4860.0,ok,35492.0,ok,50363.0,ok,8.0,ok,4.0,ok,,nil_or_na
2018,37,香川,13,家具・装備品製造業,2.0,ok,239.0,ok,,suppressed,,suppressed,,suppressed,,suppressed,,suppressed,,nil_or_na,2.0,ok,,nil_or_na
2018,37,香川,14,パルプ・紙・紙加工品製造業,30.0,ok,2936.0,ok,116775.0,ok,27330.0,ok,11444.0,ok,82132.0,ok,110259.0,ok,19.0,ok,10.0,ok,1.0,ok
2018,37,香川,15,印刷・同関連業,32.0,ok,2406.0,ok,46410.0,ok,19388.0,ok,9036.0,ok,23611.0,ok,45559.0,ok,24.0,ok,7.0,ok,1.0,ok
2018,37,香川,16,化学工業,21.0,ok,3064.0,ok,137326.0,ok,57775.0,ok,14078.0,ok,67880.0,ok,122846.0,ok,10.0,ok,9.0,ok,2.0,ok
2018,37,香川,17,石油製品・石炭製品製造業,1.0,ok,886.0,ok,,suppressed,,suppressed,,suppressed,,suppressed,,suppressed,,nil_or_na,,nil_or_na,1.0,ok
2018,37,香川,18,プラスチック製品製造業（別掲を除く）,33.0,ok,3332.0,ok,115222.0,ok,32635.0,ok,13872.0,ok,77039.0,ok,103640.0,ok,21.0,ok,11.0,ok,1.0,ok
2018,37,香川,19,ゴム製品製造業,4.0,ok,564.0,ok,15420.0,ok,8362.0,ok,2559.0,ok,6121.0,ok,15349.0,ok,1.0,ok,3.0,ok,,nil_or_na
2018,37,香川,20,なめし革・同製品・毛皮製造業,4.0,ok,174.0,ok,3321.0,ok,1592.0,ok,431.0,ok,1541.0,ok,3286.0,ok,4.0,ok,,nil_or_na,,nil_or_na
2018,37,香川,21,窯業・土石製品製造業,14.0,ok,1790.0,ok,45277.0,ok,17554.0,ok,8714.0,ok,22926.0,ok,43326.0,ok,9.0,ok,3.0,ok,2.0,ok
2018,37,香川,22,鉄鋼業,6.0,ok,351.0,ok,40222.0,ok,5716.0,ok,1805.0,ok,32557.0,ok,39520.0,ok,6.0,ok,,nil_or_na,,nil_or_na
2018,37,香川,23,非鉄金属製造業,6.0,ok,969.0,ok,504274.0,ok,42697.0,ok,5035.0,ok,420475.0,ok,472821.0,ok,3.0,ok,2.0,ok,1.0,ok
2018,37,香川,24,金属製品製造業,45.0,ok,4474.0,ok,125309.0,ok,53510.0,ok,20571.0,ok,67928.0,ok,126887.0,ok,35.0,ok,9.0,ok,1.0,ok
2018,37,香川,25,はん用機械器具製造業,25.0,ok,3373.0,ok,107829.0,ok,37313.0,ok,16919.0,ok,64567.0,ok,98639.0,ok,16.0,ok,7.0,ok,2.0,ok
2018,37,香川,26,生産用機械器具製造業,23.0,ok,2549.0,ok,133555.0,ok,40082.0,ok,13812.0,ok,93757.0,ok,132167.0,ok,17.0,ok,5.0,ok,1.0,ok
2018,37,香川,27,業務用機械器具製造業,2.0,ok,269.0,ok,,suppressed,,suppressed,,suppressed,,suppressed,,suppressed,1.0,ok,1.0,ok,,nil_or_na
2018,37,香川,28,電子部品・デバイス・電子回路製造業,8.0,ok,2489.0,ok,44575.0,ok,17469.0,ok,10780.0,ok,23225.0,ok,44720.0,ok,5.0,ok,1.0,ok,2.0,ok
2018,37,香川,29,電気機械器具製造業,34.0,ok,5393.0,ok,169380.0,ok,42186.0,ok,26957.0,ok,119105.0,ok,162593.0,ok,18.0,ok,11.0,ok,5.0,ok
2018,37,香川,30,情報通信機械器具製造業,,nil_or_na,,nil_or_na,,nil_or_na,,nil_or_na,,nil_or_na,,nil_or_na,,nil_or_na,,nil_or_na,,nil_or_na,,nil_or_na
2018,37,香川,31,輸送用機械器具製造業,22.0,ok,3702.0,ok,277062.0,ok,119260.0,ok,20884.0,ok,153204.0,ok,282904.0,ok,12.0,ok,7.0,ok,3.0,ok
2018,37,香川,32,その他の製造業,13.0,ok,827.0,ok,16626.0,ok,6288.0,ok,2707.0,ok,9327.0,ok,12157.0,ok,11.0,ok,2.0,ok,,nil_or_na
2018,38,愛媛,09,食料品製造業,106.0,ok,10306.0,ok,253300.0,ok,82466.0,ok,26835.0,ok,160836.0,ok,244916.0,ok,74.0,ok,26.0,ok,6.0,ok
2018,38,愛媛,10,飲料・たばこ・飼料製造業,4.0,ok,338.0,ok,49069.0,ok,8095.0,ok,1575.0,ok,24126.0,ok,48928.0,ok,3.0,ok,1.0,ok,,nil_or_na
2018,38,愛媛,11,繊維工業,48.0,ok,5246.0,ok,154186.0,ok,48304.0,ok,22108.0,ok,94407.0,ok,149597.0,ok,38.0,ok,9.0,ok,1.0,ok
2018,38,愛媛,12,木材・木製品製造業（家具を除く）,11.0,ok,716.0,ok,24019.0,ok,6517.0,ok,2491.0,ok,16400.0,ok,23462.0,ok,9.0,ok,2.0,ok,,nil_or_na
2018,38,愛媛,13,家具・装備品製造業,2.0,ok,210.0,ok,,suppressed,,suppressed,,suppressed,,suppressed,,suppressed,1.0,ok,1.0,ok,,nil_or_na
2018,38,愛媛,14,パルプ・紙・紙加工品製造業,74.0,ok,8203.0,ok,504183.0,ok,118726.0,ok,37447.0,ok,354485.0,ok,482774.0,ok,54.0,ok,15.0,ok,5.0,ok
2018,38,愛媛,15,印刷・同関連業,15.0,ok,871.0,ok,12742.0,ok,5053.0,ok,2979.0,ok,6465.0,ok,11629.0,ok,14.0,ok,1.0,ok,,nil_or_na
2018,38,愛媛,16,化学工業,19.0,ok,3726.0,ok,338463.0,ok,103949.0,ok,26162.0,ok,229623.0,ok,347613.0,ok,11.0,ok,6.0,ok,2.0,ok
2018,38,愛媛,17,石油製品・石炭製品製造業,2.0,ok,581.0,ok,,suppressed,,suppressed,,suppressed,,suppressed,,suppressed,,nil_or_na,1.0,ok,1.0,ok
2018,38,愛媛,18,プラスチック製品製造業（別掲を除く）,27.0,ok,3026.0,ok,171019.0,ok,72666.0,ok,15448.0,ok,88501.0,ok,163371.0,ok,20.0,ok,5.0,ok,2.0,ok
2018,38,愛媛,19,ゴム製品製造業,4.0,ok,314.0,ok,2696.0,ok,1097.0,ok,964.0,ok,1449.0,ok,2662.0,ok,3.0,ok,1.0,ok,,nil_or_na
2018,38,愛媛,20,なめし革・同製品・毛皮製造業,1.0,ok,50.0,ok,,suppressed,,suppressed,,suppressed,,suppressed,,suppressed,1.0,ok,,nil_or_na,,nil_or_na
2018,38,愛媛,21,窯業・土石製品製造業,15.0,ok,693.0,ok,16649.0,ok,6028.0,ok,2568.0,ok,9792.0,ok,15220.0,ok,15.0,ok,,nil_or_na,,nil_or_na
2018,38,愛媛,22,鉄鋼業,9.0,ok,738.0,ok,105798.0,ok,7865.0,ok,3179.0,ok,96551.0,ok,107415.0,ok,6.0,ok,3.0,ok,,nil_or_na
2018,38,愛媛,23,非鉄金属製造業,10.0,ok,1499.0,ok,786291.0,ok,110779.0,ok,8763.0,ok,684553.0,ok,769320.0,ok,5.0,ok,3.0,ok,2.0,ok
2018,38,愛媛,24,金属製品製造業,22.0,ok,1583.0,ok,46592.0,ok,18632.0,ok,6770.0,ok,25131.0,ok,40775.0,ok,18.0,ok,3.0,ok,1.0,ok
2018,38,愛媛,25,はん用機械器具製造業,29.0,ok,3843.0,ok,162556.0,ok,79662.0,ok,19249.0,ok,73417.0,ok,161412.0,ok,21.0,ok,4.0,ok,4.0,ok
2018,38,愛媛,26,生産用機械器具製造業,52.0,ok,5465.0,ok,185734.0,ok,69049.0,ok,26221.0,ok,119185.0,ok,192833.0,ok,35.0,ok,14.0,ok,3.0,ok
2018,38,愛媛,27,業務用機械器具製造業,3.0,ok,151.0,ok,1004.0,ok,706.0,ok,516.0,ok,187.0,ok,999.0,ok,3.0,ok,,nil_or_na,,nil_or_na
2018,38,愛媛,28,電子部品・デバイス・電子回路製造業,9.0,ok,2223.0,ok,40918.0,ok,20970.0,ok,10392.0,ok,17594.0,ok,38097.0,ok,5.0,ok,2.0,ok,2.0,ok
2018,38,愛媛,29,電気機械器具製造業,20.0,ok,3028.0,ok,103375.0,ok,57610.0,ok,17229.0,ok,42853.0,ok,102869.0,ok,12.0,ok,5.0,ok,3.0,ok
2018,38,愛媛,30,情報通信機械器具製造業,,nil_or_na,,nil_or_na,,nil_or_na,,nil_or_na,,nil_or_na,,nil_or_na,,nil_or_na,,nil_or_na,,nil_or_na,,nil_or_na
2018,38,愛媛,31,輸送用機械器具製造業,32.0,ok,3762.0,ok,459034.0,ok,72635.0,ok,19684.0,ok,304204.0,ok,314781.0,ok,21.0,ok,8.0,ok,3.0,ok
2018,38,愛媛,32,その他の製造業,8.0,ok,488.0,ok,6723.0,ok,3109.0,ok,1295.0,ok,3148.0,ok,6729.0,ok,7.0,ok,1.0,ok,,nil_or_na
2018,39,高知,09,食料品製造業,46.0,ok,3423.0,ok,70724.0,ok,26841.0,ok,10597.0,ok,40314.0,ok,66452.0,ok,37.0,ok,9.0,ok,,nil_or_na
2018,39,高知,10,飲料・たばこ・飼料製造業,6.0,ok,289.0,ok,8703.0,ok,2901.0,ok,1057.0,ok,5374.0,ok,9216.0,ok,5.0,ok,1.0,ok,,nil_or_na
2018,39,高知,11,繊維工業,12.0,ok,668.0,ok,11125.0,ok,3666.0,ok,2274.0,ok,6795.0,ok,10618.0,ok,11.0,ok,1.0,ok,,nil_or_na
2018,39,高知,12,木材・木製品製造業（家具を除く）,6.0,ok,227.0,ok,5393.0,ok,1217.0,ok,729.0,ok,3907.0,ok,4938.0,ok,6.0,ok,,nil_or_na,,nil_or_na
2018,39,高知,13,家具・装備品製造業,1.0,ok,52.0,ok,,suppressed,,suppressed,,suppressed,,suppressed,,suppressed,1.0,ok,,nil_or_na,,nil_or_na
2018,39,高知,14,パルプ・紙・紙加工品製造業,28.0,ok,2379.0,ok,61497.0,ok,23128.0,ok,10224.0,ok,34345.0,ok,60321.0,ok,24.0,ok,3.0,ok,1.0,ok
2018,39,高知,15,印刷・同関連業,6.0,ok,267.0,ok,,suppressed,,suppressed,,suppressed,,suppressed,,suppressed,6.0,ok,,nil_or_na,,nil_or_na
2018,39,高知,16,化学工業,3.0,ok,134.0,ok,6730.0,ok,2556.0,ok,507.0,ok,3783.0,ok,6651.0,ok,3.0,ok,,nil_or_na,,nil_or_na
2018,39,高知,17,石油製品・石炭製品製造業,,nil_or_na,,nil_or_na,,nil_or_na,,nil_or_na,,nil_or_na,,nil_or_na,,nil_or_na,,nil_or_na,,nil_or_na,,nil_or_na
2018,39,高知,18,プラスチック製品製造業（別掲を除く）,9.0,ok,476.0,ok,8131.0,ok,3241.0,ok,1550.0,ok,4557.0,ok,8202.0,ok,8.0,ok,1.0,ok,,nil_or_na
2018,39,高知,19,ゴム製品製造業,,nil_or_na,,nil_or_na,,nil_or_na,,nil_or_na,,nil_or_na,,nil_or_na,,nil_or_na,,nil_or_na,,nil_or_na,,nil_or_na
2018,39,高知,20,なめし革・同製品・毛皮製造業,1.0,ok,47.0,ok,,suppressed,,suppressed,,suppressed,,suppressed,,suppressed,1.0,ok,,nil_or_na,,nil_or_na
2018,39,高知,21,窯業・土石製品製造業,7.0,ok,436.0,ok,42033.0,ok,14517.0,ok,2160.0,ok,22746.0,ok,28848.0,ok,5.0,ok,2.0,ok,,nil_or_na
2018,39,高知,22,鉄鋼業,8.0,ok,791.0,ok,38939.0,ok,9816.0,ok,4003.0,ok,28225.0,ok,27481.0,ok,6.0,ok,1.0,ok,1.0,ok
2018,39,高知,23,非鉄金属製造業,2.0,ok,206.0,ok,,suppressed,,suppressed,,suppressed,,suppressed,,suppressed,1.0,ok,1.0,ok,,nil_or_na
2018,39,高知,24,金属製品製造業,8.0,ok,319.0,ok,5208.0,ok,1932.0,ok,1251.0,ok,3046.0,ok,4930.0,ok,8.0,ok,,nil_or_na,,nil_or_na
2018,39,高知,25,はん用機械器具製造業,7.0,ok,434.0,ok,10946.0,ok,1176.0,ok,1588.0,ok,6282.0,ok,8973.0,ok,6.0,ok,1.0,ok,,nil_or_na
2018,39,高知,26,生産用機械器具製造業,28.0,ok,2149.0,ok,52494.0,ok,23995.0,ok,9750.0,ok,25841.0,ok,48393.0,ok,23.0,ok,5.0,ok,,nil_or_na
2018,39,高知,27,業務用機械器具製造業,6.0,ok,517.0,ok,24486.0,ok,2708.0,ok,1826.0,ok,21255.0,ok,18739.0,ok,4.0,ok,2.0,ok,,nil_or_na
2018,39,高知,28,電子部品・デバイス・電子回路製造業,6.0,ok,703.0,ok,16416.0,ok,2394.0,ok,2654.0,ok,13562.0,ok,6478.0,ok,4.0,ok,2.0,ok,,nil_or_na
2018,39,高知,29,電気機械器具製造業,7.0,ok,508.0,ok,8448.0,ok,2716.0,ok,1695.0,ok,5441.0,ok,8376.0,ok,5.0,ok,2.0,ok,,nil_or_na
2018,39,高知,30,情報通信機械器具製造業,,nil_or_na,,nil_or_na,,nil_or_na,,nil_or_na,,nil_or_na,,nil_or_na,,nil_or_na,,nil_or_na,,nil_or_na,,nil_or_na
2018,39,高知,31,輸送用機械器具製造業,4.0,ok,474.0,ok,,suppressed,,suppressed,,suppressed,,suppressed,,suppressed,2.0,ok,2.0,ok,,nil_or_na
2018,39,高知,32,その他の製造業,8.0,ok,786.0,ok,18886.0,ok,5915.0,ok,2719.0,ok,12790.0,ok,10522.0,ok,5.0,ok,3.0,ok,,nil_or_na
2018,40,福岡,09,食料品製造業,306.0,ok,36792.0,ok,930904.0,ok,349885.0,ok,104110.0,ok,534340.0,ok,860632.0,ok,201.0,ok,85.0,ok,20.0,ok
2018,40,福岡,10,飲料・たばこ・飼料製造業,24.0,ok,2225.0,ok,622855.0,ok,131189.0,ok,11820.0,ok,120025.0,ok,617827.0,ok,17.0,ok,6.0,ok,1.0,ok
2018,40,福岡,11,繊維工業,34.0,ok,2599.0,ok,38761.0,ok,13885.0,ok,8186.0,ok,22848.0,ok,37977.0,ok,28.0,ok,5.0,ok,1.0,ok
2018,40,福岡,12,木材・木製品製造業（家具を除く）,22.0,ok,1320.0,ok,35936.0,ok,10263.0,ok,4957.0,ok,24230.0,ok,34103.0,ok,21.0,ok,1.0,ok,,nil_or_na
2018,40,福岡,13,家具・装備品製造業,30.0,ok,1895.0,ok,42044.0,ok,13278.0,ok,6646.0,ok,26669.0,ok,31589.0,ok,25.0,ok,5.0,ok,,nil_or_na
2018,40,福岡,14,パルプ・紙・紙加工品製造業,43.0,ok,2554.0,ok,70036.0,ok,22578.0,ok,10407.0,ok,43306.0,ok,63991.0,ok,38.0,ok,5.0,ok,,nil_or_na
2018,40,福岡,15,印刷・同関連業,61.0,ok,6485.0,ok,147119.0,ok,55364.0,ok,27635.0,ok,82422.0,ok,140314.0,ok,45.0,ok,10.0,ok,6.0,ok
2018,40,福岡,16,化学工業,54.0,ok,7638.0,ok,466894.0,ok,194655.0,ok,42897.0,ok,241756.0,ok,443203.0,ok,37.0,ok,11.0,ok,6.0,ok
2018,40,福岡,17,石油製品・石炭製品製造業,3.0,ok,535.0,ok,,suppressed,,suppressed,,suppressed,,suppressed,,suppressed,2.0,ok,,nil_or_na,1.0,ok
2018,40,福岡,18,プラスチック製品製造業（別掲を除く）,87.0,ok,9167.0,ok,243872.0,ok,79870.0,ok,36938.0,ok,149587.0,ok,237736.0,ok,57.0,ok,27.0,ok,3.0,ok
2018,40,福岡,19,ゴム製品製造業,16.0,ok,4600.0,ok,236206.0,ok,111568.0,ok,22615.0,ok,120225.0,ok,235498.0,ok,8.0,ok,3.0,ok,5.0,ok
2018,40,福岡,20,なめし革・同製品・毛皮製造業,1.0,ok,94.0,ok,,suppressed,,suppressed,,suppressed,,suppressed,,suppressed,1.0,ok,,nil_or_na,,nil_or_na
2018,40,福岡,21,窯業・土石製品製造業,60.0,ok,6992.0,ok,281999.0,ok,84667.0,ok,36876.0,ok,181392.0,ok,230411.0,ok,41.0,ok,14.0,ok,5.0,ok
2018,40,福岡,22,鉄鋼業,55.0,ok,9165.0,ok,933939.0,ok,201879.0,ok,54689.0,ok,688201.0,ok,918722.0,ok,37.0,ok,13.0,ok,5.0,ok
2018,40,福岡,23,非鉄金属製造業,27.0,ok,2569.0,ok,120294.0,ok,36503.0,ok,13176.0,ok,77229.0,ok,118641.0,ok,19.0,ok,7.0,ok,1.0,ok
2018,40,福岡,24,金属製品製造業,139.0,ok,13062.0,ok,406792.0,ok,143184.0,ok,56333.0,ok,246877.0,ok,392958.0,ok,114.0,ok,20.0,ok,5.0,ok
2018,40,福岡,25,はん用機械器具製造業,51.0,ok,4521.0,ok,134096.0,ok,53676.0,ok,22544.0,ok,74667.0,ok,118037.0,ok,39.0,ok,10.0,ok,2.0,ok
2018,40,福岡,26,生産用機械器具製造業,120.0,ok,12237.0,ok,413717.0,ok,134325.0,ok,62585.0,ok,269099.0,ok,396427.0,ok,91.0,ok,23.0,ok,6.0,ok
2018,40,福岡,27,業務用機械器具製造業,13.0,ok,996.0,ok,31805.0,ok,7478.0,ok,4017.0,ok,23387.0,ok,26662.0,ok,9.0,ok,4.0,ok,,nil_or_na
2018,40,福岡,28,電子部品・デバイス・電子回路製造業,32.0,ok,7043.0,ok,207387.0,ok,70224.0,ok,32667.0,ok,120361.0,ok,204653.0,ok,13.0,ok,13.0,ok,6.0,ok
2018,40,福岡,29,電気機械器具製造業,79.0,ok,11041.0,ok,273744.0,ok,81670.0,ok,50539.0,ok,183003.0,ok,263750.0,ok,47.0,ok,20.0,ok,12.0,ok
2018,40,福岡,30,情報通信機械器具製造業,6.0,ok,788.0,ok,12796.0,ok,5519.0,ok,2770.0,ok,6692.0,ok,12638.0,ok,3.0,ok,3.0,ok,,nil_or_na
2018,40,福岡,31,輸送用機械器具製造業,94.0,ok,31102.0,ok,3531750.0,ok,429065.0,ok,185888.0,ok,3060241.0,ok,3528849.0,ok,50.0,ok,23.0,ok,21.0,ok
2018,40,福岡,32,その他の製造業,9.0,ok,863.0,ok,36053.0,ok,11302.0,ok,3203.0,ok,23140.0,ok,34186.0,ok,7.0,ok,2.0,ok,,nil_or_na
2018,41,佐賀,09,食料品製造業,104.0,ok,14544.0,ok,330223.0,ok,119667.0,ok,41717.0,ok,193701.0,ok,311592.0,ok,63.0,ok,29.0,ok,12.0,ok
2018,41,佐賀,10,飲料・たばこ・飼料製造業,8.0,ok,956.0,ok,97962.0,ok,17733.0,ok,4117.0,ok,76794.0,ok,97633.0,ok,4.0,ok,4.0,ok,,nil_or_na
2018,41,佐賀,11,繊維工業,20.0,ok,1827.0,ok,20800.0,ok,8654.0,ok,4603.0,ok,10981.0,ok,20290.0,ok,12.0,ok,8.0,ok,,nil_or_na
2018,41,佐賀,12,木材・木製品製造業（家具を除く）,5.0,ok,355.0,ok,17884.0,ok,5374.0,ok,1600.0,ok,11493.0,ok,17561.0,ok,4.0,ok,1.0,ok,,nil_or_na
2018,41,佐賀,13,家具・装備品製造業,6.0,ok,631.0,ok,22305.0,ok,2551.0,ok,2101.0,ok,19380.0,ok,7999.0,ok,5.0,ok,,nil_or_na,1.0,ok
2018,41,佐賀,14,パルプ・紙・紙加工品製造業,15.0,ok,1418.0,ok,75650.0,ok,25067.0,ok,6110.0,ok,47248.0,ok,67899.0,ok,8.0,ok,7.0,ok,,nil_or_na
2018,41,佐賀,15,印刷・同関連業,9.0,ok,607.0,ok,13004.0,ok,6542.0,ok,2275.0,ok,5381.0,ok,12365.0,ok,7.0,ok,2.0,ok,,nil_or_na
2018,41,佐賀,16,化学工業,19.0,ok,2499.0,ok,169537.0,ok,90985.0,ok,11564.0,ok,69977.0,ok,163086.0,ok,13.0,ok,4.0,ok,2.0,ok
2018,41,佐賀,17,石油製品・石炭製品製造業,,nil_or_na,,nil_or_na,,nil_or_na,,nil_or_na,,nil_or_na,,nil_or_na,,nil_or_na,,nil_or_na,,nil_or_na,,nil_or_na
2018,41,佐賀,18,プラスチック製品製造業（別掲を除く）,22.0,ok,1793.0,ok,43157.0,ok,14647.0,ok,6532.0,ok,27061.0,ok,42881.0,ok,19.0,ok,3.0,ok,,nil_or_na
2018,41,佐賀,19,ゴム製品製造業,5.0,ok,1833.0,ok,55745.0,ok,24726.0,ok,8943.0,ok,26940.0,ok,55632.0,ok,2.0,ok,,nil_or_na,3.0,ok
2018,41,佐賀,20,なめし革・同製品・毛皮製造業,4.0,ok,409.0,ok,9304.0,ok,1503.0,ok,1127.0,ok,7726.0,ok,9392.0,ok,3.0,ok,1.0,ok,,nil_or_na
2018,41,佐賀,21,窯業・土石製品製造業,22.0,ok,1385.0,ok,17472.0,ok,10605.0,ok,4998.0,ok,5396.0,ok,16841.0,ok,20.0,ok,2.0,ok,,nil_or_na
2018,41,佐賀,22,鉄鋼業,6.0,ok,1057.0,ok,36651.0,ok,9223.0,ok,6024.0,ok,24466.0,ok,36622.0,ok,3.0,ok,2.0,ok,1.0,ok
2018,41,佐賀,23,非鉄金属製造業,5.0,ok,1496.0,ok,118204.0,ok,35076.0,ok,9263.0,ok,81099.0,ok,118825.0,ok,1.0,ok,2.0,ok,2.0,ok
2018,41,佐賀,24,金属製品製造業,28.0,ok,2307.0,ok,85209.0,ok,30699.0,ok,12489.0,ok,47674.0,ok,82902.0,ok,19.0,ok,9.0,ok,,nil_or_na
2018,41,佐賀,25,はん用機械器具製造業,6.0,ok,478.0,ok,12140.0,ok,3909.0,ok,2101.0,ok,7818.0,ok,9469.0,ok,5.0,ok,1.0,ok,,nil_or_na
2018,41,佐賀,26,生産用機械器具製造業,37.0,ok,3855.0,ok,98593.0,ok,48535.0,ok,17300.0,ok,43822.0,ok,93715.0,ok,24.0,ok,11.0,ok,2.0,ok
2018,41,佐賀,27,業務用機械器具製造業,2.0,ok,81.0,ok,,suppressed,,suppressed,,suppressed,,suppressed,,suppressed,2.0,ok,,nil_or_na,,nil_or_na
2018,41,佐賀,28,電子部品・デバイス・電子回路製造業,6.0,ok,3832.0,ok,204511.0,ok,92222.0,ok,23527.0,ok,106181.0,ok,208130.0,ok,1.0,ok,1.0,ok,4.0,ok
2018,41,佐賀,29,電気機械器具製造業,30.0,ok,4232.0,ok,159623.0,ok,46453.0,ok,19995.0,ok,103110.0,ok,157794.0,ok,14.0,ok,14.0,ok,2.0,ok
2018,41,佐賀,30,情報通信機械器具製造業,3.0,ok,371.0,ok,,suppressed,,suppressed,,suppressed,,suppressed,,suppressed,2.0,ok,1.0,ok,,nil_or_na
2018,41,佐賀,31,輸送用機械器具製造業,15.0,ok,3358.0,ok,232511.0,ok,80121.0,ok,17426.0,ok,149404.0,ok,231220.0,ok,9.0,ok,4.0,ok,2.0,ok
2018,41,佐賀,32,その他の製造業,6.0,ok,1283.0,ok,59044.0,ok,14614.0,ok,4467.0,ok,42630.0,ok,59155.0,ok,3.0,ok,2.0,ok,1.0,ok
2018,42,長崎,09,食料品製造業,100.0,ok,10730.0,ok,252820.0,ok,79774.0,ok,29477.0,ok,161855.0,ok,242171.0,ok,69.0,ok,26.0,ok,5.0,ok
2018,42,長崎,10,飲料・たばこ・飼料製造業,8.0,ok,390.0,ok,21876.0,ok,4999.0,ok,1385.0,ok,15456.0,ok,20263.0,ok,8.0,ok,,nil_or_na,,nil_or_na
2018,42,長崎,11,繊維工業,35.0,ok,2921.0,ok,25062.0,ok,11331.0,ok,6343.0,ok,12259.0,ok,24500.0,ok,25.0,ok,9.0,ok,1.0,ok
2018,42,長崎,12,木材・木製品製造業（家具を除く）,,nil_or_na,,nil_or_na,,nil_or_na,,nil_or_na,,nil_or_na,,nil_or_na,,nil_or_na,,nil_or_na,,nil_or_na,,nil_or_na
2018,42,長崎,13,家具・装備品製造業,2.0,ok,71.0,ok,,suppressed,,suppressed,,suppressed,,suppressed,,suppressed,2.0,ok,,nil_or_na,,nil_or_na
2018,42,長崎,14,パルプ・紙・紙加工品製造業,3.0,ok,233.0,ok,1886.0,ok,1132.0,ok,523.0,ok,589.0,ok,1889.0,ok,2.0,ok,1.0,ok,,nil_or_na
2018,42,長崎,15,印刷・同関連業,8.0,ok,435.0,ok,5133.0,ok,2778.0,ok,1589.0,ok,1857.0,ok,5139.0,ok,7.0,ok,1.0,ok,,nil_or_na
2018,42,長崎,16,化学工業,2.0,ok,236.0,ok,,suppressed,,suppressed,,suppressed,,suppressed,,suppressed,1.0,ok,1.0,ok,,nil_or_na
2018,42,長崎,17,石油製品・石炭製品製造業,,nil_or_na,,nil_or_na,,nil_or_na,,nil_or_na,,nil_or_na,,nil_or_na,,nil_or_na,,nil_or_na,,nil_or_na,,nil_or_na
2018,42,長崎,18,プラスチック製品製造業（別掲を除く）,7.0,ok,610.0,ok,17651.0,ok,6846.0,ok,2564.0,ok,9562.0,ok,17399.0,ok,5.0,ok,2.0,ok,,nil_or_na
2018,42,長崎,19,ゴム製品製造業,,nil_or_na,,nil_or_na,,nil_or_na,,nil_or_na,,nil_or_na,,nil_or_na,,nil_or_na,,nil_or_na,,nil_or_na,,nil_or_na
2018,42,長崎,20,なめし革・同製品・毛皮製造業,,nil_or_na,,nil_or_na,,nil_or_na,,nil_or_na,,nil_or_na,,nil_or_na,,nil_or_na,,nil_or_na,,nil_or_na,,nil_or_na
2018,42,長崎,21,窯業・土石製品製造業,13.0,ok,944.0,ok,16057.0,ok,7775.0,ok,3967.0,ok,7470.0,ok,15337.0,ok,12.0,ok,,nil_or_na,1.0,ok
2018,42,長崎,22,鉄鋼業,10.0,ok,661.0,ok,25510.0,ok,6963.0,ok,2894.0,ok,17715.0,ok,15370.0,ok,8.0,ok,2.0,ok,,nil_or_na
2018,42,長崎,23,非鉄金属製造業,,nil_or_na,,nil_or_na,,nil_or_na,,nil_or_na,,nil_or_na,,nil_or_na,,nil_or_na,,nil_or_na,,nil_or_na,,nil_or_na
2018,42,長崎,24,金属製品製造業,29.0,ok,2722.0,ok,47854.0,ok,24574.0,ok,11330.0,ok,19661.0,ok,42736.0,ok,23.0,ok,4.0,ok,2.0,ok
2018,42,長崎,25,はん用機械器具製造業,21.0,ok,4742.0,ok,372295.0,ok,149398.0,ok,31634.0,ok,209770.0,ok,362081.0,ok,12.0,ok,4.0,ok,5.0,ok
2018,42,長崎,26,生産用機械器具製造業,11.0,ok,997.0,ok,25180.0,ok,11313.0,ok,4254.0,ok,12934.0,ok,24576.0,ok,7.0,ok,4.0,ok,,nil_or_na
2018,42,長崎,27,業務用機械器具製造業,4.0,ok,581.0,ok,40990.0,ok,5935.0,ok,3403.0,ok,34667.0,ok,38834.0,ok,2.0,ok,1.0,ok,1.0,ok
2018,42,長崎,28,電子部品・デバイス・電子回路製造業,10.0,ok,4511.0,ok,308018.0,ok,181433.0,ok,28180.0,ok,51118.0,ok,288989.0,ok,3.0,ok,4.0,ok,3.0,ok
2018,42,長崎,29,電気機械器具製造業,18.0,ok,1964.0,ok,36228.0,ok,11600.0,ok,7682.0,ok,23596.0,ok,35587.0,ok,12.0,ok,5.0,ok,1.0,ok
2018,42,長崎,30,情報通信機械器具製造業,4.0,ok,1321.0,ok,71751.0,ok,8102.0,ok,5170.0,ok,62089.0,ok,57550.0,ok,2.0,ok,1.0,ok,1.0,ok
2018,42,長崎,31,輸送用機械器具製造業,42.0,ok,6905.0,ok,294470.0,ok,56996.0,ok,36548.0,ok,223916.0,ok,288893.0,ok,25.0,ok,13.0,ok,4.0,ok
2018,42,長崎,32,その他の製造業,3.0,ok,458.0,ok,9230.0,ok,2928.0,ok,1939.0,ok,5877.0,ok,9296.0,ok,2.0,ok,,nil_or_na,1.0,ok
2018,43,熊本,09,食料品製造業,118.0,ok,14674.0,ok,327218.0,ok,110800.0,ok,41994.0,ok,202428.0,ok,311021.0,ok,80.0,ok,30.0,ok,8.0,ok
2018,43,熊本,10,飲料・たばこ・飼料製造業,12.0,ok,1040.0,ok,105435.0,ok,12010.0,ok,4520.0,ok,83521.0,ok,104750.0,ok,9.0,ok,3.0,ok,,nil_or_na
2018,43,熊本,11,繊維工業,31.0,ok,2476.0,ok,22283.0,ok,9611.0,ok,6664.0,ok,11304.0,ok,21437.0,ok,21.0,ok,10.0,ok,,nil_or_na
2018,43,熊本,12,木材・木製品製造業（家具を除く）,16.0,ok,850.0,ok,25140.0,ok,8209.0,ok,3040.0,ok,15563.0,ok,22257.0,ok,15.0,ok,1.0,ok,,nil_or_na
2018,43,熊本,13,家具・装備品製造業,1.0,ok,132.0,ok,,suppressed,,suppressed,,suppressed,,suppressed,,suppressed,,nil_or_na,1.0,ok,,nil_or_na
2018,43,熊本,14,パルプ・紙・紙加工品製造業,12.0,ok,1263.0,ok,87895.0,ok,28051.0,ok,5917.0,ok,54396.0,ok,84747.0,ok,8.0,ok,3.0,ok,1.0,ok
2018,43,熊本,15,印刷・同関連業,26.0,ok,1687.0,ok,30359.0,ok,12753.0,ok,5466.0,ok,15570.0,ok,29499.0,ok,23.0,ok,3.0,ok,,nil_or_na
2018,43,熊本,16,化学工業,21.0,ok,3463.0,ok,116149.0,ok,65718.0,ok,13930.0,ok,40731.0,ok,114168.0,ok,13.0,ok,6.0,ok,2.0,ok
2018,43,熊本,17,石油製品・石炭製品製造業,,nil_or_na,,nil_or_na,,nil_or_na,,nil_or_na,,nil_or_na,,nil_or_na,,nil_or_na,,nil_or_na,,nil_or_na,,nil_or_na
2018,43,熊本,18,プラスチック製品製造業（別掲を除く）,41.0,ok,4383.0,ok,117020.0,ok,51463.0,ok,17899.0,ok,56174.0,ok,113292.0,ok,27.0,ok,13.0,ok,1.0,ok
2018,43,熊本,19,ゴム製品製造業,7.0,ok,1994.0,ok,77393.0,ok,15163.0,ok,11248.0,ok,58303.0,ok,41213.0,ok,2.0,ok,3.0,ok,2.0,ok
2018,43,熊本,20,なめし革・同製品・毛皮製造業,1.0,ok,44.0,ok,,suppressed,,suppressed,,suppressed,,suppressed,,suppressed,1.0,ok,,nil_or_na,,nil_or_na
2018,43,熊本,21,窯業・土石製品製造業,25.0,ok,1339.0,ok,39651.0,ok,18657.0,ok,5458.0,ok,19232.0,ok,36148.0,ok,23.0,ok,2.0,ok,,nil_or_na
2018,43,熊本,22,鉄鋼業,13.0,ok,1093.0,ok,60342.0,ok,11314.0,ok,4681.0,ok,46484.0,ok,59910.0,ok,11.0,ok,1.0,ok,1.0,ok
2018,43,熊本,23,非鉄金属製造業,5.0,ok,1090.0,ok,37933.0,ok,11612.0,ok,4681.0,ok,24566.0,ok,38016.0,ok,3.0,ok,1.0,ok,1.0,ok
2018,43,熊本,24,金属製品製造業,46.0,ok,5131.0,ok,134870.0,ok,63643.0,ok,24315.0,ok,65404.0,ok,130853.0,ok,36.0,ok,8.0,ok,2.0,ok
2018,43,熊本,25,はん用機械器具製造業,4.0,ok,216.0,ok,3825.0,ok,1565.0,ok,925.0,ok,2350.0,ok,4018.0,ok,4.0,ok,,nil_or_na,,nil_or_na
2018,43,熊本,26,生産用機械器具製造業,51.0,ok,8272.0,ok,425169.0,ok,172751.0,ok,50981.0,ok,254846.0,ok,442949.0,ok,36.0,ok,9.0,ok,6.0,ok
2018,43,熊本,27,業務用機械器具製造業,6.0,ok,549.0,ok,9188.0,ok,3582.0,ok,2026.0,ok,5191.0,ok,4835.0,ok,5.0,ok,1.0,ok,,nil_or_na
2018,43,熊本,28,電子部品・デバイス・電子回路製造業,33.0,ok,11218.0,ok,315831.0,ok,138584.0,ok,61751.0,ok,139159.0,ok,318514.0,ok,11.0,ok,13.0,ok,9.0,ok
2018,43,熊本,29,電気機械器具製造業,28.0,ok,4441.0,ok,146750.0,ok,59906.0,ok,19647.0,ok,86597.0,ok,151910.0,ok,13.0,ok,10.0,ok,5.0,ok
2018,43,熊本,30,情報通信機械器具製造業,1.0,ok,448.0,ok,,suppressed,,suppressed,,suppressed,,suppressed,,suppressed,,nil_or_na,,nil_or_na,1.0,ok
2018,43,熊本,31,輸送用機械器具製造業,40.0,ok,11322.0,ok,425088.0,ok,79692.0,ok,59315.0,ok,339539.0,ok,420604.0,ok,22.0,ok,8.0,ok,10.0,ok
2018,43,熊本,32,その他の製造業,8.0,ok,524.0,ok,7817.0,ok,3484.0,ok,1790.0,ok,3767.0,ok,7555.0,ok,6.0,ok,2.0,ok,,nil_or_na
2018,44,大分,09,食料品製造業,60.0,ok,4847.0,ok,121083.0,ok,39522.0,ok,13955.0,ok,76155.0,ok,115843.0,ok,46.0,ok,13.0,ok,1.0,ok
2018,44,大分,10,飲料・たばこ・飼料製造業,12.0,ok,994.0,ok,108666.0,ok,43887.0,ok,6392.0,ok,26684.0,ok,107829.0,ok,10.0,ok,1.0,ok,1.0,ok
2018,44,大分,11,繊維工業,18.0,ok,1325.0,ok,15421.0,ok,6898.0,ok,3395.0,ok,7255.0,ok,15136.0,ok,17.0,ok,,nil_or_na,1.0,ok
2018,44,大分,12,木材・木製品製造業（家具を除く）,5.0,ok,282.0,ok,8204.0,ok,2633.0,ok,920.0,ok,5363.0,ok,8297.0,ok,5.0,ok,,nil_or_na,,nil_or_na
2018,44,大分,13,家具・装備品製造業,6.0,ok,357.0,ok,6250.0,ok,2464.0,ok,1179.0,ok,3448.0,ok,6173.0,ok,6.0,ok,,nil_or_na,,nil_or_na
2018,44,大分,14,パルプ・紙・紙加工品製造業,4.0,ok,391.0,ok,31620.0,ok,10771.0,ok,1780.0,ok,18946.0,ok,31289.0,ok,3.0,ok,1.0,ok,,nil_or_na
2018,44,大分,15,印刷・同関連業,10.0,ok,579.0,ok,8074.0,ok,3889.0,ok,2000.0,ok,3685.0,ok,7944.0,ok,9.0,ok,1.0,ok,,nil_or_na
2018,44,大分,16,化学工業,20.0,ok,2902.0,ok,655379.0,ok,203770.0,ok,18269.0,ok,435434.0,ok,663353.0,ok,11.0,ok,7.0,ok,2.0,ok
2018,44,大分,17,石油製品・石炭製品製造業,2.0,ok,582.0,ok,,suppressed,,suppressed,,suppressed,,suppressed,,suppressed,,nil_or_na,1.0,ok,1.0,ok
2018,44,大分,18,プラスチック製品製造業（別掲を除く）,31.0,ok,2714.0,ok,74661.0,ok,31905.0,ok,10412.0,ok,38840.0,ok,74350.0,ok,22.0,ok,8.0,ok,1.0,ok
2018,44,大分,19,ゴム製品製造業,7.0,ok,927.0,ok,21741.0,ok,7112.0,ok,3194.0,ok,13353.0,ok,21724.0,ok,4.0,ok,3.0,ok,,nil_or_na
2018,44,大分,20,なめし革・同製品・毛皮製造業,1.0,ok,52.0,ok,,suppressed,,suppressed,,suppressed,,suppressed,,suppressed,1.0,ok,,nil_or_na,,nil_or_na
2018,44,大分,21,窯業・土石製品製造業,17.0,ok,2281.0,ok,86798.0,ok,39547.0,ok,11912.0,ok,43093.0,ok,81395.0,ok,10.0,ok,5.0,ok,2.0,ok
2018,44,大分,22,鉄鋼業,7.0,ok,2553.0,ok,594531.0,ok,122761.0,ok,16099.0,ok,456903.0,ok,575707.0,ok,6.0,ok,,nil_or_na,1.0,ok
2018,44,大分,23,非鉄金属製造業,4.0,ok,1054.0,ok,570906.0,ok,71520.0,ok,6268.0,ok,491340.0,ok,564056.0,ok,1.0,ok,2.0,ok,1.0,ok
2018,44,大分,24,金属製品製造業,34.0,ok,2281.0,ok,42714.0,ok,18560.0,ok,8268.0,ok,21525.0,ok,40693.0,ok,31.0,ok,3.0,ok,,nil_or_na
2018,44,大分,25,はん用機械器具製造業,10.0,ok,2177.0,ok,83332.0,ok,24592.0,ok,8898.0,ok,54525.0,ok,81431.0,ok,5.0,ok,2.0,ok,3.0,ok
2018,44,大分,26,生産用機械器具製造業,26.0,ok,2530.0,ok,47112.0,ok,20994.0,ok,9864.0,ok,22772.0,ok,44489.0,ok,17.0,ok,8.0,ok,1.0,ok
2018,44,大分,27,業務用機械器具製造業,8.0,ok,3018.0,ok,93342.0,ok,27527.0,ok,15769.0,ok,61837.0,ok,93133.0,ok,3.0,ok,2.0,ok,3.0,ok
2018,44,大分,28,電子部品・デバイス・電子回路製造業,21.0,ok,6158.0,ok,258659.0,ok,97348.0,ok,32143.0,ok,138740.0,ok,263732.0,ok,7.0,ok,9.0,ok,5.0,ok
2018,44,大分,29,電気機械器具製造業,21.0,ok,2198.0,ok,38062.0,ok,13027.0,ok,8503.0,ok,22744.0,ok,36253.0,ok,15.0,ok,4.0,ok,2.0,ok
2018,44,大分,30,情報通信機械器具製造業,10.0,ok,4497.0,ok,178391.0,ok,11952.0,ok,18043.0,ok,160496.0,ok,178918.0,ok,2.0,ok,6.0,ok,2.0,ok
2018,44,大分,31,輸送用機械器具製造業,39.0,ok,8637.0,ok,623525.0,ok,73809.0,ok,38866.0,ok,543581.0,ok,630744.0,ok,21.0,ok,13.0,ok,5.0,ok
2018,44,大分,32,その他の製造業,4.0,ok,197.0,ok,2685.0,ok,506.0,ok,449.0,ok,2157.0,ok,1068.0,ok,4.0,ok,,nil_or_na,,nil_or_na
2018,45,宮崎,09,食料品製造業,102.0,ok,10886.0,ok,323751.0,ok,80473.0,ok,30293.0,ok,229999.0,ok,301630.0,ok,67.0,ok,31.0,ok,4.0,ok
2018,45,宮崎,10,飲料・たばこ・飼料製造業,22.0,ok,1701.0,ok,144491.0,ok,36561.0,ok,6900.0,ok,78161.0,ok,144545.0,ok,20.0,ok,1.0,ok,1.0,ok
2018,45,宮崎,11,繊維工業,38.0,ok,3598.0,ok,63602.0,ok,33564.0,ok,10408.0,ok,26105.0,ok,62689.0,ok,26.0,ok,10.0,ok,2.0,ok
2018,45,宮崎,12,木材・木製品製造業（家具を除く）,21.0,ok,1500.0,ok,43688.0,ok,11540.0,ok,5190.0,ok,28700.0,ok,43906.0,ok,17.0,ok,4.0,ok,,nil_or_na
2018,45,宮崎,13,家具・装備品製造業,3.0,ok,142.0,ok,2416.0,ok,1237.0,ok,432.0,ok,969.0,ok,2373.0,ok,3.0,ok,,nil_or_na,,nil_or_na
2018,45,宮崎,14,パルプ・紙・紙加工品製造業,6.0,ok,686.0,ok,,suppressed,,suppressed,,suppressed,,suppressed,,suppressed,3.0,ok,3.0,ok,,nil_or_na
2018,45,宮崎,15,印刷・同関連業,9.0,ok,488.0,ok,10150.0,ok,5440.0,ok,1755.0,ok,4049.0,ok,9995.0,ok,8.0,ok,1.0,ok,,nil_or_na
2018,45,宮崎,16,化学工業,15.0,ok,1760.0,ok,174736.0,ok,73916.0,ok,9993.0,ok,96468.0,ok,177372.0,ok,7.0,ok,7.0,ok,1.0,ok
2018,45,宮崎,17,石油製品・石炭製品製造業,1.0,ok,39.0,ok,,suppressed,,suppressed,,suppressed,,suppressed,,suppressed,1.0,ok,,nil_or_na,,nil_or_na
2018,45,宮崎,18,プラスチック製品製造業（別掲を除く）,20.0,ok,1613.0,ok,48711.0,ok,21084.0,ok,6140.0,ok,24446.0,ok,45982.0,ok,16.0,ok,3.0,ok,1.0,ok
2018,45,宮崎,19,ゴム製品製造業,6.0,ok,2055.0,ok,110099.0,ok,52205.0,ok,11858.0,ok,49124.0,ok,110006.0,ok,3.0,ok,2.0,ok,1.0,ok
2018,45,宮崎,20,なめし革・同製品・毛皮製造業,1.0,ok,47.0,ok,,suppressed,,suppressed,,suppressed,,suppressed,,suppressed,1.0,ok,,nil_or_na,,nil_or_na
2018,45,宮崎,21,窯業・土石製品製造業,13.0,ok,876.0,ok,13021.0,ok,7977.0,ok,2691.0,ok,3822.0,ok,7817.0,ok,11.0,ok,2.0,ok,,nil_or_na
2018,45,宮崎,22,鉄鋼業,3.0,ok,379.0,ok,17287.0,ok,5242.0,ok,1916.0,ok,10804.0,ok,17155.0,ok,1.0,ok,2.0,ok,,nil_or_na
2018,45,宮崎,23,非鉄金属製造業,2.0,ok,168.0,ok,,suppressed,,suppressed,,suppressed,,suppressed,,suppressed,1.0,ok,1.0,ok,,nil_or_na
2018,45,宮崎,24,金属製品製造業,23.0,ok,1430.0,ok,26490.0,ok,11090.0,ok,4955.0,ok,14017.0,ok,23618.0,ok,21.0,ok,2.0,ok,,nil_or_na
2018,45,宮崎,25,はん用機械器具製造業,5.0,ok,473.0,ok,10999.0,ok,3786.0,ok,1650.0,ok,7289.0,ok,11424.0,ok,3.0,ok,2.0,ok,,nil_or_na
2018,45,宮崎,26,生産用機械器具製造業,24.0,ok,2100.0,ok,49688.0,ok,23724.0,ok,8374.0,ok,26290.0,ok,50038.0,ok,19.0,ok,3.0,ok,2.0,ok
2018,45,宮崎,27,業務用機械器具製造業,8.0,ok,1385.0,ok,24292.0,ok,11483.0,ok,4787.0,ok,11010.0,ok,24177.0,ok,4.0,ok,2.0,ok,2.0,ok
2018,45,宮崎,28,電子部品・デバイス・電子回路製造業,22.0,ok,5525.0,ok,183552.0,ok,87499.0,ok,22579.0,ok,90009.0,ok,185654.0,ok,8.0,ok,7.0,ok,7.0,ok
2018,45,宮崎,29,電気機械器具製造業,15.0,ok,2158.0,ok,48863.0,ok,9470.0,ok,7803.0,ok,32725.0,ok,46825.0,ok,7.0,ok,6.0,ok,2.0,ok
2018,45,宮崎,30,情報通信機械器具製造業,4.0,ok,1246.0,ok,,suppressed,,suppressed,,suppressed,,suppressed,,suppressed,3.0,ok,,nil_or_na,1.0,ok
2018,45,宮崎,31,輸送用機械器具製造業,16.0,ok,2559.0,ok,59552.0,ok,18008.0,ok,9574.0,ok,38623.0,ok,59465.0,ok,7.0,ok,7.0,ok,2.0,ok
2018,45,宮崎,32,その他の製造業,6.0,ok,675.0,ok,15385.0,ok,3478.0,ok,2197.0,ok,11531.0,ok,15392.0,ok,3.0,ok,3.0,ok,,nil_or_na
2018,46,鹿児島,09,食料品製造業,199.0,ok,19510.0,ok,587127.0,ok,126555.0,ok,53746.0,ok,440963.0,ok,568244.0,ok,145.0,ok,41.0,ok,13.0,ok
2018,46,鹿児島,10,飲料・たばこ・飼料製造業,41.0,ok,2368.0,ok,281707.0,ok,51069.0,ok,8983.0,ok,204435.0,ok,275473.0,ok,39.0,ok,2.0,ok,,nil_or_na
2018,46,鹿児島,11,繊維工業,20.0,ok,1475.0,ok,10378.0,ok,4623.0,ok,3091.0,ok,5201.0,ok,9889.0,ok,17.0,ok,3.0,ok,,nil_or_na
2018,46,鹿児島,12,木材・木製品製造業（家具を除く）,7.0,ok,368.0,ok,8666.0,ok,1210.0,ok,1099.0,ok,5772.0,ok,7086.0,ok,7.0,ok,,nil_or_na,,nil_or_na
2018,46,鹿児島,13,家具・装備品製造業,,nil_or_na,,nil_or_na,,nil_or_na,,nil_or_na,,nil_or_na,,nil_or_na,,nil_or_na,,nil_or_na,,nil_or_na,,nil_or_na
2018,46,鹿児島,14,パルプ・紙・紙加工品製造業,6.0,ok,654.0,ok,46487.0,ok,10750.0,ok,3216.0,ok,30352.0,ok,39245.0,ok,3.0,ok,3.0,ok,,nil_or_na
2018,46,鹿児島,15,印刷・同関連業,17.0,ok,942.0,ok,11709.0,ok,5455.0,ok,3093.0,ok,5382.0,ok,9957.0,ok,17.0,ok,,nil_or_na,,nil_or_na
2018,46,鹿児島,16,化学工業,4.0,ok,237.0,ok,7128.0,ok,2296.0,ok,1003.0,ok,4565.0,ok,5025.0,ok,4.0,ok,,nil_or_na,,nil_or_na
2018,46,鹿児島,17,石油製品・石炭製品製造業,,nil_or_na,,nil_or_na,,nil_or_na,,nil_or_na,,nil_or_na,,nil_or_na,,nil_or_na,,nil_or_na,,nil_or_na,,nil_or_na
2018,46,鹿児島,18,プラスチック製品製造業（別掲を除く）,11.0,ok,563.0,ok,12387.0,ok,3950.0,ok,1898.0,ok,7655.0,ok,10757.0,ok,11.0,ok,,nil_or_na,,nil_or_na
2018,46,鹿児島,19,ゴム製品製造業,,nil_or_na,,nil_or_na,,nil_or_na,,nil_or_na,,nil_or_na,,nil_or_na,,nil_or_na,,nil_or_na,,nil_or_na,,nil_or_na
2018,46,鹿児島,20,なめし革・同製品・毛皮製造業,,nil_or_na,,nil_or_na,,nil_or_na,,nil_or_na,,nil_or_na,,nil_or_na,,nil_or_na,,nil_or_na,,nil_or_na,,nil_or_na
2018,46,鹿児島,21,窯業・土石製品製造業,22.0,ok,5399.0,ok,147405.0,ok,72894.0,ok,25672.0,ok,69186.0,ok,150868.0,ok,20.0,ok,1.0,ok,1.0,ok
2018,46,鹿児島,22,鉄鋼業,2.0,ok,75.0,ok,,suppressed,,suppressed,,suppressed,,suppressed,,suppressed,2.0,ok,,nil_or_na,,nil_or_na
2018,46,鹿児島,23,非鉄金属製造業,3.0,ok,418.0,ok,,suppressed,,suppressed,,suppressed,,suppressed,,suppressed,1.0,ok,2.0,ok,,nil_or_na
2018,46,鹿児島,24,金属製品製造業,24.0,ok,1481.0,ok,29596.0,ok,12816.0,ok,5785.0,ok,15382.0,ok,28585.0,ok,20.0,ok,4.0,ok,,nil_or_na
2018,46,鹿児島,25,はん用機械器具製造業,3.0,ok,174.0,ok,2690.0,ok,1428.0,ok,746.0,ok,983.0,ok,2447.0,ok,3.0,ok,,nil_or_na,,nil_or_na
2018,46,鹿児島,26,生産用機械器具製造業,41.0,ok,3115.0,ok,63493.0,ok,25479.0,ok,12517.0,ok,33259.0,ok,60195.0,ok,33.0,ok,7.0,ok,1.0,ok
2018,46,鹿児島,27,業務用機械器具製造業,5.0,ok,343.0,ok,4358.0,ok,2249.0,ok,1161.0,ok,2013.0,ok,4352.0,ok,4.0,ok,1.0,ok,,nil_or_na
2018,46,鹿児島,28,電子部品・デバイス・電子回路製造業,37.0,ok,11615.0,ok,300969.0,ok,171084.0,ok,63365.0,ok,110376.0,ok,307090.0,ok,17.0,ok,15.0,ok,5.0,ok
2018,46,鹿児島,29,電気機械器具製造業,16.0,ok,2222.0,ok,105494.0,ok,64648.0,ok,10882.0,ok,37281.0,ok,106519.0,ok,11.0,ok,4.0,ok,1.0,ok
2018,46,鹿児島,30,情報通信機械器具製造業,3.0,ok,427.0,ok,,suppressed,,suppressed,,suppressed,,suppressed,,suppressed,1.0,ok,2.0,ok,,nil_or_na
2018,46,鹿児島,31,輸送用機械器具製造業,6.0,ok,512.0,ok,13983.0,ok,6693.0,ok,2949.0,ok,6014.0,ok,13657.0,ok,4.0,ok,2.0,ok,,nil_or_na
2018,46,鹿児島,32,その他の製造業,7.0,ok,749.0,ok,10554.0,ok,4670.0,ok,2558.0,ok,5145.0,ok,9706.0,ok,5.0,ok,1.0,ok,1.0,ok
2018,47,沖縄,09,食料品製造業,81.0,ok,8572.0,ok,145640.0,ok,48056.0,ok,23278.0,ok,88987.0,ok,124750.0,ok,61.0,ok,15.0,ok,5.0,ok
2018,47,沖縄,10,飲料・たばこ・飼料製造業,19.0,ok,1098.0,ok,56505.0,ok,15165.0,ok,3965.0,ok,26871.0,ok,50376.0,ok,17.0,ok,2.0,ok,,nil_or_na
2018,47,沖縄,11,繊維工業,5.0,ok,291.0,ok,1242.0,ok,582.0,ok,572.0,ok,583.0,ok,1146.0,ok,5.0,ok,,nil_or_na,,nil_or_na
2018,47,沖縄,12,木材・木製品製造業（家具を除く）,,nil_or_na,,nil_or_na,,nil_or_na,,nil_or_na,,nil_or_na,,nil_or_na,,nil_or_na,,nil_or_na,,nil_or_na,,nil_or_na
2018,47,沖縄,13,家具・装備品製造業,1.0,ok,32.0,ok,,suppressed,,suppressed,,suppressed,,suppressed,,suppressed,1.0,ok,,nil_or_na,,nil_or_na
2018,47,沖縄,14,パルプ・紙・紙加工品製造業,4.0,ok,358.0,ok,,suppressed,,suppressed,,suppressed,,suppressed,,suppressed,3.0,ok,1.0,ok,,nil_or_na
2018,47,沖縄,15,印刷・同関連業,10.0,ok,747.0,ok,12698.0,ok,5908.0,ok,2584.0,ok,5849.0,ok,12230.0,ok,8.0,ok,2.0,ok,,nil_or_na
2018,47,沖縄,16,化学工業,7.0,ok,494.0,ok,4202.0,ok,2191.0,ok,1620.0,ok,1514.0,ok,3604.0,ok,6.0,ok,1.0,ok,,nil_or_na
2018,47,沖縄,17,石油製品・石炭製品製造業,,nil_or_na,,nil_or_na,,nil_or_na,,nil_or_na,,nil_or_na,,nil_or_na,,nil_or_na,,nil_or_na,,nil_or_na,,nil_or_na
2018,47,沖縄,18,プラスチック製品製造業（別掲を除く）,5.0,ok,348.0,ok,7633.0,ok,2118.0,ok,1081.0,ok,5214.0,ok,4601.0,ok,5.0,ok,,nil_or_na,,nil_or_na
2018,47,沖縄,19,ゴム製品製造業,,nil_or_na,,nil_or_na,,nil_or_na,,nil_or_na,,nil_or_na,,nil_or_na,,nil_or_na,,nil_or_na,,nil_or_na,,nil_or_na
2018,47,沖縄,20,なめし革・同製品・毛皮製造業,,nil_or_na,,nil_or_na,,nil_or_na,,nil_or_na,,nil_or_na,,nil_or_na,,nil_or_na,,nil_or_na,,nil_or_na,,nil_or_na
2018,47,沖縄,21,窯業・土石製品製造業,20.0,ok,964.0,ok,25323.0,ok,10726.0,ok,3786.0,ok,12762.0,ok,22306.0,ok,19.0,ok,1.0,ok,,nil_or_na
2018,47,沖縄,22,鉄鋼業,5.0,ok,598.0,ok,,suppressed,,suppressed,,suppressed,,suppressed,,suppressed,2.0,ok,3.0,ok,,nil_or_na
2018,47,沖縄,23,非鉄金属製造業,,nil_or_na,,nil_or_na,,nil_or_na,,nil_or_na,,nil_or_na,,nil_or_na,,nil_or_na,,nil_or_na,,nil_or_na,,nil_or_na
2018,47,沖縄,24,金属製品製造業,26.0,ok,1467.0,ok,32691.0,ok,10292.0,ok,5844.0,ok,20821.0,ok,26759.0,ok,24.0,ok,2.0,ok,,nil_or_na
2018,47,沖縄,25,はん用機械器具製造業,1.0,ok,48.0,ok,,suppressed,,suppressed,,suppressed,,suppressed,,suppressed,1.0,ok,,nil_or_na,,nil_or_na
2018,47,沖縄,26,生産用機械器具製造業,3.0,ok,153.0,ok,1598.0,ok,686.0,ok,373.0,ok,818.0,ok,1609.0,ok,3.0,ok,,nil_or_na,,nil_or_na
2018,47,沖縄,27,業務用機械器具製造業,1.0,ok,35.0,ok,,suppressed,,suppressed,,suppressed,,suppressed,,suppressed,1.0,ok,,nil_or_na,,nil_or_na
2018,47,沖縄,28,電子部品・デバイス・電子回路製造業,1.0,ok,65.0,ok,,suppressed,,suppressed,,suppressed,,suppressed,,suppressed,1.0,ok,,nil_or_na,,nil_or_na
2018,47,沖縄,29,電気機械器具製造業,4.0,ok,219.0,ok,3679.0,ok,1563.0,ok,765.0,ok,1930.0,ok,2526.0,ok,4.0,ok,,nil_or_na,,nil_or_na
2018,47,沖縄,30,情報通信機械器具製造業,,nil_or_na,,nil_or_na,,nil_or_na,,nil_or_na,,nil_or_na,,nil_or_na,,nil_or_na,,nil_or_na,,nil_or_na,,nil_or_na
2018,47,沖縄,31,輸送用機械器具製造業,1.0,ok,54.0,ok,,suppressed,,suppressed,,suppressed,,suppressed,,suppressed,1.0,ok,,nil_or_na,,nil_or_na
2018,47,沖縄,32,その他の製造業,4.0,ok,162.0,ok,2243.0,ok,1198.0,ok,617.0,ok,922.0,ok,1568.0,ok,4.0,ok,,nil_or_na,,nil_or_na
