year,prefecture_code,prefecture_name,industry_code,industry_name,establishments,establishments_flag,employment,employment_flag,shipments,shipments_flag,value_added,value_added_flag,cash_wages,cash_wages_flag,raw_materials,raw_materials_flag,production_value,production_value_flag,establishments_30_99,establishments_30_99_flag,establishments_100_299,establishments_100_299_flag,establishments_300plus,establishments_300plus_flag
2016,01,北海道,09,食料品製造業,610.0,ok,60057.0,ok,1794447.0,ok,496015.0,ok,170710.0,ok,1203079.0,ok,1712447.0,ok,451.0,ok,129.0,ok,30.0,ok
2016,01,北海道,10,飲料・たばこ・飼料製造業,31.0,ok,1914.0,ok,206809.0,ok,89594.0,ok,7881.0,ok,66441.0,ok,204477.0,ok,28.0,ok,3.0,ok,,nil_or_na
2016,01,北海道,11,繊維工業,17.0,ok,1309.0,ok,15570.0,ok,6628.0,ok,3335.0,ok,8058.0,ok,15084.0,ok,15.0,ok,1.0,ok,1.0,ok
2016,01,北海道,12,木材・木製品製造業（家具を除く）,53.0,ok,3232.0,ok,91159.0,ok,29462.0,ok,11084.0,ok,55872.0,ok,77159.0,ok,48.0,ok,5.0,ok,,nil_or_na
2016,01,北海道,13,家具・装備品製造業,24.0,ok,1270.0,ok,17811.0,ok,8400.0,ok,4402.0,ok,8858.0,ok,18173.0,ok,22.0,ok,2.0,ok,,nil_or_na
2016,01,北海道,14,パルプ・紙・紙加工品製造業,48.0,ok,5329.0,ok,389759.0,ok,121241.0,ok,29077.0,ok,239634.0,ok,371378.0,ok,30.0,ok,17.0,ok,1.0,ok
2016,01,北海道,15,印刷・同関連業,59.0,ok,4144.0,ok,76015.0,ok,32345.0,ok,16949.0,ok,38731.0,ok,73362.0,ok,49.0,ok,10.0,ok,,nil_or_na
2016,01,北海道,16,化学工業,31.0,ok,2539.0,ok,141484.0,ok,49867.0,ok,14010.0,ok,79966.0,ok,127528.0,ok,23.0,ok,7.0,ok,1.0,ok
2016,01,北海道,17,石油製品・石炭製品製造業,2.0,ok,529.0,ok,,suppressed,,suppressed,,suppressed,,suppressed,,suppressed,,nil_or_na,2.0,ok,,nil_or_na
2016,01,北海道,18,プラスチック製品製造業（別掲を除く）,42.0,ok,3006.0,ok,65110.0,ok,28166.0,ok,11474.0,ok,31933.0,ok,52826.0,ok,38.0,ok,3.0,ok,1.0,ok
2016,01,北海道,19,ゴム製品製造業,5.0,ok,427.0,ok,7546.0,ok,2686.0,ok,1465.0,ok,4154.0,ok,6846.0,ok,4.0,ok,1.0,ok,,nil_or_na
2016,01,北海道,20,なめし革・同製品・毛皮製造業,5.0,ok,411.0,ok,5902.0,ok,2448.0,ok,1279.0,ok,3215.0,ok,4534.0,ok,3.0,ok,2.0,ok,,nil_or_na
2016,01,北海道,21,窯業・土石製品製造業,31.0,ok,1801.0,ok,71359.0,ok,23249.0,ok,7415.0,ok,40701.0,ok,55031.0,ok,28.0,ok,3.0,ok,,nil_or_na
2016,01,北海道,22,鉄鋼業,31.0,ok,5573.0,ok,430754.0,ok,60817.0,ok,28825.0,ok,322707.0,ok,388863.0,ok,20.0,ok,6.0,ok,5.0,ok
2016,01,北海道,23,非鉄金属製造業,5.0,ok,248.0,ok,7701.0,ok,2296.0,ok,989.0,ok,4855.0,ok,6150.0,ok,5.0,ok,,nil_or_na,,nil_or_na
2016,01,北海道,24,金属製品製造業,79.0,ok,5258.0,ok,169687.0,ok,57712.0,ok,24258.0,ok,102785.0,ok,157532.0,ok,70.0,ok,7.0,ok,2.0,ok
2016,01,北海道,25,はん用機械器具製造業,19.0,ok,1512.0,ok,21081.0,ok,8845.0,ok,5274.0,ok,10551.0,ok,18919.0,ok,18.0,ok,,nil_or_na,1.0,ok
2016,01,北海道,26,生産用機械器具製造業,37.0,ok,2655.0,ok,59982.0,ok,27250.0,ok,11982.0,ok,29210.0,ok,51418.0,ok,31.0,ok,5.0,ok,1.0,ok
2016,01,北海道,27,業務用機械器具製造業,3.0,ok,112.0,ok,,suppressed,,suppressed,,suppressed,,suppressed,,suppressed,3.0,ok,,nil_or_na,,nil_or_na
2016,01,北海道,28,電子部品・デバイス・電子回路製造業,24.0,ok,6105.0,ok,186510.0,ok,78784.0,ok,27629.0,ok,98587.0,ok,188656.0,ok,8.0,ok,9.0,ok,7.0,ok
2016,01,北海道,29,電気機械器具製造業,21.0,ok,1518.0,ok,34963.0,ok,11010.0,ok,6055.0,ok,22125.0,ok,32979.0,ok,19.0,ok,2.0,ok,,nil_or_na
2016,01,北海道,30,情報通信機械器具製造業,6.0,ok,1052.0,ok,73715.0,ok,31094.0,ok,5517.0,ok,33402.0,ok,77524.0,ok,4.0,ok,1.0,ok,1.0,ok
2016,01,北海道,31,輸送用機械器具製造業,27.0,ok,7585.0,ok,355798.0,ok,103536.0,ok,40859.0,ok,228481.0,ok,333821.0,ok,12.0,ok,9.0,ok,6.0,ok
2016,01,北海道,32,その他の製造業,9.0,ok,792.0,ok,17043.0,ok,5917.0,ok,2925.0,ok,10215.0,ok,15998.0,ok,6.0,ok,3.0,ok,,nil_or_na
2016,02,青森,09,食料品製造業,116.0,ok,12425.0,ok,317752.0,ok,69376.0,ok,32249.0,ok,238373.0,ok,296739.0,ok,79.0,ok,29.0,ok,8.0,ok
2016,02,青森,10,飲料・たばこ・飼料製造業,12.0,ok,773.0,ok,74063.0,ok,7978.0,ok,2634.0,ok,63845.0,ok,74230.0,ok,11.0,ok,1.0,ok,,nil_or_na
2016,02,青森,11,繊維工業,46.0,ok,4344.0,ok,20279.0,ok,11382.0,ok,8604.0,ok,7296.0,ok,19832.0,ok,33.0,ok,12.0,ok,1.0,ok
2016,02,青森,12,木材・木製品製造業（家具を除く）,4.0,ok,152.0,ok,7178.0,ok,1025.0,ok,425.0,ok,5962.0,ok,5107.0,ok,4.0,ok,,nil_or_na,,nil_or_na
2016,02,青森,13,家具・装備品製造業,3.0,ok,136.0,ok,2694.0,ok,1259.0,ok,509.0,ok,1363.0,ok,2303.0,ok,3.0,ok,,nil_or_na,,nil_or_na
2016,02,青森,14,パルプ・紙・紙加工品製造業,11.0,ok,1779.0,ok,101717.0,ok,33898.0,ok,10995.0,ok,57572.0,ok,99112.0,ok,9.0,ok,,nil_or_na,2.0,ok
2016,02,青森,15,印刷・同関連業,16.0,ok,762.0,ok,10520.0,ok,4033.0,ok,2343.0,ok,5420.0,ok,10389.0,ok,15.0,ok,1.0,ok,,nil_or_na
2016,02,青森,16,化学工業,4.0,ok,456.0,ok,34777.0,ok,18966.0,ok,2781.0,ok,12350.0,ok,33128.0,ok,2.0,ok,2.0,ok,,nil_or_na
2016,02,青森,17,石油製品・石炭製品製造業,,nil_or_na,,nil_or_na,,nil_or_na,,nil_or_na,,nil_or_na,,nil_or_na,,nil_or_na,,nil_or_na,,nil_or_na,,nil_or_na
2016,02,青森,18,プラスチック製品製造業（別掲を除く）,8.0,ok,635.0,ok,13167.0,ok,3651.0,ok,1917.0,ok,8962.0,ok,7486.0,ok,5.0,ok,3.0,ok,,nil_or_na
2016,02,青森,19,ゴム製品製造業,3.0,ok,154.0,ok,,suppressed,,suppressed,,suppressed,,suppressed,,suppressed,3.0,ok,,nil_or_na,,nil_or_na
2016,02,青森,20,なめし革・同製品・毛皮製造業,,nil_or_na,,nil_or_na,,nil_or_na,,nil_or_na,,nil_or_na,,nil_or_na,,nil_or_na,,nil_or_na,,nil_or_na,,nil_or_na
2016,02,青森,21,窯業・土石製品製造業,12.0,ok,590.0,ok,19583.0,ok,7478.0,ok,2327.0,ok,9700.0,ok,14003.0,ok,12.0,ok,,nil_or_na,,nil_or_na
2016,02,青森,22,鉄鋼業,8.0,ok,1385.0,ok,81111.0,ok,18373.0,ok,6380.0,ok,60591.0,ok,74868.0,ok,4.0,ok,2.0,ok,2.0,ok
2016,02,青森,23,非鉄金属製造業,8.0,ok,3384.0,ok,358354.0,ok,244926.0,ok,21720.0,ok,78484.0,ok,342281.0,ok,2.0,ok,4.0,ok,2.0,ok
2016,02,青森,24,金属製品製造業,19.0,ok,1151.0,ok,26747.0,ok,9017.0,ok,4276.0,ok,16451.0,ok,22690.0,ok,18.0,ok,1.0,ok,,nil_or_na
2016,02,青森,25,はん用機械器具製造業,3.0,ok,117.0,ok,,suppressed,,suppressed,,suppressed,,suppressed,,suppressed,3.0,ok,,nil_or_na,,nil_or_na
2016,02,青森,26,生産用機械器具製造業,11.0,ok,1099.0,ok,37864.0,ok,6626.0,ok,5018.0,ok,29450.0,ok,37352.0,ok,7.0,ok,4.0,ok,,nil_or_na
2016,02,青森,27,業務用機械器具製造業,20.0,ok,4606.0,ok,125120.0,ok,29853.0,ok,18608.0,ok,91593.0,ok,125395.0,ok,12.0,ok,4.0,ok,4.0,ok
2016,02,青森,28,電子部品・デバイス・電子回路製造業,43.0,ok,6281.0,ok,254709.0,ok,51057.0,ok,20214.0,ok,196900.0,ok,253294.0,ok,26.0,ok,11.0,ok,6.0,ok
2016,02,青森,29,電気機械器具製造業,18.0,ok,2544.0,ok,44030.0,ok,18851.0,ok,8471.0,ok,23454.0,ok,43430.0,ok,9.0,ok,8.0,ok,1.0,ok
2016,02,青森,30,情報通信機械器具製造業,6.0,ok,553.0,ok,3125.0,ok,1975.0,ok,1793.0,ok,916.0,ok,2939.0,ok,5.0,ok,1.0,ok,,nil_or_na
2016,02,青森,31,輸送用機械器具製造業,10.0,ok,1055.0,ok,52003.0,ok,26234.0,ok,4647.0,ok,23700.0,ok,49156.0,ok,6.0,ok,4.0,ok,,nil_or_na
2016,02,青森,32,その他の製造業,4.0,ok,217.0,ok,2775.0,ok,1137.0,ok,584.0,ok,1513.0,ok,2795.0,ok,4.0,ok,,nil_or_na,,nil_or_na
2016,03,岩手,09,食料品製造業,142.0,ok,14265.0,ok,304966.0,ok,90590.0,ok,36370.0,ok,199603.0,ok,290635.0,ok,103.0,ok,31.0,ok,8.0,ok
2016,03,岩手,10,飲料・たばこ・飼料製造業,9.0,ok,471.0,ok,8818.0,ok,4466.0,ok,1507.0,ok,3212.0,ok,8196.0,ok,8.0,ok,1.0,ok,,nil_or_na
2016,03,岩手,11,繊維工業,50.0,ok,3371.0,ok,22554.0,ok,10367.0,ok,6505.0,ok,11140.0,ok,22487.0,ok,43.0,ok,7.0,ok,,nil_or_na
2016,03,岩手,12,木材・木製品製造業（家具を除く）,22.0,ok,1119.0,ok,43157.0,ok,11227.0,ok,3620.0,ok,29910.0,ok,42464.0,ok,21.0,ok,1.0,ok,,nil_or_na
2016,03,岩手,13,家具・装備品製造業,2.0,ok,169.0,ok,,suppressed,,suppressed,,suppressed,,suppressed,,suppressed,1.0,ok,1.0,ok,,nil_or_na
2016,03,岩手,14,パルプ・紙・紙加工品製造業,11.0,ok,881.0,ok,36820.0,ok,7757.0,ok,3392.0,ok,24074.0,ok,33738.0,ok,8.0,ok,3.0,ok,,nil_or_na
2016,03,岩手,15,印刷・同関連業,15.0,ok,990.0,ok,24777.0,ok,11781.0,ok,3852.0,ok,10522.0,ok,24649.0,ok,12.0,ok,3.0,ok,,nil_or_na
2016,03,岩手,16,化学工業,10.0,ok,1322.0,ok,65814.0,ok,32345.0,ok,7280.0,ok,25937.0,ok,65374.0,ok,6.0,ok,3.0,ok,1.0,ok
2016,03,岩手,17,石油製品・石炭製品製造業,,nil_or_na,,nil_or_na,,nil_or_na,,nil_or_na,,nil_or_na,,nil_or_na,,nil_or_na,,nil_or_na,,nil_or_na,,nil_or_na
2016,03,岩手,18,プラスチック製品製造業（別掲を除く）,33.0,ok,2690.0,ok,44793.0,ok,15735.0,ok,8659.0,ok,25816.0,ok,43429.0,ok,26.0,ok,6.0,ok,1.0,ok
2016,03,岩手,19,ゴム製品製造業,5.0,ok,424.0,ok,3766.0,ok,1548.0,ok,1070.0,ok,1970.0,ok,3376.0,ok,4.0,ok,1.0,ok,,nil_or_na
2016,03,岩手,20,なめし革・同製品・毛皮製造業,5.0,ok,352.0,ok,,suppressed,,suppressed,,suppressed,,suppressed,,suppressed,5.0,ok,,nil_or_na,,nil_or_na
2016,03,岩手,21,窯業・土石製品製造業,23.0,ok,1440.0,ok,55237.0,ok,23875.0,ok,6122.0,ok,26922.0,ok,48547.0,ok,20.0,ok,3.0,ok,,nil_or_na
2016,03,岩手,22,鉄鋼業,16.0,ok,1676.0,ok,74830.0,ok,18725.0,ok,8477.0,ok,51542.0,ok,61593.0,ok,14.0,ok,,nil_or_na,2.0,ok
2016,03,岩手,23,非鉄金属製造業,9.0,ok,667.0,ok,19624.0,ok,8223.0,ok,2302.0,ok,10106.0,ok,18284.0,ok,7.0,ok,2.0,ok,,nil_or_na
2016,03,岩手,24,金属製品製造業,41.0,ok,3885.0,ok,91116.0,ok,34830.0,ok,16656.0,ok,52527.0,ok,78607.0,ok,31.0,ok,8.0,ok,2.0,ok
2016,03,岩手,25,はん用機械器具製造業,14.0,ok,3316.0,ok,99632.0,ok,44268.0,ok,13560.0,ok,53658.0,ok,99505.0,ok,8.0,ok,2.0,ok,4.0,ok
2016,03,岩手,26,生産用機械器具製造業,51.0,ok,5786.0,ok,186959.0,ok,54327.0,ok,26630.0,ok,125417.0,ok,186903.0,ok,40.0,ok,7.0,ok,4.0,ok
2016,03,岩手,27,業務用機械器具製造業,16.0,ok,2625.0,ok,87648.0,ok,33387.0,ok,8959.0,ok,52210.0,ok,88631.0,ok,8.0,ok,5.0,ok,3.0,ok
2016,03,岩手,28,電子部品・デバイス・電子回路製造業,51.0,ok,7258.0,ok,208510.0,ok,62693.0,ok,33992.0,ok,132278.0,ok,209383.0,ok,34.0,ok,10.0,ok,7.0,ok
2016,03,岩手,29,電気機械器具製造業,24.0,ok,2634.0,ok,47430.0,ok,18720.0,ok,9723.0,ok,26295.0,ok,47374.0,ok,14.0,ok,9.0,ok,1.0,ok
2016,03,岩手,30,情報通信機械器具製造業,17.0,ok,1795.0,ok,48743.0,ok,17162.0,ok,7737.0,ok,31607.0,ok,49742.0,ok,10.0,ok,7.0,ok,,nil_or_na
2016,03,岩手,31,輸送用機械器具製造業,30.0,ok,7132.0,ok,557388.0,ok,34240.0,ok,32266.0,ok,511760.0,ok,548563.0,ok,15.0,ok,10.0,ok,5.0,ok
2016,03,岩手,32,その他の製造業,14.0,ok,1992.0,ok,41178.0,ok,11036.0,ok,8125.0,ok,27820.0,ok,40786.0,ok,10.0,ok,2.0,ok,2.0,ok
2016,04,宮城,09,食料品製造業,189.0,ok,20090.0,ok,441241.0,ok,143263.0,ok,56761.0,ok,275442.0,ok,410541.0,ok,135.0,ok,46.0,ok,8.0,ok
2016,04,宮城,10,飲料・たばこ・飼料製造業,14.0,ok,1051.0,ok,148501.0,ok,30444.0,ok,5176.0,ok,80565.0,ok,149405.0,ok,11.0,ok,3.0,ok,,nil_or_na
2016,04,宮城,11,繊維工業,28.0,ok,1855.0,ok,13235.0,ok,6489.0,ok,4245.0,ok,6134.0,ok,11947.0,ok,26.0,ok,2.0,ok,,nil_or_na
2016,04,宮城,12,木材・木製品製造業（家具を除く）,16.0,ok,1312.0,ok,58184.0,ok,16586.0,ok,5412.0,ok,38409.0,ok,46061.0,ok,12.0,ok,4.0,ok,,nil_or_na
2016,04,宮城,13,家具・装備品製造業,5.0,ok,1122.0,ok,20032.0,ok,7339.0,ok,4182.0,ok,10566.0,ok,9136.0,ok,3.0,ok,1.0,ok,1.0,ok
2016,04,宮城,14,パルプ・紙・紙加工品製造業,19.0,ok,1961.0,ok,170914.0,ok,55081.0,ok,10092.0,ok,98047.0,ok,167287.0,ok,15.0,ok,3.0,ok,1.0,ok
2016,04,宮城,15,印刷・同関連業,36.0,ok,3016.0,ok,77898.0,ok,32391.0,ok,13022.0,ok,41179.0,ok,74521.0,ok,26.0,ok,10.0,ok,,nil_or_na
2016,04,宮城,16,化学工業,17.0,ok,1325.0,ok,63652.0,ok,26666.0,ok,5030.0,ok,32184.0,ok,60582.0,ok,14.0,ok,2.0,ok,1.0,ok
2016,04,宮城,17,石油製品・石炭製品製造業,2.0,ok,362.0,ok,,suppressed,,suppressed,,suppressed,,suppressed,,suppressed,1.0,ok,,nil_or_na,1.0,ok
2016,04,宮城,18,プラスチック製品製造業（別掲を除く）,40.0,ok,3126.0,ok,68402.0,ok,26346.0,ok,10977.0,ok,35782.0,ok,64686.0,ok,30.0,ok,10.0,ok,,nil_or_na
2016,04,宮城,19,ゴム製品製造業,12.0,ok,2215.0,ok,65176.0,ok,17846.0,ok,11037.0,ok,44566.0,ok,64185.0,ok,7.0,ok,4.0,ok,1.0,ok
2016,04,宮城,20,なめし革・同製品・毛皮製造業,1.0,ok,114.0,ok,,suppressed,,suppressed,,suppressed,,suppressed,,suppressed,,nil_or_na,1.0,ok,,nil_or_na
2016,04,宮城,21,窯業・土石製品製造業,25.0,ok,2236.0,ok,60445.0,ok,25756.0,ok,10562.0,ok,31163.0,ok,51525.0,ok,17.0,ok,7.0,ok,1.0,ok
2016,04,宮城,22,鉄鋼業,12.0,ok,1697.0,ok,133264.0,ok,21797.0,ok,9561.0,ok,100637.0,ok,128833.0,ok,8.0,ok,1.0,ok,3.0,ok
2016,04,宮城,23,非鉄金属製造業,13.0,ok,1388.0,ok,67073.0,ok,16659.0,ok,6264.0,ok,46775.0,ok,64288.0,ok,7.0,ok,6.0,ok,,nil_or_na
2016,04,宮城,24,金属製品製造業,47.0,ok,5321.0,ok,151304.0,ok,54057.0,ok,23939.0,ok,87199.0,ok,134282.0,ok,37.0,ok,9.0,ok,1.0,ok
2016,04,宮城,25,はん用機械器具製造業,11.0,ok,1049.0,ok,21659.0,ok,8642.0,ok,4322.0,ok,11514.0,ok,20831.0,ok,8.0,ok,3.0,ok,,nil_or_na
2016,04,宮城,26,生産用機械器具製造業,50.0,ok,5469.0,ok,271368.0,ok,81202.0,ok,23735.0,ok,181857.0,ok,269227.0,ok,40.0,ok,8.0,ok,2.0,ok
2016,04,宮城,27,業務用機械器具製造業,14.0,ok,3157.0,ok,62098.0,ok,8963.0,ok,12229.0,ok,50337.0,ok,53355.0,ok,9.0,ok,2.0,ok,3.0,ok
2016,04,宮城,28,電子部品・デバイス・電子回路製造業,58.0,ok,13807.0,ok,552358.0,ok,296872.0,ok,63796.0,ok,226908.0,ok,486267.0,ok,31.0,ok,12.0,ok,15.0,ok
2016,04,宮城,29,電気機械器具製造業,38.0,ok,4835.0,ok,116252.0,ok,37218.0,ok,20450.0,ok,70557.0,ok,113367.0,ok,24.0,ok,11.0,ok,3.0,ok
2016,04,宮城,30,情報通信機械器具製造業,17.0,ok,3277.0,ok,94458.0,ok,28058.0,ok,13048.0,ok,62993.0,ok,91307.0,ok,8.0,ok,3.0,ok,6.0,ok
2016,04,宮城,31,輸送用機械器具製造業,51.0,ok,9600.0,ok,526267.0,ok,113512.0,ok,45792.0,ok,398617.0,ok,525551.0,ok,31.0,ok,11.0,ok,9.0,ok
2016,04,宮城,32,その他の製造業,9.0,ok,602.0,ok,24723.0,ok,7686.0,ok,2474.0,ok,15822.0,ok,24390.0,ok,7.0,ok,2.0,ok,,nil_or_na
2016,05,秋田,09,食料品製造業,49.0,ok,4264.0,ok,75569.0,ok,23303.0,ok,11079.0,ok,48560.0,ok,72559.0,ok,36.0,ok,11.0,ok,2.0,ok
2016,05,秋田,10,飲料・たばこ・飼料製造業,7.0,ok,473.0,ok,15489.0,ok,6488.0,ok,2037.0,ok,4359.0,ok,15323.0,ok,6.0,ok,1.0,ok,,nil_or_na
2016,05,秋田,11,繊維工業,74.0,ok,4222.0,ok,30984.0,ok,14539.0,ok,8670.0,ok,14898.0,ok,31045.0,ok,70.0,ok,4.0,ok,,nil_or_na
2016,05,秋田,12,木材・木製品製造業（家具を除く）,23.0,ok,1399.0,ok,54780.0,ok,15366.0,ok,5066.0,ok,35354.0,ok,50815.0,ok,19.0,ok,4.0,ok,,nil_or_na
2016,05,秋田,13,家具・装備品製造業,7.0,ok,535.0,ok,8001.0,ok,3543.0,ok,1524.0,ok,4006.0,ok,7951.0,ok,6.0,ok,1.0,ok,,nil_or_na
2016,05,秋田,14,パルプ・紙・紙加工品製造業,5.0,ok,465.0,ok,40235.0,ok,4857.0,ok,2155.0,ok,29599.0,ok,37034.0,ok,3.0,ok,2.0,ok,,nil_or_na
2016,05,秋田,15,印刷・同関連業,10.0,ok,499.0,ok,6217.0,ok,3315.0,ok,1427.0,ok,2402.0,ok,5527.0,ok,10.0,ok,,nil_or_na,,nil_or_na
2016,05,秋田,16,化学工業,6.0,ok,1419.0,ok,73264.0,ok,38381.0,ok,6464.0,ok,28062.0,ok,73095.0,ok,2.0,ok,3.0,ok,1.0,ok
2016,05,秋田,17,石油製品・石炭製品製造業,,nil_or_na,,nil_or_na,,nil_or_na,,nil_or_na,,nil_or_na,,nil_or_na,,nil_or_na,,nil_or_na,,nil_or_na,,nil_or_na
2016,05,秋田,18,プラスチック製品製造業（別掲を除く）,11.0,ok,1197.0,ok,21429.0,ok,5375.0,ok,3340.0,ok,15156.0,ok,21269.0,ok,6.0,ok,4.0,ok,1.0,ok
2016,05,秋田,19,ゴム製品製造業,6.0,ok,445.0,ok,4181.0,ok,2502.0,ok,967.0,ok,1503.0,ok,4278.0,ok,5.0,ok,1.0,ok,,nil_or_na
2016,05,秋田,20,なめし革・同製品・毛皮製造業,6.0,ok,242.0,ok,2114.0,ok,897.0,ok,502.0,ok,976.0,ok,2028.0,ok,6.0,ok,,nil_or_na,,nil_or_na
2016,05,秋田,21,窯業・土石製品製造業,11.0,ok,948.0,ok,26455.0,ok,9786.0,ok,4183.0,ok,14844.0,ok,25907.0,ok,8.0,ok,3.0,ok,,nil_or_na
2016,05,秋田,22,鉄鋼業,6.0,ok,679.0,ok,13467.0,ok,5914.0,ok,2272.0,ok,6951.0,ok,13455.0,ok,2.0,ok,4.0,ok,,nil_or_na
2016,05,秋田,23,非鉄金属製造業,10.0,ok,1104.0,ok,45810.0,ok,14363.0,ok,5617.0,ok,26075.0,ok,43871.0,ok,7.0,ok,2.0,ok,1.0,ok
2016,05,秋田,24,金属製品製造業,34.0,ok,2207.0,ok,44939.0,ok,17538.0,ok,8252.0,ok,24235.0,ok,40257.0,ok,30.0,ok,4.0,ok,,nil_or_na
2016,05,秋田,25,はん用機械器具製造業,9.0,ok,598.0,ok,9598.0,ok,4025.0,ok,2225.0,ok,5152.0,ok,9189.0,ok,8.0,ok,1.0,ok,,nil_or_na
2016,05,秋田,26,生産用機械器具製造業,43.0,ok,3707.0,ok,67500.0,ok,23183.0,ok,13634.0,ok,39096.0,ok,65649.0,ok,32.0,ok,10.0,ok,1.0,ok
2016,05,秋田,27,業務用機械器具製造業,20.0,ok,3594.0,ok,77045.0,ok,32532.0,ok,14019.0,ok,38203.0,ok,74988.0,ok,11.0,ok,8.0,ok,1.0,ok
2016,05,秋田,28,電子部品・デバイス・電子回路製造業,56.0,ok,11719.0,ok,339876.0,ok,132223.0,ok,50214.0,ok,187515.0,ok,323001.0,ok,31.0,ok,12.0,ok,13.0,ok
2016,05,秋田,29,電気機械器具製造業,26.0,ok,1850.0,ok,25007.0,ok,10126.0,ok,5747.0,ok,13497.0,ok,23604.0,ok,21.0,ok,5.0,ok,,nil_or_na
2016,05,秋田,30,情報通信機械器具製造業,8.0,ok,877.0,ok,10692.0,ok,5730.0,ok,3569.0,ok,3967.0,ok,10374.0,ok,6.0,ok,1.0,ok,1.0,ok
2016,05,秋田,31,輸送用機械器具製造業,15.0,ok,2429.0,ok,59778.0,ok,15815.0,ok,10944.0,ok,40770.0,ok,59845.0,ok,7.0,ok,6.0,ok,2.0,ok
2016,05,秋田,32,その他の製造業,8.0,ok,462.0,ok,4919.0,ok,2401.0,ok,1399.0,ok,2222.0,ok,4842.0,ok,7.0,ok,1.0,ok,,nil_or_na
2016,06,山形,09,食料品製造業,108.0,ok,11488.0,ok,275700.0,ok,86823.0,ok,34447.0,ok,176570.0,ok,271065.0,ok,76.0,ok,24.0,ok,8.0,ok
2016,06,山形,10,飲料・たばこ・飼料製造業,9.0,ok,653.0,ok,32618.0,ok,9342.0,ok,2824.0,ok,21237.0,ok,31590.0,ok,6.0,ok,3.0,ok,,nil_or_na
2016,06,山形,11,繊維工業,67.0,ok,4789.0,ok,39793.0,ok,18215.0,ok,10319.0,ok,19432.0,ok,38975.0,ok,55.0,ok,12.0,ok,,nil_or_na
2016,06,山形,12,木材・木製品製造業（家具を除く）,6.0,ok,307.0,ok,8676.0,ok,1465.0,ok,950.0,ok,6185.0,ok,7127.0,ok,6.0,ok,,nil_or_na,,nil_or_na
2016,06,山形,13,家具・装備品製造業,13.0,ok,1171.0,ok,18618.0,ok,8227.0,ok,4077.0,ok,9450.0,ok,17243.0,ok,9.0,ok,3.0,ok,1.0,ok
2016,06,山形,14,パルプ・紙・紙加工品製造業,11.0,ok,650.0,ok,15493.0,ok,4274.0,ok,2204.0,ok,10463.0,ok,12856.0,ok,10.0,ok,1.0,ok,,nil_or_na
2016,06,山形,15,印刷・同関連業,21.0,ok,1491.0,ok,23330.0,ok,9196.0,ok,4999.0,ok,12248.0,ok,22395.0,ok,16.0,ok,5.0,ok,,nil_or_na
2016,06,山形,16,化学工業,20.0,ok,3055.0,ok,263104.0,ok,89657.0,ok,15089.0,ok,165914.0,ok,261618.0,ok,9.0,ok,7.0,ok,4.0,ok
2016,06,山形,17,石油製品・石炭製品製造業,,nil_or_na,,nil_or_na,,nil_or_na,,nil_or_na,,nil_or_na,,nil_or_na,,nil_or_na,,nil_or_na,,nil_or_na,,nil_or_na
2016,06,山形,18,プラスチック製品製造業（別掲を除く）,32.0,ok,2947.0,ok,38567.0,ok,16808.0,ok,9771.0,ok,18961.0,ok,37764.0,ok,25.0,ok,6.0,ok,1.0,ok
2016,06,山形,19,ゴム製品製造業,5.0,ok,354.0,ok,2181.0,ok,937.0,ok,706.0,ok,1094.0,ok,2208.0,ok,4.0,ok,1.0,ok,,nil_or_na
2016,06,山形,20,なめし革・同製品・毛皮製造業,10.0,ok,1041.0,ok,20840.0,ok,6723.0,ok,3797.0,ok,13138.0,ok,20610.0,ok,9.0,ok,,nil_or_na,1.0,ok
2016,06,山形,21,窯業・土石製品製造業,23.0,ok,2785.0,ok,60491.0,ok,30063.0,ok,12318.0,ok,25982.0,ok,59103.0,ok,18.0,ok,3.0,ok,2.0,ok
2016,06,山形,22,鉄鋼業,13.0,ok,886.0,ok,19916.0,ok,6190.0,ok,3516.0,ok,12243.0,ok,18945.0,ok,10.0,ok,3.0,ok,,nil_or_na
2016,06,山形,23,非鉄金属製造業,10.0,ok,1326.0,ok,41210.0,ok,11204.0,ok,5720.0,ok,27002.0,ok,41323.0,ok,6.0,ok,2.0,ok,2.0,ok
2016,06,山形,24,金属製品製造業,44.0,ok,2984.0,ok,67867.0,ok,26406.0,ok,11142.0,ok,35874.0,ok,66341.0,ok,37.0,ok,7.0,ok,,nil_or_na
2016,06,山形,25,はん用機械器具製造業,24.0,ok,2302.0,ok,47825.0,ok,18209.0,ok,9275.0,ok,26698.0,ok,45032.0,ok,19.0,ok,4.0,ok,1.0,ok
2016,06,山形,26,生産用機械器具製造業,95.0,ok,8336.0,ok,204922.0,ok,70359.0,ok,36546.0,ok,127736.0,ok,194125.0,ok,71.0,ok,19.0,ok,5.0,ok
2016,06,山形,27,業務用機械器具製造業,28.0,ok,2509.0,ok,47831.0,ok,20188.0,ok,8927.0,ok,25344.0,ok,47509.0,ok,20.0,ok,8.0,ok,,nil_or_na
2016,06,山形,28,電子部品・デバイス・電子回路製造業,51.0,ok,12637.0,ok,384348.0,ok,187239.0,ok,66508.0,ok,168071.0,ok,381704.0,ok,22.0,ok,14.0,ok,15.0,ok
2016,06,山形,29,電気機械器具製造業,49.0,ok,4822.0,ok,136758.0,ok,48854.0,ok,18468.0,ok,82558.0,ok,135872.0,ok,38.0,ok,7.0,ok,4.0,ok
2016,06,山形,30,情報通信機械器具製造業,17.0,ok,2461.0,ok,240215.0,ok,34864.0,ok,12806.0,ok,201035.0,ok,208251.0,ok,9.0,ok,5.0,ok,3.0,ok
2016,06,山形,31,輸送用機械器具製造業,46.0,ok,5910.0,ok,122546.0,ok,48121.0,ok,24987.0,ok,64917.0,ok,120631.0,ok,28.0,ok,14.0,ok,4.0,ok
2016,06,山形,32,その他の製造業,12.0,ok,2383.0,ok,183397.0,ok,20374.0,ok,12033.0,ok,157416.0,ok,181513.0,ok,7.0,ok,1.0,ok,4.0,ok
2016,07,福島,09,食料品製造業,119.0,ok,12183.0,ok,247067.0,ok,81826.0,ok,31405.0,ok,152069.0,ok,236170.0,ok,78.0,ok,34.0,ok,7.0,ok
2016,07,福島,10,飲料・たばこ・飼料製造業,9.0,ok,570.0,ok,127653.0,ok,42721.0,ok,2557.0,ok,21418.0,ok,127491.0,ok,8.0,ok,1.0,ok,,nil_or_na
2016,07,福島,11,繊維工業,55.0,ok,3524.0,ok,29443.0,ok,11049.0,ok,8034.0,ok,17040.0,ok,29362.0,ok,46.0,ok,9.0,ok,,nil_or_na
2016,07,福島,12,木材・木製品製造業（家具を除く）,11.0,ok,847.0,ok,28504.0,ok,11012.0,ok,2965.0,ok,15731.0,ok,27633.0,ok,9.0,ok,2.0,ok,,nil_or_na
2016,07,福島,13,家具・装備品製造業,13.0,ok,2002.0,ok,42189.0,ok,13072.0,ok,9052.0,ok,26474.0,ok,38526.0,ok,8.0,ok,2.0,ok,3.0,ok
2016,07,福島,14,パルプ・紙・紙加工品製造業,27.0,ok,2758.0,ok,172116.0,ok,35070.0,ok,12266.0,ok,123684.0,ok,165487.0,ok,18.0,ok,8.0,ok,1.0,ok
2016,07,福島,15,印刷・同関連業,28.0,ok,1623.0,ok,30996.0,ok,12779.0,ok,5605.0,ok,15808.0,ok,29545.0,ok,25.0,ok,3.0,ok,,nil_or_na
2016,07,福島,16,化学工業,54.0,ok,7119.0,ok,463083.0,ok,182712.0,ok,40969.0,ok,248674.0,ok,408127.0,ok,36.0,ok,15.0,ok,3.0,ok
2016,07,福島,17,石油製品・石炭製品製造業,,nil_or_na,,nil_or_na,,nil_or_na,,nil_or_na,,nil_or_na,,nil_or_na,,nil_or_na,,nil_or_na,,nil_or_na,,nil_or_na
2016,07,福島,18,プラスチック製品製造業（別掲を除く）,67.0,ok,6653.0,ok,190140.0,ok,60735.0,ok,27002.0,ok,119542.0,ok,174397.0,ok,49.0,ok,16.0,ok,2.0,ok
2016,07,福島,19,ゴム製品製造業,29.0,ok,5199.0,ok,184578.0,ok,88723.0,ok,24755.0,ok,81343.0,ok,182003.0,ok,16.0,ok,10.0,ok,3.0,ok
2016,07,福島,20,なめし革・同製品・毛皮製造業,8.0,ok,725.0,ok,10697.0,ok,2644.0,ok,1807.0,ok,7534.0,ok,10478.0,ok,6.0,ok,2.0,ok,,nil_or_na
2016,07,福島,21,窯業・土石製品製造業,49.0,ok,4181.0,ok,131951.0,ok,60718.0,ok,20718.0,ok,61945.0,ok,125965.0,ok,40.0,ok,7.0,ok,2.0,ok
2016,07,福島,22,鉄鋼業,18.0,ok,2279.0,ok,68537.0,ok,21661.0,ok,10823.0,ok,43532.0,ok,63444.0,ok,11.0,ok,6.0,ok,1.0,ok
2016,07,福島,23,非鉄金属製造業,25.0,ok,3288.0,ok,182978.0,ok,45013.0,ok,16688.0,ok,126087.0,ok,178011.0,ok,13.0,ok,9.0,ok,3.0,ok
2016,07,福島,24,金属製品製造業,83.0,ok,7238.0,ok,200936.0,ok,66446.0,ok,32263.0,ok,122497.0,ok,197305.0,ok,66.0,ok,15.0,ok,2.0,ok
2016,07,福島,25,はん用機械器具製造業,37.0,ok,4489.0,ok,156948.0,ok,68959.0,ok,20868.0,ok,83148.0,ok,150598.0,ok,27.0,ok,7.0,ok,3.0,ok
2016,07,福島,26,生産用機械器具製造業,66.0,ok,5184.0,ok,97774.0,ok,39322.0,ok,20440.0,ok,52703.0,ok,96520.0,ok,52.0,ok,14.0,ok,,nil_or_na
2016,07,福島,27,業務用機械器具製造業,56.0,ok,9556.0,ok,230330.0,ok,81567.0,ok,39876.0,ok,141677.0,ok,229096.0,ok,37.0,ok,13.0,ok,6.0,ok
2016,07,福島,28,電子部品・デバイス・電子回路製造業,86.0,ok,12952.0,ok,420837.0,ok,116781.0,ok,58798.0,ok,281813.0,ok,388597.0,ok,42.0,ok,33.0,ok,11.0,ok
2016,07,福島,29,電気機械器具製造業,63.0,ok,8094.0,ok,313070.0,ok,54051.0,ok,41215.0,ok,243196.0,ok,307832.0,ok,44.0,ok,11.0,ok,8.0,ok
2016,07,福島,30,情報通信機械器具製造業,48.0,ok,10784.0,ok,590220.0,ok,96431.0,ok,51544.0,ok,490036.0,ok,361220.0,ok,27.0,ok,12.0,ok,9.0,ok
2016,07,福島,31,輸送用機械器具製造業,57.0,ok,10159.0,ok,505893.0,ok,209847.0,ok,48360.0,ok,274313.0,ok,507250.0,ok,36.0,ok,10.0,ok,11.0,ok
2016,07,福島,32,その他の製造業,18.0,ok,1202.0,ok,27086.0,ok,9406.0,ok,4200.0,ok,15731.0,ok,24185.0,ok,15.0,ok,3.0,ok,,nil_or_na
2016,08,茨城,09,食料品製造業,262.0,ok,35686.0,ok,1305239.0,ok,442538.0,ok,119140.0,ok,788977.0,ok,1272768.0,ok,158.0,ok,77.0,ok,27.0,ok
2016,08,茨城,10,飲料・たばこ・飼料製造業,22.0,ok,1989.0,ok,499233.0,ok,115044.0,ok,10775.0,ok,226088.0,ok,497401.0,ok,18.0,ok,4.0,ok,,nil_or_na
2016,08,茨城,11,繊維工業,29.0,ok,2409.0,ok,59871.0,ok,22608.0,ok,9323.0,ok,32277.0,ok,56099.0,ok,21.0,ok,7.0,ok,1.0,ok
2016,08,茨城,12,木材・木製品製造業（家具を除く）,24.0,ok,2530.0,ok,129880.0,ok,34999.0,ok,10736.0,ok,89068.0,ok,121221.0,ok,17.0,ok,5.0,ok,2.0,ok
2016,08,茨城,13,家具・装備品製造業,20.0,ok,1692.0,ok,49017.0,ok,19676.0,ok,7285.0,ok,27328.0,ok,49683.0,ok,13.0,ok,7.0,ok,,nil_or_na
2016,08,茨城,14,パルプ・紙・紙加工品製造業,52.0,ok,4739.0,ok,201383.0,ok,51154.0,ok,20679.0,ok,137811.0,ok,189135.0,ok,35.0,ok,16.0,ok,1.0,ok
2016,08,茨城,15,印刷・同関連業,42.0,ok,3847.0,ok,111428.0,ok,40035.0,ok,17918.0,ok,63812.0,ok,109760.0,ok,35.0,ok,6.0,ok,1.0,ok
2016,08,茨城,16,化学工業,94.0,ok,13504.0,ok,1307499.0,ok,493887.0,ok,76583.0,ok,730829.0,ok,1275076.0,ok,55.0,ok,28.0,ok,11.0,ok
2016,08,茨城,17,石油製品・石炭製品製造業,3.0,ok,680.0,ok,,suppressed,,suppressed,,suppressed,,suppressed,,suppressed,,nil_or_na,2.0,ok,1.0,ok
2016,08,茨城,18,プラスチック製品製造業（別掲を除く）,148.0,ok,15538.0,ok,633283.0,ok,216522.0,ok,73296.0,ok,383544.0,ok,556309.0,ok,107.0,ok,33.0,ok,8.0,ok
2016,08,茨城,19,ゴム製品製造業,20.0,ok,2402.0,ok,61574.0,ok,22861.0,ok,10343.0,ok,35250.0,ok,61372.0,ok,13.0,ok,5.0,ok,2.0,ok
2016,08,茨城,20,なめし革・同製品・毛皮製造業,1.0,ok,41.0,ok,,suppressed,,suppressed,,suppressed,,suppressed,,suppressed,1.0,ok,,nil_or_na,,nil_or_na
2016,08,茨城,21,窯業・土石製品製造業,71.0,ok,5711.0,ok,211604.0,ok,82561.0,ok,27835.0,ok,112554.0,ok,205560.0,ok,51.0,ok,20.0,ok,,nil_or_na
2016,08,茨城,22,鉄鋼業,43.0,ok,8460.0,ok,650601.0,ok,83649.0,ok,49148.0,ok,537178.0,ok,640421.0,ok,22.0,ok,18.0,ok,3.0,ok
2016,08,茨城,23,非鉄金属製造業,47.0,ok,8533.0,ok,481732.0,ok,113555.0,ok,53813.0,ok,344428.0,ok,465425.0,ok,25.0,ok,13.0,ok,9.0,ok
2016,08,茨城,24,金属製品製造業,171.0,ok,16797.0,ok,686920.0,ok,225486.0,ok,73480.0,ok,423468.0,ok,606022.0,ok,131.0,ok,28.0,ok,12.0,ok
2016,08,茨城,25,はん用機械器具製造業,47.0,ok,12935.0,ok,644331.0,ok,296745.0,ok,80405.0,ok,308316.0,ok,627578.0,ok,24.0,ok,12.0,ok,11.0,ok
2016,08,茨城,26,生産用機械器具製造業,82.0,ok,16070.0,ok,995395.0,ok,300945.0,ok,85517.0,ok,664091.0,ok,961119.0,ok,52.0,ok,20.0,ok,10.0,ok
2016,08,茨城,27,業務用機械器具製造業,50.0,ok,13534.0,ok,294384.0,ok,85384.0,ok,78662.0,ok,189264.0,ok,275395.0,ok,29.0,ok,14.0,ok,7.0,ok
2016,08,茨城,28,電子部品・デバイス・電子回路製造業,42.0,ok,7931.0,ok,256520.0,ok,131838.0,ok,44164.0,ok,108044.0,ok,257543.0,ok,21.0,ok,16.0,ok,5.0,ok
2016,08,茨城,29,電気機械器具製造業,103.0,ok,19980.0,ok,705080.0,ok,210049.0,ok,117493.0,ok,453595.0,ok,688443.0,ok,67.0,ok,27.0,ok,9.0,ok
2016,08,茨城,30,情報通信機械器具製造業,16.0,ok,2253.0,ok,63018.0,ok,16632.0,ok,10275.0,ok,44666.0,ok,60401.0,ok,11.0,ok,3.0,ok,2.0,ok
2016,08,茨城,31,輸送用機械器具製造業,76.0,ok,16241.0,ok,579502.0,ok,187835.0,ok,92310.0,ok,374035.0,ok,584958.0,ok,50.0,ok,15.0,ok,11.0,ok
2016,08,茨城,32,その他の製造業,27.0,ok,3735.0,ok,174179.0,ok,55841.0,ok,17069.0,ok,112362.0,ok,167559.0,ok,17.0,ok,8.0,ok,2.0,ok
2016,09,栃木,09,食料品製造業,154.0,ok,20960.0,ok,598144.0,ok,235337.0,ok,64088.0,ok,329521.0,ok,586912.0,ok,87.0,ok,51.0,ok,16.0,ok
2016,09,栃木,10,飲料・たばこ・飼料製造業,13.0,ok,1556.0,ok,956648.0,ok,243580.0,ok,7750.0,ok,105190.0,ok,957098.0,ok,8.0,ok,4.0,ok,1.0,ok
2016,09,栃木,11,繊維工業,24.0,ok,1357.0,ok,34705.0,ok,11964.0,ok,4894.0,ok,20440.0,ok,30408.0,ok,19.0,ok,5.0,ok,,nil_or_na
2016,09,栃木,12,木材・木製品製造業（家具を除く）,29.0,ok,1790.0,ok,65681.0,ok,16165.0,ok,6660.0,ok,47185.0,ok,58273.0,ok,25.0,ok,4.0,ok,,nil_or_na
2016,09,栃木,13,家具・装備品製造業,11.0,ok,1012.0,ok,37341.0,ok,9685.0,ok,4424.0,ok,25915.0,ok,37045.0,ok,8.0,ok,3.0,ok,,nil_or_na
2016,09,栃木,14,パルプ・紙・紙加工品製造業,39.0,ok,5052.0,ok,247665.0,ok,100699.0,ok,24239.0,ok,131453.0,ok,228602.0,ok,27.0,ok,10.0,ok,2.0,ok
2016,09,栃木,15,印刷・同関連業,27.0,ok,1818.0,ok,43620.0,ok,15772.0,ok,6941.0,ok,25064.0,ok,42630.0,ok,22.0,ok,5.0,ok,,nil_or_na
2016,09,栃木,16,化学工業,46.0,ok,5900.0,ok,652193.0,ok,233395.0,ok,28282.0,ok,399026.0,ok,659609.0,ok,26.0,ok,15.0,ok,5.0,ok
2016,09,栃木,17,石油製品・石炭製品製造業,3.0,ok,177.0,ok,,suppressed,,suppressed,,suppressed,,suppressed,,suppressed,3.0,ok,,nil_or_na,,nil_or_na
2016,09,栃木,18,プラスチック製品製造業（別掲を除く）,128.0,ok,14340.0,ok,456593.0,ok,162513.0,ok,62536.0,ok,260518.0,ok,446305.0,ok,87.0,ok,30.0,ok,11.0,ok
2016,09,栃木,19,ゴム製品製造業,28.0,ok,4274.0,ok,127839.0,ok,61458.0,ok,21454.0,ok,55459.0,ok,123639.0,ok,17.0,ok,9.0,ok,2.0,ok
2016,09,栃木,20,なめし革・同製品・毛皮製造業,2.0,ok,105.0,ok,,suppressed,,suppressed,,suppressed,,suppressed,,suppressed,2.0,ok,,nil_or_na,,nil_or_na
2016,09,栃木,21,窯業・土石製品製造業,41.0,ok,3045.0,ok,96624.0,ok,37618.0,ok,13282.0,ok,49309.0,ok,88549.0,ok,33.0,ok,7.0,ok,1.0,ok
2016,09,栃木,22,鉄鋼業,28.0,ok,2828.0,ok,178813.0,ok,42477.0,ok,14982.0,ok,120389.0,ok,170214.0,ok,20.0,ok,8.0,ok,,nil_or_na
2016,09,栃木,23,非鉄金属製造業,28.0,ok,6491.0,ok,379088.0,ok,60296.0,ok,35895.0,ok,304685.0,ok,371327.0,ok,10.0,ok,11.0,ok,7.0,ok
2016,09,栃木,24,金属製品製造業,111.0,ok,9215.0,ok,367432.0,ok,120681.0,ok,42394.0,ok,224949.0,ok,347242.0,ok,84.0,ok,24.0,ok,3.0,ok
2016,09,栃木,25,はん用機械器具製造業,41.0,ok,5871.0,ok,282565.0,ok,79340.0,ok,30966.0,ok,198242.0,ok,273741.0,ok,25.0,ok,14.0,ok,2.0,ok
2016,09,栃木,26,生産用機械器具製造業,64.0,ok,12350.0,ok,515768.0,ok,175492.0,ok,86284.0,ok,322970.0,ok,454918.0,ok,44.0,ok,11.0,ok,9.0,ok
2016,09,栃木,27,業務用機械器具製造業,59.0,ok,9797.0,ok,283309.0,ok,115157.0,ok,48643.0,ok,148950.0,ok,275726.0,ok,39.0,ok,14.0,ok,6.0,ok
2016,09,栃木,28,電子部品・デバイス・電子回路製造業,48.0,ok,6087.0,ok,244859.0,ok,101302.0,ok,32952.0,ok,136368.0,ok,229974.0,ok,28.0,ok,16.0,ok,4.0,ok
2016,09,栃木,29,電気機械器具製造業,56.0,ok,12637.0,ok,857270.0,ok,379163.0,ok,67283.0,ok,455685.0,ok,851059.0,ok,34.0,ok,14.0,ok,8.0,ok
2016,09,栃木,30,情報通信機械器具製造業,25.0,ok,4442.0,ok,260442.0,ok,69091.0,ok,23445.0,ok,181724.0,ok,258443.0,ok,15.0,ok,7.0,ok,3.0,ok
2016,09,栃木,31,輸送用機械器具製造業,133.0,ok,30510.0,ok,1590358.0,ok,384284.0,ok,159665.0,ok,1176039.0,ok,1569205.0,ok,78.0,ok,32.0,ok,23.0,ok
2016,09,栃木,32,その他の製造業,18.0,ok,2010.0,ok,53002.0,ok,23701.0,ok,7703.0,ok,25626.0,ok,52911.0,ok,12.0,ok,5.0,ok,1.0,ok
2016,10,群馬,09,食料品製造業,176.0,ok,23038.0,ok,738585.0,ok,243967.0,ok,72918.0,ok,453722.0,ok,693904.0,ok,99.0,ok,63.0,ok,14.0,ok
2016,10,群馬,10,飲料・たばこ・飼料製造業,15.0,ok,1845.0,ok,321762.0,ok,110763.0,ok,10514.0,ok,148191.0,ok,313931.0,ok,8.0,ok,6.0,ok,1.0,ok
2016,10,群馬,11,繊維工業,22.0,ok,1373.0,ok,18176.0,ok,7447.0,ok,4299.0,ok,9784.0,ok,17761.0,ok,19.0,ok,3.0,ok,,nil_or_na
2016,10,群馬,12,木材・木製品製造業（家具を除く）,12.0,ok,924.0,ok,,suppressed,,suppressed,,suppressed,,suppressed,,suppressed,9.0,ok,3.0,ok,,nil_or_na
2016,10,群馬,13,家具・装備品製造業,14.0,ok,1365.0,ok,34369.0,ok,11598.0,ok,5488.0,ok,21086.0,ok,31162.0,ok,10.0,ok,3.0,ok,1.0,ok
2016,10,群馬,14,パルプ・紙・紙加工品製造業,20.0,ok,1419.0,ok,65320.0,ok,20507.0,ok,6062.0,ok,40899.0,ok,59514.0,ok,16.0,ok,4.0,ok,,nil_or_na
2016,10,群馬,15,印刷・同関連業,27.0,ok,2392.0,ok,89055.0,ok,30950.0,ok,10934.0,ok,54079.0,ok,88819.0,ok,20.0,ok,6.0,ok,1.0,ok
2016,10,群馬,16,化学工業,51.0,ok,8119.0,ok,548213.0,ok,264726.0,ok,43199.0,ok,234155.0,ok,527538.0,ok,26.0,ok,17.0,ok,8.0,ok
2016,10,群馬,17,石油製品・石炭製品製造業,,nil_or_na,,nil_or_na,,nil_or_na,,nil_or_na,,nil_or_na,,nil_or_na,,nil_or_na,,nil_or_na,,nil_or_na,,nil_or_na
2016,10,群馬,18,プラスチック製品製造業（別掲を除く）,130.0,ok,14445.0,ok,435989.0,ok,153382.0,ok,60623.0,ok,250576.0,ok,409974.0,ok,89.0,ok,33.0,ok,8.0,ok
2016,10,群馬,19,ゴム製品製造業,14.0,ok,1886.0,ok,38690.0,ok,23502.0,ok,8262.0,ok,12706.0,ok,38323.0,ok,10.0,ok,2.0,ok,2.0,ok
2016,10,群馬,20,なめし革・同製品・毛皮製造業,1.0,ok,49.0,ok,,suppressed,,suppressed,,suppressed,,suppressed,,suppressed,1.0,ok,,nil_or_na,,nil_or_na
2016,10,群馬,21,窯業・土石製品製造業,25.0,ok,1536.0,ok,52770.0,ok,20123.0,ok,6697.0,ok,29151.0,ok,48277.0,ok,20.0,ok,5.0,ok,,nil_or_na
2016,10,群馬,22,鉄鋼業,30.0,ok,3163.0,ok,198649.0,ok,40664.0,ok,17110.0,ok,145533.0,ok,181713.0,ok,23.0,ok,4.0,ok,3.0,ok
2016,10,群馬,23,非鉄金属製造業,24.0,ok,2518.0,ok,113198.0,ok,27181.0,ok,10386.0,ok,76043.0,ok,107705.0,ok,16.0,ok,8.0,ok,,nil_or_na
2016,10,群馬,24,金属製品製造業,146.0,ok,11371.0,ok,311590.0,ok,122752.0,ok,49249.0,ok,165704.0,ok,283299.0,ok,118.0,ok,24.0,ok,4.0,ok
2016,10,群馬,25,はん用機械器具製造業,46.0,ok,6811.0,ok,204911.0,ok,77891.0,ok,29818.0,ok,116219.0,ok,164284.0,ok,28.0,ok,14.0,ok,4.0,ok
2016,10,群馬,26,生産用機械器具製造業,79.0,ok,6592.0,ok,185161.0,ok,76961.0,ok,29691.0,ok,96189.0,ok,180638.0,ok,62.0,ok,15.0,ok,2.0,ok
2016,10,群馬,27,業務用機械器具製造業,43.0,ok,5040.0,ok,344733.0,ok,165620.0,ok,27964.0,ok,156917.0,ok,314258.0,ok,30.0,ok,10.0,ok,3.0,ok
2016,10,群馬,28,電子部品・デバイス・電子回路製造業,39.0,ok,6292.0,ok,181697.0,ok,64519.0,ok,30728.0,ok,106369.0,ok,168737.0,ok,23.0,ok,12.0,ok,4.0,ok
2016,10,群馬,29,電気機械器具製造業,75.0,ok,10274.0,ok,331285.0,ok,120243.0,ok,47713.0,ok,201879.0,ok,329056.0,ok,50.0,ok,15.0,ok,10.0,ok
2016,10,群馬,30,情報通信機械器具製造業,18.0,ok,2358.0,ok,100501.0,ok,29307.0,ok,8606.0,ok,64644.0,ok,98103.0,ok,10.0,ok,5.0,ok,3.0,ok
2016,10,群馬,31,輸送用機械器具製造業,182.0,ok,46715.0,ok,3521947.0,ok,1034145.0,ok,249447.0,ok,2445803.0,ok,3481471.0,ok,106.0,ok,46.0,ok,30.0,ok
2016,10,群馬,32,その他の製造業,24.0,ok,1962.0,ok,64385.0,ok,29416.0,ok,8858.0,ok,32189.0,ok,64435.0,ok,21.0,ok,2.0,ok,1.0,ok
2016,11,埼玉,09,食料品製造業,370.0,ok,60225.0,ok,1617061.0,ok,587359.0,ok,178544.0,ok,943295.0,ok,1534239.0,ok,202.0,ok,111.0,ok,57.0,ok
2016,11,埼玉,10,飲料・たばこ・飼料製造業,22.0,ok,2069.0,ok,182871.0,ok,52031.0,ok,8679.0,ok,116716.0,ok,177158.0,ok,13.0,ok,9.0,ok,,nil_or_na
2016,11,埼玉,11,繊維工業,42.0,ok,2897.0,ok,60112.0,ok,20101.0,ok,9353.0,ok,37954.0,ok,48816.0,ok,36.0,ok,5.0,ok,1.0,ok
2016,11,埼玉,12,木材・木製品製造業（家具を除く）,15.0,ok,727.0,ok,37297.0,ok,11874.0,ok,2949.0,ok,23974.0,ok,35159.0,ok,14.0,ok,1.0,ok,,nil_or_na
2016,11,埼玉,13,家具・装備品製造業,27.0,ok,2095.0,ok,98028.0,ok,28418.0,ok,7908.0,ok,65554.0,ok,55158.0,ok,22.0,ok,3.0,ok,2.0,ok
2016,11,埼玉,14,パルプ・紙・紙加工品製造業,127.0,ok,9040.0,ok,379181.0,ok,127740.0,ok,38588.0,ok,229381.0,ok,359330.0,ok,104.0,ok,22.0,ok,1.0,ok
2016,11,埼玉,15,印刷・同関連業,222.0,ok,25538.0,ok,631157.0,ok,271105.0,ok,120707.0,ok,319133.0,ok,621927.0,ok,155.0,ok,56.0,ok,11.0,ok
2016,11,埼玉,16,化学工業,142.0,ok,19202.0,ok,1446061.0,ok,568118.0,ok,95079.0,ok,804055.0,ok,1384944.0,ok,88.0,ok,37.0,ok,17.0,ok
2016,11,埼玉,17,石油製品・石炭製品製造業,2.0,ok,70.0,ok,,suppressed,,suppressed,,suppressed,,suppressed,,suppressed,2.0,ok,,nil_or_na,,nil_or_na
2016,11,埼玉,18,プラスチック製品製造業（別掲を除く）,185.0,ok,15948.0,ok,500133.0,ok,179909.0,ok,70032.0,ok,287799.0,ok,478102.0,ok,141.0,ok,37.0,ok,7.0,ok
2016,11,埼玉,19,ゴム製品製造業,41.0,ok,3937.0,ok,89097.0,ok,35302.0,ok,17633.0,ok,48106.0,ok,80680.0,ok,29.0,ok,10.0,ok,2.0,ok
2016,11,埼玉,20,なめし革・同製品・毛皮製造業,7.0,ok,429.0,ok,,suppressed,,suppressed,,suppressed,,suppressed,,suppressed,5.0,ok,2.0,ok,,nil_or_na
2016,11,埼玉,21,窯業・土石製品製造業,54.0,ok,3735.0,ok,148750.0,ok,55677.0,ok,18681.0,ok,81621.0,ok,123792.0,ok,41.0,ok,12.0,ok,1.0,ok
2016,11,埼玉,22,鉄鋼業,44.0,ok,3267.0,ok,198950.0,ok,53545.0,ok,16922.0,ok,134629.0,ok,172028.0,ok,36.0,ok,7.0,ok,1.0,ok
2016,11,埼玉,23,非鉄金属製造業,70.0,ok,7748.0,ok,471953.0,ok,101750.0,ok,39689.0,ok,353398.0,ok,461841.0,ok,49.0,ok,14.0,ok,7.0,ok
2016,11,埼玉,24,金属製品製造業,220.0,ok,15255.0,ok,423110.0,ok,160069.0,ok,68294.0,ok,232535.0,ok,406924.0,ok,181.0,ok,38.0,ok,1.0,ok
2016,11,埼玉,25,はん用機械器具製造業,72.0,ok,9938.0,ok,353468.0,ok,143494.0,ok,52051.0,ok,196454.0,ok,315604.0,ok,45.0,ok,20.0,ok,7.0,ok
2016,11,埼玉,26,生産用機械器具製造業,136.0,ok,11614.0,ok,314296.0,ok,101382.0,ok,64062.0,ok,191785.0,ok,288422.0,ok,113.0,ok,19.0,ok,4.0,ok
2016,11,埼玉,27,業務用機械器具製造業,83.0,ok,9608.0,ok,462697.0,ok,205463.0,ok,44542.0,ok,233301.0,ok,449043.0,ok,58.0,ok,19.0,ok,6.0,ok
2016,11,埼玉,28,電子部品・デバイス・電子回路製造業,68.0,ok,10953.0,ok,366883.0,ok,137393.0,ok,54761.0,ok,213932.0,ok,358181.0,ok,46.0,ok,14.0,ok,8.0,ok
2016,11,埼玉,29,電気機械器具製造業,121.0,ok,13317.0,ok,372458.0,ok,144666.0,ok,62793.0,ok,211103.0,ok,360683.0,ok,94.0,ok,17.0,ok,10.0,ok
2016,11,埼玉,30,情報通信機械器具製造業,36.0,ok,7107.0,ok,265126.0,ok,67715.0,ok,42357.0,ok,192140.0,ok,264179.0,ok,26.0,ok,5.0,ok,5.0,ok
2016,11,埼玉,31,輸送用機械器具製造業,197.0,ok,39929.0,ok,2210529.0,ok,487744.0,ok,213285.0,ok,1632616.0,ok,2139715.0,ok,105.0,ok,65.0,ok,27.0,ok
2016,11,埼玉,32,その他の製造業,89.0,ok,7764.0,ok,197248.0,ok,62993.0,ok,32955.0,ok,124639.0,ok,179459.0,ok,69.0,ok,16.0,ok,4.0,ok
2016,12,千葉,09,食料品製造業,281.0,ok,42587.0,ok,1365054.0,ok,402594.0,ok,142919.0,ok,893435.0,ok,1320318.0,ok,168.0,ok,80.0,ok,33.0,ok
2016,12,千葉,10,飲料・たばこ・飼料製造業,23.0,ok,3085.0,ok,395081.0,ok,159832.0,ok,15014.0,ok,118220.0,ok,393494.0,ok,13.0,ok,8.0,ok,2.0,ok
2016,12,千葉,11,繊維工業,11.0,ok,951.0,ok,11125.0,ok,6439.0,ok,3015.0,ok,3393.0,ok,10393.0,ok,8.0,ok,2.0,ok,1.0,ok
2016,12,千葉,12,木材・木製品製造業（家具を除く）,19.0,ok,1170.0,ok,48623.0,ok,10596.0,ok,4621.0,ok,36276.0,ok,44059.0,ok,17.0,ok,2.0,ok,,nil_or_na
2016,12,千葉,13,家具・装備品製造業,11.0,ok,1544.0,ok,89054.0,ok,35430.0,ok,7386.0,ok,47196.0,ok,72447.0,ok,5.0,ok,5.0,ok,1.0,ok
2016,12,千葉,14,パルプ・紙・紙加工品製造業,39.0,ok,3281.0,ok,98823.0,ok,34671.0,ok,12911.0,ok,57895.0,ok,94019.0,ok,32.0,ok,5.0,ok,2.0,ok
2016,12,千葉,15,印刷・同関連業,44.0,ok,3423.0,ok,75581.0,ok,34318.0,ok,13589.0,ok,35882.0,ok,74512.0,ok,34.0,ok,10.0,ok,,nil_or_na
2016,12,千葉,16,化学工業,136.0,ok,19688.0,ok,2056216.0,ok,734335.0,ok,118771.0,ok,1194170.0,ok,1963824.0,ok,78.0,ok,44.0,ok,14.0,ok
2016,12,千葉,17,石油製品・石炭製品製造業,10.0,ok,2234.0,ok,2201271.0,ok,53806.0,ok,16329.0,ok,1600793.0,ok,2107537.0,ok,5.0,ok,1.0,ok,4.0,ok
2016,12,千葉,18,プラスチック製品製造業（別掲を除く）,83.0,ok,6941.0,ok,242698.0,ok,81871.0,ok,30095.0,ok,144120.0,ok,232449.0,ok,60.0,ok,22.0,ok,1.0,ok
2016,12,千葉,19,ゴム製品製造業,17.0,ok,1268.0,ok,21120.0,ok,10234.0,ok,6069.0,ok,9058.0,ok,20588.0,ok,14.0,ok,3.0,ok,,nil_or_na
2016,12,千葉,20,なめし革・同製品・毛皮製造業,5.0,ok,330.0,ok,7140.0,ok,1481.0,ok,1021.0,ok,5416.0,ok,6878.0,ok,4.0,ok,1.0,ok,,nil_or_na
2016,12,千葉,21,窯業・土石製品製造業,51.0,ok,5363.0,ok,207589.0,ok,94608.0,ok,26851.0,ok,97311.0,ok,186635.0,ok,36.0,ok,12.0,ok,3.0,ok
2016,12,千葉,22,鉄鋼業,80.0,ok,14350.0,ok,1388778.0,ok,203793.0,ok,96748.0,ok,1077610.0,ok,1327623.0,ok,57.0,ok,17.0,ok,6.0,ok
2016,12,千葉,23,非鉄金属製造業,22.0,ok,3458.0,ok,131434.0,ok,45442.0,ok,21757.0,ok,74974.0,ok,98592.0,ok,13.0,ok,8.0,ok,1.0,ok
2016,12,千葉,24,金属製品製造業,156.0,ok,12193.0,ok,437594.0,ok,168233.0,ok,62287.0,ok,244324.0,ok,413686.0,ok,122.0,ok,30.0,ok,4.0,ok
2016,12,千葉,25,はん用機械器具製造業,42.0,ok,4677.0,ok,199259.0,ok,84217.0,ok,24513.0,ok,107554.0,ok,171509.0,ok,27.0,ok,11.0,ok,4.0,ok
2016,12,千葉,26,生産用機械器具製造業,83.0,ok,9576.0,ok,421899.0,ok,131720.0,ok,53123.0,ok,279566.0,ok,379929.0,ok,52.0,ok,26.0,ok,5.0,ok
2016,12,千葉,27,業務用機械器具製造業,24.0,ok,2114.0,ok,111943.0,ok,42889.0,ok,9937.0,ok,60907.0,ok,99028.0,ok,17.0,ok,7.0,ok,,nil_or_na
2016,12,千葉,28,電子部品・デバイス・電子回路製造業,28.0,ok,6225.0,ok,219598.0,ok,42707.0,ok,39038.0,ok,135999.0,ok,221451.0,ok,15.0,ok,8.0,ok,5.0,ok
2016,12,千葉,29,電気機械器具製造業,47.0,ok,6303.0,ok,176385.0,ok,49226.0,ok,33561.0,ok,121175.0,ok,171124.0,ok,29.0,ok,13.0,ok,5.0,ok
2016,12,千葉,30,情報通信機械器具製造業,9.0,ok,2148.0,ok,184374.0,ok,17646.0,ok,16051.0,ok,161600.0,ok,100288.0,ok,4.0,ok,3.0,ok,2.0,ok
2016,12,千葉,31,輸送用機械器具製造業,35.0,ok,3617.0,ok,101701.0,ok,37821.0,ok,16432.0,ok,60478.0,ok,98673.0,ok,25.0,ok,9.0,ok,1.0,ok
2016,12,千葉,32,その他の製造業,27.0,ok,2340.0,ok,106828.0,ok,43564.0,ok,9127.0,ok,59020.0,ok,105563.0,ok,21.0,ok,5.0,ok,1.0,ok
2016,13,東京,09,食料品製造業,173.0,ok,22981.0,ok,610150.0,ok,214820.0,ok,75159.0,ok,364067.0,ok,562417.0,ok,110.0,ok,42.0,ok,21.0,ok
2016,13,東京,10,飲料・たばこ・飼料製造業,7.0,ok,717.0,ok,104002.0,ok,20684.0,ok,3795.0,ok,53429.0,ok,103595.0,ok,4.0,ok,3.0,ok,,nil_or_na
2016,13,東京,11,繊維工業,16.0,ok,948.0,ok,10835.0,ok,4372.0,ok,2754.0,ok,6026.0,ok,10722.0,ok,14.0,ok,2.0,ok,,nil_or_na
2016,13,東京,12,木材・木製品製造業（家具を除く）,1.0,ok,51.0,ok,,suppressed,,suppressed,,suppressed,,suppressed,,suppressed,1.0,ok,,nil_or_na,,nil_or_na
2016,13,東京,13,家具・装備品製造業,15.0,ok,1687.0,ok,83768.0,ok,30495.0,ok,9552.0,ok,58067.0,ok,82619.0,ok,13.0,ok,1.0,ok,1.0,ok
2016,13,東京,14,パルプ・紙・紙加工品製造業,34.0,ok,2154.0,ok,78709.0,ok,19579.0,ok,10405.0,ok,55339.0,ok,58356.0,ok,29.0,ok,5.0,ok,,nil_or_na
2016,13,東京,15,印刷・同関連業,276.0,ok,25903.0,ok,536741.0,ok,251500.0,ok,135036.0,ok,242920.0,ok,524030.0,ok,223.0,ok,43.0,ok,10.0,ok
2016,13,東京,16,化学工業,59.0,ok,8757.0,ok,315952.0,ok,146833.0,ok,51033.0,ok,147797.0,ok,287285.0,ok,41.0,ok,12.0,ok,6.0,ok
2016,13,東京,17,石油製品・石炭製品製造業,2.0,ok,98.0,ok,,suppressed,,suppressed,,suppressed,,suppressed,,suppressed,2.0,ok,,nil_or_na,,nil_or_na
2016,13,東京,18,プラスチック製品製造業（別掲を除く）,39.0,ok,1982.0,ok,37340.0,ok,17072.0,ok,8358.0,ok,18069.0,ok,31644.0,ok,37.0,ok,2.0,ok,,nil_or_na
2016,13,東京,19,ゴム製品製造業,11.0,ok,742.0,ok,16359.0,ok,6800.0,ok,4713.0,ok,8518.0,ok,16472.0,ok,10.0,ok,1.0,ok,,nil_or_na
2016,13,東京,20,なめし革・同製品・毛皮製造業,21.0,ok,1111.0,ok,28955.0,ok,11616.0,ok,4267.0,ok,16056.0,ok,23800.0,ok,19.0,ok,2.0,ok,,nil_or_na
2016,13,東京,21,窯業・土石製品製造業,23.0,ok,1623.0,ok,65914.0,ok,31721.0,ok,9361.0,ok,31064.0,ok,59503.0,ok,19.0,ok,4.0,ok,,nil_or_na
2016,13,東京,22,鉄鋼業,16.0,ok,1627.0,ok,97395.0,ok,20176.0,ok,8472.0,ok,71125.0,ok,95659.0,ok,10.0,ok,5.0,ok,1.0,ok
2016,13,東京,23,非鉄金属製造業,17.0,ok,1416.0,ok,46857.0,ok,14253.0,ok,6422.0,ok,30911.0,ok,45212.0,ok,13.0,ok,3.0,ok,1.0,ok
2016,13,東京,24,金属製品製造業,85.0,ok,4993.0,ok,94891.0,ok,43878.0,ok,22655.0,ok,44980.0,ok,91916.0,ok,77.0,ok,7.0,ok,1.0,ok
2016,13,東京,25,はん用機械器具製造業,48.0,ok,4293.0,ok,116142.0,ok,45853.0,ok,22174.0,ok,65449.0,ok,108344.0,ok,38.0,ok,7.0,ok,3.0,ok
2016,13,東京,26,生産用機械器具製造業,103.0,ok,7357.0,ok,229457.0,ok,89876.0,ok,39177.0,ok,133975.0,ok,208865.0,ok,87.0,ok,14.0,ok,2.0,ok
2016,13,東京,27,業務用機械器具製造業,90.0,ok,8054.0,ok,222290.0,ok,85500.0,ok,45353.0,ok,133892.0,ok,210554.0,ok,73.0,ok,13.0,ok,4.0,ok
2016,13,東京,28,電子部品・デバイス・電子回路製造業,57.0,ok,7887.0,ok,306409.0,ok,75075.0,ok,45405.0,ok,213129.0,ok,272566.0,ok,39.0,ok,14.0,ok,4.0,ok
2016,13,東京,29,電気機械器具製造業,118.0,ok,18930.0,ok,715950.0,ok,266082.0,ok,116651.0,ok,404524.0,ok,587020.0,ok,90.0,ok,19.0,ok,9.0,ok
2016,13,東京,30,情報通信機械器具製造業,31.0,ok,6999.0,ok,556550.0,ok,249511.0,ok,50639.0,ok,306512.0,ok,504472.0,ok,20.0,ok,8.0,ok,3.0,ok
2016,13,東京,31,輸送用機械器具製造業,59.0,ok,19482.0,ok,1756390.0,ok,869588.0,ok,120064.0,ok,813958.0,ok,1760561.0,ok,39.0,ok,16.0,ok,4.0,ok
2016,13,東京,32,その他の製造業,46.0,ok,3948.0,ok,123222.0,ok,45026.0,ok,20120.0,ok,72443.0,ok,98055.0,ok,37.0,ok,8.0,ok,1.0,ok
2016,14,神奈川,09,食料品製造業,247.0,ok,44362.0,ok,1397426.0,ok,502814.0,ok,138276.0,ok,824880.0,ok,1328544.0,ok,122.0,ok,82.0,ok,43.0,ok
2016,14,神奈川,10,飲料・たばこ・飼料製造業,20.0,ok,2425.0,ok,379554.0,ok,116652.0,ok,11963.0,ok,159776.0,ok,370315.0,ok,10.0,ok,10.0,ok,,nil_or_na
2016,14,神奈川,11,繊維工業,15.0,ok,1319.0,ok,25921.0,ok,11072.0,ok,5668.0,ok,12995.0,ok,22579.0,ok,10.0,ok,5.0,ok,,nil_or_na
2016,14,神奈川,12,木材・木製品製造業（家具を除く）,6.0,ok,297.0,ok,,suppressed,,suppressed,,suppressed,,suppressed,,suppressed,6.0,ok,,nil_or_na,,nil_or_na
2016,14,神奈川,13,家具・装備品製造業,15.0,ok,1637.0,ok,56384.0,ok,21402.0,ok,7193.0,ok,32491.0,ok,53392.0,ok,10.0,ok,4.0,ok,1.0,ok
2016,14,神奈川,14,パルプ・紙・紙加工品製造業,57.0,ok,5271.0,ok,189546.0,ok,57444.0,ok,23025.0,ok,122079.0,ok,169335.0,ok,41.0,ok,14.0,ok,2.0,ok
2016,14,神奈川,15,印刷・同関連業,68.0,ok,6012.0,ok,128428.0,ok,61076.0,ok,29159.0,ok,55836.0,ok,125523.0,ok,56.0,ok,10.0,ok,2.0,ok
2016,14,神奈川,16,化学工業,127.0,ok,19905.0,ok,1785321.0,ok,750486.0,ok,119834.0,ok,926826.0,ok,1766507.0,ok,67.0,ok,49.0,ok,11.0,ok
2016,14,神奈川,17,石油製品・石炭製品製造業,14.0,ok,2403.0,ok,1752593.0,ok,165725.0,ok,18876.0,ok,1055680.0,ok,1740662.0,ok,10.0,ok,1.0,ok,3.0,ok
2016,14,神奈川,18,プラスチック製品製造業（別掲を除く）,109.0,ok,9101.0,ok,285387.0,ok,113677.0,ok,42778.0,ok,154852.0,ok,276471.0,ok,88.0,ok,16.0,ok,5.0,ok
2016,14,神奈川,19,ゴム製品製造業,13.0,ok,2765.0,ok,62816.0,ok,18078.0,ok,17594.0,ok,39065.0,ok,45445.0,ok,7.0,ok,5.0,ok,1.0,ok
2016,14,神奈川,20,なめし革・同製品・毛皮製造業,2.0,ok,81.0,ok,,suppressed,,suppressed,,suppressed,,suppressed,,suppressed,2.0,ok,,nil_or_na,,nil_or_na
2016,14,神奈川,21,窯業・土石製品製造業,43.0,ok,5210.0,ok,179151.0,ok,64917.0,ok,33990.0,ok,97130.0,ok,169197.0,ok,31.0,ok,7.0,ok,5.0,ok
2016,14,神奈川,22,鉄鋼業,39.0,ok,6735.0,ok,497731.0,ok,38945.0,ok,44147.0,ok,433843.0,ok,484187.0,ok,25.0,ok,10.0,ok,4.0,ok
2016,14,神奈川,23,非鉄金属製造業,38.0,ok,4803.0,ok,282517.0,ok,61154.0,ok,24749.0,ok,206896.0,ok,271936.0,ok,23.0,ok,10.0,ok,5.0,ok
2016,14,神奈川,24,金属製品製造業,164.0,ok,13646.0,ok,401164.0,ok,170015.0,ok,68343.0,ok,201934.0,ok,379973.0,ok,135.0,ok,22.0,ok,7.0,ok
2016,14,神奈川,25,はん用機械器具製造業,100.0,ok,19765.0,ok,780474.0,ok,253169.0,ok,126733.0,ok,504341.0,ok,675802.0,ok,60.0,ok,27.0,ok,13.0,ok
2016,14,神奈川,26,生産用機械器具製造業,176.0,ok,21534.0,ok,879485.0,ok,295052.0,ok,128099.0,ok,578037.0,ok,813408.0,ok,121.0,ok,42.0,ok,13.0,ok
2016,14,神奈川,27,業務用機械器具製造業,87.0,ok,12754.0,ok,562750.0,ok,175720.0,ok,78422.0,ok,358365.0,ok,517629.0,ok,58.0,ok,22.0,ok,7.0,ok
2016,14,神奈川,28,電子部品・デバイス・電子回路製造業,87.0,ok,10142.0,ok,381765.0,ok,177491.0,ok,56585.0,ok,178162.0,ok,365932.0,ok,64.0,ok,14.0,ok,9.0,ok
2016,14,神奈川,29,電気機械器具製造業,122.0,ok,17769.0,ok,503805.0,ok,149910.0,ok,95051.0,ok,315513.0,ok,473735.0,ok,76.0,ok,36.0,ok,10.0,ok
2016,14,神奈川,30,情報通信機械器具製造業,56.0,ok,11676.0,ok,556855.0,ok,168033.0,ok,84747.0,ok,366235.0,ok,552214.0,ok,29.0,ok,18.0,ok,9.0,ok
2016,14,神奈川,31,輸送用機械器具製造業,202.0,ok,57499.0,ok,3794967.0,ok,919941.0,ok,322771.0,ok,2772219.0,ok,3719053.0,ok,123.0,ok,45.0,ok,34.0,ok
2016,14,神奈川,32,その他の製造業,41.0,ok,3605.0,ok,76965.0,ok,27237.0,ok,16816.0,ok,44811.0,ok,74609.0,ok,30.0,ok,10.0,ok,1.0,ok
2016,15,新潟,09,食料品製造業,196.0,ok,27822.0,ok,665617.0,ok,289036.0,ok,85543.0,ok,335969.0,ok,650307.0,ok,118.0,ok,54.0,ok,24.0,ok
2016,15,新潟,10,飲料・たばこ・飼料製造業,21.0,ok,1427.0,ok,46572.0,ok,18762.0,ok,7211.0,ok,18912.0,ok,45834.0,ok,17.0,ok,4.0,ok,,nil_or_na
2016,15,新潟,11,繊維工業,83.0,ok,5268.0,ok,45107.0,ok,19264.0,ok,12590.0,ok,22394.0,ok,43479.0,ok,74.0,ok,9.0,ok,,nil_or_na
2016,15,新潟,12,木材・木製品製造業（家具を除く）,11.0,ok,833.0,ok,28968.0,ok,8669.0,ok,3250.0,ok,18918.0,ok,24908.0,ok,8.0,ok,3.0,ok,,nil_or_na
2016,15,新潟,13,家具・装備品製造業,17.0,ok,1598.0,ok,25346.0,ok,9764.0,ok,5860.0,ok,14173.0,ok,24487.0,ok,13.0,ok,3.0,ok,1.0,ok
2016,15,新潟,14,パルプ・紙・紙加工品製造業,33.0,ok,2970.0,ok,201906.0,ok,65014.0,ok,12891.0,ok,119338.0,ok,198277.0,ok,29.0,ok,2.0,ok,2.0,ok
2016,15,新潟,15,印刷・同関連業,50.0,ok,3688.0,ok,65109.0,ok,25201.0,ok,12384.0,ok,35104.0,ok,59890.0,ok,35.0,ok,15.0,ok,,nil_or_na
2016,15,新潟,16,化学工業,29.0,ok,7492.0,ok,539601.0,ok,227550.0,ok,43871.0,ok,279644.0,ok,447706.0,ok,11.0,ok,11.0,ok,7.0,ok
2016,15,新潟,17,石油製品・石炭製品製造業,2.0,ok,68.0,ok,,suppressed,,suppressed,,suppressed,,suppressed,,suppressed,2.0,ok,,nil_or_na,,nil_or_na
2016,15,新潟,18,プラスチック製品製造業（別掲を除く）,64.0,ok,5562.0,ok,149171.0,ok,44510.0,ok,21204.0,ok,98609.0,ok,132440.0,ok,48.0,ok,13.0,ok,3.0,ok
2016,15,新潟,19,ゴム製品製造業,6.0,ok,638.0,ok,10553.0,ok,4312.0,ok,2053.0,ok,5594.0,ok,9836.0,ok,3.0,ok,3.0,ok,,nil_or_na
2016,15,新潟,20,なめし革・同製品・毛皮製造業,2.0,ok,179.0,ok,,suppressed,,suppressed,,suppressed,,suppressed,,suppressed,2.0,ok,,nil_or_na,,nil_or_na
2016,15,新潟,21,窯業・土石製品製造業,28.0,ok,1833.0,ok,47415.0,ok,15007.0,ok,7640.0,ok,29287.0,ok,45323.0,ok,24.0,ok,3.0,ok,1.0,ok
2016,15,新潟,22,鉄鋼業,45.0,ok,4191.0,ok,146865.0,ok,35700.0,ok,18475.0,ok,103404.0,ok,137154.0,ok,35.0,ok,8.0,ok,2.0,ok
2016,15,新潟,23,非鉄金属製造業,15.0,ok,1593.0,ok,59138.0,ok,18323.0,ok,7257.0,ok,37295.0,ok,59090.0,ok,12.0,ok,2.0,ok,1.0,ok
2016,15,新潟,24,金属製品製造業,189.0,ok,14165.0,ok,332434.0,ok,117610.0,ok,57109.0,ok,193029.0,ok,306198.0,ok,149.0,ok,38.0,ok,2.0,ok
2016,15,新潟,25,はん用機械器具製造業,55.0,ok,7295.0,ok,195945.0,ok,78052.0,ok,30524.0,ok,104760.0,ok,190700.0,ok,33.0,ok,17.0,ok,5.0,ok
2016,15,新潟,26,生産用機械器具製造業,135.0,ok,11104.0,ok,265877.0,ok,105003.0,ok,48195.0,ok,146288.0,ok,257794.0,ok,105.0,ok,27.0,ok,3.0,ok
2016,15,新潟,27,業務用機械器具製造業,28.0,ok,3975.0,ok,153801.0,ok,47314.0,ok,20270.0,ok,100944.0,ok,152349.0,ok,18.0,ok,7.0,ok,3.0,ok
2016,15,新潟,28,電子部品・デバイス・電子回路製造業,81.0,ok,15338.0,ok,300253.0,ok,124327.0,ok,67616.0,ok,151904.0,ok,286679.0,ok,48.0,ok,21.0,ok,12.0,ok
2016,15,新潟,29,電気機械器具製造業,71.0,ok,8255.0,ok,284271.0,ok,86320.0,ok,35750.0,ok,185425.0,ok,263032.0,ok,53.0,ok,10.0,ok,8.0,ok
2016,15,新潟,30,情報通信機械器具製造業,14.0,ok,1869.0,ok,118494.0,ok,31891.0,ok,7998.0,ok,81809.0,ok,113076.0,ok,9.0,ok,3.0,ok,2.0,ok
2016,15,新潟,31,輸送用機械器具製造業,69.0,ok,7314.0,ok,201037.0,ok,76541.0,ok,32917.0,ok,111078.0,ok,191916.0,ok,47.0,ok,18.0,ok,4.0,ok
2016,15,新潟,32,その他の製造業,9.0,ok,1003.0,ok,16633.0,ok,11467.0,ok,3987.0,ok,4111.0,ok,16483.0,ok,6.0,ok,2.0,ok,1.0,ok
2016,16,富山,09,食料品製造業,78.0,ok,6204.0,ok,121933.0,ok,37588.0,ok,17935.0,ok,77672.0,ok,113609.0,ok,59.0,ok,18.0,ok,1.0,ok
2016,16,富山,10,飲料・たばこ・飼料製造業,9.0,ok,825.0,ok,59701.0,ok,11447.0,ok,2782.0,ok,43069.0,ok,56349.0,ok,6.0,ok,3.0,ok,,nil_or_na
2016,16,富山,11,繊維工業,44.0,ok,3281.0,ok,61135.0,ok,19404.0,ok,10195.0,ok,38376.0,ok,56812.0,ok,34.0,ok,10.0,ok,,nil_or_na
2016,16,富山,12,木材・木製品製造業（家具を除く）,9.0,ok,571.0,ok,14676.0,ok,4734.0,ok,2329.0,ok,8938.0,ok,13092.0,ok,8.0,ok,1.0,ok,,nil_or_na
2016,16,富山,13,家具・装備品製造業,12.0,ok,890.0,ok,29317.0,ok,9451.0,ok,3729.0,ok,18073.0,ok,28959.0,ok,10.0,ok,2.0,ok,,nil_or_na
2016,16,富山,14,パルプ・紙・紙加工品製造業,24.0,ok,3056.0,ok,143464.0,ok,45263.0,ok,12100.0,ok,85736.0,ok,119944.0,ok,12.0,ok,11.0,ok,1.0,ok
2016,16,富山,15,印刷・同関連業,17.0,ok,1380.0,ok,27375.0,ok,11289.0,ok,5132.0,ok,13878.0,ok,26155.0,ok,13.0,ok,3.0,ok,1.0,ok
2016,16,富山,16,化学工業,75.0,ok,14088.0,ok,697078.0,ok,274127.0,ok,73093.0,ok,371976.0,ok,601538.0,ok,30.0,ok,28.0,ok,17.0,ok
2016,16,富山,17,石油製品・石炭製品製造業,,nil_or_na,,nil_or_na,,nil_or_na,,nil_or_na,,nil_or_na,,nil_or_na,,nil_or_na,,nil_or_na,,nil_or_na,,nil_or_na
2016,16,富山,18,プラスチック製品製造業（別掲を除く）,71.0,ok,6810.0,ok,156377.0,ok,56512.0,ok,27187.0,ok,91116.0,ok,143578.0,ok,51.0,ok,15.0,ok,5.0,ok
2016,16,富山,19,ゴム製品製造業,5.0,ok,903.0,ok,13465.0,ok,6871.0,ok,3708.0,ok,5740.0,ok,12567.0,ok,2.0,ok,2.0,ok,1.0,ok
2016,16,富山,20,なめし革・同製品・毛皮製造業,2.0,ok,146.0,ok,,suppressed,,suppressed,,suppressed,,suppressed,,suppressed,1.0,ok,1.0,ok,,nil_or_na
2016,16,富山,21,窯業・土石製品製造業,24.0,ok,1750.0,ok,39356.0,ok,17043.0,ok,7100.0,ok,17956.0,ok,34667.0,ok,19.0,ok,5.0,ok,,nil_or_na
2016,16,富山,22,鉄鋼業,23.0,ok,3786.0,ok,141489.0,ok,36895.0,ok,21147.0,ok,94301.0,ok,131500.0,ok,13.0,ok,8.0,ok,2.0,ok
2016,16,富山,23,非鉄金属製造業,24.0,ok,5734.0,ok,340171.0,ok,61374.0,ok,29489.0,ok,264533.0,ok,305466.0,ok,11.0,ok,9.0,ok,4.0,ok
2016,16,富山,24,金属製品製造業,131.0,ok,14881.0,ok,336864.0,ok,116383.0,ok,66070.0,ok,201233.0,ok,325935.0,ok,94.0,ok,30.0,ok,7.0,ok
2016,16,富山,25,はん用機械器具製造業,25.0,ok,2152.0,ok,55620.0,ok,17762.0,ok,9243.0,ok,34022.0,ok,55066.0,ok,18.0,ok,7.0,ok,,nil_or_na
2016,16,富山,26,生産用機械器具製造業,89.0,ok,11406.0,ok,396502.0,ok,123317.0,ok,56509.0,ok,278552.0,ok,403104.0,ok,67.0,ok,17.0,ok,5.0,ok
2016,16,富山,27,業務用機械器具製造業,7.0,ok,812.0,ok,,suppressed,,suppressed,,suppressed,,suppressed,,suppressed,3.0,ok,4.0,ok,,nil_or_na
2016,16,富山,28,電子部品・デバイス・電子回路製造業,46.0,ok,9050.0,ok,272996.0,ok,125550.0,ok,46537.0,ok,127542.0,ok,271631.0,ok,25.0,ok,16.0,ok,5.0,ok
2016,16,富山,29,電気機械器具製造業,18.0,ok,1691.0,ok,30988.0,ok,12086.0,ok,6313.0,ok,17633.0,ok,30996.0,ok,13.0,ok,4.0,ok,1.0,ok
2016,16,富山,30,情報通信機械器具製造業,5.0,ok,373.0,ok,6092.0,ok,2609.0,ok,1337.0,ok,3113.0,ok,6024.0,ok,5.0,ok,,nil_or_na,,nil_or_na
2016,16,富山,31,輸送用機械器具製造業,33.0,ok,5225.0,ok,152080.0,ok,54114.0,ok,25410.0,ok,86975.0,ok,149351.0,ok,20.0,ok,7.0,ok,6.0,ok
2016,16,富山,32,その他の製造業,12.0,ok,5092.0,ok,135293.0,ok,50544.0,ok,25552.0,ok,71129.0,ok,130779.0,ok,8.0,ok,3.0,ok,1.0,ok
2016,17,石川,09,食料品製造業,88.0,ok,8911.0,ok,148107.0,ok,55922.0,ok,23458.0,ok,84573.0,ok,140265.0,ok,60.0,ok,25.0,ok,3.0,ok
2016,17,石川,10,飲料・たばこ・飼料製造業,4.0,ok,248.0,ok,5329.0,ok,2706.0,ok,988.0,ok,1719.0,ok,5385.0,ok,3.0,ok,1.0,ok,,nil_or_na
2016,17,石川,11,繊維工業,77.0,ok,6262.0,ok,142608.0,ok,54289.0,ok,23666.0,ok,77887.0,ok,137669.0,ok,63.0,ok,12.0,ok,2.0,ok
2016,17,石川,12,木材・木製品製造業（家具を除く）,4.0,ok,321.0,ok,14370.0,ok,3834.0,ok,1418.0,ok,9520.0,ok,12702.0,ok,3.0,ok,1.0,ok,,nil_or_na
2016,17,石川,13,家具・装備品製造業,8.0,ok,2233.0,ok,48722.0,ok,24848.0,ok,11106.0,ok,20050.0,ok,48517.0,ok,6.0,ok,,nil_or_na,2.0,ok
2016,17,石川,14,パルプ・紙・紙加工品製造業,13.0,ok,715.0,ok,15981.0,ok,5616.0,ok,2443.0,ok,9440.0,ok,15750.0,ok,12.0,ok,1.0,ok,,nil_or_na
2016,17,石川,15,印刷・同関連業,29.0,ok,2753.0,ok,62366.0,ok,26182.0,ok,10724.0,ok,31981.0,ok,57054.0,ok,23.0,ok,4.0,ok,2.0,ok
2016,17,石川,16,化学工業,12.0,ok,2016.0,ok,173707.0,ok,104605.0,ok,9171.0,ok,54459.0,ok,168195.0,ok,4.0,ok,6.0,ok,2.0,ok
2016,17,石川,17,石油製品・石炭製品製造業,1.0,ok,47.0,ok,,suppressed,,suppressed,,suppressed,,suppressed,,suppressed,1.0,ok,,nil_or_na,,nil_or_na
2016,17,石川,18,プラスチック製品製造業（別掲を除く）,22.0,ok,2119.0,ok,43204.0,ok,18035.0,ok,8966.0,ok,21583.0,ok,42874.0,ok,16.0,ok,5.0,ok,1.0,ok
2016,17,石川,19,ゴム製品製造業,2.0,ok,127.0,ok,,suppressed,,suppressed,,suppressed,,suppressed,,suppressed,2.0,ok,,nil_or_na,,nil_or_na
2016,17,石川,20,なめし革・同製品・毛皮製造業,,nil_or_na,,nil_or_na,,nil_or_na,,nil_or_na,,nil_or_na,,nil_or_na,,nil_or_na,,nil_or_na,,nil_or_na,,nil_or_na
2016,17,石川,21,窯業・土石製品製造業,11.0,ok,1245.0,ok,43506.0,ok,27377.0,ok,5808.0,ok,15223.0,ok,38270.0,ok,7.0,ok,3.0,ok,1.0,ok
2016,17,石川,22,鉄鋼業,12.0,ok,899.0,ok,28960.0,ok,9395.0,ok,3884.0,ok,17671.0,ok,26449.0,ok,10.0,ok,2.0,ok,,nil_or_na
2016,17,石川,23,非鉄金属製造業,3.0,ok,655.0,ok,24646.0,ok,8806.0,ok,3667.0,ok,14420.0,ok,24594.0,ok,,nil_or_na,3.0,ok,,nil_or_na
2016,17,石川,24,金属製品製造業,50.0,ok,3974.0,ok,85222.0,ok,33757.0,ok,17138.0,ok,44615.0,ok,83026.0,ok,38.0,ok,12.0,ok,,nil_or_na
2016,17,石川,25,はん用機械器具製造業,31.0,ok,3403.0,ok,86103.0,ok,29634.0,ok,16069.0,ok,49833.0,ok,80376.0,ok,19.0,ok,11.0,ok,1.0,ok
2016,17,石川,26,生産用機械器具製造業,118.0,ok,15641.0,ok,589231.0,ok,174643.0,ok,78251.0,ok,411065.0,ok,596885.0,ok,84.0,ok,22.0,ok,12.0,ok
2016,17,石川,27,業務用機械器具製造業,8.0,ok,1908.0,ok,118283.0,ok,40959.0,ok,9157.0,ok,70754.0,ok,118528.0,ok,2.0,ok,5.0,ok,1.0,ok
2016,17,石川,28,電子部品・デバイス・電子回路製造業,30.0,ok,10079.0,ok,371057.0,ok,112905.0,ok,51513.0,ok,192448.0,ok,365251.0,ok,10.0,ok,9.0,ok,11.0,ok
2016,17,石川,29,電気機械器具製造業,36.0,ok,3988.0,ok,88868.0,ok,34013.0,ok,17632.0,ok,50749.0,ok,86719.0,ok,20.0,ok,15.0,ok,1.0,ok
2016,17,石川,30,情報通信機械器具製造業,8.0,ok,2809.0,ok,160521.0,ok,36032.0,ok,13139.0,ok,119590.0,ok,149357.0,ok,3.0,ok,2.0,ok,3.0,ok
2016,17,石川,31,輸送用機械器具製造業,20.0,ok,4476.0,ok,156840.0,ok,40587.0,ok,20248.0,ok,111215.0,ok,152305.0,ok,13.0,ok,4.0,ok,3.0,ok
2016,17,石川,32,その他の製造業,8.0,ok,496.0,ok,16432.0,ok,6679.0,ok,2112.0,ok,8624.0,ok,16530.0,ok,7.0,ok,1.0,ok,,nil_or_na
2016,18,福井,09,食料品製造業,26.0,ok,2761.0,ok,41440.0,ok,16596.0,ok,7567.0,ok,22307.0,ok,37945.0,ok,18.0,ok,5.0,ok,3.0,ok
2016,18,福井,10,飲料・たばこ・飼料製造業,,nil_or_na,,nil_or_na,,nil_or_na,,nil_or_na,,nil_or_na,,nil_or_na,,nil_or_na,,nil_or_na,,nil_or_na,,nil_or_na
2016,18,福井,11,繊維工業,117.0,ok,10229.0,ok,189804.0,ok,73080.0,ok,35116.0,ok,101723.0,ok,182703.0,ok,82.0,ok,34.0,ok,1.0,ok
2016,18,福井,12,木材・木製品製造業（家具を除く）,10.0,ok,989.0,ok,53501.0,ok,13986.0,ok,3183.0,ok,37437.0,ok,53269.0,ok,7.0,ok,3.0,ok,,nil_or_na
2016,18,福井,13,家具・装備品製造業,6.0,ok,493.0,ok,9645.0,ok,4769.0,ok,1751.0,ok,4218.0,ok,9588.0,ok,5.0,ok,1.0,ok,,nil_or_na
2016,18,福井,14,パルプ・紙・紙加工品製造業,11.0,ok,879.0,ok,45489.0,ok,12771.0,ok,4863.0,ok,29708.0,ok,41418.0,ok,8.0,ok,3.0,ok,,nil_or_na
2016,18,福井,15,印刷・同関連業,14.0,ok,1146.0,ok,20050.0,ok,9457.0,ok,4100.0,ok,9022.0,ok,19841.0,ok,9.0,ok,5.0,ok,,nil_or_na
2016,18,福井,16,化学工業,29.0,ok,3148.0,ok,232804.0,ok,106565.0,ok,16742.0,ok,108977.0,ok,231815.0,ok,20.0,ok,7.0,ok,2.0,ok
2016,18,福井,17,石油製品・石炭製品製造業,,nil_or_na,,nil_or_na,,nil_or_na,,nil_or_na,,nil_or_na,,nil_or_na,,nil_or_na,,nil_or_na,,nil_or_na,,nil_or_na
2016,18,福井,18,プラスチック製品製造業（別掲を除く）,36.0,ok,3877.0,ok,140437.0,ok,42434.0,ok,16589.0,ok,88625.0,ok,115270.0,ok,24.0,ok,9.0,ok,3.0,ok
2016,18,福井,19,ゴム製品製造業,2.0,ok,155.0,ok,,suppressed,,suppressed,,suppressed,,suppressed,,suppressed,1.0,ok,1.0,ok,,nil_or_na
2016,18,福井,20,なめし革・同製品・毛皮製造業,1.0,ok,44.0,ok,,suppressed,,suppressed,,suppressed,,suppressed,,suppressed,1.0,ok,,nil_or_na,,nil_or_na
2016,18,福井,21,窯業・土石製品製造業,13.0,ok,1089.0,ok,20335.0,ok,5328.0,ok,6075.0,ok,13219.0,ok,20075.0,ok,12.0,ok,,nil_or_na,1.0,ok
2016,18,福井,22,鉄鋼業,2.0,ok,134.0,ok,,suppressed,,suppressed,,suppressed,,suppressed,,suppressed,2.0,ok,,nil_or_na,,nil_or_na
2016,18,福井,23,非鉄金属製造業,10.0,ok,1319.0,ok,150462.0,ok,28405.0,ok,8172.0,ok,113866.0,ok,148273.0,ok,7.0,ok,2.0,ok,1.0,ok
2016,18,福井,24,金属製品製造業,27.0,ok,2358.0,ok,61521.0,ok,24086.0,ok,10254.0,ok,32954.0,ok,59206.0,ok,20.0,ok,7.0,ok,,nil_or_na
2016,18,福井,25,はん用機械器具製造業,6.0,ok,442.0,ok,11551.0,ok,3761.0,ok,2012.0,ok,6788.0,ok,11001.0,ok,5.0,ok,1.0,ok,,nil_or_na
2016,18,福井,26,生産用機械器具製造業,26.0,ok,2090.0,ok,76972.0,ok,28076.0,ok,11235.0,ok,48099.0,ok,65268.0,ok,22.0,ok,3.0,ok,1.0,ok
2016,18,福井,27,業務用機械器具製造業,9.0,ok,769.0,ok,12514.0,ok,5049.0,ok,2775.0,ok,6642.0,ok,11195.0,ok,6.0,ok,3.0,ok,,nil_or_na
2016,18,福井,28,電子部品・デバイス・電子回路製造業,25.0,ok,9838.0,ok,300945.0,ok,103490.0,ok,52327.0,ok,156275.0,ok,274355.0,ok,6.0,ok,8.0,ok,11.0,ok
2016,18,福井,29,電気機械器具製造業,23.0,ok,2756.0,ok,150260.0,ok,57450.0,ok,12754.0,ok,82744.0,ok,146721.0,ok,14.0,ok,6.0,ok,3.0,ok
2016,18,福井,30,情報通信機械器具製造業,2.0,ok,220.0,ok,,suppressed,,suppressed,,suppressed,,suppressed,,suppressed,1.0,ok,1.0,ok,,nil_or_na
2016,18,福井,31,輸送用機械器具製造業,5.0,ok,4267.0,ok,150042.0,ok,38394.0,ok,21052.0,ok,101122.0,ok,150047.0,ok,3.0,ok,1.0,ok,1.0,ok
2016,18,福井,32,その他の製造業,41.0,ok,3459.0,ok,61941.0,ok,24835.0,ok,12940.0,ok,33391.0,ok,50329.0,ok,32.0,ok,8.0,ok,1.0,ok
2016,19,山梨,09,食料品製造業,61.0,ok,9010.0,ok,184194.0,ok,69651.0,ok,27433.0,ok,104962.0,ok,178110.0,ok,35.0,ok,21.0,ok,5.0,ok
2016,19,山梨,10,飲料・たばこ・飼料製造業,25.0,ok,1976.0,ok,105219.0,ok,42439.0,ok,10230.0,ok,47174.0,ok,103969.0,ok,19.0,ok,6.0,ok,,nil_or_na
2016,19,山梨,11,繊維工業,11.0,ok,988.0,ok,25379.0,ok,12794.0,ok,3466.0,ok,11506.0,ok,25051.0,ok,9.0,ok,1.0,ok,1.0,ok
2016,19,山梨,12,木材・木製品製造業（家具を除く）,2.0,ok,158.0,ok,,suppressed,,suppressed,,suppressed,,suppressed,,suppressed,2.0,ok,,nil_or_na,,nil_or_na
2016,19,山梨,13,家具・装備品製造業,7.0,ok,365.0,ok,5240.0,ok,2355.0,ok,1264.0,ok,2516.0,ok,5007.0,ok,7.0,ok,,nil_or_na,,nil_or_na
2016,19,山梨,14,パルプ・紙・紙加工品製造業,9.0,ok,633.0,ok,13467.0,ok,4453.0,ok,2408.0,ok,8142.0,ok,11885.0,ok,8.0,ok,1.0,ok,,nil_or_na
2016,19,山梨,15,印刷・同関連業,4.0,ok,362.0,ok,14004.0,ok,5416.0,ok,2193.0,ok,7311.0,ok,13836.0,ok,3.0,ok,1.0,ok,,nil_or_na
2016,19,山梨,16,化学工業,9.0,ok,947.0,ok,34979.0,ok,19764.0,ok,4139.0,ok,12673.0,ok,34837.0,ok,5.0,ok,4.0,ok,,nil_or_na
2016,19,山梨,17,石油製品・石炭製品製造業,,nil_or_na,,nil_or_na,,nil_or_na,,nil_or_na,,nil_or_na,,nil_or_na,,nil_or_na,,nil_or_na,,nil_or_na,,nil_or_na
2016,19,山梨,18,プラスチック製品製造業（別掲を除く）,38.0,ok,2996.0,ok,77655.0,ok,24188.0,ok,11770.0,ok,48598.0,ok,75106.0,ok,27.0,ok,11.0,ok,,nil_or_na
2016,19,山梨,19,ゴム製品製造業,3.0,ok,169.0,ok,20968.0,ok,10072.0,ok,973.0,ok,10034.0,ok,20467.0,ok,3.0,ok,,nil_or_na,,nil_or_na
2016,19,山梨,20,なめし革・同製品・毛皮製造業,2.0,ok,78.0,ok,,suppressed,,suppressed,,suppressed,,suppressed,,suppressed,2.0,ok,,nil_or_na,,nil_or_na
2016,19,山梨,21,窯業・土石製品製造業,6.0,ok,594.0,ok,31549.0,ok,14923.0,ok,2923.0,ok,14802.0,ok,30784.0,ok,5.0,ok,1.0,ok,,nil_or_na
2016,19,山梨,22,鉄鋼業,4.0,ok,201.0,ok,4800.0,ok,2104.0,ok,845.0,ok,2380.0,ok,4790.0,ok,4.0,ok,,nil_or_na,,nil_or_na
2016,19,山梨,23,非鉄金属製造業,11.0,ok,1242.0,ok,33949.0,ok,12428.0,ok,5814.0,ok,19835.0,ok,34104.0,ok,7.0,ok,4.0,ok,,nil_or_na
2016,19,山梨,24,金属製品製造業,36.0,ok,2315.0,ok,73671.0,ok,28927.0,ok,10107.0,ok,40787.0,ok,72775.0,ok,31.0,ok,5.0,ok,,nil_or_na
2016,19,山梨,25,はん用機械器具製造業,14.0,ok,2872.0,ok,96977.0,ok,43921.0,ok,15620.0,ok,49650.0,ok,81653.0,ok,8.0,ok,3.0,ok,3.0,ok
2016,19,山梨,26,生産用機械器具製造業,53.0,ok,10504.0,ok,595992.0,ok,253890.0,ok,66448.0,ok,336447.0,ok,602578.0,ok,37.0,ok,10.0,ok,6.0,ok
2016,19,山梨,27,業務用機械器具製造業,15.0,ok,3407.0,ok,98736.0,ok,49164.0,ok,15630.0,ok,46812.0,ok,89824.0,ok,9.0,ok,3.0,ok,3.0,ok
2016,19,山梨,28,電子部品・デバイス・電子回路製造業,38.0,ok,6175.0,ok,197254.0,ok,44482.0,ok,31433.0,ok,146070.0,ok,198355.0,ok,19.0,ok,14.0,ok,5.0,ok
2016,19,山梨,29,電気機械器具製造業,28.0,ok,3753.0,ok,97958.0,ok,30745.0,ok,15996.0,ok,64083.0,ok,93824.0,ok,18.0,ok,8.0,ok,2.0,ok
2016,19,山梨,30,情報通信機械器具製造業,15.0,ok,2002.0,ok,178386.0,ok,49101.0,ok,8538.0,ok,122921.0,ok,175306.0,ok,11.0,ok,2.0,ok,2.0,ok
2016,19,山梨,31,輸送用機械器具製造業,22.0,ok,3476.0,ok,94081.0,ok,28577.0,ok,18819.0,ok,61184.0,ok,93864.0,ok,14.0,ok,6.0,ok,2.0,ok
2016,19,山梨,32,その他の製造業,25.0,ok,1489.0,ok,27617.0,ok,10080.0,ok,5737.0,ok,15878.0,ok,27021.0,ok,22.0,ok,3.0,ok,,nil_or_na
2016,20,長野,09,食料品製造業,166.0,ok,17128.0,ok,499443.0,ok,198051.0,ok,57555.0,ok,273517.0,ok,484741.0,ok,117.0,ok,39.0,ok,10.0,ok
2016,20,長野,10,飲料・たばこ・飼料製造業,22.0,ok,2403.0,ok,137210.0,ok,50326.0,ok,11592.0,ok,76796.0,ok,130236.0,ok,13.0,ok,7.0,ok,2.0,ok
2016,20,長野,11,繊維工業,17.0,ok,1200.0,ok,12138.0,ok,4759.0,ok,3357.0,ok,6825.0,ok,11131.0,ok,15.0,ok,2.0,ok,,nil_or_na
2016,20,長野,12,木材・木製品製造業（家具を除く）,6.0,ok,301.0,ok,11036.0,ok,3069.0,ok,1331.0,ok,7323.0,ok,10952.0,ok,6.0,ok,,nil_or_na,,nil_or_na
2016,20,長野,13,家具・装備品製造業,6.0,ok,600.0,ok,16680.0,ok,7334.0,ok,2540.0,ok,6015.0,ok,13376.0,ok,5.0,ok,1.0,ok,,nil_or_na
2016,20,長野,14,パルプ・紙・紙加工品製造業,20.0,ok,1395.0,ok,66585.0,ok,14112.0,ok,6028.0,ok,50124.0,ok,51946.0,ok,17.0,ok,3.0,ok,,nil_or_na
2016,20,長野,15,印刷・同関連業,39.0,ok,2388.0,ok,50505.0,ok,22303.0,ok,9598.0,ok,23415.0,ok,49508.0,ok,34.0,ok,5.0,ok,,nil_or_na
2016,20,長野,16,化学工業,17.0,ok,1415.0,ok,98529.0,ok,43156.0,ok,6924.0,ok,48254.0,ok,94405.0,ok,12.0,ok,5.0,ok,,nil_or_na
2016,20,長野,17,石油製品・石炭製品製造業,1.0,ok,39.0,ok,,suppressed,,suppressed,,suppressed,,suppressed,,suppressed,1.0,ok,,nil_or_na,,nil_or_na
2016,20,長野,18,プラスチック製品製造業（別掲を除く）,74.0,ok,5920.0,ok,120783.0,ok,48794.0,ok,22331.0,ok,63566.0,ok,117297.0,ok,56.0,ok,18.0,ok,,nil_or_na
2016,20,長野,19,ゴム製品製造業,9.0,ok,770.0,ok,10916.0,ok,3710.0,ok,2688.0,ok,6661.0,ok,6534.0,ok,5.0,ok,4.0,ok,,nil_or_na
2016,20,長野,20,なめし革・同製品・毛皮製造業,4.0,ok,247.0,ok,,suppressed,,suppressed,,suppressed,,suppressed,,suppressed,4.0,ok,,nil_or_na,,nil_or_na
2016,20,長野,21,窯業・土石製品製造業,19.0,ok,2134.0,ok,65014.0,ok,19982.0,ok,10406.0,ok,37699.0,ok,59142.0,ok,13.0,ok,5.0,ok,1.0,ok
2016,20,長野,22,鉄鋼業,7.0,ok,1265.0,ok,28288.0,ok,8878.0,ok,5719.0,ok,13825.0,ok,26875.0,ok,4.0,ok,1.0,ok,2.0,ok
2016,20,長野,23,非鉄金属製造業,23.0,ok,2284.0,ok,74690.0,ok,19858.0,ok,9625.0,ok,51591.0,ok,73734.0,ok,18.0,ok,4.0,ok,1.0,ok
2016,20,長野,24,金属製品製造業,111.0,ok,9048.0,ok,216357.0,ok,82297.0,ok,39472.0,ok,121162.0,ok,211090.0,ok,85.0,ok,22.0,ok,4.0,ok
2016,20,長野,25,はん用機械器具製造業,59.0,ok,11289.0,ok,346606.0,ok,138257.0,ok,64019.0,ok,192228.0,ok,319265.0,ok,32.0,ok,14.0,ok,13.0,ok
2016,20,長野,26,生産用機械器具製造業,176.0,ok,16140.0,ok,538410.0,ok,165911.0,ok,78358.0,ok,357884.0,ok,513950.0,ok,131.0,ok,37.0,ok,8.0,ok
2016,20,長野,27,業務用機械器具製造業,79.0,ok,9944.0,ok,356532.0,ok,102973.0,ok,48465.0,ok,241397.0,ok,201993.0,ok,57.0,ok,17.0,ok,5.0,ok
2016,20,長野,28,電子部品・デバイス・電子回路製造業,153.0,ok,25059.0,ok,711871.0,ok,240042.0,ok,133607.0,ok,412789.0,ok,647731.0,ok,86.0,ok,47.0,ok,20.0,ok
2016,20,長野,29,電気機械器具製造業,86.0,ok,11071.0,ok,314221.0,ok,115355.0,ok,57058.0,ok,186888.0,ok,256694.0,ok,60.0,ok,16.0,ok,10.0,ok
2016,20,長野,30,情報通信機械器具製造業,43.0,ok,14297.0,ok,1006067.0,ok,285449.0,ok,84380.0,ok,691033.0,ok,473732.0,ok,21.0,ok,12.0,ok,10.0,ok
2016,20,長野,31,輸送用機械器具製造業,105.0,ok,12648.0,ok,343234.0,ok,119361.0,ok,55504.0,ok,203267.0,ok,340131.0,ok,66.0,ok,29.0,ok,10.0,ok
2016,20,長野,32,その他の製造業,34.0,ok,4222.0,ok,120514.0,ok,39293.0,ok,20222.0,ok,76022.0,ok,115467.0,ok,20.0,ok,12.0,ok,2.0,ok
2016,21,岐阜,09,食料品製造業,123.0,ok,12290.0,ok,280326.0,ok,96549.0,ok,34671.0,ok,169009.0,ok,271034.0,ok,79.0,ok,38.0,ok,6.0,ok
2016,21,岐阜,10,飲料・たばこ・飼料製造業,12.0,ok,1011.0,ok,58184.0,ok,12339.0,ok,4295.0,ok,42053.0,ok,54446.0,ok,9.0,ok,3.0,ok,,nil_or_na
2016,21,岐阜,11,繊維工業,45.0,ok,3792.0,ok,99644.0,ok,25847.0,ok,14516.0,ok,69000.0,ok,93192.0,ok,33.0,ok,12.0,ok,,nil_or_na
2016,21,岐阜,12,木材・木製品製造業（家具を除く）,21.0,ok,1495.0,ok,41627.0,ok,14205.0,ok,5739.0,ok,25475.0,ok,39146.0,ok,17.0,ok,3.0,ok,1.0,ok
2016,21,岐阜,13,家具・装備品製造業,36.0,ok,3562.0,ok,81926.0,ok,34003.0,ok,14588.0,ok,43595.0,ok,76419.0,ok,25.0,ok,10.0,ok,1.0,ok
2016,21,岐阜,14,パルプ・紙・紙加工品製造業,55.0,ok,4251.0,ok,178146.0,ok,49214.0,ok,18794.0,ok,115602.0,ok,165596.0,ok,46.0,ok,8.0,ok,1.0,ok
2016,21,岐阜,15,印刷・同関連業,40.0,ok,3066.0,ok,70031.0,ok,32588.0,ok,11597.0,ok,32226.0,ok,70001.0,ok,35.0,ok,4.0,ok,1.0,ok
2016,21,岐阜,16,化学工業,40.0,ok,5230.0,ok,282314.0,ok,146086.0,ok,25969.0,ok,106978.0,ok,274175.0,ok,24.0,ok,12.0,ok,4.0,ok
2016,21,岐阜,17,石油製品・石炭製品製造業,1.0,ok,32.0,ok,,suppressed,,suppressed,,suppressed,,suppressed,,suppressed,1.0,ok,,nil_or_na,,nil_or_na
2016,21,岐阜,18,プラスチック製品製造業（別掲を除く）,122.0,ok,14277.0,ok,391727.0,ok,129978.0,ok,60958.0,ok,234190.0,ok,376723.0,ok,70.0,ok,43.0,ok,9.0,ok
2016,21,岐阜,19,ゴム製品製造業,21.0,ok,1634.0,ok,41579.0,ok,12310.0,ok,6590.0,ok,27659.0,ok,40294.0,ok,17.0,ok,4.0,ok,,nil_or_na
2016,21,岐阜,20,なめし革・同製品・毛皮製造業,,nil_or_na,,nil_or_na,,nil_or_na,,nil_or_na,,nil_or_na,,nil_or_na,,nil_or_na,,nil_or_na,,nil_or_na,,nil_or_na
2016,21,岐阜,21,窯業・土石製品製造業,118.0,ok,10270.0,ok,245352.0,ok,103590.0,ok,44215.0,ok,125160.0,ok,220391.0,ok,95.0,ok,18.0,ok,5.0,ok
2016,21,岐阜,22,鉄鋼業,31.0,ok,3593.0,ok,175069.0,ok,40154.0,ok,17599.0,ok,126257.0,ok,172025.0,ok,17.0,ok,13.0,ok,1.0,ok
2016,21,岐阜,23,非鉄金属製造業,22.0,ok,2796.0,ok,77591.0,ok,26494.0,ok,11401.0,ok,45459.0,ok,75847.0,ok,11.0,ok,9.0,ok,2.0,ok
2016,21,岐阜,24,金属製品製造業,144.0,ok,12322.0,ok,324284.0,ok,139085.0,ok,52002.0,ok,162836.0,ok,313919.0,ok,113.0,ok,26.0,ok,5.0,ok
2016,21,岐阜,25,はん用機械器具製造業,57.0,ok,8631.0,ok,243331.0,ok,85958.0,ok,38654.0,ok,144166.0,ok,236738.0,ok,39.0,ok,9.0,ok,9.0,ok
2016,21,岐阜,26,生産用機械器具製造業,126.0,ok,11046.0,ok,412308.0,ok,142361.0,ok,57548.0,ok,255695.0,ok,395722.0,ok,98.0,ok,24.0,ok,4.0,ok
2016,21,岐阜,27,業務用機械器具製造業,8.0,ok,1391.0,ok,32470.0,ok,15049.0,ok,6509.0,ok,15659.0,ok,28756.0,ok,2.0,ok,4.0,ok,2.0,ok
2016,21,岐阜,28,電子部品・デバイス・電子回路製造業,31.0,ok,5022.0,ok,133116.0,ok,62805.0,ok,23052.0,ok,59591.0,ok,130294.0,ok,17.0,ok,11.0,ok,3.0,ok
2016,21,岐阜,29,電気機械器具製造業,77.0,ok,9910.0,ok,336958.0,ok,98008.0,ok,41639.0,ok,226358.0,ok,331899.0,ok,45.0,ok,26.0,ok,6.0,ok
2016,21,岐阜,30,情報通信機械器具製造業,5.0,ok,482.0,ok,,suppressed,,suppressed,,suppressed,,suppressed,,suppressed,3.0,ok,2.0,ok,,nil_or_na
2016,21,岐阜,31,輸送用機械器具製造業,142.0,ok,29446.0,ok,957527.0,ok,306764.0,ok,156741.0,ok,604023.0,ok,951170.0,ok,79.0,ok,41.0,ok,22.0,ok
2016,21,岐阜,32,その他の製造業,16.0,ok,1181.0,ok,28237.0,ok,9614.0,ok,4703.0,ok,17180.0,ok,21020.0,ok,14.0,ok,2.0,ok,,nil_or_na
2016,22,静岡,09,食料品製造業,309.0,ok,35186.0,ok,1098748.0,ok,379608.0,ok,111800.0,ok,657024.0,ok,1045395.0,ok,207.0,ok,80.0,ok,22.0,ok
2016,22,静岡,10,飲料・たばこ・飼料製造業,54.0,ok,5900.0,ok,900543.0,ok,381241.0,ok,26251.0,ok,229520.0,ok,886340.0,ok,35.0,ok,15.0,ok,4.0,ok
2016,22,静岡,11,繊維工業,34.0,ok,3009.0,ok,79320.0,ok,29489.0,ok,12636.0,ok,43847.0,ok,75996.0,ok,25.0,ok,8.0,ok,1.0,ok
2016,22,静岡,12,木材・木製品製造業（家具を除く）,23.0,ok,2405.0,ok,176269.0,ok,55553.0,ok,13119.0,ok,113265.0,ok,129259.0,ok,18.0,ok,2.0,ok,3.0,ok
2016,22,静岡,13,家具・装備品製造業,24.0,ok,2053.0,ok,65801.0,ok,21767.0,ok,8911.0,ok,41131.0,ok,59607.0,ok,19.0,ok,4.0,ok,1.0,ok
2016,22,静岡,14,パルプ・紙・紙加工品製造業,160.0,ok,13881.0,ok,708036.0,ok,221846.0,ok,65410.0,ok,428708.0,ok,672116.0,ok,116.0,ok,39.0,ok,5.0,ok
2016,22,静岡,15,印刷・同関連業,55.0,ok,4951.0,ok,121022.0,ok,45042.0,ok,21049.0,ok,69301.0,ok,120174.0,ok,39.0,ok,14.0,ok,2.0,ok
2016,22,静岡,16,化学工業,107.0,ok,21860.0,ok,1656783.0,ok,727531.0,ok,126970.0,ok,826678.0,ok,1571696.0,ok,48.0,ok,37.0,ok,22.0,ok
2016,22,静岡,17,石油製品・石炭製品製造業,3.0,ok,127.0,ok,,suppressed,,suppressed,,suppressed,,suppressed,,suppressed,3.0,ok,,nil_or_na,,nil_or_na
2016,22,静岡,18,プラスチック製品製造業（別掲を除く）,202.0,ok,18090.0,ok,533437.0,ok,168933.0,ok,75327.0,ok,332700.0,ok,506195.0,ok,151.0,ok,45.0,ok,6.0,ok
2016,22,静岡,19,ゴム製品製造業,30.0,ok,6137.0,ok,196031.0,ok,104735.0,ok,28833.0,ok,76817.0,ok,192921.0,ok,15.0,ok,10.0,ok,5.0,ok
2016,22,静岡,20,なめし革・同製品・毛皮製造業,2.0,ok,134.0,ok,,suppressed,,suppressed,,suppressed,,suppressed,,suppressed,2.0,ok,,nil_or_na,,nil_or_na
2016,22,静岡,21,窯業・土石製品製造業,28.0,ok,2686.0,ok,85744.0,ok,39516.0,ok,13632.0,ok,37135.0,ok,84500.0,ok,22.0,ok,3.0,ok,3.0,ok
2016,22,静岡,22,鉄鋼業,34.0,ok,2587.0,ok,148229.0,ok,32737.0,ok,12669.0,ok,110313.0,ok,125108.0,ok,28.0,ok,5.0,ok,1.0,ok
2016,22,静岡,23,非鉄金属製造業,38.0,ok,6774.0,ok,512089.0,ok,120121.0,ok,35217.0,ok,364383.0,ok,502116.0,ok,23.0,ok,7.0,ok,8.0,ok
2016,22,静岡,24,金属製品製造業,175.0,ok,12275.0,ok,344139.0,ok,124387.0,ok,51490.0,ok,197796.0,ok,327401.0,ok,156.0,ok,17.0,ok,2.0,ok
2016,22,静岡,25,はん用機械器具製造業,62.0,ok,8698.0,ok,292906.0,ok,76807.0,ok,46094.0,ok,200875.0,ok,280074.0,ok,45.0,ok,13.0,ok,4.0,ok
2016,22,静岡,26,生産用機械器具製造業,204.0,ok,19911.0,ok,615954.0,ok,211533.0,ok,102497.0,ok,384445.0,ok,578127.0,ok,157.0,ok,40.0,ok,7.0,ok
2016,22,静岡,27,業務用機械器具製造業,47.0,ok,7957.0,ok,248685.0,ok,114725.0,ok,33116.0,ok,122206.0,ok,241947.0,ok,27.0,ok,15.0,ok,5.0,ok
2016,22,静岡,28,電子部品・デバイス・電子回路製造業,63.0,ok,10786.0,ok,273470.0,ok,104939.0,ok,49766.0,ok,150229.0,ok,262620.0,ok,42.0,ok,11.0,ok,10.0,ok
2016,22,静岡,29,電気機械器具製造業,181.0,ok,38654.0,ok,2015618.0,ok,663603.0,ok,216559.0,ok,1245956.0,ok,1877885.0,ok,117.0,ok,39.0,ok,25.0,ok
2016,22,静岡,30,情報通信機械器具製造業,20.0,ok,4811.0,ok,420412.0,ok,88458.0,ok,25651.0,ok,325027.0,ok,241448.0,ok,8.0,ok,7.0,ok,5.0,ok
2016,22,静岡,31,輸送用機械器具製造業,383.0,ok,77596.0,ok,3856939.0,ok,1236692.0,ok,423302.0,ok,2453672.0,ok,3840919.0,ok,232.0,ok,98.0,ok,53.0,ok
2016,22,静岡,32,その他の製造業,57.0,ok,6321.0,ok,180000.0,ok,82235.0,ok,29257.0,ok,91403.0,ok,161323.0,ok,43.0,ok,9.0,ok,5.0,ok
2016,23,愛知,09,食料品製造業,405.0,ok,52244.0,ok,1423412.0,ok,469801.0,ok,169487.0,ok,876237.0,ok,1376141.0,ok,253.0,ok,117.0,ok,35.0,ok
2016,23,愛知,10,飲料・たばこ・飼料製造業,30.0,ok,2985.0,ok,408797.0,ok,117393.0,ok,15013.0,ok,188169.0,ok,399187.0,ok,20.0,ok,9.0,ok,1.0,ok
2016,23,愛知,11,繊維工業,113.0,ok,10057.0,ok,241546.0,ok,78805.0,ok,39103.0,ok,146633.0,ok,231011.0,ok,91.0,ok,18.0,ok,4.0,ok
2016,23,愛知,12,木材・木製品製造業（家具を除く）,35.0,ok,2179.0,ok,92737.0,ok,27230.0,ok,9579.0,ok,61912.0,ok,87143.0,ok,33.0,ok,2.0,ok,,nil_or_na
2016,23,愛知,13,家具・装備品製造業,37.0,ok,3176.0,ok,90863.0,ok,28985.0,ok,13360.0,ok,57793.0,ok,82296.0,ok,28.0,ok,8.0,ok,1.0,ok
2016,23,愛知,14,パルプ・紙・紙加工品製造業,97.0,ok,8912.0,ok,371153.0,ok,109162.0,ok,39757.0,ok,239331.0,ok,336508.0,ok,75.0,ok,19.0,ok,3.0,ok
2016,23,愛知,15,印刷・同関連業,112.0,ok,9263.0,ok,246672.0,ok,83639.0,ok,41510.0,ok,150530.0,ok,234871.0,ok,88.0,ok,21.0,ok,3.0,ok
2016,23,愛知,16,化学工業,99.0,ok,12730.0,ok,1118006.0,ok,396858.0,ok,73076.0,ok,648971.0,ok,1082706.0,ok,59.0,ok,35.0,ok,5.0,ok
2016,23,愛知,17,石油製品・石炭製品製造業,7.0,ok,745.0,ok,596376.0,ok,55712.0,ok,4666.0,ok,349998.0,ok,573324.0,ok,6.0,ok,,nil_or_na,1.0,ok
2016,23,愛知,18,プラスチック製品製造業（別掲を除く）,366.0,ok,40492.0,ok,1318208.0,ok,470863.0,ok,177769.0,ok,747963.0,ok,1257889.0,ok,258.0,ok,82.0,ok,26.0,ok
2016,23,愛知,19,ゴム製品製造業,52.0,ok,9617.0,ok,378894.0,ok,144883.0,ok,63618.0,ok,210652.0,ok,378164.0,ok,35.0,ok,12.0,ok,5.0,ok
2016,23,愛知,20,なめし革・同製品・毛皮製造業,4.0,ok,407.0,ok,8444.0,ok,1607.0,ok,1314.0,ok,6537.0,ok,8381.0,ok,3.0,ok,1.0,ok,,nil_or_na
2016,23,愛知,21,窯業・土石製品製造業,136.0,ok,18526.0,ok,640877.0,ok,234511.0,ok,108074.0,ok,371683.0,ok,468396.0,ok,99.0,ok,25.0,ok,12.0,ok
2016,23,愛知,22,鉄鋼業,130.0,ok,22806.0,ok,1850197.0,ok,358968.0,ok,139777.0,ok,1365159.0,ok,1799001.0,ok,80.0,ok,37.0,ok,13.0,ok
2016,23,愛知,23,非鉄金属製造業,51.0,ok,6811.0,ok,470273.0,ok,106421.0,ok,36423.0,ok,338929.0,ok,441759.0,ok,37.0,ok,9.0,ok,5.0,ok
2016,23,愛知,24,金属製品製造業,367.0,ok,33674.0,ok,1137994.0,ok,412075.0,ok,162746.0,ok,653788.0,ok,1048942.0,ok,285.0,ok,65.0,ok,17.0,ok
2016,23,愛知,25,はん用機械器具製造業,125.0,ok,24242.0,ok,1071956.0,ok,283292.0,ok,150501.0,ok,758673.0,ok,1043568.0,ok,74.0,ok,35.0,ok,16.0,ok
2016,23,愛知,26,生産用機械器具製造業,384.0,ok,48272.0,ok,1716726.0,ok,631042.0,ok,278684.0,ok,1043090.0,ok,1591911.0,ok,286.0,ok,71.0,ok,27.0,ok
2016,23,愛知,27,業務用機械器具製造業,87.0,ok,13224.0,ok,986233.0,ok,225463.0,ok,75118.0,ok,719805.0,ok,738500.0,ok,58.0,ok,21.0,ok,8.0,ok
2016,23,愛知,28,電子部品・デバイス・電子回路製造業,39.0,ok,6365.0,ok,586723.0,ok,88441.0,ok,37658.0,ok,484174.0,ok,201348.0,ok,25.0,ok,10.0,ok,4.0,ok
2016,23,愛知,29,電気機械器具製造業,195.0,ok,46091.0,ok,1999177.0,ok,641938.0,ok,247161.0,ok,1278352.0,ok,1861048.0,ok,126.0,ok,42.0,ok,27.0,ok
2016,23,愛知,30,情報通信機械器具製造業,19.0,ok,4174.0,ok,125810.0,ok,53760.0,ok,22625.0,ok,65226.0,ok,106483.0,ok,9.0,ok,6.0,ok,4.0,ok
2016,23,愛知,31,輸送用機械器具製造業,728.0,ok,302710.0,ok,24976950.0,ok,6671009.0,ok,2026507.0,ok,17865234.0,ok,17028606.0,ok,378.0,ok,212.0,ok,138.0,ok
2016,23,愛知,32,その他の製造業,53.0,ok,6066.0,ok,257233.0,ok,83941.0,ok,30350.0,ok,161834.0,ok,246019.0,ok,38.0,ok,11.0,ok,4.0,ok
2016,24,三重,09,食料品製造業,120.0,ok,13779.0,ok,397651.0,ok,143982.0,ok,43870.0,ok,231593.0,ok,384390.0,ok,72.0,ok,42.0,ok,6.0,ok
2016,24,三重,10,飲料・たばこ・飼料製造業,9.0,ok,899.0,ok,62448.0,ok,14312.0,ok,3232.0,ok,38834.0,ok,62341.0,ok,7.0,ok,1.0,ok,1.0,ok
2016,24,三重,11,繊維工業,21.0,ok,1344.0,ok,36992.0,ok,9965.0,ok,4761.0,ok,25727.0,ok,36000.0,ok,19.0,ok,2.0,ok,,nil_or_na
2016,24,三重,12,木材・木製品製造業（家具を除く）,11.0,ok,516.0,ok,46879.0,ok,9908.0,ok,2267.0,ok,35502.0,ok,23402.0,ok,10.0,ok,1.0,ok,,nil_or_na
2016,24,三重,13,家具・装備品製造業,11.0,ok,1143.0,ok,26790.0,ok,9500.0,ok,4297.0,ok,15582.0,ok,26733.0,ok,8.0,ok,2.0,ok,1.0,ok
2016,24,三重,14,パルプ・紙・紙加工品製造業,17.0,ok,1437.0,ok,67204.0,ok,16778.0,ok,6300.0,ok,47408.0,ok,65556.0,ok,12.0,ok,5.0,ok,,nil_or_na
2016,24,三重,15,印刷・同関連業,17.0,ok,1104.0,ok,23747.0,ok,7876.0,ok,4318.0,ok,14341.0,ok,23694.0,ok,14.0,ok,3.0,ok,,nil_or_na
2016,24,三重,16,化学工業,63.0,ok,13831.0,ok,1050002.0,ok,370883.0,ok,79584.0,ok,622509.0,ok,1014320.0,ok,31.0,ok,20.0,ok,12.0,ok
2016,24,三重,17,石油製品・石炭製品製造業,5.0,ok,1512.0,ok,,suppressed,,suppressed,,suppressed,,suppressed,,suppressed,1.0,ok,2.0,ok,2.0,ok
2016,24,三重,18,プラスチック製品製造業（別掲を除く）,86.0,ok,9077.0,ok,402814.0,ok,126889.0,ok,40455.0,ok,249128.0,ok,369954.0,ok,61.0,ok,21.0,ok,4.0,ok
2016,24,三重,19,ゴム製品製造業,33.0,ok,6783.0,ok,205713.0,ok,81647.0,ok,30171.0,ok,110501.0,ok,203471.0,ok,18.0,ok,10.0,ok,5.0,ok
2016,24,三重,20,なめし革・同製品・毛皮製造業,,nil_or_na,,nil_or_na,,nil_or_na,,nil_or_na,,nil_or_na,,nil_or_na,,nil_or_na,,nil_or_na,,nil_or_na,,nil_or_na
2016,24,三重,21,窯業・土石製品製造業,53.0,ok,4549.0,ok,201954.0,ok,86368.0,ok,24017.0,ok,98763.0,ok,185715.0,ok,39.0,ok,13.0,ok,1.0,ok
2016,24,三重,22,鉄鋼業,21.0,ok,1510.0,ok,82280.0,ok,18089.0,ok,7358.0,ok,61189.0,ok,56021.0,ok,19.0,ok,1.0,ok,1.0,ok
2016,24,三重,23,非鉄金属製造業,22.0,ok,5853.0,ok,409148.0,ok,53453.0,ok,33905.0,ok,342702.0,ok,400427.0,ok,10.0,ok,7.0,ok,5.0,ok
2016,24,三重,24,金属製品製造業,100.0,ok,9819.0,ok,305953.0,ok,130324.0,ok,43650.0,ok,153897.0,ok,295065.0,ok,75.0,ok,21.0,ok,4.0,ok
2016,24,三重,25,はん用機械器具製造業,48.0,ok,9249.0,ok,311376.0,ok,102686.0,ok,46949.0,ok,190922.0,ok,308931.0,ok,23.0,ok,18.0,ok,7.0,ok
2016,24,三重,26,生産用機械器具製造業,63.0,ok,7774.0,ok,206334.0,ok,84391.0,ok,41048.0,ok,116443.0,ok,202850.0,ok,45.0,ok,15.0,ok,3.0,ok
2016,24,三重,27,業務用機械器具製造業,17.0,ok,4762.0,ok,199407.0,ok,61243.0,ok,23792.0,ok,131913.0,ok,199093.0,ok,10.0,ok,4.0,ok,3.0,ok
2016,24,三重,28,電子部品・デバイス・電子回路製造業,47.0,ok,18601.0,ok,1606287.0,ok,533567.0,ok,101359.0,ok,964300.0,ok,1521438.0,ok,26.0,ok,14.0,ok,7.0,ok
2016,24,三重,29,電気機械器具製造業,61.0,ok,11950.0,ok,464287.0,ok,122837.0,ok,62511.0,ok,325958.0,ok,446067.0,ok,35.0,ok,16.0,ok,10.0,ok
2016,24,三重,30,情報通信機械器具製造業,7.0,ok,2002.0,ok,,suppressed,,suppressed,,suppressed,,suppressed,,suppressed,2.0,ok,4.0,ok,1.0,ok
2016,24,三重,31,輸送用機械器具製造業,121.0,ok,37296.0,ok,2507511.0,ok,728758.0,ok,214642.0,ok,1645913.0,ok,2472055.0,ok,68.0,ok,39.0,ok,14.0,ok
2016,24,三重,32,その他の製造業,14.0,ok,1553.0,ok,76345.0,ok,32455.0,ok,5272.0,ok,40664.0,ok,75551.0,ok,10.0,ok,3.0,ok,1.0,ok
2016,25,滋賀,09,食料品製造業,72.0,ok,9103.0,ok,310791.0,ok,112603.0,ok,27014.0,ok,180995.0,ok,295547.0,ok,44.0,ok,22.0,ok,6.0,ok
2016,25,滋賀,10,飲料・たばこ・飼料製造業,9.0,ok,816.0,ok,111666.0,ok,43678.0,ok,4561.0,ok,47364.0,ok,111589.0,ok,6.0,ok,3.0,ok,,nil_or_na
2016,25,滋賀,11,繊維工業,52.0,ok,4784.0,ok,165292.0,ok,57631.0,ok,19739.0,ok,97740.0,ok,158822.0,ok,37.0,ok,14.0,ok,1.0,ok
2016,25,滋賀,12,木材・木製品製造業（家具を除く）,9.0,ok,600.0,ok,9534.0,ok,3131.0,ok,1935.0,ok,5769.0,ok,9062.0,ok,8.0,ok,1.0,ok,,nil_or_na
2016,25,滋賀,13,家具・装備品製造業,16.0,ok,1314.0,ok,53227.0,ok,16087.0,ok,5564.0,ok,34695.0,ok,39784.0,ok,10.0,ok,6.0,ok,,nil_or_na
2016,25,滋賀,14,パルプ・紙・紙加工品製造業,31.0,ok,3034.0,ok,114850.0,ok,37075.0,ok,13676.0,ok,71259.0,ok,100549.0,ok,19.0,ok,12.0,ok,,nil_or_na
2016,25,滋賀,15,印刷・同関連業,24.0,ok,3489.0,ok,138447.0,ok,49261.0,ok,16304.0,ok,79494.0,ok,138473.0,ok,13.0,ok,8.0,ok,3.0,ok
2016,25,滋賀,16,化学工業,67.0,ok,6697.0,ok,989825.0,ok,525989.0,ok,35747.0,ok,399079.0,ok,939946.0,ok,38.0,ok,27.0,ok,2.0,ok
2016,25,滋賀,17,石油製品・石炭製品製造業,1.0,ok,36.0,ok,,suppressed,,suppressed,,suppressed,,suppressed,,suppressed,1.0,ok,,nil_or_na,,nil_or_na
2016,25,滋賀,18,プラスチック製品製造業（別掲を除く）,106.0,ok,13867.0,ok,579846.0,ok,212483.0,ok,75452.0,ok,321416.0,ok,541555.0,ok,68.0,ok,27.0,ok,11.0,ok
2016,25,滋賀,19,ゴム製品製造業,7.0,ok,2025.0,ok,98701.0,ok,52123.0,ok,11956.0,ok,42666.0,ok,100218.0,ok,5.0,ok,1.0,ok,1.0,ok
2016,25,滋賀,20,なめし革・同製品・毛皮製造業,,nil_or_na,,nil_or_na,,nil_or_na,,nil_or_na,,nil_or_na,,nil_or_na,,nil_or_na,,nil_or_na,,nil_or_na,,nil_or_na
2016,25,滋賀,21,窯業・土石製品製造業,44.0,ok,5335.0,ok,275253.0,ok,108606.0,ok,31689.0,ok,143197.0,ok,236512.0,ok,29.0,ok,11.0,ok,4.0,ok
2016,25,滋賀,22,鉄鋼業,12.0,ok,1319.0,ok,81245.0,ok,19711.0,ok,7502.0,ok,57546.0,ok,80845.0,ok,8.0,ok,3.0,ok,1.0,ok
2016,25,滋賀,23,非鉄金属製造業,20.0,ok,2028.0,ok,134619.0,ok,25873.0,ok,10297.0,ok,98456.0,ok,128861.0,ok,12.0,ok,7.0,ok,1.0,ok
2016,25,滋賀,24,金属製品製造業,94.0,ok,8439.0,ok,344171.0,ok,119682.0,ok,39031.0,ok,206229.0,ok,334486.0,ok,68.0,ok,24.0,ok,2.0,ok
2016,25,滋賀,25,はん用機械器具製造業,59.0,ok,11736.0,ok,620737.0,ok,213304.0,ok,64642.0,ok,388421.0,ok,610598.0,ok,28.0,ok,23.0,ok,8.0,ok
2016,25,滋賀,26,生産用機械器具製造業,68.0,ok,9030.0,ok,474223.0,ok,257143.0,ok,51162.0,ok,215568.0,ok,474433.0,ok,43.0,ok,16.0,ok,9.0,ok
2016,25,滋賀,27,業務用機械器具製造業,23.0,ok,3095.0,ok,148354.0,ok,68007.0,ok,15141.0,ok,75666.0,ok,147724.0,ok,14.0,ok,7.0,ok,2.0,ok
2016,25,滋賀,28,電子部品・デバイス・電子回路製造業,46.0,ok,13571.0,ok,425876.0,ok,135166.0,ok,74289.0,ok,268624.0,ok,364283.0,ok,25.0,ok,11.0,ok,10.0,ok
2016,25,滋賀,29,電気機械器具製造業,81.0,ok,16777.0,ok,753682.0,ok,223159.0,ok,93440.0,ok,492978.0,ok,572509.0,ok,47.0,ok,20.0,ok,14.0,ok
2016,25,滋賀,30,情報通信機械器具製造業,4.0,ok,1451.0,ok,,suppressed,,suppressed,,suppressed,,suppressed,,suppressed,1.0,ok,2.0,ok,1.0,ok
2016,25,滋賀,31,輸送用機械器具製造業,41.0,ok,12873.0,ok,884689.0,ok,207332.0,ok,68570.0,ok,634374.0,ok,857144.0,ok,17.0,ok,15.0,ok,9.0,ok
2016,25,滋賀,32,その他の製造業,14.0,ok,1752.0,ok,102831.0,ok,28617.0,ok,7758.0,ok,69692.0,ok,102345.0,ok,11.0,ok,1.0,ok,2.0,ok
2016,26,京都,09,食料品製造業,148.0,ok,18682.0,ok,505008.0,ok,217426.0,ok,51857.0,ok,259311.0,ok,462786.0,ok,93.0,ok,40.0,ok,15.0,ok
2016,26,京都,10,飲料・たばこ・飼料製造業,24.0,ok,2490.0,ok,1048137.0,ok,246639.0,ok,14510.0,ok,144853.0,ok,1045250.0,ok,16.0,ok,7.0,ok,1.0,ok
2016,26,京都,11,繊維工業,42.0,ok,2374.0,ok,40619.0,ok,21253.0,ok,8893.0,ok,16236.0,ok,39458.0,ok,36.0,ok,6.0,ok,,nil_or_na
2016,26,京都,12,木材・木製品製造業（家具を除く）,11.0,ok,847.0,ok,48055.0,ok,9520.0,ok,3749.0,ok,36634.0,ok,44544.0,ok,9.0,ok,2.0,ok,,nil_or_na
2016,26,京都,13,家具・装備品製造業,7.0,ok,302.0,ok,6301.0,ok,2325.0,ok,1335.0,ok,3730.0,ok,6365.0,ok,7.0,ok,,nil_or_na,,nil_or_na
2016,26,京都,14,パルプ・紙・紙加工品製造業,32.0,ok,2435.0,ok,105852.0,ok,33458.0,ok,11218.0,ok,65617.0,ok,94068.0,ok,25.0,ok,7.0,ok,,nil_or_na
2016,26,京都,15,印刷・同関連業,52.0,ok,6124.0,ok,179690.0,ok,65189.0,ok,26588.0,ok,105341.0,ok,176062.0,ok,39.0,ok,8.0,ok,5.0,ok
2016,26,京都,16,化学工業,39.0,ok,4659.0,ok,181202.0,ok,87325.0,ok,22899.0,ok,80897.0,ok,176338.0,ok,22.0,ok,15.0,ok,2.0,ok
2016,26,京都,17,石油製品・石炭製品製造業,2.0,ok,104.0,ok,,suppressed,,suppressed,,suppressed,,suppressed,,suppressed,2.0,ok,,nil_or_na,,nil_or_na
2016,26,京都,18,プラスチック製品製造業（別掲を除く）,54.0,ok,4346.0,ok,120368.0,ok,41775.0,ok,16276.0,ok,69361.0,ok,112232.0,ok,42.0,ok,10.0,ok,2.0,ok
2016,26,京都,19,ゴム製品製造業,5.0,ok,695.0,ok,,suppressed,,suppressed,,suppressed,,suppressed,,suppressed,3.0,ok,2.0,ok,,nil_or_na
2016,26,京都,20,なめし革・同製品・毛皮製造業,6.0,ok,413.0,ok,5700.0,ok,2796.0,ok,1278.0,ok,2701.0,ok,5625.0,ok,5.0,ok,1.0,ok,,nil_or_na
2016,26,京都,21,窯業・土石製品製造業,19.0,ok,2728.0,ok,143781.0,ok,94397.0,ok,14394.0,ok,35593.0,ok,138810.0,ok,13.0,ok,3.0,ok,3.0,ok
2016,26,京都,22,鉄鋼業,11.0,ok,918.0,ok,49896.0,ok,10792.0,ok,4570.0,ok,36440.0,ok,44369.0,ok,7.0,ok,4.0,ok,,nil_or_na
2016,26,京都,23,非鉄金属製造業,12.0,ok,1444.0,ok,70693.0,ok,12996.0,ok,7109.0,ok,55313.0,ok,66589.0,ok,6.0,ok,5.0,ok,1.0,ok
2016,26,京都,24,金属製品製造業,69.0,ok,4885.0,ok,107135.0,ok,42395.0,ok,21548.0,ok,57654.0,ok,102667.0,ok,60.0,ok,8.0,ok,1.0,ok
2016,26,京都,25,はん用機械器具製造業,23.0,ok,3637.0,ok,162758.0,ok,55066.0,ok,19656.0,ok,99819.0,ok,153484.0,ok,15.0,ok,5.0,ok,3.0,ok
2016,26,京都,26,生産用機械器具製造業,107.0,ok,9576.0,ok,308340.0,ok,134925.0,ok,52273.0,ok,164152.0,ok,298242.0,ok,78.0,ok,25.0,ok,4.0,ok
2016,26,京都,27,業務用機械器具製造業,38.0,ok,7131.0,ok,274719.0,ok,121815.0,ok,44676.0,ok,142230.0,ok,251978.0,ok,27.0,ok,6.0,ok,5.0,ok
2016,26,京都,28,電子部品・デバイス・電子回路製造業,36.0,ok,8235.0,ok,348805.0,ok,174045.0,ok,46059.0,ok,148967.0,ok,341060.0,ok,18.0,ok,13.0,ok,5.0,ok
2016,26,京都,29,電気機械器具製造業,69.0,ok,10220.0,ok,277451.0,ok,83898.0,ok,63304.0,ok,174457.0,ok,260012.0,ok,41.0,ok,21.0,ok,7.0,ok
2016,26,京都,30,情報通信機械器具製造業,6.0,ok,1907.0,ok,78486.0,ok,22692.0,ok,13040.0,ok,50445.0,ok,45082.0,ok,3.0,ok,1.0,ok,2.0,ok
2016,26,京都,31,輸送用機械器具製造業,36.0,ok,8508.0,ok,461776.0,ok,110075.0,ok,51916.0,ok,339506.0,ok,448364.0,ok,21.0,ok,7.0,ok,8.0,ok
2016,26,京都,32,その他の製造業,19.0,ok,1385.0,ok,241447.0,ok,123501.0,ok,5945.0,ok,116364.0,ok,158703.0,ok,15.0,ok,4.0,ok,,nil_or_na
2016,27,大阪,09,食料品製造業,304.0,ok,42347.0,ok,1150521.0,ok,486437.0,ok,136515.0,ok,599027.0,ok,1098071.0,ok,186.0,ok,88.0,ok,30.0,ok
2016,27,大阪,10,飲料・たばこ・飼料製造業,12.0,ok,896.0,ok,250931.0,ok,83140.0,ok,4612.0,ok,50868.0,ok,250651.0,ok,11.0,ok,1.0,ok,,nil_or_na
2016,27,大阪,11,繊維工業,102.0,ok,6511.0,ok,170963.0,ok,59616.0,ok,24165.0,ok,103296.0,ok,134859.0,ok,90.0,ok,12.0,ok,,nil_or_na
2016,27,大阪,12,木材・木製品製造業（家具を除く）,21.0,ok,1358.0,ok,65785.0,ok,19913.0,ok,6806.0,ok,42864.0,ok,62509.0,ok,17.0,ok,4.0,ok,,nil_or_na
2016,27,大阪,13,家具・装備品製造業,29.0,ok,6219.0,ok,116944.0,ok,25471.0,ok,44828.0,ok,86951.0,ok,95954.0,ok,20.0,ok,7.0,ok,2.0,ok
2016,27,大阪,14,パルプ・紙・紙加工品製造業,95.0,ok,7069.0,ok,238809.0,ok,83974.0,ok,29884.0,ok,140085.0,ok,221528.0,ok,77.0,ok,16.0,ok,2.0,ok
2016,27,大阪,15,印刷・同関連業,181.0,ok,14003.0,ok,327632.0,ok,132673.0,ok,62879.0,ok,175788.0,ok,321290.0,ok,150.0,ok,28.0,ok,3.0,ok
2016,27,大阪,16,化学工業,209.0,ok,25623.0,ok,1819609.0,ok,876528.0,ok,148135.0,ok,830820.0,ok,1721793.0,ok,145.0,ok,50.0,ok,14.0,ok
2016,27,大阪,17,石油製品・石炭製品製造業,9.0,ok,1235.0,ok,1233308.0,ok,57513.0,ok,9986.0,ok,843592.0,ok,1211938.0,ok,6.0,ok,1.0,ok,2.0,ok
2016,27,大阪,18,プラスチック製品製造業（別掲を除く）,213.0,ok,16885.0,ok,494142.0,ok,190103.0,ok,74148.0,ok,273758.0,ok,457207.0,ok,177.0,ok,30.0,ok,6.0,ok
2016,27,大阪,19,ゴム製品製造業,37.0,ok,3752.0,ok,107219.0,ok,45058.0,ok,17413.0,ok,55939.0,ok,101102.0,ok,24.0,ok,10.0,ok,3.0,ok
2016,27,大阪,20,なめし革・同製品・毛皮製造業,8.0,ok,363.0,ok,5515.0,ok,2310.0,ok,1224.0,ok,2994.0,ok,5459.0,ok,8.0,ok,,nil_or_na,,nil_or_na
2016,27,大阪,21,窯業・土石製品製造業,51.0,ok,4098.0,ok,133655.0,ok,62827.0,ok,18525.0,ok,54373.0,ok,125176.0,ok,40.0,ok,9.0,ok,2.0,ok
2016,27,大阪,22,鉄鋼業,134.0,ok,13734.0,ok,1008757.0,ok,220835.0,ok,76378.0,ok,743891.0,ok,974840.0,ok,99.0,ok,27.0,ok,8.0,ok
2016,27,大阪,23,非鉄金属製造業,54.0,ok,7215.0,ok,664601.0,ok,114792.0,ok,45234.0,ok,512933.0,ok,579899.0,ok,33.0,ok,16.0,ok,5.0,ok
2016,27,大阪,24,金属製品製造業,388.0,ok,27521.0,ok,823228.0,ok,296817.0,ok,129798.0,ok,475149.0,ok,715907.0,ok,325.0,ok,56.0,ok,7.0,ok
2016,27,大阪,25,はん用機械器具製造業,145.0,ok,18765.0,ok,669514.0,ok,242186.0,ok,107966.0,ok,397454.0,ok,635409.0,ok,106.0,ok,23.0,ok,16.0,ok
2016,27,大阪,26,生産用機械器具製造業,266.0,ok,28162.0,ok,1075473.0,ok,352146.0,ok,169112.0,ok,683620.0,ok,1013816.0,ok,208.0,ok,44.0,ok,14.0,ok
2016,27,大阪,27,業務用機械器具製造業,53.0,ok,4706.0,ok,131920.0,ok,53714.0,ok,23637.0,ok,71227.0,ok,123261.0,ok,38.0,ok,14.0,ok,1.0,ok
2016,27,大阪,28,電子部品・デバイス・電子回路製造業,41.0,ok,5731.0,ok,310576.0,ok,-42572.0,ok,30983.0,ok,309688.0,ok,282945.0,ok,29.0,ok,9.0,ok,3.0,ok
2016,27,大阪,29,電気機械器具製造業,168.0,ok,19502.0,ok,867126.0,ok,308898.0,ok,98814.0,ok,510030.0,ok,815002.0,ok,121.0,ok,39.0,ok,8.0,ok
2016,27,大阪,30,情報通信機械器具製造業,16.0,ok,3708.0,ok,149830.0,ok,73048.0,ok,29930.0,ok,67473.0,ok,145386.0,ok,9.0,ok,4.0,ok,3.0,ok
2016,27,大阪,31,輸送用機械器具製造業,93.0,ok,22533.0,ok,1111277.0,ok,257387.0,ok,140875.0,ok,798926.0,ok,1040155.0,ok,63.0,ok,21.0,ok,9.0,ok
2016,27,大阪,32,その他の製造業,68.0,ok,4588.0,ok,115903.0,ok,38911.0,ok,18791.0,ok,71798.0,ok,108823.0,ok,60.0,ok,7.0,ok,1.0,ok
2016,28,兵庫,09,食料品製造業,325.0,ok,45138.0,ok,1460678.0,ok,494738.0,ok,141971.0,ok,885613.0,ok,1386081.0,ok,201.0,ok,89.0,ok,35.0,ok
2016,28,兵庫,10,飲料・たばこ・飼料製造業,48.0,ok,5509.0,ok,414029.0,ok,139542.0,ok,25396.0,ok,187771.0,ok,395711.0,ok,29.0,ok,16.0,ok,3.0,ok
2016,28,兵庫,11,繊維工業,53.0,ok,4074.0,ok,87512.0,ok,24835.0,ok,14278.0,ok,57698.0,ok,75189.0,ok,41.0,ok,12.0,ok,,nil_or_na
2016,28,兵庫,12,木材・木製品製造業（家具を除く）,17.0,ok,962.0,ok,29730.0,ok,10024.0,ok,4143.0,ok,18299.0,ok,24228.0,ok,15.0,ok,2.0,ok,,nil_or_na
2016,28,兵庫,13,家具・装備品製造業,19.0,ok,1525.0,ok,59305.0,ok,19262.0,ok,5469.0,ok,37522.0,ok,46865.0,ok,16.0,ok,2.0,ok,1.0,ok
2016,28,兵庫,14,パルプ・紙・紙加工品製造業,65.0,ok,5614.0,ok,263315.0,ok,92798.0,ok,27101.0,ok,151495.0,ok,249734.0,ok,47.0,ok,17.0,ok,1.0,ok
2016,28,兵庫,15,印刷・同関連業,49.0,ok,4250.0,ok,102159.0,ok,42857.0,ok,18386.0,ok,53736.0,ok,99597.0,ok,35.0,ok,13.0,ok,1.0,ok
2016,28,兵庫,16,化学工業,153.0,ok,20404.0,ok,1902747.0,ok,680951.0,ok,113619.0,ok,1132626.0,ok,1787780.0,ok,92.0,ok,47.0,ok,14.0,ok
2016,28,兵庫,17,石油製品・石炭製品製造業,7.0,ok,766.0,ok,114562.0,ok,30767.0,ok,4049.0,ok,78128.0,ok,114023.0,ok,6.0,ok,,nil_or_na,1.0,ok
2016,28,兵庫,18,プラスチック製品製造業（別掲を除く）,118.0,ok,10578.0,ok,404483.0,ok,153852.0,ok,47729.0,ok,226990.0,ok,381691.0,ok,85.0,ok,30.0,ok,3.0,ok
2016,28,兵庫,19,ゴム製品製造業,33.0,ok,3892.0,ok,109870.0,ok,39341.0,ok,19773.0,ok,64593.0,ok,100354.0,ok,24.0,ok,4.0,ok,5.0,ok
2016,28,兵庫,20,なめし革・同製品・毛皮製造業,16.0,ok,1127.0,ok,24157.0,ok,9899.0,ok,4191.0,ok,13268.0,ok,23083.0,ok,13.0,ok,3.0,ok,,nil_or_na
2016,28,兵庫,21,窯業・土石製品製造業,59.0,ok,4833.0,ok,198355.0,ok,77494.0,ok,24476.0,ok,102398.0,ok,180676.0,ok,45.0,ok,13.0,ok,1.0,ok
2016,28,兵庫,22,鉄鋼業,85.0,ok,16930.0,ok,1620864.0,ok,300374.0,ok,112708.0,ok,1213697.0,ok,1409903.0,ok,57.0,ok,15.0,ok,13.0,ok
2016,28,兵庫,23,非鉄金属製造業,42.0,ok,5340.0,ok,207659.0,ok,79412.0,ok,27797.0,ok,115786.0,ok,202096.0,ok,27.0,ok,12.0,ok,3.0,ok
2016,28,兵庫,24,金属製品製造業,215.0,ok,18317.0,ok,614263.0,ok,210412.0,ok,84311.0,ok,363699.0,ok,589113.0,ok,167.0,ok,43.0,ok,5.0,ok
2016,28,兵庫,25,はん用機械器具製造業,121.0,ok,22973.0,ok,1080951.0,ok,370737.0,ok,144964.0,ok,639523.0,ok,978867.0,ok,84.0,ok,25.0,ok,12.0,ok
2016,28,兵庫,26,生産用機械器具製造業,169.0,ok,21632.0,ok,924119.0,ok,310337.0,ok,117099.0,ok,579217.0,ok,861822.0,ok,125.0,ok,30.0,ok,14.0,ok
2016,28,兵庫,27,業務用機械器具製造業,42.0,ok,6424.0,ok,238579.0,ok,122934.0,ok,33377.0,ok,103220.0,ok,188264.0,ok,29.0,ok,8.0,ok,5.0,ok
2016,28,兵庫,28,電子部品・デバイス・電子回路製造業,58.0,ok,8781.0,ok,382862.0,ok,79828.0,ok,44989.0,ok,265685.0,ok,274677.0,ok,34.0,ok,17.0,ok,7.0,ok
2016,28,兵庫,29,電気機械器具製造業,177.0,ok,33519.0,ok,1399465.0,ok,391461.0,ok,193764.0,ok,964823.0,ok,1384306.0,ok,106.0,ok,46.0,ok,25.0,ok
2016,28,兵庫,30,情報通信機械器具製造業,28.0,ok,6806.0,ok,436134.0,ok,119889.0,ok,41553.0,ok,301609.0,ok,378395.0,ok,12.0,ok,8.0,ok,8.0,ok
2016,28,兵庫,31,輸送用機械器具製造業,120.0,ok,31625.0,ok,1433815.0,ok,432315.0,ok,177842.0,ok,958725.0,ok,1231257.0,ok,76.0,ok,27.0,ok,17.0,ok
2016,28,兵庫,32,その他の製造業,42.0,ok,4978.0,ok,170398.0,ok,78663.0,ok,20771.0,ok,84921.0,ok,168060.0,ok,27.0,ok,13.0,ok,2.0,ok
2016,29,奈良,09,食料品製造業,53.0,ok,8132.0,ok,227879.0,ok,102829.0,ok,29334.0,ok,110917.0,ok,220699.0,ok,27.0,ok,20.0,ok,6.0,ok
2016,29,奈良,10,飲料・たばこ・飼料製造業,3.0,ok,160.0,ok,2823.0,ok,1233.0,ok,714.0,ok,1070.0,ok,2795.0,ok,3.0,ok,,nil_or_na,,nil_or_na
2016,29,奈良,11,繊維工業,49.0,ok,2907.0,ok,45391.0,ok,14770.0,ok,8605.0,ok,27723.0,ok,41807.0,ok,43.0,ok,6.0,ok,,nil_or_na
2016,29,奈良,12,木材・木製品製造業（家具を除く）,12.0,ok,615.0,ok,20403.0,ok,5047.0,ok,2071.0,ok,14492.0,ok,20143.0,ok,11.0,ok,1.0,ok,,nil_or_na
2016,29,奈良,13,家具・装備品製造業,13.0,ok,863.0,ok,23291.0,ok,6810.0,ok,3482.0,ok,15302.0,ok,22626.0,ok,11.0,ok,2.0,ok,,nil_or_na
2016,29,奈良,14,パルプ・紙・紙加工品製造業,16.0,ok,1588.0,ok,49452.0,ok,16245.0,ok,5944.0,ok,31044.0,ok,45161.0,ok,11.0,ok,4.0,ok,1.0,ok
2016,29,奈良,15,印刷・同関連業,19.0,ok,2475.0,ok,64600.0,ok,29236.0,ok,11918.0,ok,31608.0,ok,63131.0,ok,13.0,ok,5.0,ok,1.0,ok
2016,29,奈良,16,化学工業,27.0,ok,2915.0,ok,104644.0,ok,34594.0,ok,12655.0,ok,64365.0,ok,99356.0,ok,18.0,ok,8.0,ok,1.0,ok
2016,29,奈良,17,石油製品・石炭製品製造業,1.0,ok,83.0,ok,,suppressed,,suppressed,,suppressed,,suppressed,,suppressed,1.0,ok,,nil_or_na,,nil_or_na
2016,29,奈良,18,プラスチック製品製造業（別掲を除く）,50.0,ok,3941.0,ok,102833.0,ok,34313.0,ok,14836.0,ok,61755.0,ok,99998.0,ok,39.0,ok,11.0,ok,,nil_or_na
2016,29,奈良,19,ゴム製品製造業,13.0,ok,2204.0,ok,57019.0,ok,25394.0,ok,12101.0,ok,27405.0,ok,46141.0,ok,7.0,ok,3.0,ok,3.0,ok
2016,29,奈良,20,なめし革・同製品・毛皮製造業,2.0,ok,125.0,ok,,suppressed,,suppressed,,suppressed,,suppressed,,suppressed,2.0,ok,,nil_or_na,,nil_or_na
2016,29,奈良,21,窯業・土石製品製造業,10.0,ok,520.0,ok,11368.0,ok,4296.0,ok,2178.0,ok,6403.0,ok,8368.0,ok,10.0,ok,,nil_or_na,,nil_or_na
2016,29,奈良,22,鉄鋼業,8.0,ok,363.0,ok,22405.0,ok,5581.0,ok,1510.0,ok,16546.0,ok,22417.0,ok,8.0,ok,,nil_or_na,,nil_or_na
2016,29,奈良,23,非鉄金属製造業,5.0,ok,419.0,ok,15286.0,ok,8514.0,ok,2548.0,ok,5160.0,ok,13951.0,ok,4.0,ok,1.0,ok,,nil_or_na
2016,29,奈良,24,金属製品製造業,31.0,ok,2350.0,ok,88391.0,ok,36641.0,ok,9599.0,ok,47113.0,ok,88524.0,ok,28.0,ok,2.0,ok,1.0,ok
2016,29,奈良,25,はん用機械器具製造業,17.0,ok,1515.0,ok,44327.0,ok,19446.0,ok,6522.0,ok,22419.0,ok,35901.0,ok,13.0,ok,3.0,ok,1.0,ok
2016,29,奈良,26,生産用機械器具製造業,36.0,ok,3770.0,ok,115092.0,ok,45253.0,ok,20264.0,ok,66944.0,ok,108060.0,ok,26.0,ok,7.0,ok,3.0,ok
2016,29,奈良,27,業務用機械器具製造業,7.0,ok,2461.0,ok,158451.0,ok,54189.0,ok,14675.0,ok,98003.0,ok,153203.0,ok,4.0,ok,2.0,ok,1.0,ok
2016,29,奈良,28,電子部品・デバイス・電子回路製造業,5.0,ok,1178.0,ok,,suppressed,,suppressed,,suppressed,,suppressed,,suppressed,4.0,ok,,nil_or_na,1.0,ok
2016,29,奈良,29,電気機械器具製造業,9.0,ok,1063.0,ok,90889.0,ok,20658.0,ok,5908.0,ok,70044.0,ok,73284.0,ok,7.0,ok,1.0,ok,1.0,ok
2016,29,奈良,30,情報通信機械器具製造業,1.0,ok,91.0,ok,,suppressed,,suppressed,,suppressed,,suppressed,,suppressed,1.0,ok,,nil_or_na,,nil_or_na
2016,29,奈良,31,輸送用機械器具製造業,10.0,ok,3342.0,ok,177920.0,ok,45356.0,ok,18742.0,ok,127827.0,ok,177481.0,ok,7.0,ok,,nil_or_na,3.0,ok
2016,29,奈良,32,その他の製造業,12.0,ok,1382.0,ok,48417.0,ok,14177.0,ok,4936.0,ok,32273.0,ok,39731.0,ok,8.0,ok,4.0,ok,,nil_or_na
2016,30,和歌山,09,食料品製造業,64.0,ok,4959.0,ok,118580.0,ok,33671.0,ok,12346.0,ok,79198.0,ok,110673.0,ok,52.0,ok,11.0,ok,1.0,ok
2016,30,和歌山,10,飲料・たばこ・飼料製造業,15.0,ok,1329.0,ok,43914.0,ok,16836.0,ok,5112.0,ok,24078.0,ok,39142.0,ok,11.0,ok,4.0,ok,,nil_or_na
2016,30,和歌山,11,繊維工業,30.0,ok,2141.0,ok,41987.0,ok,16453.0,ok,7513.0,ok,23271.0,ok,41656.0,ok,26.0,ok,4.0,ok,,nil_or_na
2016,30,和歌山,12,木材・木製品製造業（家具を除く）,8.0,ok,499.0,ok,19544.0,ok,7043.0,ok,2365.0,ok,11542.0,ok,16480.0,ok,7.0,ok,1.0,ok,,nil_or_na
2016,30,和歌山,13,家具・装備品製造業,4.0,ok,375.0,ok,5974.0,ok,1688.0,ok,1063.0,ok,4059.0,ok,5784.0,ok,3.0,ok,1.0,ok,,nil_or_na
2016,30,和歌山,14,パルプ・紙・紙加工品製造業,5.0,ok,645.0,ok,25396.0,ok,8620.0,ok,3075.0,ok,15542.0,ok,23288.0,ok,2.0,ok,3.0,ok,,nil_or_na
2016,30,和歌山,15,印刷・同関連業,9.0,ok,487.0,ok,7476.0,ok,3801.0,ok,1975.0,ok,2995.0,ok,7241.0,ok,9.0,ok,,nil_or_na,,nil_or_na
2016,30,和歌山,16,化学工業,37.0,ok,4841.0,ok,344385.0,ok,172526.0,ok,28310.0,ok,149441.0,ok,342655.0,ok,29.0,ok,7.0,ok,1.0,ok
2016,30,和歌山,17,石油製品・石炭製品製造業,5.0,ok,873.0,ok,499963.0,ok,34270.0,ok,5340.0,ok,319928.0,ok,485205.0,ok,1.0,ok,3.0,ok,1.0,ok
2016,30,和歌山,18,プラスチック製品製造業（別掲を除く）,18.0,ok,876.0,ok,24654.0,ok,9880.0,ok,3237.0,ok,13144.0,ok,24012.0,ok,18.0,ok,,nil_or_na,,nil_or_na
2016,30,和歌山,19,ゴム製品製造業,8.0,ok,899.0,ok,17300.0,ok,7304.0,ok,3400.0,ok,8900.0,ok,14873.0,ok,6.0,ok,1.0,ok,1.0,ok
2016,30,和歌山,20,なめし革・同製品・毛皮製造業,1.0,ok,40.0,ok,,suppressed,,suppressed,,suppressed,,suppressed,,suppressed,1.0,ok,,nil_or_na,,nil_or_na
2016,30,和歌山,21,窯業・土石製品製造業,6.0,ok,394.0,ok,13568.0,ok,5996.0,ok,2041.0,ok,6683.0,ok,13399.0,ok,4.0,ok,2.0,ok,,nil_or_na
2016,30,和歌山,22,鉄鋼業,12.0,ok,3815.0,ok,648966.0,ok,138755.0,ok,26185.0,ok,492202.0,ok,626253.0,ok,6.0,ok,3.0,ok,3.0,ok
2016,30,和歌山,23,非鉄金属製造業,7.0,ok,500.0,ok,16502.0,ok,2744.0,ok,2223.0,ok,13530.0,ok,16571.0,ok,5.0,ok,2.0,ok,,nil_or_na
2016,30,和歌山,24,金属製品製造業,31.0,ok,2052.0,ok,65741.0,ok,23523.0,ok,8693.0,ok,38961.0,ok,63522.0,ok,27.0,ok,4.0,ok,,nil_or_na
2016,30,和歌山,25,はん用機械器具製造業,21.0,ok,3303.0,ok,275714.0,ok,176642.0,ok,16294.0,ok,82502.0,ok,275569.0,ok,13.0,ok,6.0,ok,2.0,ok
2016,30,和歌山,26,生産用機械器具製造業,33.0,ok,3994.0,ok,103226.0,ok,47143.0,ok,18887.0,ok,55175.0,ok,102868.0,ok,26.0,ok,6.0,ok,1.0,ok
2016,30,和歌山,27,業務用機械器具製造業,7.0,ok,809.0,ok,12809.0,ok,5490.0,ok,3243.0,ok,6303.0,ok,12300.0,ok,4.0,ok,3.0,ok,,nil_or_na
2016,30,和歌山,28,電子部品・デバイス・電子回路製造業,6.0,ok,1078.0,ok,17864.0,ok,8156.0,ok,4046.0,ok,8105.0,ok,15676.0,ok,1.0,ok,4.0,ok,1.0,ok
2016,30,和歌山,29,電気機械器具製造業,11.0,ok,853.0,ok,14158.0,ok,6539.0,ok,3032.0,ok,6634.0,ok,14032.0,ok,8.0,ok,3.0,ok,,nil_or_na
2016,30,和歌山,30,情報通信機械器具製造業,2.0,ok,305.0,ok,,suppressed,,suppressed,,suppressed,,suppressed,,suppressed,1.0,ok,1.0,ok,,nil_or_na
2016,30,和歌山,31,輸送用機械器具製造業,7.0,ok,796.0,ok,19527.0,ok,9994.0,ok,3186.0,ok,7904.0,ok,18858.0,ok,4.0,ok,3.0,ok,,nil_or_na
2016,30,和歌山,32,その他の製造業,8.0,ok,519.0,ok,10164.0,ok,4688.0,ok,1784.0,ok,4805.0,ok,10143.0,ok,7.0,ok,1.0,ok,,nil_or_na
2016,31,鳥取,09,食料品製造業,58.0,ok,6104.0,ok,142136.0,ok,45291.0,ok,18732.0,ok,91089.0,ok,125076.0,ok,36.0,ok,18.0,ok,4.0,ok
2016,31,鳥取,10,飲料・たばこ・飼料製造業,5.0,ok,377.0,ok,9957.0,ok,5084.0,ok,1593.0,ok,3605.0,ok,9650.0,ok,4.0,ok,1.0,ok,,nil_or_na
2016,31,鳥取,11,繊維工業,20.0,ok,2082.0,ok,14030.0,ok,6788.0,ok,4493.0,ok,6328.0,ok,14092.0,ok,15.0,ok,4.0,ok,1.0,ok
2016,31,鳥取,12,木材・木製品製造業（家具を除く）,5.0,ok,439.0,ok,19455.0,ok,2942.0,ok,1837.0,ok,15099.0,ok,19079.0,ok,4.0,ok,1.0,ok,,nil_or_na
2016,31,鳥取,13,家具・装備品製造業,2.0,ok,76.0,ok,,suppressed,,suppressed,,suppressed,,suppressed,,suppressed,2.0,ok,,nil_or_na,,nil_or_na
2016,31,鳥取,14,パルプ・紙・紙加工品製造業,11.0,ok,1470.0,ok,90439.0,ok,21715.0,ok,6845.0,ok,57005.0,ok,82801.0,ok,6.0,ok,4.0,ok,1.0,ok
2016,31,鳥取,15,印刷・同関連業,10.0,ok,465.0,ok,5661.0,ok,2577.0,ok,1555.0,ok,2672.0,ok,5667.0,ok,10.0,ok,,nil_or_na,,nil_or_na
2016,31,鳥取,16,化学工業,,nil_or_na,,nil_or_na,,nil_or_na,,nil_or_na,,nil_or_na,,nil_or_na,,nil_or_na,,nil_or_na,,nil_or_na,,nil_or_na
2016,31,鳥取,17,石油製品・石炭製品製造業,,nil_or_na,,nil_or_na,,nil_or_na,,nil_or_na,,nil_or_na,,nil_or_na,,nil_or_na,,nil_or_na,,nil_or_na,,nil_or_na
2016,31,鳥取,18,プラスチック製品製造業（別掲を除く）,11.0,ok,686.0,ok,16456.0,ok,6947.0,ok,2195.0,ok,8507.0,ok,16339.0,ok,10.0,ok,1.0,ok,,nil_or_na
2016,31,鳥取,19,ゴム製品製造業,2.0,ok,144.0,ok,,suppressed,,suppressed,,suppressed,,suppressed,,suppressed,1.0,ok,1.0,ok,,nil_or_na
2016,31,鳥取,20,なめし革・同製品・毛皮製造業,1.0,ok,271.0,ok,,suppressed,,suppressed,,suppressed,,suppressed,,suppressed,,nil_or_na,1.0,ok,,nil_or_na
2016,31,鳥取,21,窯業・土石製品製造業,2.0,ok,102.0,ok,,suppressed,,suppressed,,suppressed,,suppressed,,suppressed,2.0,ok,,nil_or_na,,nil_or_na
2016,31,鳥取,22,鉄鋼業,4.0,ok,644.0,ok,14983.0,ok,4433.0,ok,2544.0,ok,9306.0,ok,14695.0,ok,2.0,ok,1.0,ok,1.0,ok
2016,31,鳥取,23,非鉄金属製造業,1.0,ok,71.0,ok,,suppressed,,suppressed,,suppressed,,suppressed,,suppressed,1.0,ok,,nil_or_na,,nil_or_na
2016,31,鳥取,24,金属製品製造業,20.0,ok,1337.0,ok,28945.0,ok,10764.0,ok,4705.0,ok,14934.0,ok,27617.0,ok,17.0,ok,3.0,ok,,nil_or_na
2016,31,鳥取,25,はん用機械器具製造業,,nil_or_na,,nil_or_na,,nil_or_na,,nil_or_na,,nil_or_na,,nil_or_na,,nil_or_na,,nil_or_na,,nil_or_na,,nil_or_na
2016,31,鳥取,26,生産用機械器具製造業,14.0,ok,1119.0,ok,23853.0,ok,8121.0,ok,4168.0,ok,14859.0,ok,22001.0,ok,11.0,ok,3.0,ok,,nil_or_na
2016,31,鳥取,27,業務用機械器具製造業,5.0,ok,481.0,ok,4902.0,ok,1991.0,ok,1326.0,ok,2557.0,ok,4881.0,ok,3.0,ok,2.0,ok,,nil_or_na
2016,31,鳥取,28,電子部品・デバイス・電子回路製造業,28.0,ok,4906.0,ok,141101.0,ok,44499.0,ok,23816.0,ok,90395.0,ok,122267.0,ok,16.0,ok,7.0,ok,5.0,ok
2016,31,鳥取,29,電気機械器具製造業,27.0,ok,2928.0,ok,81614.0,ok,20388.0,ok,10112.0,ok,59019.0,ok,77981.0,ok,19.0,ok,6.0,ok,2.0,ok
2016,31,鳥取,30,情報通信機械器具製造業,3.0,ok,451.0,ok,16266.0,ok,3155.0,ok,2055.0,ok,12783.0,ok,16374.0,ok,2.0,ok,,nil_or_na,1.0,ok
2016,31,鳥取,31,輸送用機械器具製造業,9.0,ok,1049.0,ok,20183.0,ok,6639.0,ok,3841.0,ok,13381.0,ok,19419.0,ok,7.0,ok,1.0,ok,1.0,ok
2016,31,鳥取,32,その他の製造業,2.0,ok,192.0,ok,,suppressed,,suppressed,,suppressed,,suppressed,,suppressed,2.0,ok,,nil_or_na,,nil_or_na
2016,32,島根,09,食料品製造業,48.0,ok,3401.0,ok,52511.0,ok,18112.0,ok,8878.0,ok,31770.0,ok,49402.0,ok,39.0,ok,9.0,ok,,nil_or_na
2016,32,島根,10,飲料・たばこ・飼料製造業,5.0,ok,313.0,ok,7387.0,ok,3357.0,ok,864.0,ok,3457.0,ok,7014.0,ok,4.0,ok,1.0,ok,,nil_or_na
2016,32,島根,11,繊維工業,20.0,ok,1767.0,ok,30693.0,ok,9780.0,ok,5050.0,ok,19783.0,ok,29969.0,ok,13.0,ok,7.0,ok,,nil_or_na
2016,32,島根,12,木材・木製品製造業（家具を除く）,5.0,ok,380.0,ok,28812.0,ok,8757.0,ok,1690.0,ok,18198.0,ok,28600.0,ok,3.0,ok,2.0,ok,,nil_or_na
2016,32,島根,13,家具・装備品製造業,4.0,ok,266.0,ok,5614.0,ok,2450.0,ok,895.0,ok,2919.0,ok,3556.0,ok,4.0,ok,,nil_or_na,,nil_or_na
2016,32,島根,14,パルプ・紙・紙加工品製造業,11.0,ok,1017.0,ok,28217.0,ok,9491.0,ok,3602.0,ok,15998.0,ok,27658.0,ok,7.0,ok,4.0,ok,,nil_or_na
2016,32,島根,15,印刷・同関連業,7.0,ok,327.0,ok,3812.0,ok,1537.0,ok,1085.0,ok,2056.0,ok,3777.0,ok,7.0,ok,,nil_or_na,,nil_or_na
2016,32,島根,16,化学工業,5.0,ok,780.0,ok,26749.0,ok,12261.0,ok,2500.0,ok,13694.0,ok,27584.0,ok,3.0,ok,1.0,ok,1.0,ok
2016,32,島根,17,石油製品・石炭製品製造業,,nil_or_na,,nil_or_na,,nil_or_na,,nil_or_na,,nil_or_na,,nil_or_na,,nil_or_na,,nil_or_na,,nil_or_na,,nil_or_na
2016,32,島根,18,プラスチック製品製造業（別掲を除く）,11.0,ok,945.0,ok,17652.0,ok,3253.0,ok,3089.0,ok,11973.0,ok,17625.0,ok,6.0,ok,5.0,ok,,nil_or_na
2016,32,島根,19,ゴム製品製造業,7.0,ok,583.0,ok,7444.0,ok,2922.0,ok,1632.0,ok,4130.0,ok,7333.0,ok,4.0,ok,3.0,ok,,nil_or_na
2016,32,島根,20,なめし革・同製品・毛皮製造業,1.0,ok,36.0,ok,,suppressed,,suppressed,,suppressed,,suppressed,,suppressed,1.0,ok,,nil_or_na,,nil_or_na
2016,32,島根,21,窯業・土石製品製造業,8.0,ok,506.0,ok,9728.0,ok,4534.0,ok,1531.0,ok,4534.0,ok,9602.0,ok,7.0,ok,1.0,ok,,nil_or_na
2016,32,島根,22,鉄鋼業,18.0,ok,4518.0,ok,159944.0,ok,77104.0,ok,23123.0,ok,71433.0,ok,155931.0,ok,10.0,ok,5.0,ok,3.0,ok
2016,32,島根,23,非鉄金属製造業,2.0,ok,369.0,ok,,suppressed,,suppressed,,suppressed,,suppressed,,suppressed,1.0,ok,1.0,ok,,nil_or_na
2016,32,島根,24,金属製品製造業,14.0,ok,1074.0,ok,27519.0,ok,8260.0,ok,4388.0,ok,16973.0,ok,27474.0,ok,11.0,ok,3.0,ok,,nil_or_na
2016,32,島根,25,はん用機械器具製造業,11.0,ok,1352.0,ok,56878.0,ok,23253.0,ok,7461.0,ok,31143.0,ok,54253.0,ok,7.0,ok,3.0,ok,1.0,ok
2016,32,島根,26,生産用機械器具製造業,23.0,ok,1803.0,ok,54305.0,ok,15983.0,ok,7871.0,ok,36710.0,ok,54171.0,ok,20.0,ok,2.0,ok,1.0,ok
2016,32,島根,27,業務用機械器具製造業,2.0,ok,852.0,ok,,suppressed,,suppressed,,suppressed,,suppressed,,suppressed,1.0,ok,,nil_or_na,1.0,ok
2016,32,島根,28,電子部品・デバイス・電子回路製造業,13.0,ok,5135.0,ok,180189.0,ok,66427.0,ok,22489.0,ok,93173.0,ok,175243.0,ok,6.0,ok,5.0,ok,2.0,ok
2016,32,島根,29,電気機械器具製造業,14.0,ok,1409.0,ok,31933.0,ok,8706.0,ok,5384.0,ok,21044.0,ok,28076.0,ok,11.0,ok,3.0,ok,,nil_or_na
2016,32,島根,30,情報通信機械器具製造業,5.0,ok,840.0,ok,112703.0,ok,5412.0,ok,3361.0,ok,106360.0,ok,112807.0,ok,4.0,ok,,nil_or_na,1.0,ok
2016,32,島根,31,輸送用機械器具製造業,16.0,ok,2428.0,ok,78732.0,ok,25091.0,ok,10739.0,ok,49719.0,ok,76927.0,ok,7.0,ok,6.0,ok,3.0,ok
2016,32,島根,32,その他の製造業,3.0,ok,114.0,ok,1401.0,ok,668.0,ok,305.0,ok,670.0,ok,1398.0,ok,3.0,ok,,nil_or_na,,nil_or_na
2016,33,岡山,09,食料品製造業,114.0,ok,17226.0,ok,484620.0,ok,173091.0,ok,55852.0,ok,283987.0,ok,467339.0,ok,64.0,ok,36.0,ok,14.0,ok
2016,33,岡山,10,飲料・たばこ・飼料製造業,8.0,ok,544.0,ok,145215.0,ok,45492.0,ok,2597.0,ok,58109.0,ok,144607.0,ok,7.0,ok,1.0,ok,,nil_or_na
2016,33,岡山,11,繊維工業,95.0,ok,7358.0,ok,167351.0,ok,61066.0,ok,23996.0,ok,97910.0,ok,153247.0,ok,79.0,ok,14.0,ok,2.0,ok
2016,33,岡山,12,木材・木製品製造業（家具を除く）,15.0,ok,1074.0,ok,63827.0,ok,14529.0,ok,4751.0,ok,47220.0,ok,58857.0,ok,11.0,ok,4.0,ok,,nil_or_na
2016,33,岡山,13,家具・装備品製造業,7.0,ok,685.0,ok,17512.0,ok,4403.0,ok,2787.0,ok,11971.0,ok,17256.0,ok,5.0,ok,2.0,ok,,nil_or_na
2016,33,岡山,14,パルプ・紙・紙加工品製造業,32.0,ok,2882.0,ok,97133.0,ok,37804.0,ok,11088.0,ok,53398.0,ok,90330.0,ok,22.0,ok,10.0,ok,,nil_or_na
2016,33,岡山,15,印刷・同関連業,44.0,ok,3748.0,ok,112483.0,ok,47745.0,ok,16376.0,ok,59128.0,ok,112235.0,ok,35.0,ok,6.0,ok,3.0,ok
2016,33,岡山,16,化学工業,68.0,ok,10627.0,ok,828740.0,ok,240228.0,ok,68201.0,ok,519818.0,ok,769835.0,ok,39.0,ok,21.0,ok,8.0,ok
2016,33,岡山,17,石油製品・石炭製品製造業,2.0,ok,1070.0,ok,,suppressed,,suppressed,,suppressed,,suppressed,,suppressed,1.0,ok,,nil_or_na,1.0,ok
2016,33,岡山,18,プラスチック製品製造業（別掲を除く）,59.0,ok,5983.0,ok,230681.0,ok,83777.0,ok,26876.0,ok,134137.0,ok,196595.0,ok,41.0,ok,14.0,ok,4.0,ok
2016,33,岡山,19,ゴム製品製造業,27.0,ok,4081.0,ok,94315.0,ok,35259.0,ok,17607.0,ok,53709.0,ok,78763.0,ok,14.0,ok,9.0,ok,4.0,ok
2016,33,岡山,20,なめし革・同製品・毛皮製造業,1.0,ok,40.0,ok,,suppressed,,suppressed,,suppressed,,suppressed,,suppressed,1.0,ok,,nil_or_na,,nil_or_na
2016,33,岡山,21,窯業・土石製品製造業,38.0,ok,3162.0,ok,148442.0,ok,50559.0,ok,15086.0,ok,88118.0,ok,123798.0,ok,27.0,ok,10.0,ok,1.0,ok
2016,33,岡山,22,鉄鋼業,34.0,ok,7675.0,ok,748023.0,ok,82477.0,ok,45543.0,ok,616456.0,ok,732656.0,ok,22.0,ok,9.0,ok,3.0,ok
2016,33,岡山,23,非鉄金属製造業,17.0,ok,1534.0,ok,73261.0,ok,23051.0,ok,7746.0,ok,41219.0,ok,66974.0,ok,13.0,ok,4.0,ok,,nil_or_na
2016,33,岡山,24,金属製品製造業,52.0,ok,5239.0,ok,150451.0,ok,53430.0,ok,23611.0,ok,84519.0,ok,146780.0,ok,40.0,ok,9.0,ok,3.0,ok
2016,33,岡山,25,はん用機械器具製造業,34.0,ok,4677.0,ok,204549.0,ok,70369.0,ok,24920.0,ok,124472.0,ok,199614.0,ok,18.0,ok,15.0,ok,1.0,ok
2016,33,岡山,26,生産用機械器具製造業,73.0,ok,6816.0,ok,224000.0,ok,73681.0,ok,33144.0,ok,138207.0,ok,219060.0,ok,58.0,ok,10.0,ok,5.0,ok
2016,33,岡山,27,業務用機械器具製造業,10.0,ok,1200.0,ok,29089.0,ok,11245.0,ok,4769.0,ok,17853.0,ok,29479.0,ok,8.0,ok,,nil_or_na,2.0,ok
2016,33,岡山,28,電子部品・デバイス・電子回路製造業,24.0,ok,6287.0,ok,389103.0,ok,79591.0,ok,29983.0,ok,285046.0,ok,377950.0,ok,11.0,ok,8.0,ok,5.0,ok
2016,33,岡山,29,電気機械器具製造業,41.0,ok,3734.0,ok,166315.0,ok,44353.0,ok,14734.0,ok,116041.0,ok,156496.0,ok,30.0,ok,8.0,ok,3.0,ok
2016,33,岡山,30,情報通信機械器具製造業,5.0,ok,1008.0,ok,38718.0,ok,23007.0,ok,6072.0,ok,14915.0,ok,37175.0,ok,2.0,ok,2.0,ok,1.0,ok
2016,33,岡山,31,輸送用機械器具製造業,87.0,ok,17688.0,ok,766436.0,ok,206246.0,ok,91604.0,ok,542706.0,ok,767291.0,ok,51.0,ok,24.0,ok,12.0,ok
2016,33,岡山,32,その他の製造業,12.0,ok,1048.0,ok,29552.0,ok,6387.0,ok,3786.0,ok,22120.0,ok,29408.0,ok,9.0,ok,3.0,ok,,nil_or_na
2016,34,広島,09,食料品製造業,180.0,ok,22823.0,ok,582238.0,ok,204789.0,ok,72910.0,ok,348285.0,ok,488700.0,ok,112.0,ok,54.0,ok,14.0,ok
2016,34,広島,10,飲料・たばこ・飼料製造業,13.0,ok,866.0,ok,27137.0,ok,9446.0,ok,3384.0,ok,13550.0,ok,25966.0,ok,11.0,ok,2.0,ok,,nil_or_na
2016,34,広島,11,繊維工業,43.0,ok,3444.0,ok,76179.0,ok,26602.0,ok,11752.0,ok,44563.0,ok,65262.0,ok,35.0,ok,7.0,ok,1.0,ok
2016,34,広島,12,木材・木製品製造業（家具を除く）,28.0,ok,2229.0,ok,101950.0,ok,32912.0,ok,9257.0,ok,65772.0,ok,95945.0,ok,21.0,ok,6.0,ok,1.0,ok
2016,34,広島,13,家具・装備品製造業,25.0,ok,1429.0,ok,21546.0,ok,7858.0,ok,4291.0,ok,12135.0,ok,20355.0,ok,23.0,ok,2.0,ok,,nil_or_na
2016,34,広島,14,パルプ・紙・紙加工品製造業,18.0,ok,1262.0,ok,82082.0,ok,16750.0,ok,6600.0,ok,58387.0,ok,76155.0,ok,16.0,ok,2.0,ok,,nil_or_na
2016,34,広島,15,印刷・同関連業,46.0,ok,2859.0,ok,58534.0,ok,22839.0,ok,12003.0,ok,31035.0,ok,56334.0,ok,41.0,ok,5.0,ok,,nil_or_na
2016,34,広島,16,化学工業,36.0,ok,5214.0,ok,369242.0,ok,131240.0,ok,28282.0,ok,215549.0,ok,354146.0,ok,23.0,ok,11.0,ok,2.0,ok
2016,34,広島,17,石油製品・石炭製品製造業,1.0,ok,51.0,ok,,suppressed,,suppressed,,suppressed,,suppressed,,suppressed,1.0,ok,,nil_or_na,,nil_or_na
2016,34,広島,18,プラスチック製品製造業（別掲を除く）,86.0,ok,11023.0,ok,483437.0,ok,148753.0,ok,48925.0,ok,326868.0,ok,467680.0,ok,58.0,ok,23.0,ok,5.0,ok
2016,34,広島,19,ゴム製品製造業,31.0,ok,3456.0,ok,81733.0,ok,32484.0,ok,17117.0,ok,42174.0,ok,70874.0,ok,20.0,ok,8.0,ok,3.0,ok
2016,34,広島,20,なめし革・同製品・毛皮製造業,2.0,ok,145.0,ok,,suppressed,,suppressed,,suppressed,,suppressed,,suppressed,1.0,ok,1.0,ok,,nil_or_na
2016,34,広島,21,窯業・土石製品製造業,28.0,ok,2994.0,ok,82876.0,ok,40653.0,ok,13960.0,ok,37311.0,ok,75464.0,ok,23.0,ok,3.0,ok,2.0,ok
2016,34,広島,22,鉄鋼業,39.0,ok,8993.0,ok,1047568.0,ok,139684.0,ok,53499.0,ok,865974.0,ok,1018539.0,ok,26.0,ok,10.0,ok,3.0,ok
2016,34,広島,23,非鉄金属製造業,19.0,ok,4520.0,ok,297540.0,ok,96645.0,ok,27304.0,ok,180709.0,ok,297935.0,ok,7.0,ok,7.0,ok,5.0,ok
2016,34,広島,24,金属製品製造業,93.0,ok,6811.0,ok,199610.0,ok,71665.0,ok,32725.0,ok,113988.0,ok,189899.0,ok,73.0,ok,19.0,ok,1.0,ok
2016,34,広島,25,はん用機械器具製造業,44.0,ok,8343.0,ok,348647.0,ok,138439.0,ok,50683.0,ok,202326.0,ok,292631.0,ok,27.0,ok,9.0,ok,8.0,ok
2016,34,広島,26,生産用機械器具製造業,124.0,ok,16804.0,ok,698396.0,ok,210503.0,ok,90752.0,ok,488361.0,ok,656648.0,ok,91.0,ok,18.0,ok,15.0,ok
2016,34,広島,27,業務用機械器具製造業,13.0,ok,2179.0,ok,63796.0,ok,29385.0,ok,9788.0,ok,31189.0,ok,63463.0,ok,5.0,ok,6.0,ok,2.0,ok
2016,34,広島,28,電子部品・デバイス・電子回路製造業,13.0,ok,4770.0,ok,660733.0,ok,280115.0,ok,30961.0,ok,286159.0,ok,637918.0,ok,8.0,ok,2.0,ok,3.0,ok
2016,34,広島,29,電気機械器具製造業,51.0,ok,7442.0,ok,231334.0,ok,83984.0,ok,33692.0,ok,138283.0,ok,227223.0,ok,35.0,ok,9.0,ok,7.0,ok
2016,34,広島,30,情報通信機械器具製造業,7.0,ok,1434.0,ok,184735.0,ok,65909.0,ok,8907.0,ok,110570.0,ok,184403.0,ok,6.0,ok,,nil_or_na,1.0,ok
2016,34,広島,31,輸送用機械器具製造業,178.0,ok,47540.0,ok,3387230.0,ok,1039032.0,ok,275289.0,ok,2407114.0,ok,3008237.0,ok,104.0,ok,45.0,ok,29.0,ok
2016,34,広島,32,その他の製造業,28.0,ok,1993.0,ok,36669.0,ok,16058.0,ok,6501.0,ok,18683.0,ok,32851.0,ok,23.0,ok,4.0,ok,1.0,ok
2016,35,山口,09,食料品製造業,100.0,ok,9801.0,ok,185419.0,ok,68618.0,ok,26501.0,ok,107525.0,ok,174613.0,ok,70.0,ok,26.0,ok,4.0,ok
2016,35,山口,10,飲料・たばこ・飼料製造業,6.0,ok,815.0,ok,36829.0,ok,8136.0,ok,3530.0,ok,25249.0,ok,36688.0,ok,3.0,ok,2.0,ok,1.0,ok
2016,35,山口,11,繊維工業,16.0,ok,2011.0,ok,64686.0,ok,18829.0,ok,7859.0,ok,41113.0,ok,64501.0,ok,11.0,ok,2.0,ok,3.0,ok
2016,35,山口,12,木材・木製品製造業（家具を除く）,8.0,ok,708.0,ok,27249.0,ok,6280.0,ok,2543.0,ok,20448.0,ok,26088.0,ok,5.0,ok,3.0,ok,,nil_or_na
2016,35,山口,13,家具・装備品製造業,1.0,ok,32.0,ok,,suppressed,,suppressed,,suppressed,,suppressed,,suppressed,1.0,ok,,nil_or_na,,nil_or_na
2016,35,山口,14,パルプ・紙・紙加工品製造業,14.0,ok,1525.0,ok,96332.0,ok,25119.0,ok,7470.0,ok,64410.0,ok,91662.0,ok,10.0,ok,3.0,ok,1.0,ok
2016,35,山口,15,印刷・同関連業,18.0,ok,1451.0,ok,24810.0,ok,10015.0,ok,5016.0,ok,13073.0,ok,23430.0,ok,13.0,ok,5.0,ok,,nil_or_na
2016,35,山口,16,化学工業,59.0,ok,14351.0,ok,1608475.0,ok,677145.0,ok,92031.0,ok,796982.0,ok,1532645.0,ok,23.0,ok,20.0,ok,16.0,ok
2016,35,山口,17,石油製品・石炭製品製造業,4.0,ok,1019.0,ok,748854.0,ok,15207.0,ok,7574.0,ok,550127.0,ok,746021.0,ok,1.0,ok,2.0,ok,1.0,ok
2016,35,山口,18,プラスチック製品製造業（別掲を除く）,37.0,ok,3593.0,ok,102883.0,ok,36554.0,ok,13788.0,ok,61417.0,ok,102603.0,ok,25.0,ok,12.0,ok,,nil_or_na
2016,35,山口,19,ゴム製品製造業,12.0,ok,2549.0,ok,155360.0,ok,95356.0,ok,13390.0,ok,56617.0,ok,154902.0,ok,8.0,ok,2.0,ok,2.0,ok
2016,35,山口,20,なめし革・同製品・毛皮製造業,1.0,ok,89.0,ok,,suppressed,,suppressed,,suppressed,,suppressed,,suppressed,1.0,ok,,nil_or_na,,nil_or_na
2016,35,山口,21,窯業・土石製品製造業,29.0,ok,2483.0,ok,158250.0,ok,62542.0,ok,12103.0,ok,79965.0,ok,140855.0,ok,20.0,ok,9.0,ok,,nil_or_na
2016,35,山口,22,鉄鋼業,25.0,ok,5862.0,ok,569796.0,ok,104351.0,ok,35211.0,ok,426794.0,ok,553913.0,ok,12.0,ok,8.0,ok,5.0,ok
2016,35,山口,23,非鉄金属製造業,7.0,ok,1454.0,ok,102530.0,ok,20631.0,ok,9082.0,ok,76819.0,ok,102237.0,ok,2.0,ok,4.0,ok,1.0,ok
2016,35,山口,24,金属製品製造業,45.0,ok,3994.0,ok,151736.0,ok,52249.0,ok,18521.0,ok,92872.0,ok,117518.0,ok,35.0,ok,8.0,ok,2.0,ok
2016,35,山口,25,はん用機械器具製造業,19.0,ok,3448.0,ok,82693.0,ok,24376.0,ok,18689.0,ok,53633.0,ok,80311.0,ok,12.0,ok,4.0,ok,3.0,ok
2016,35,山口,26,生産用機械器具製造業,40.0,ok,3857.0,ok,156188.0,ok,69043.0,ok,22067.0,ok,87658.0,ok,143785.0,ok,33.0,ok,5.0,ok,2.0,ok
2016,35,山口,27,業務用機械器具製造業,4.0,ok,485.0,ok,7092.0,ok,4046.0,ok,1676.0,ok,1598.0,ok,6871.0,ok,1.0,ok,3.0,ok,,nil_or_na
2016,35,山口,28,電子部品・デバイス・電子回路製造業,10.0,ok,2310.0,ok,62140.0,ok,30281.0,ok,12595.0,ok,29197.0,ok,61755.0,ok,5.0,ok,2.0,ok,3.0,ok
2016,35,山口,29,電気機械器具製造業,17.0,ok,1801.0,ok,34474.0,ok,9469.0,ok,6836.0,ok,22939.0,ok,25655.0,ok,13.0,ok,2.0,ok,2.0,ok
2016,35,山口,30,情報通信機械器具製造業,1.0,ok,127.0,ok,,suppressed,,suppressed,,suppressed,,suppressed,,suppressed,,nil_or_na,1.0,ok,,nil_or_na
2016,35,山口,31,輸送用機械器具製造業,51.0,ok,12664.0,ok,940729.0,ok,316936.0,ok,63147.0,ok,614187.0,ok,918694.0,ok,27.0,ok,14.0,ok,10.0,ok
2016,35,山口,32,その他の製造業,5.0,ok,631.0,ok,7225.0,ok,3798.0,ok,1898.0,ok,2962.0,ok,7158.0,ok,3.0,ok,1.0,ok,1.0,ok
2016,36,徳島,09,食料品製造業,48.0,ok,4609.0,ok,110992.0,ok,35082.0,ok,12950.0,ok,70231.0,ok,104372.0,ok,36.0,ok,10.0,ok,2.0,ok
2016,36,徳島,10,飲料・たばこ・飼料製造業,5.0,ok,449.0,ok,27771.0,ok,10276.0,ok,1871.0,ok,15964.0,ok,26247.0,ok,4.0,ok,1.0,ok,,nil_or_na
2016,36,徳島,11,繊維工業,9.0,ok,793.0,ok,19504.0,ok,4502.0,ok,2643.0,ok,14098.0,ok,19375.0,ok,5.0,ok,4.0,ok,,nil_or_na
2016,36,徳島,12,木材・木製品製造業（家具を除く）,11.0,ok,808.0,ok,27972.0,ok,8422.0,ok,3275.0,ok,17513.0,ok,26492.0,ok,9.0,ok,2.0,ok,,nil_or_na
2016,36,徳島,13,家具・装備品製造業,9.0,ok,905.0,ok,13837.0,ok,3864.0,ok,3627.0,ok,9340.0,ok,13808.0,ok,6.0,ok,3.0,ok,,nil_or_na
2016,36,徳島,14,パルプ・紙・紙加工品製造業,19.0,ok,2212.0,ok,116390.0,ok,30683.0,ok,11778.0,ok,74077.0,ok,110144.0,ok,12.0,ok,7.0,ok,,nil_or_na
2016,36,徳島,15,印刷・同関連業,7.0,ok,551.0,ok,7403.0,ok,3689.0,ok,2345.0,ok,3147.0,ok,7479.0,ok,6.0,ok,1.0,ok,,nil_or_na
2016,36,徳島,16,化学工業,30.0,ok,6759.0,ok,522375.0,ok,348000.0,ok,40053.0,ok,136930.0,ok,504221.0,ok,15.0,ok,9.0,ok,6.0,ok
2016,36,徳島,17,石油製品・石炭製品製造業,,nil_or_na,,nil_or_na,,nil_or_na,,nil_or_na,,nil_or_na,,nil_or_na,,nil_or_na,,nil_or_na,,nil_or_na,,nil_or_na
2016,36,徳島,18,プラスチック製品製造業（別掲を除く）,13.0,ok,1617.0,ok,49857.0,ok,17905.0,ok,7576.0,ok,28487.0,ok,47572.0,ok,5.0,ok,8.0,ok,,nil_or_na
2016,36,徳島,19,ゴム製品製造業,1.0,ok,338.0,ok,,suppressed,,suppressed,,suppressed,,suppressed,,suppressed,,nil_or_na,,nil_or_na,1.0,ok
2016,36,徳島,20,なめし革・同製品・毛皮製造業,,nil_or_na,,nil_or_na,,nil_or_na,,nil_or_na,,nil_or_na,,nil_or_na,,nil_or_na,,nil_or_na,,nil_or_na,,nil_or_na
2016,36,徳島,21,窯業・土石製品製造業,6.0,ok,292.0,ok,,suppressed,,suppressed,,suppressed,,suppressed,,suppressed,6.0,ok,,nil_or_na,,nil_or_na
2016,36,徳島,22,鉄鋼業,4.0,ok,443.0,ok,30009.0,ok,2634.0,ok,2341.0,ok,25339.0,ok,28413.0,ok,2.0,ok,2.0,ok,,nil_or_na
2016,36,徳島,23,非鉄金属製造業,,nil_or_na,,nil_or_na,,nil_or_na,,nil_or_na,,nil_or_na,,nil_or_na,,nil_or_na,,nil_or_na,,nil_or_na,,nil_or_na
2016,36,徳島,24,金属製品製造業,20.0,ok,2155.0,ok,52220.0,ok,21816.0,ok,10174.0,ok,26668.0,ok,51393.0,ok,16.0,ok,2.0,ok,2.0,ok
2016,36,徳島,25,はん用機械器具製造業,10.0,ok,1898.0,ok,62532.0,ok,17008.0,ok,10027.0,ok,42488.0,ok,61841.0,ok,7.0,ok,2.0,ok,1.0,ok
2016,36,徳島,26,生産用機械器具製造業,18.0,ok,1626.0,ok,43915.0,ok,17146.0,ok,8415.0,ok,23816.0,ok,33049.0,ok,15.0,ok,2.0,ok,1.0,ok
2016,36,徳島,27,業務用機械器具製造業,,nil_or_na,,nil_or_na,,nil_or_na,,nil_or_na,,nil_or_na,,nil_or_na,,nil_or_na,,nil_or_na,,nil_or_na,,nil_or_na
2016,36,徳島,28,電子部品・デバイス・電子回路製造業,6.0,ok,8063.0,ok,313031.0,ok,125593.0,ok,43852.0,ok,137911.0,ok,309833.0,ok,1.0,ok,2.0,ok,3.0,ok
2016,36,徳島,29,電気機械器具製造業,17.0,ok,2238.0,ok,100692.0,ok,21072.0,ok,13530.0,ok,73359.0,ok,81245.0,ok,10.0,ok,5.0,ok,2.0,ok
2016,36,徳島,30,情報通信機械器具製造業,1.0,ok,56.0,ok,,suppressed,,suppressed,,suppressed,,suppressed,,suppressed,1.0,ok,,nil_or_na,,nil_or_na
2016,36,徳島,31,輸送用機械器具製造業,4.0,ok,321.0,ok,,suppressed,,suppressed,,suppressed,,suppressed,,suppressed,3.0,ok,1.0,ok,,nil_or_na
2016,36,徳島,32,その他の製造業,4.0,ok,447.0,ok,24368.0,ok,17744.0,ok,1739.0,ok,4705.0,ok,24310.0,ok,2.0,ok,2.0,ok,,nil_or_na
2016,37,香川,09,食料品製造業,111.0,ok,10772.0,ok,291250.0,ok,95205.0,ok,32781.0,ok,181180.0,ok,270528.0,ok,74.0,ok,33.0,ok,4.0,ok
2016,37,香川,10,飲料・たばこ・飼料製造業,4.0,ok,154.0,ok,15137.0,ok,2181.0,ok,786.0,ok,12262.0,ok,14958.0,ok,4.0,ok,,nil_or_na,,nil_or_na
2016,37,香川,11,繊維工業,24.0,ok,1766.0,ok,29383.0,ok,11320.0,ok,5069.0,ok,16664.0,ok,27715.0,ok,20.0,ok,4.0,ok,,nil_or_na
2016,37,香川,12,木材・木製品製造業（家具を除く）,10.0,ok,995.0,ok,41446.0,ok,11844.0,ok,3493.0,ok,28067.0,ok,40564.0,ok,7.0,ok,3.0,ok,,nil_or_na
2016,37,香川,13,家具・装備品製造業,3.0,ok,416.0,ok,13017.0,ok,2725.0,ok,1856.0,ok,9570.0,ok,11344.0,ok,,nil_or_na,3.0,ok,,nil_or_na
2016,37,香川,14,パルプ・紙・紙加工品製造業,27.0,ok,2707.0,ok,109188.0,ok,27651.0,ok,10090.0,ok,75411.0,ok,103061.0,ok,16.0,ok,10.0,ok,1.0,ok
2016,37,香川,15,印刷・同関連業,28.0,ok,2182.0,ok,41284.0,ok,15594.0,ok,7671.0,ok,23051.0,ok,39271.0,ok,22.0,ok,5.0,ok,1.0,ok
2016,37,香川,16,化学工業,21.0,ok,3016.0,ok,156649.0,ok,74781.0,ok,15925.0,ok,62629.0,ok,140630.0,ok,10.0,ok,8.0,ok,3.0,ok
2016,37,香川,17,石油製品・石炭製品製造業,1.0,ok,921.0,ok,,suppressed,,suppressed,,suppressed,,suppressed,,suppressed,,nil_or_na,,nil_or_na,1.0,ok
2016,37,香川,18,プラスチック製品製造業（別掲を除く）,32.0,ok,3237.0,ok,112119.0,ok,30874.0,ok,12713.0,ok,74148.0,ok,98789.0,ok,20.0,ok,11.0,ok,1.0,ok
2016,37,香川,19,ゴム製品製造業,4.0,ok,542.0,ok,16278.0,ok,9152.0,ok,2772.0,ok,5889.0,ok,16315.0,ok,1.0,ok,3.0,ok,,nil_or_na
2016,37,香川,20,なめし革・同製品・毛皮製造業,3.0,ok,154.0,ok,,suppressed,,suppressed,,suppressed,,suppressed,,suppressed,3.0,ok,,nil_or_na,,nil_or_na
2016,37,香川,21,窯業・土石製品製造業,13.0,ok,1730.0,ok,47328.0,ok,19514.0,ok,8224.0,ok,21426.0,ok,44317.0,ok,8.0,ok,3.0,ok,2.0,ok
2016,37,香川,22,鉄鋼業,6.0,ok,410.0,ok,37262.0,ok,7790.0,ok,1872.0,ok,27987.0,ok,37172.0,ok,6.0,ok,,nil_or_na,,nil_or_na
2016,37,香川,23,非鉄金属製造業,7.0,ok,953.0,ok,372559.0,ok,102064.0,ok,5364.0,ok,263951.0,ok,376519.0,ok,4.0,ok,2.0,ok,1.0,ok
2016,37,香川,24,金属製品製造業,40.0,ok,4116.0,ok,123823.0,ok,44827.0,ok,18612.0,ok,64668.0,ok,115156.0,ok,30.0,ok,9.0,ok,1.0,ok
2016,37,香川,25,はん用機械器具製造業,22.0,ok,3209.0,ok,99209.0,ok,37198.0,ok,15890.0,ok,56042.0,ok,92013.0,ok,13.0,ok,7.0,ok,2.0,ok
2016,37,香川,26,生産用機械器具製造業,21.0,ok,2553.0,ok,99666.0,ok,17397.0,ok,13048.0,ok,80536.0,ok,94095.0,ok,15.0,ok,4.0,ok,2.0,ok
2016,37,香川,27,業務用機械器具製造業,4.0,ok,357.0,ok,9637.0,ok,4338.0,ok,1492.0,ok,5061.0,ok,8293.0,ok,3.0,ok,1.0,ok,,nil_or_na
2016,37,香川,28,電子部品・デバイス・電子回路製造業,8.0,ok,2455.0,ok,44030.0,ok,21187.0,ok,10174.0,ok,19748.0,ok,44249.0,ok,5.0,ok,1.0,ok,2.0,ok
2016,37,香川,29,電気機械器具製造業,37.0,ok,5109.0,ok,159442.0,ok,46523.0,ok,25357.0,ok,107812.0,ok,154686.0,ok,23.0,ok,10.0,ok,4.0,ok
2016,37,香川,30,情報通信機械器具製造業,,nil_or_na,,nil_or_na,,nil_or_na,,nil_or_na,,nil_or_na,,nil_or_na,,nil_or_na,,nil_or_na,,nil_or_na,,nil_or_na
2016,37,香川,31,輸送用機械器具製造業,23.0,ok,3608.0,ok,210705.0,ok,8316.0,ok,19401.0,ok,193331.0,ok,197757.0,ok,15.0,ok,5.0,ok,3.0,ok
2016,37,香川,32,その他の製造業,13.0,ok,895.0,ok,17515.0,ok,8043.0,ok,2830.0,ok,8899.0,ok,11515.0,ok,12.0,ok,1.0,ok,,nil_or_na
2016,38,愛媛,09,食料品製造業,109.0,ok,10685.0,ok,237926.0,ok,71259.0,ok,28260.0,ok,156692.0,ok,224955.0,ok,76.0,ok,27.0,ok,6.0,ok
2016,38,愛媛,10,飲料・たばこ・飼料製造業,4.0,ok,304.0,ok,77744.0,ok,17234.0,ok,1561.0,ok,42427.0,ok,55703.0,ok,4.0,ok,,nil_or_na,,nil_or_na
2016,38,愛媛,11,繊維工業,49.0,ok,5599.0,ok,172455.0,ok,64297.0,ok,22814.0,ok,92598.0,ok,167200.0,ok,39.0,ok,7.0,ok,3.0,ok
2016,38,愛媛,12,木材・木製品製造業（家具を除く）,10.0,ok,657.0,ok,19072.0,ok,5485.0,ok,2444.0,ok,13054.0,ok,18950.0,ok,8.0,ok,2.0,ok,,nil_or_na
2016,38,愛媛,13,家具・装備品製造業,3.0,ok,233.0,ok,3045.0,ok,1522.0,ok,846.0,ok,1339.0,ok,3061.0,ok,2.0,ok,1.0,ok,,nil_or_na
2016,38,愛媛,14,パルプ・紙・紙加工品製造業,77.0,ok,8368.0,ok,535050.0,ok,164366.0,ok,39555.0,ok,327446.0,ok,512773.0,ok,58.0,ok,12.0,ok,7.0,ok
2016,38,愛媛,15,印刷・同関連業,15.0,ok,923.0,ok,14741.0,ok,6215.0,ok,3223.0,ok,7347.0,ok,13862.0,ok,14.0,ok,1.0,ok,,nil_or_na
2016,38,愛媛,16,化学工業,22.0,ok,3319.0,ok,291291.0,ok,86813.0,ok,23671.0,ok,181388.0,ok,283467.0,ok,14.0,ok,7.0,ok,1.0,ok
2016,38,愛媛,17,石油製品・石炭製品製造業,2.0,ok,591.0,ok,,suppressed,,suppressed,,suppressed,,suppressed,,suppressed,,nil_or_na,1.0,ok,1.0,ok
2016,38,愛媛,18,プラスチック製品製造業（別掲を除く）,25.0,ok,2827.0,ok,152734.0,ok,62487.0,ok,14412.0,ok,77076.0,ok,150341.0,ok,19.0,ok,4.0,ok,2.0,ok
2016,38,愛媛,19,ゴム製品製造業,4.0,ok,314.0,ok,2699.0,ok,1091.0,ok,896.0,ok,1501.0,ok,2701.0,ok,3.0,ok,1.0,ok,,nil_or_na
2016,38,愛媛,20,なめし革・同製品・毛皮製造業,1.0,ok,44.0,ok,,suppressed,,suppressed,,suppressed,,suppressed,,suppressed,1.0,ok,,nil_or_na,,nil_or_na
2016,38,愛媛,21,窯業・土石製品製造業,12.0,ok,584.0,ok,12214.0,ok,4864.0,ok,2054.0,ok,6569.0,ok,11722.0,ok,12.0,ok,,nil_or_na,,nil_or_na
2016,38,愛媛,22,鉄鋼業,8.0,ok,672.0,ok,89865.0,ok,12391.0,ok,3035.0,ok,74019.0,ok,89299.0,ok,5.0,ok,3.0,ok,,nil_or_na
2016,38,愛媛,23,非鉄金属製造業,10.0,ok,1365.0,ok,600117.0,ok,88717.0,ok,8192.0,ok,520171.0,ok,554037.0,ok,5.0,ok,4.0,ok,1.0,ok
2016,38,愛媛,24,金属製品製造業,21.0,ok,1370.0,ok,37867.0,ok,15558.0,ok,5409.0,ok,19803.0,ok,34009.0,ok,18.0,ok,3.0,ok,,nil_or_na
2016,38,愛媛,25,はん用機械器具製造業,28.0,ok,3850.0,ok,161003.0,ok,69349.0,ok,23076.0,ok,83890.0,ok,158924.0,ok,19.0,ok,5.0,ok,4.0,ok
2016,38,愛媛,26,生産用機械器具製造業,51.0,ok,5094.0,ok,157006.0,ok,53430.0,ok,24630.0,ok,93384.0,ok,154107.0,ok,35.0,ok,14.0,ok,2.0,ok
2016,38,愛媛,27,業務用機械器具製造業,2.0,ok,113.0,ok,,suppressed,,suppressed,,suppressed,,suppressed,,suppressed,2.0,ok,,nil_or_na,,nil_or_na
2016,38,愛媛,28,電子部品・デバイス・電子回路製造業,9.0,ok,2300.0,ok,39968.0,ok,22133.0,ok,10542.0,ok,15627.0,ok,37133.0,ok,5.0,ok,2.0,ok,2.0,ok
2016,38,愛媛,29,電気機械器具製造業,18.0,ok,2776.0,ok,102731.0,ok,58368.0,ok,15855.0,ok,40211.0,ok,102626.0,ok,10.0,ok,5.0,ok,3.0,ok
2016,38,愛媛,30,情報通信機械器具製造業,,nil_or_na,,nil_or_na,,nil_or_na,,nil_or_na,,nil_or_na,,nil_or_na,,nil_or_na,,nil_or_na,,nil_or_na,,nil_or_na
2016,38,愛媛,31,輸送用機械器具製造業,31.0,ok,3807.0,ok,354676.0,ok,64461.0,ok,18544.0,ok,335586.0,ok,328811.0,ok,19.0,ok,8.0,ok,4.0,ok
2016,38,愛媛,32,その他の製造業,7.0,ok,438.0,ok,6556.0,ok,3110.0,ok,1146.0,ok,2981.0,ok,6482.0,ok,6.0,ok,1.0,ok,,nil_or_na
2016,39,高知,09,食料品製造業,51.0,ok,3703.0,ok,63533.0,ok,22317.0,ok,10157.0,ok,36359.0,ok,57491.0,ok,42.0,ok,9.0,ok,,nil_or_na
2016,39,高知,10,飲料・たばこ・飼料製造業,7.0,ok,362.0,ok,9113.0,ok,2064.0,ok,1028.0,ok,5781.0,ok,9004.0,ok,7.0,ok,,nil_or_na,,nil_or_na
2016,39,高知,11,繊維工業,17.0,ok,818.0,ok,11455.0,ok,3970.0,ok,2598.0,ok,6560.0,ok,10714.0,ok,16.0,ok,1.0,ok,,nil_or_na
2016,39,高知,12,木材・木製品製造業（家具を除く）,3.0,ok,146.0,ok,2798.0,ok,680.0,ok,404.0,ok,1839.0,ok,2241.0,ok,3.0,ok,,nil_or_na,,nil_or_na
2016,39,高知,13,家具・装備品製造業,2.0,ok,86.0,ok,,suppressed,,suppressed,,suppressed,,suppressed,,suppressed,2.0,ok,,nil_or_na,,nil_or_na
2016,39,高知,14,パルプ・紙・紙加工品製造業,27.0,ok,2237.0,ok,55055.0,ok,21040.0,ok,9062.0,ok,29028.0,ok,53262.0,ok,23.0,ok,4.0,ok,,nil_or_na
2016,39,高知,15,印刷・同関連業,7.0,ok,296.0,ok,5481.0,ok,1731.0,ok,1074.0,ok,3343.0,ok,5486.0,ok,7.0,ok,,nil_or_na,,nil_or_na
2016,39,高知,16,化学工業,2.0,ok,89.0,ok,,suppressed,,suppressed,,suppressed,,suppressed,,suppressed,2.0,ok,,nil_or_na,,nil_or_na
2016,39,高知,17,石油製品・石炭製品製造業,,nil_or_na,,nil_or_na,,nil_or_na,,nil_or_na,,nil_or_na,,nil_or_na,,nil_or_na,,nil_or_na,,nil_or_na,,nil_or_na
2016,39,高知,18,プラスチック製品製造業（別掲を除く）,7.0,ok,388.0,ok,7163.0,ok,3063.0,ok,1146.0,ok,3537.0,ok,6651.0,ok,6.0,ok,1.0,ok,,nil_or_na
2016,39,高知,19,ゴム製品製造業,,nil_or_na,,nil_or_na,,nil_or_na,,nil_or_na,,nil_or_na,,nil_or_na,,nil_or_na,,nil_or_na,,nil_or_na,,nil_or_na
2016,39,高知,20,なめし革・同製品・毛皮製造業,1.0,ok,46.0,ok,,suppressed,,suppressed,,suppressed,,suppressed,,suppressed,1.0,ok,,nil_or_na,,nil_or_na
2016,39,高知,21,窯業・土石製品製造業,7.0,ok,431.0,ok,39935.0,ok,16716.0,ok,2414.0,ok,17866.0,ok,26860.0,ok,5.0,ok,2.0,ok,,nil_or_na
2016,39,高知,22,鉄鋼業,8.0,ok,782.0,ok,31865.0,ok,8301.0,ok,3248.0,ok,21880.0,ok,23159.0,ok,6.0,ok,1.0,ok,1.0,ok
2016,39,高知,23,非鉄金属製造業,2.0,ok,216.0,ok,,suppressed,,suppressed,,suppressed,,suppressed,,suppressed,1.0,ok,1.0,ok,,nil_or_na
2016,39,高知,24,金属製品製造業,6.0,ok,223.0,ok,3769.0,ok,1417.0,ok,910.0,ok,2141.0,ok,3561.0,ok,6.0,ok,,nil_or_na,,nil_or_na
2016,39,高知,25,はん用機械器具製造業,6.0,ok,420.0,ok,9184.0,ok,-256.0,ok,1346.0,ok,5130.0,ok,7189.0,ok,5.0,ok,1.0,ok,,nil_or_na
2016,39,高知,26,生産用機械器具製造業,24.0,ok,1960.0,ok,46443.0,ok,15678.0,ok,8984.0,ok,27662.0,ok,44770.0,ok,19.0,ok,5.0,ok,,nil_or_na
2016,39,高知,27,業務用機械器具製造業,6.0,ok,485.0,ok,22643.0,ok,3436.0,ok,1467.0,ok,18559.0,ok,17793.0,ok,5.0,ok,1.0,ok,,nil_or_na
2016,39,高知,28,電子部品・デバイス・電子回路製造業,8.0,ok,1004.0,ok,23225.0,ok,6107.0,ok,3967.0,ok,15547.0,ok,11412.0,ok,4.0,ok,4.0,ok,,nil_or_na
2016,39,高知,29,電気機械器具製造業,7.0,ok,465.0,ok,7972.0,ok,2208.0,ok,1409.0,ok,5572.0,ok,7592.0,ok,5.0,ok,2.0,ok,,nil_or_na
2016,39,高知,30,情報通信機械器具製造業,,nil_or_na,,nil_or_na,,nil_or_na,,nil_or_na,,nil_or_na,,nil_or_na,,nil_or_na,,nil_or_na,,nil_or_na,,nil_or_na
2016,39,高知,31,輸送用機械器具製造業,8.0,ok,616.0,ok,31231.0,ok,6141.0,ok,2228.0,ok,23177.0,ok,28983.0,ok,5.0,ok,3.0,ok,,nil_or_na
2016,39,高知,32,その他の製造業,7.0,ok,709.0,ok,16813.0,ok,4725.0,ok,2582.0,ok,12201.0,ok,10105.0,ok,4.0,ok,3.0,ok,,nil_or_na
2016,40,福岡,09,食料品製造業,297.0,ok,35207.0,ok,862875.0,ok,329007.0,ok,99010.0,ok,491064.0,ok,821514.0,ok,200.0,ok,78.0,ok,19.0,ok
2016,40,福岡,10,飲料・たばこ・飼料製造業,24.0,ok,2158.0,ok,544057.0,ok,130522.0,ok,11648.0,ok,106099.0,ok,540487.0,ok,17.0,ok,7.0,ok,,nil_or_na
2016,40,福岡,11,繊維工業,33.0,ok,2201.0,ok,31843.0,ok,11613.0,ok,5880.0,ok,18840.0,ok,30657.0,ok,29.0,ok,4.0,ok,,nil_or_na
2016,40,福岡,12,木材・木製品製造業（家具を除く）,16.0,ok,976.0,ok,25669.0,ok,6951.0,ok,3889.0,ok,17605.0,ok,23808.0,ok,15.0,ok,1.0,ok,,nil_or_na
2016,40,福岡,13,家具・装備品製造業,31.0,ok,1846.0,ok,39204.0,ok,12213.0,ok,6266.0,ok,25549.0,ok,30382.0,ok,28.0,ok,3.0,ok,,nil_or_na
2016,40,福岡,14,パルプ・紙・紙加工品製造業,43.0,ok,2471.0,ok,70960.0,ok,26224.0,ok,9732.0,ok,39645.0,ok,64607.0,ok,39.0,ok,4.0,ok,,nil_or_na
2016,40,福岡,15,印刷・同関連業,63.0,ok,6387.0,ok,149065.0,ok,57834.0,ok,26310.0,ok,81821.0,ok,144091.0,ok,49.0,ok,8.0,ok,6.0,ok
2016,40,福岡,16,化学工業,52.0,ok,6913.0,ok,387387.0,ok,150430.0,ok,39067.0,ok,206658.0,ok,372322.0,ok,39.0,ok,5.0,ok,8.0,ok
2016,40,福岡,17,石油製品・石炭製品製造業,3.0,ok,549.0,ok,,suppressed,,suppressed,,suppressed,,suppressed,,suppressed,2.0,ok,,nil_or_na,1.0,ok
2016,40,福岡,18,プラスチック製品製造業（別掲を除く）,84.0,ok,8774.0,ok,221746.0,ok,69832.0,ok,33804.0,ok,138688.0,ok,214100.0,ok,55.0,ok,26.0,ok,3.0,ok
2016,40,福岡,19,ゴム製品製造業,17.0,ok,4258.0,ok,214991.0,ok,103679.0,ok,21304.0,ok,105581.0,ok,212475.0,ok,9.0,ok,3.0,ok,5.0,ok
2016,40,福岡,20,なめし革・同製品・毛皮製造業,1.0,ok,85.0,ok,,suppressed,,suppressed,,suppressed,,suppressed,,suppressed,1.0,ok,,nil_or_na,,nil_or_na
2016,40,福岡,21,窯業・土石製品製造業,66.0,ok,7178.0,ok,270575.0,ok,90449.0,ok,37416.0,ok,165645.0,ok,221791.0,ok,47.0,ok,14.0,ok,5.0,ok
2016,40,福岡,22,鉄鋼業,47.0,ok,8754.0,ok,801871.0,ok,186555.0,ok,54879.0,ok,571451.0,ok,790045.0,ok,31.0,ok,11.0,ok,5.0,ok
2016,40,福岡,23,非鉄金属製造業,25.0,ok,2350.0,ok,97100.0,ok,32337.0,ok,11228.0,ok,59924.0,ok,95877.0,ok,17.0,ok,8.0,ok,,nil_or_na
2016,40,福岡,24,金属製品製造業,131.0,ok,13188.0,ok,358454.0,ok,128815.0,ok,52689.0,ok,208643.0,ok,340847.0,ok,107.0,ok,18.0,ok,6.0,ok
2016,40,福岡,25,はん用機械器具製造業,54.0,ok,5108.0,ok,148123.0,ok,53462.0,ok,22116.0,ok,86130.0,ok,128029.0,ok,41.0,ok,9.0,ok,4.0,ok
2016,40,福岡,26,生産用機械器具製造業,99.0,ok,10455.0,ok,340616.0,ok,116990.0,ok,55720.0,ok,211954.0,ok,324927.0,ok,71.0,ok,23.0,ok,5.0,ok
2016,40,福岡,27,業務用機械器具製造業,13.0,ok,904.0,ok,26338.0,ok,6841.0,ok,3836.0,ok,18492.0,ok,21790.0,ok,11.0,ok,2.0,ok,,nil_or_na
2016,40,福岡,28,電子部品・デバイス・電子回路製造業,30.0,ok,6082.0,ok,175913.0,ok,43550.0,ok,28791.0,ok,105959.0,ok,171531.0,ok,12.0,ok,11.0,ok,7.0,ok
2016,40,福岡,29,電気機械器具製造業,72.0,ok,10622.0,ok,259288.0,ok,74868.0,ok,47379.0,ok,177257.0,ok,249419.0,ok,44.0,ok,18.0,ok,10.0,ok
2016,40,福岡,30,情報通信機械器具製造業,6.0,ok,812.0,ok,11633.0,ok,5076.0,ok,2414.0,ok,6129.0,ok,11678.0,ok,3.0,ok,2.0,ok,1.0,ok
2016,40,福岡,31,輸送用機械器具製造業,90.0,ok,29118.0,ok,3188227.0,ok,409911.0,ok,161030.0,ok,2759946.0,ok,3173445.0,ok,51.0,ok,21.0,ok,18.0,ok
2016,40,福岡,32,その他の製造業,7.0,ok,651.0,ok,33859.0,ok,8698.0,ok,2666.0,ok,22634.0,ok,31843.0,ok,5.0,ok,2.0,ok,,nil_or_na
2016,41,佐賀,09,食料品製造業,104.0,ok,14607.0,ok,317077.0,ok,113884.0,ok,41270.0,ok,188079.0,ok,300890.0,ok,62.0,ok,29.0,ok,13.0,ok
2016,41,佐賀,10,飲料・たばこ・飼料製造業,8.0,ok,845.0,ok,32024.0,ok,11498.0,ok,4061.0,ok,18498.0,ok,32403.0,ok,4.0,ok,4.0,ok,,nil_or_na
2016,41,佐賀,11,繊維工業,25.0,ok,2085.0,ok,21447.0,ok,8942.0,ok,4810.0,ok,11502.0,ok,21068.0,ok,17.0,ok,8.0,ok,,nil_or_na
2016,41,佐賀,12,木材・木製品製造業（家具を除く）,4.0,ok,324.0,ok,15592.0,ok,4507.0,ok,1237.0,ok,10947.0,ok,15838.0,ok,3.0,ok,1.0,ok,,nil_or_na
2016,41,佐賀,13,家具・装備品製造業,6.0,ok,594.0,ok,26005.0,ok,6394.0,ok,1889.0,ok,18177.0,ok,8168.0,ok,5.0,ok,,nil_or_na,1.0,ok
2016,41,佐賀,14,パルプ・紙・紙加工品製造業,15.0,ok,1431.0,ok,69607.0,ok,23594.0,ok,5994.0,ok,41725.0,ok,61739.0,ok,9.0,ok,6.0,ok,,nil_or_na
2016,41,佐賀,15,印刷・同関連業,8.0,ok,516.0,ok,9211.0,ok,3826.0,ok,1950.0,ok,4450.0,ok,8588.0,ok,7.0,ok,1.0,ok,,nil_or_na
2016,41,佐賀,16,化学工業,18.0,ok,2383.0,ok,185992.0,ok,102612.0,ok,9909.0,ok,69260.0,ok,177048.0,ok,12.0,ok,5.0,ok,1.0,ok
2016,41,佐賀,17,石油製品・石炭製品製造業,1.0,ok,34.0,ok,,suppressed,,suppressed,,suppressed,,suppressed,,suppressed,1.0,ok,,nil_or_na,,nil_or_na
2016,41,佐賀,18,プラスチック製品製造業（別掲を除く）,19.0,ok,1393.0,ok,28993.0,ok,10684.0,ok,5196.0,ok,16569.0,ok,28372.0,ok,15.0,ok,4.0,ok,,nil_or_na
2016,41,佐賀,19,ゴム製品製造業,5.0,ok,1759.0,ok,52512.0,ok,24444.0,ok,6550.0,ok,24359.0,ok,52425.0,ok,2.0,ok,,nil_or_na,3.0,ok
2016,41,佐賀,20,なめし革・同製品・毛皮製造業,4.0,ok,373.0,ok,8418.0,ok,1169.0,ok,935.0,ok,7060.0,ok,8348.0,ok,2.0,ok,2.0,ok,,nil_or_na
2016,41,佐賀,21,窯業・土石製品製造業,21.0,ok,1370.0,ok,16849.0,ok,10157.0,ok,4867.0,ok,5287.0,ok,16215.0,ok,20.0,ok,1.0,ok,,nil_or_na
2016,41,佐賀,22,鉄鋼業,5.0,ok,1015.0,ok,30916.0,ok,9634.0,ok,5972.0,ok,18579.0,ok,31069.0,ok,2.0,ok,2.0,ok,1.0,ok
2016,41,佐賀,23,非鉄金属製造業,5.0,ok,1381.0,ok,96994.0,ok,23232.0,ok,7301.0,ok,72039.0,ok,97403.0,ok,,nil_or_na,3.0,ok,2.0,ok
2016,41,佐賀,24,金属製品製造業,22.0,ok,2086.0,ok,76751.0,ok,26572.0,ok,12100.0,ok,43748.0,ok,75365.0,ok,13.0,ok,9.0,ok,,nil_or_na
2016,41,佐賀,25,はん用機械器具製造業,5.0,ok,411.0,ok,9611.0,ok,3796.0,ok,1760.0,ok,5197.0,ok,9259.0,ok,3.0,ok,2.0,ok,,nil_or_na
2016,41,佐賀,26,生産用機械器具製造業,39.0,ok,3676.0,ok,72107.0,ok,33192.0,ok,15313.0,ok,34261.0,ok,68145.0,ok,27.0,ok,10.0,ok,2.0,ok
2016,41,佐賀,27,業務用機械器具製造業,2.0,ok,76.0,ok,,suppressed,,suppressed,,suppressed,,suppressed,,suppressed,2.0,ok,,nil_or_na,,nil_or_na
2016,41,佐賀,28,電子部品・デバイス・電子回路製造業,7.0,ok,3399.0,ok,139312.0,ok,40556.0,ok,16079.0,ok,91878.0,ok,139959.0,ok,1.0,ok,2.0,ok,4.0,ok
2016,41,佐賀,29,電気機械器具製造業,26.0,ok,4077.0,ok,144174.0,ok,48181.0,ok,16880.0,ok,88132.0,ok,143523.0,ok,11.0,ok,13.0,ok,2.0,ok
2016,41,佐賀,30,情報通信機械器具製造業,3.0,ok,570.0,ok,7146.0,ok,2169.0,ok,3301.0,ok,4111.0,ok,6684.0,ok,2.0,ok,,nil_or_na,1.0,ok
2016,41,佐賀,31,輸送用機械器具製造業,17.0,ok,3213.0,ok,175209.0,ok,45463.0,ok,16407.0,ok,130052.0,ok,173264.0,ok,11.0,ok,4.0,ok,2.0,ok
2016,41,佐賀,32,その他の製造業,6.0,ok,1263.0,ok,74377.0,ok,11510.0,ok,4692.0,ok,60200.0,ok,74378.0,ok,3.0,ok,2.0,ok,1.0,ok
2016,42,長崎,09,食料品製造業,98.0,ok,10524.0,ok,231472.0,ok,79342.0,ok,28004.0,ok,141306.0,ok,218735.0,ok,67.0,ok,25.0,ok,6.0,ok
2016,42,長崎,10,飲料・たばこ・飼料製造業,8.0,ok,376.0,ok,21744.0,ok,5319.0,ok,1321.0,ok,14822.0,ok,20166.0,ok,8.0,ok,,nil_or_na,,nil_or_na
2016,42,長崎,11,繊維工業,34.0,ok,2933.0,ok,21790.0,ok,9944.0,ok,6390.0,ok,10421.0,ok,21243.0,ok,24.0,ok,9.0,ok,1.0,ok
2016,42,長崎,12,木材・木製品製造業（家具を除く）,,nil_or_na,,nil_or_na,,nil_or_na,,nil_or_na,,nil_or_na,,nil_or_na,,nil_or_na,,nil_or_na,,nil_or_na,,nil_or_na
2016,42,長崎,13,家具・装備品製造業,1.0,ok,31.0,ok,,suppressed,,suppressed,,suppressed,,suppressed,,suppressed,1.0,ok,,nil_or_na,,nil_or_na
2016,42,長崎,14,パルプ・紙・紙加工品製造業,4.0,ok,306.0,ok,,suppressed,,suppressed,,suppressed,,suppressed,,suppressed,3.0,ok,1.0,ok,,nil_or_na
2016,42,長崎,15,印刷・同関連業,10.0,ok,510.0,ok,5987.0,ok,3041.0,ok,1713.0,ok,2405.0,ok,5981.0,ok,9.0,ok,1.0,ok,,nil_or_na
2016,42,長崎,16,化学工業,2.0,ok,232.0,ok,,suppressed,,suppressed,,suppressed,,suppressed,,suppressed,1.0,ok,1.0,ok,,nil_or_na
2016,42,長崎,17,石油製品・石炭製品製造業,,nil_or_na,,nil_or_na,,nil_or_na,,nil_or_na,,nil_or_na,,nil_or_na,,nil_or_na,,nil_or_na,,nil_or_na,,nil_or_na
2016,42,長崎,18,プラスチック製品製造業（別掲を除く）,6.0,ok,579.0,ok,14852.0,ok,4517.0,ok,2138.0,ok,9622.0,ok,15176.0,ok,4.0,ok,2.0,ok,,nil_or_na
2016,42,長崎,19,ゴム製品製造業,,nil_or_na,,nil_or_na,,nil_or_na,,nil_or_na,,nil_or_na,,nil_or_na,,nil_or_na,,nil_or_na,,nil_or_na,,nil_or_na
2016,42,長崎,20,なめし革・同製品・毛皮製造業,,nil_or_na,,nil_or_na,,nil_or_na,,nil_or_na,,nil_or_na,,nil_or_na,,nil_or_na,,nil_or_na,,nil_or_na,,nil_or_na
2016,42,長崎,21,窯業・土石製品製造業,14.0,ok,985.0,ok,15749.0,ok,6602.0,ok,3788.0,ok,7733.0,ok,14690.0,ok,12.0,ok,2.0,ok,,nil_or_na
2016,42,長崎,22,鉄鋼業,9.0,ok,643.0,ok,21378.0,ok,7092.0,ok,2576.0,ok,13273.0,ok,14319.0,ok,6.0,ok,3.0,ok,,nil_or_na
2016,42,長崎,23,非鉄金属製造業,,nil_or_na,,nil_or_na,,nil_or_na,,nil_or_na,,nil_or_na,,nil_or_na,,nil_or_na,,nil_or_na,,nil_or_na,,nil_or_na
2016,42,長崎,24,金属製品製造業,28.0,ok,2167.0,ok,37631.0,ok,19752.0,ok,9793.0,ok,15258.0,ok,32024.0,ok,24.0,ok,3.0,ok,1.0,ok
2016,42,長崎,25,はん用機械器具製造業,21.0,ok,6097.0,ok,284013.0,ok,136929.0,ok,35453.0,ok,159222.0,ok,296322.0,ok,11.0,ok,5.0,ok,5.0,ok
2016,42,長崎,26,生産用機械器具製造業,8.0,ok,686.0,ok,,suppressed,,suppressed,,suppressed,,suppressed,,suppressed,6.0,ok,2.0,ok,,nil_or_na
2016,42,長崎,27,業務用機械器具製造業,4.0,ok,314.0,ok,33195.0,ok,13017.0,ok,1980.0,ok,18832.0,ok,30825.0,ok,2.0,ok,2.0,ok,,nil_or_na
2016,42,長崎,28,電子部品・デバイス・電子回路製造業,12.0,ok,4499.0,ok,289745.0,ok,157391.0,ok,25091.0,ok,46627.0,ok,265302.0,ok,4.0,ok,5.0,ok,3.0,ok
2016,42,長崎,29,電気機械器具製造業,16.0,ok,1886.0,ok,33732.0,ok,10838.0,ok,7926.0,ok,20369.0,ok,31182.0,ok,11.0,ok,3.0,ok,2.0,ok
2016,42,長崎,30,情報通信機械器具製造業,2.0,ok,1134.0,ok,,suppressed,,suppressed,,suppressed,,suppressed,,suppressed,1.0,ok,,nil_or_na,1.0,ok
2016,42,長崎,31,輸送用機械器具製造業,48.0,ok,9280.0,ok,425189.0,ok,105175.0,ok,50842.0,ok,247139.0,ok,369588.0,ok,31.0,ok,12.0,ok,5.0,ok
2016,42,長崎,32,その他の製造業,3.0,ok,497.0,ok,9464.0,ok,2844.0,ok,1417.0,ok,6044.0,ok,9317.0,ok,2.0,ok,,nil_or_na,1.0,ok
2016,43,熊本,09,食料品製造業,121.0,ok,14086.0,ok,302317.0,ok,97739.0,ok,40701.0,ok,190603.0,ok,287500.0,ok,81.0,ok,32.0,ok,8.0,ok
2016,43,熊本,10,飲料・たばこ・飼料製造業,11.0,ok,805.0,ok,70002.0,ok,7737.0,ok,4732.0,ok,58848.0,ok,67850.0,ok,9.0,ok,2.0,ok,,nil_or_na
2016,43,熊本,11,繊維工業,29.0,ok,2365.0,ok,19531.0,ok,10565.0,ok,5820.0,ok,7952.0,ok,17652.0,ok,20.0,ok,9.0,ok,,nil_or_na
2016,43,熊本,12,木材・木製品製造業（家具を除く）,13.0,ok,732.0,ok,22958.0,ok,7868.0,ok,2622.0,ok,13189.0,ok,19551.0,ok,12.0,ok,1.0,ok,,nil_or_na
2016,43,熊本,13,家具・装備品製造業,2.0,ok,207.0,ok,,suppressed,,suppressed,,suppressed,,suppressed,,suppressed,1.0,ok,1.0,ok,,nil_or_na
2016,43,熊本,14,パルプ・紙・紙加工品製造業,13.0,ok,1202.0,ok,88146.0,ok,32224.0,ok,5640.0,ok,50117.0,ok,84579.0,ok,9.0,ok,3.0,ok,1.0,ok
2016,43,熊本,15,印刷・同関連業,25.0,ok,1676.0,ok,30499.0,ok,12145.0,ok,5304.0,ok,15929.0,ok,29959.0,ok,22.0,ok,3.0,ok,,nil_or_na
2016,43,熊本,16,化学工業,22.0,ok,3541.0,ok,131861.0,ok,57513.0,ok,19196.0,ok,60872.0,ok,127625.0,ok,13.0,ok,7.0,ok,2.0,ok
2016,43,熊本,17,石油製品・石炭製品製造業,,nil_or_na,,nil_or_na,,nil_or_na,,nil_or_na,,nil_or_na,,nil_or_na,,nil_or_na,,nil_or_na,,nil_or_na,,nil_or_na
2016,43,熊本,18,プラスチック製品製造業（別掲を除く）,41.0,ok,4089.0,ok,102200.0,ok,47846.0,ok,16602.0,ok,44673.0,ok,99391.0,ok,27.0,ok,13.0,ok,1.0,ok
2016,43,熊本,19,ゴム製品製造業,7.0,ok,1879.0,ok,83851.0,ok,22803.0,ok,9758.0,ok,55029.0,ok,33388.0,ok,2.0,ok,3.0,ok,2.0,ok
2016,43,熊本,20,なめし革・同製品・毛皮製造業,1.0,ok,44.0,ok,,suppressed,,suppressed,,suppressed,,suppressed,,suppressed,1.0,ok,,nil_or_na,,nil_or_na
2016,43,熊本,21,窯業・土石製品製造業,22.0,ok,1183.0,ok,27834.0,ok,10548.0,ok,4704.0,ok,12636.0,ok,22477.0,ok,20.0,ok,2.0,ok,,nil_or_na
2016,43,熊本,22,鉄鋼業,12.0,ok,1044.0,ok,41082.0,ok,10141.0,ok,4194.0,ok,28610.0,ok,39613.0,ok,10.0,ok,1.0,ok,1.0,ok
2016,43,熊本,23,非鉄金属製造業,6.0,ok,1095.0,ok,31406.0,ok,9556.0,ok,4845.0,ok,20353.0,ok,31407.0,ok,4.0,ok,1.0,ok,1.0,ok
2016,43,熊本,24,金属製品製造業,45.0,ok,4872.0,ok,130953.0,ok,58157.0,ok,21630.0,ok,65562.0,ok,125990.0,ok,34.0,ok,9.0,ok,2.0,ok
2016,43,熊本,25,はん用機械器具製造業,4.0,ok,263.0,ok,4744.0,ok,2213.0,ok,1109.0,ok,2188.0,ok,4442.0,ok,3.0,ok,1.0,ok,,nil_or_na
2016,43,熊本,26,生産用機械器具製造業,49.0,ok,8028.0,ok,340715.0,ok,125428.0,ok,40970.0,ok,213032.0,ok,348559.0,ok,36.0,ok,7.0,ok,6.0,ok
2016,43,熊本,27,業務用機械器具製造業,5.0,ok,361.0,ok,2989.0,ok,1731.0,ok,1382.0,ok,1154.0,ok,2977.0,ok,4.0,ok,1.0,ok,,nil_or_na
2016,43,熊本,28,電子部品・デバイス・電子回路製造業,34.0,ok,10728.0,ok,420518.0,ok,243056.0,ok,58888.0,ok,124658.0,ok,406627.0,ok,14.0,ok,12.0,ok,8.0,ok
2016,43,熊本,29,電気機械器具製造業,27.0,ok,4236.0,ok,133213.0,ok,57881.0,ok,22493.0,ok,68061.0,ok,132036.0,ok,13.0,ok,9.0,ok,5.0,ok
2016,43,熊本,30,情報通信機械器具製造業,1.0,ok,319.0,ok,,suppressed,,suppressed,,suppressed,,suppressed,,suppressed,,nil_or_na,,nil_or_na,1.0,ok
2016,43,熊本,31,輸送用機械器具製造業,38.0,ok,10239.0,ok,365901.0,ok,78237.0,ok,55339.0,ok,283163.0,ok,363955.0,ok,20.0,ok,9.0,ok,9.0,ok
2016,43,熊本,32,その他の製造業,10.0,ok,607.0,ok,8177.0,ok,3776.0,ok,2279.0,ok,3876.0,ok,8021.0,ok,8.0,ok,2.0,ok,,nil_or_na
2016,44,大分,09,食料品製造業,65.0,ok,4992.0,ok,118284.0,ok,37893.0,ok,14155.0,ok,74465.0,ok,114591.0,ok,52.0,ok,13.0,ok,,nil_or_na
2016,44,大分,10,飲料・たばこ・飼料製造業,12.0,ok,1036.0,ok,115841.0,ok,47782.0,ok,6209.0,ok,25801.0,ok,114986.0,ok,9.0,ok,2.0,ok,1.0,ok
2016,44,大分,11,繊維工業,21.0,ok,1499.0,ok,16300.0,ok,7069.0,ok,3701.0,ok,8066.0,ok,15958.0,ok,19.0,ok,1.0,ok,1.0,ok
2016,44,大分,12,木材・木製品製造業（家具を除く）,6.0,ok,292.0,ok,8305.0,ok,2956.0,ok,969.0,ok,4835.0,ok,8267.0,ok,6.0,ok,,nil_or_na,,nil_or_na
2016,44,大分,13,家具・装備品製造業,8.0,ok,480.0,ok,7757.0,ok,2983.0,ok,1475.0,ok,4264.0,ok,7668.0,ok,8.0,ok,,nil_or_na,,nil_or_na
2016,44,大分,14,パルプ・紙・紙加工品製造業,6.0,ok,481.0,ok,31645.0,ok,12686.0,ok,2043.0,ok,16548.0,ok,30762.0,ok,5.0,ok,1.0,ok,,nil_or_na
2016,44,大分,15,印刷・同関連業,11.0,ok,633.0,ok,8387.0,ok,4172.0,ok,2132.0,ok,3697.0,ok,8256.0,ok,10.0,ok,1.0,ok,,nil_or_na
2016,44,大分,16,化学工業,18.0,ok,2851.0,ok,467084.0,ok,114069.0,ok,17334.0,ok,323108.0,ok,458452.0,ok,10.0,ok,5.0,ok,3.0,ok
2016,44,大分,17,石油製品・石炭製品製造業,2.0,ok,527.0,ok,,suppressed,,suppressed,,suppressed,,suppressed,,suppressed,,nil_or_na,1.0,ok,1.0,ok
2016,44,大分,18,プラスチック製品製造業（別掲を除く）,31.0,ok,2700.0,ok,70711.0,ok,25595.0,ok,9244.0,ok,41271.0,ok,59351.0,ok,23.0,ok,7.0,ok,1.0,ok
2016,44,大分,19,ゴム製品製造業,7.0,ok,925.0,ok,22293.0,ok,7846.0,ok,3446.0,ok,13171.0,ok,22337.0,ok,4.0,ok,3.0,ok,,nil_or_na
2016,44,大分,20,なめし革・同製品・毛皮製造業,1.0,ok,84.0,ok,,suppressed,,suppressed,,suppressed,,suppressed,,suppressed,1.0,ok,,nil_or_na,,nil_or_na
2016,44,大分,21,窯業・土石製品製造業,19.0,ok,2261.0,ok,69078.0,ok,33665.0,ok,9611.0,ok,31034.0,ok,62845.0,ok,12.0,ok,5.0,ok,2.0,ok
2016,44,大分,22,鉄鋼業,7.0,ok,2514.0,ok,447559.0,ok,81812.0,ok,16278.0,ok,345607.0,ok,431320.0,ok,6.0,ok,,nil_or_na,1.0,ok
2016,44,大分,23,非鉄金属製造業,5.0,ok,1260.0,ok,469662.0,ok,47185.0,ok,6042.0,ok,419170.0,ok,466597.0,ok,,nil_or_na,4.0,ok,1.0,ok
2016,44,大分,24,金属製品製造業,32.0,ok,2191.0,ok,37247.0,ok,17106.0,ok,7742.0,ok,17570.0,ok,35984.0,ok,29.0,ok,3.0,ok,,nil_or_na
2016,44,大分,25,はん用機械器具製造業,9.0,ok,1927.0,ok,77375.0,ok,29398.0,ok,8009.0,ok,44742.0,ok,77592.0,ok,4.0,ok,2.0,ok,3.0,ok
2016,44,大分,26,生産用機械器具製造業,26.0,ok,2228.0,ok,43891.0,ok,19325.0,ok,8896.0,ok,22232.0,ok,41752.0,ok,17.0,ok,9.0,ok,,nil_or_na
2016,44,大分,27,業務用機械器具製造業,9.0,ok,3510.0,ok,106766.0,ok,37699.0,ok,17238.0,ok,62820.0,ok,106649.0,ok,3.0,ok,3.0,ok,3.0,ok
2016,44,大分,28,電子部品・デバイス・電子回路製造業,21.0,ok,5917.0,ok,182256.0,ok,79837.0,ok,26714.0,ok,92034.0,ok,186992.0,ok,9.0,ok,7.0,ok,5.0,ok
2016,44,大分,29,電気機械器具製造業,19.0,ok,1861.0,ok,27234.0,ok,9015.0,ok,6652.0,ok,16940.0,ok,25760.0,ok,14.0,ok,4.0,ok,1.0,ok
2016,44,大分,30,情報通信機械器具製造業,8.0,ok,4418.0,ok,178119.0,ok,14579.0,ok,18802.0,ok,157402.0,ok,178476.0,ok,1.0,ok,3.0,ok,4.0,ok
2016,44,大分,31,輸送用機械器具製造業,44.0,ok,8117.0,ok,577727.0,ok,61952.0,ok,37814.0,ok,506313.0,ok,581548.0,ok,24.0,ok,15.0,ok,5.0,ok
2016,44,大分,32,その他の製造業,3.0,ok,157.0,ok,1953.0,ok,1047.0,ok,396.0,ok,826.0,ok,1986.0,ok,3.0,ok,,nil_or_na,,nil_or_na
2016,45,宮崎,09,食料品製造業,104.0,ok,11333.0,ok,328135.0,ok,68251.0,ok,30050.0,ok,248831.0,ok,298229.0,ok,69.0,ok,29.0,ok,6.0,ok
2016,45,宮崎,10,飲料・たばこ・飼料製造業,21.0,ok,1725.0,ok,142274.0,ok,43251.0,ok,6819.0,ok,56091.0,ok,137364.0,ok,19.0,ok,1.0,ok,1.0,ok
2016,45,宮崎,11,繊維工業,35.0,ok,3441.0,ok,56765.0,ok,31104.0,ok,10241.0,ok,21538.0,ok,55834.0,ok,24.0,ok,8.0,ok,3.0,ok
2016,45,宮崎,12,木材・木製品製造業（家具を除く）,21.0,ok,1522.0,ok,40737.0,ok,10739.0,ok,4687.0,ok,26666.0,ok,42351.0,ok,17.0,ok,4.0,ok,,nil_or_na
2016,45,宮崎,13,家具・装備品製造業,2.0,ok,107.0,ok,,suppressed,,suppressed,,suppressed,,suppressed,,suppressed,2.0,ok,,nil_or_na,,nil_or_na
2016,45,宮崎,14,パルプ・紙・紙加工品製造業,6.0,ok,647.0,ok,45082.0,ok,18142.0,ok,3665.0,ok,24394.0,ok,44620.0,ok,4.0,ok,2.0,ok,,nil_or_na
2016,45,宮崎,15,印刷・同関連業,8.0,ok,454.0,ok,9903.0,ok,5239.0,ok,1669.0,ok,4002.0,ok,9849.0,ok,7.0,ok,1.0,ok,,nil_or_na
2016,45,宮崎,16,化学工業,14.0,ok,1712.0,ok,144140.0,ok,48517.0,ok,9160.0,ok,85895.0,ok,140363.0,ok,7.0,ok,6.0,ok,1.0,ok
2016,45,宮崎,17,石油製品・石炭製品製造業,1.0,ok,37.0,ok,,suppressed,,suppressed,,suppressed,,suppressed,,suppressed,1.0,ok,,nil_or_na,,nil_or_na
2016,45,宮崎,18,プラスチック製品製造業（別掲を除く）,20.0,ok,1730.0,ok,40984.0,ok,17920.0,ok,6122.0,ok,18775.0,ok,39425.0,ok,15.0,ok,4.0,ok,1.0,ok
2016,45,宮崎,19,ゴム製品製造業,7.0,ok,2004.0,ok,109406.0,ok,59179.0,ok,10659.0,ok,41260.0,ok,109175.0,ok,4.0,ok,2.0,ok,1.0,ok
2016,45,宮崎,20,なめし革・同製品・毛皮製造業,,nil_or_na,,nil_or_na,,nil_or_na,,nil_or_na,,nil_or_na,,nil_or_na,,nil_or_na,,nil_or_na,,nil_or_na,,nil_or_na
2016,45,宮崎,21,窯業・土石製品製造業,14.0,ok,877.0,ok,17813.0,ok,12329.0,ok,2639.0,ok,4013.0,ok,14870.0,ok,12.0,ok,2.0,ok,,nil_or_na
2016,45,宮崎,22,鉄鋼業,2.0,ok,296.0,ok,,suppressed,,suppressed,,suppressed,,suppressed,,suppressed,,nil_or_na,2.0,ok,,nil_or_na
2016,45,宮崎,23,非鉄金属製造業,2.0,ok,147.0,ok,,suppressed,,suppressed,,suppressed,,suppressed,,suppressed,2.0,ok,,nil_or_na,,nil_or_na
2016,45,宮崎,24,金属製品製造業,18.0,ok,1219.0,ok,19877.0,ok,8518.0,ok,3842.0,ok,9751.0,ok,16456.0,ok,16.0,ok,2.0,ok,,nil_or_na
2016,45,宮崎,25,はん用機械器具製造業,4.0,ok,403.0,ok,6842.0,ok,1798.0,ok,1452.0,ok,4898.0,ok,6967.0,ok,3.0,ok,1.0,ok,,nil_or_na
2016,45,宮崎,26,生産用機械器具製造業,19.0,ok,1486.0,ok,32190.0,ok,13137.0,ok,5442.0,ok,16125.0,ok,24873.0,ok,16.0,ok,3.0,ok,,nil_or_na
2016,45,宮崎,27,業務用機械器具製造業,9.0,ok,1202.0,ok,23449.0,ok,6544.0,ok,3845.0,ok,9607.0,ok,19219.0,ok,6.0,ok,2.0,ok,1.0,ok
2016,45,宮崎,28,電子部品・デバイス・電子回路製造業,23.0,ok,5475.0,ok,166103.0,ok,75438.0,ok,22014.0,ok,81871.0,ok,165026.0,ok,7.0,ok,10.0,ok,6.0,ok
2016,45,宮崎,29,電気機械器具製造業,15.0,ok,2158.0,ok,80668.0,ok,12862.0,ok,7137.0,ok,50691.0,ok,78948.0,ok,9.0,ok,4.0,ok,2.0,ok
2016,45,宮崎,30,情報通信機械器具製造業,3.0,ok,1138.0,ok,58709.0,ok,5078.0,ok,3008.0,ok,53034.0,ok,58253.0,ok,2.0,ok,,nil_or_na,1.0,ok
2016,45,宮崎,31,輸送用機械器具製造業,18.0,ok,2750.0,ok,51863.0,ok,13734.0,ok,10222.0,ok,35515.0,ok,51705.0,ok,9.0,ok,8.0,ok,1.0,ok
2016,45,宮崎,32,その他の製造業,6.0,ok,610.0,ok,14747.0,ok,3194.0,ok,1963.0,ok,10901.0,ok,14626.0,ok,3.0,ok,3.0,ok,,nil_or_na
2016,46,鹿児島,09,食料品製造業,188.0,ok,19148.0,ok,587205.0,ok,135092.0,ok,51768.0,ok,433898.0,ok,551998.0,ok,135.0,ok,38.0,ok,15.0,ok
2016,46,鹿児島,10,飲料・たばこ・飼料製造業,38.0,ok,2278.0,ok,272605.0,ok,49790.0,ok,8568.0,ok,189525.0,ok,265631.0,ok,35.0,ok,3.0,ok,,nil_or_na
2016,46,鹿児島,11,繊維工業,22.0,ok,1638.0,ok,11768.0,ok,5100.0,ok,3359.0,ok,5904.0,ok,11083.0,ok,18.0,ok,4.0,ok,,nil_or_na
2016,46,鹿児島,12,木材・木製品製造業（家具を除く）,6.0,ok,283.0,ok,7636.0,ok,1626.0,ok,883.0,ok,5486.0,ok,6360.0,ok,6.0,ok,,nil_or_na,,nil_or_na
2016,46,鹿児島,13,家具・装備品製造業,,nil_or_na,,nil_or_na,,nil_or_na,,nil_or_na,,nil_or_na,,nil_or_na,,nil_or_na,,nil_or_na,,nil_or_na,,nil_or_na
2016,46,鹿児島,14,パルプ・紙・紙加工品製造業,6.0,ok,614.0,ok,44846.0,ok,14797.0,ok,3022.0,ok,28230.0,ok,41509.0,ok,4.0,ok,2.0,ok,,nil_or_na
2016,46,鹿児島,15,印刷・同関連業,17.0,ok,880.0,ok,11824.0,ok,5355.0,ok,2966.0,ok,5413.0,ok,10747.0,ok,17.0,ok,,nil_or_na,,nil_or_na
2016,46,鹿児島,16,化学工業,4.0,ok,242.0,ok,7040.0,ok,2413.0,ok,938.0,ok,4407.0,ok,5241.0,ok,4.0,ok,,nil_or_na,,nil_or_na
2016,46,鹿児島,17,石油製品・石炭製品製造業,1.0,ok,44.0,ok,,suppressed,,suppressed,,suppressed,,suppressed,,suppressed,1.0,ok,,nil_or_na,,nil_or_na
2016,46,鹿児島,18,プラスチック製品製造業（別掲を除く）,9.0,ok,501.0,ok,6098.0,ok,2535.0,ok,1496.0,ok,3298.0,ok,5180.0,ok,8.0,ok,1.0,ok,,nil_or_na
2016,46,鹿児島,19,ゴム製品製造業,,nil_or_na,,nil_or_na,,nil_or_na,,nil_or_na,,nil_or_na,,nil_or_na,,nil_or_na,,nil_or_na,,nil_or_na,,nil_or_na
2016,46,鹿児島,20,なめし革・同製品・毛皮製造業,,nil_or_na,,nil_or_na,,nil_or_na,,nil_or_na,,nil_or_na,,nil_or_na,,nil_or_na,,nil_or_na,,nil_or_na,,nil_or_na
2016,46,鹿児島,21,窯業・土石製品製造業,18.0,ok,4900.0,ok,123790.0,ok,57223.0,ok,22309.0,ok,58819.0,ok,120457.0,ok,16.0,ok,1.0,ok,1.0,ok
2016,46,鹿児島,22,鉄鋼業,2.0,ok,74.0,ok,,suppressed,,suppressed,,suppressed,,suppressed,,suppressed,2.0,ok,,nil_or_na,,nil_or_na
2016,46,鹿児島,23,非鉄金属製造業,2.0,ok,366.0,ok,,suppressed,,suppressed,,suppressed,,suppressed,,suppressed,,nil_or_na,2.0,ok,,nil_or_na
2016,46,鹿児島,24,金属製品製造業,20.0,ok,1272.0,ok,26353.0,ok,10124.0,ok,4608.0,ok,14756.0,ok,21419.0,ok,15.0,ok,5.0,ok,,nil_or_na
2016,46,鹿児島,25,はん用機械器具製造業,4.0,ok,223.0,ok,3633.0,ok,1344.0,ok,738.0,ok,1850.0,ok,2138.0,ok,4.0,ok,,nil_or_na,,nil_or_na
2016,46,鹿児島,26,生産用機械器具製造業,32.0,ok,2451.0,ok,52655.0,ok,20348.0,ok,10139.0,ok,28903.0,ok,50383.0,ok,24.0,ok,7.0,ok,1.0,ok
2016,46,鹿児島,27,業務用機械器具製造業,4.0,ok,273.0,ok,2939.0,ok,1670.0,ok,816.0,ok,1132.0,ok,2886.0,ok,3.0,ok,1.0,ok,,nil_or_na
2016,46,鹿児島,28,電子部品・デバイス・電子回路製造業,39.0,ok,10741.0,ok,238903.0,ok,130563.0,ok,53762.0,ok,96158.0,ok,244572.0,ok,18.0,ok,16.0,ok,5.0,ok
2016,46,鹿児島,29,電気機械器具製造業,18.0,ok,2189.0,ok,93443.0,ok,47860.0,ok,10393.0,ok,41631.0,ok,93304.0,ok,13.0,ok,4.0,ok,1.0,ok
2016,46,鹿児島,30,情報通信機械器具製造業,4.0,ok,617.0,ok,,suppressed,,suppressed,,suppressed,,suppressed,,suppressed,1.0,ok,3.0,ok,,nil_or_na
2016,46,鹿児島,31,輸送用機械器具製造業,5.0,ok,474.0,ok,13284.0,ok,6507.0,ok,2315.0,ok,5948.0,ok,12891.0,ok,3.0,ok,2.0,ok,,nil_or_na
2016,46,鹿児島,32,その他の製造業,9.0,ok,828.0,ok,11620.0,ok,5495.0,ok,2734.0,ok,5309.0,ok,10743.0,ok,7.0,ok,1.0,ok,1.0,ok
2016,47,沖縄,09,食料品製造業,78.0,ok,7426.0,ok,133784.0,ok,43280.0,ok,18721.0,ok,82669.0,ok,113824.0,ok,61.0,ok,13.0,ok,4.0,ok
2016,47,沖縄,10,飲料・たばこ・飼料製造業,20.0,ok,1129.0,ok,58235.0,ok,17177.0,ok,4210.0,ok,26347.0,ok,53010.0,ok,18.0,ok,2.0,ok,,nil_or_na
2016,47,沖縄,11,繊維工業,5.0,ok,262.0,ok,1259.0,ok,603.0,ok,530.0,ok,591.0,ok,1172.0,ok,5.0,ok,,nil_or_na,,nil_or_na
2016,47,沖縄,12,木材・木製品製造業（家具を除く）,,nil_or_na,,nil_or_na,,nil_or_na,,nil_or_na,,nil_or_na,,nil_or_na,,nil_or_na,,nil_or_na,,nil_or_na,,nil_or_na
2016,47,沖縄,13,家具・装備品製造業,,nil_or_na,,nil_or_na,,nil_or_na,,nil_or_na,,nil_or_na,,nil_or_na,,nil_or_na,,nil_or_na,,nil_or_na,,nil_or_na
2016,47,沖縄,14,パルプ・紙・紙加工品製造業,4.0,ok,369.0,ok,,suppressed,,suppressed,,suppressed,,suppressed,,suppressed,3.0,ok,1.0,ok,,nil_or_na
2016,47,沖縄,15,印刷・同関連業,11.0,ok,751.0,ok,13724.0,ok,6623.0,ok,2665.0,ok,6125.0,ok,12984.0,ok,9.0,ok,2.0,ok,,nil_or_na
2016,47,沖縄,16,化学工業,8.0,ok,528.0,ok,5413.0,ok,2318.0,ok,1630.0,ok,2578.0,ok,4689.0,ok,6.0,ok,2.0,ok,,nil_or_na
2016,47,沖縄,17,石油製品・石炭製品製造業,1.0,ok,101.0,ok,,suppressed,,suppressed,,suppressed,,suppressed,,suppressed,,nil_or_na,1.0,ok,,nil_or_na
2016,47,沖縄,18,プラスチック製品製造業（別掲を除く）,4.0,ok,239.0,ok,6340.0,ok,1659.0,ok,841.0,ok,4271.0,ok,3379.0,ok,4.0,ok,,nil_or_na,,nil_or_na
2016,47,沖縄,19,ゴム製品製造業,,nil_or_na,,nil_or_na,,nil_or_na,,nil_or_na,,nil_or_na,,nil_or_na,,nil_or_na,,nil_or_na,,nil_or_na,,nil_or_na
2016,47,沖縄,20,なめし革・同製品・毛皮製造業,,nil_or_na,,nil_or_na,,nil_or_na,,nil_or_na,,nil_or_na,,nil_or_na,,nil_or_na,,nil_or_na,,nil_or_na,,nil_or_na
2016,47,沖縄,21,窯業・土石製品製造業,12.0,ok,699.0,ok,19539.0,ok,10220.0,ok,2514.0,ok,7385.0,ok,15653.0,ok,11.0,ok,1.0,ok,,nil_or_na
2016,47,沖縄,22,鉄鋼業,4.0,ok,552.0,ok,20792.0,ok,3522.0,ok,1975.0,ok,15692.0,ok,18902.0,ok,1.0,ok,3.0,ok,,nil_or_na
2016,47,沖縄,23,非鉄金属製造業,1.0,ok,160.0,ok,,suppressed,,suppressed,,suppressed,,suppressed,,suppressed,,nil_or_na,1.0,ok,,nil_or_na
2016,47,沖縄,24,金属製品製造業,19.0,ok,956.0,ok,21783.0,ok,7720.0,ok,3453.0,ok,12319.0,ok,17841.0,ok,18.0,ok,1.0,ok,,nil_or_na
2016,47,沖縄,25,はん用機械器具製造業,1.0,ok,31.0,ok,,suppressed,,suppressed,,suppressed,,suppressed,,suppressed,1.0,ok,,nil_or_na,,nil_or_na
2016,47,沖縄,26,生産用機械器具製造業,2.0,ok,90.0,ok,,suppressed,,suppressed,,suppressed,,suppressed,,suppressed,2.0,ok,,nil_or_na,,nil_or_na
2016,47,沖縄,27,業務用機械器具製造業,,nil_or_na,,nil_or_na,,nil_or_na,,nil_or_na,,nil_or_na,,nil_or_na,,nil_or_na,,nil_or_na,,nil_or_na,,nil_or_na
2016,47,沖縄,28,電子部品・デバイス・電子回路製造業,1.0,ok,61.0,ok,,suppressed,,suppressed,,suppressed,,suppressed,,suppressed,1.0,ok,,nil_or_na,,nil_or_na
2016,47,沖縄,29,電気機械器具製造業,4.0,ok,216.0,ok,3261.0,ok,1496.0,ok,806.0,ok,1603.0,ok,2497.0,ok,4.0,ok,,nil_or_na,,nil_or_na
2016,47,沖縄,30,情報通信機械器具製造業,,nil_or_na,,nil_or_na,,nil_or_na,,nil_or_na,,nil_or_na,,nil_or_na,,nil_or_na,,nil_or_na,,nil_or_na,,nil_or_na
2016,47,沖縄,31,輸送用機械器具製造業,1.0,ok,48.0,ok,,suppressed,,suppressed,,suppressed,,suppressed,,suppressed,1.0,ok,,nil_or_na,,nil_or_na
2016,47,沖縄,32,その他の製造業,2.0,ok,84.0,ok,,suppressed,,suppressed,,suppressed,,suppressed,,suppressed,2.0,ok,,nil_or_na,,nil_or_na
