reference_year,prefecture_code,industry_code,establishments,employment,value_added,value_added_flag,va_per_worker,employment_share,lq,national_employment_share,residual_log,pct_vs_expected
2016,01,09,1791.0,76851.0,590340.0,ok,7.6816176757621895,0.4580735530786195,3.0680368947947128,0.14930509924955448,0.00838872729890227,0.008424011265264259
2016,01,10,171.0,3587.0,109826.0,ok,30.61778645107332,0.021380461345890205,1.5897489098173507,0.013448954871965691,0.5521806567413033,0.737036771780035
2016,01,11,147.0,2780.0,12541.0,ok,4.511151079136691,0.016570304583656197,0.48473238640017485,0.03418443877190505,-0.08744626775789469,-0.08373189653223327
2016,01,12,355.0,6862.0,58442.0,ok,8.516758962401632,0.040901233832031945,3.4050417704552967,0.012011962433742168,0.04561574427052793,0.046672143907002396
2016,01,13,209.0,3253.0,20290.0,ok,6.23731939747925,0.019389640579364608,1.530282523440524,0.012670627993431572,-0.08029980793691373,-0.07716036973778784
2016,01,14,98.0,6094.0,127071.0,ok,20.851821463734822,0.036323538177266496,1.4774921479414418,0.02458458965611107,0.7017495864534536,1.0172790258279663
2016,01,15,320.0,6861.0,48682.0,ok,7.095467133070981,0.040895273290814806,1.1901462325325687,0.03436155337297654,-0.008388727191133006,-0.00835364000002879
2016,01,16,91.0,3424.0,66198.0,ok,19.33352803738318,0.020408893127495976,0.43159666938481195,0.04728695695586888,-0.27297903899417314,-0.23889125893351
2016,01,17,42.0,914.0,10736.0,ok,11.74617067833698,0.0054479346724682605,1.616630362263427,0.003369932174749375,-0.5027807035588189,-0.39515357948114704
2016,01,18,152.0,4592.0,40059.0,ok,8.723649825783973,0.027370805269118437,0.4875703566050796,0.056137139795986696,0.022584276356405194,0.022841231864383395
2016,01,19,24.0,675.0,4261.0,ok,6.312592592592592,0.004023365321571199,0.27241120922351175,0.014769455827605285,-0.17616788466743627,-0.16152279594649238
2016,01,20,15.0,554.0,4462.0,ok,8.054151624548737,0.003302139834296954,1.1769945944384284,0.00280556924381839,0.5804945461651264,0.7869219276537651
2016,01,21,393.0,5981.0,73552.0,ok,12.297609095468985,0.035649997019729394,1.1435755569618886,0.03117415093624416,0.04719921666829497,0.04833083325420864
2016,01,22,79.0,6210.0,67225.0,ok,10.825281803542673,0.03701496095845503,1.2993728229124863,0.028486790169650958,-0.08014202852306739,-0.07701475315450339
2016,01,23,22.0,460.0,4575.0,ok,9.945652173913043,0.0027418489598855576,0.15112912660294078,0.01814242576210458,-0.13808985746756797,-0.12897957945996488
2016,01,24,544.0,10744.0,100707.0,ok,9.373324646314222,0.0640400548369792,0.8192254753212377,0.0781714641037836,0.03224246614103193,0.03276788619339489
2016,01,25,119.0,2503.0,18484.0,ok,7.384738314023172,0.014919234666507719,0.3539337899306034,0.04215261467245884,-0.2913951189608414,-0.25277962125680703
2016,01,26,219.0,4856.0,47122.0,ok,9.703871499176277,0.02894438815044406,0.3728254151738068,0.07763523346966711,-0.01659330228931419,-0.016456391760779357
2016,01,27,30.0,422.0,3071.0,ok,7.277251184834123,0.002515348393634142,0.09176499058847984,0.027410762835624575,-0.3503117467543996,-0.2955315602667565
2016,01,28,38.0,6349.0,80174.0,ok,12.62781540400063,0.03784347618763784,0.7243741577175112,0.05224299594960964,0.08768738500525657,0.09164680352059115
2016,01,29,65.0,2059.0,14599.0,ok,7.090335114133074,0.012272754366096442,0.19458829087254859,0.06307036415739346,-0.19569429567493712,-0.17773643421187138
2016,01,30,10.0,1121.0,31612.0,ok,28.199821587867977,0.0066817667044167615,0.39303982667951076,0.017000228096134266,1.0479764080170504,1.8518742451587533
2016,01,31,119.0,8675.0,110579.0,ok,12.74685878962536,0.05170769505871133,0.37031176285265416,0.13963287220580584,0.19285248800380111,0.21270389195248027
2016,01,32,136.0,1943.0,14732.0,ok,7.582089552238806,0.011581331584907909,0.580697838046467,0.019943817293807765,0.013767928143207488,0.013863142532369841
2016,02,09,385.0,15914.0,90051.0,ok,5.658602488375016,0.2778136619939598,1.8607111437608101,0.14930509924955448,-0.028875734435544236,-0.028462814417533153
2016,02,10,62.0,1416.0,15276.0,ok,10.788135593220339,0.024719375731019674,1.8380146239130553,0.013448954871965691,-0.2225647192692128,-0.1995368003195261
2016,02,11,134.0,5507.0,15003.0,ok,2.724350826221173,0.09613672468271564,2.812294954560638,0.03418443877190505,-0.3233796995097976,-0.27630098596802205
2016,02,12,60.0,732.0,4474.0,ok,6.112021857923497,0.012778660335527119,1.0638278637661454,0.012011962433742168,-0.017773746073258316,-0.017616724710715705
2016,02,13,27.0,358.0,2183.0,ok,6.097765363128492,0.006249672677757799,0.4932409570384054,0.012670627993431572,0.16546080242875327,0.1799367111596891
2016,02,14,33.0,2045.0,35055.0,ok,17.141809290953546,0.03569994588272262,1.452126978000976,0.02458458965611107,0.7742174953804618,1.1688942931848953
2016,02,15,76.0,1427.0,7302.0,ok,5.117028731604766,0.024911404779777595,0.7249790051508275,0.03436155337297654,-0.06688218409042383,-0.06469461129916187
2016,02,16,14.0,564.0,19619.0,ok,34.7854609929078,0.009845853045406142,0.20821498525682045,0.04728695695586888,0.5827684267648007,0.7909897979310878
2016,02,17,16.0,144.0,3523.0,ok,24.46527777777778,0.002513834820103696,0.7459600638077092,0.003369932174749375,0.49933563401203745,0.6476262801417625
2016,02,18,25.0,894.0,5044.0,ok,5.642058165548098,0.015606724508143778,0.2780106817850296,0.056137139795986696,-0.14481576352203787,-0.13481832354695528
2016,02,19,9.0,193.0,1111.0,ok,5.756476683937824,0.003369236946388981,0.2281219420482378,0.014769455827605285,2.8583945892056817e-12,2.858394589209767e-12
2016,02,20,1.0,27.0,,suppressed,,0.00047134402876944294,0.16800299255061052,0.00280556924381839,,
2016,02,21,96.0,1755.0,17444.0,ok,9.93960113960114,0.030637361870013792,0.9827809563337208,0.03117415093624416,0.10270999529246598,0.1081699879581855
2016,02,22,23.0,1596.0,19694.0,ok,12.339598997493734,0.027861669256149295,0.9780557616432458,0.028486790169650958,0.3191759336283175,0.3759933871211102
2016,02,23,11.0,3452.0,246520.0,ok,71.41367323290847,0.06026220693748582,3.3216179428089445,0.01814242576210458,2.1016527537417447,7.17967773992765
2016,02,24,127.0,2515.0,18462.0,ok,7.340755467196819,0.043904823420561075,0.561647705130241,0.0781714641037836,0.0562051232264291,0.057814643836780394
2016,02,25,20.0,318.0,2403.0,ok,7.556603773584905,0.005551385227728994,0.13169729258470153,0.04215261467245884,0.0,0.0
2016,02,26,55.0,1728.0,11080.0,ok,6.412037037037037,0.03016601784124435,0.38856092128621633,0.07763523346966711,-0.16255247429621766,-0.15002851260044894
2016,02,27,35.0,4793.0,30579.0,ok,6.379929063217192,0.08367229369970149,3.0525342983507286,0.027410762835624575,-0.2135192279193864,-0.19226337109353955
2016,02,28,73.0,6777.0,52719.0,ok,7.779105799026118,0.11830735122113017,2.2645590872170143,0.05224299594960964,-0.128384425302155,-0.12048479375121242
2016,02,29,32.0,2771.0,21526.0,ok,7.768314687838325,0.04837386310074542,0.7669824607327048,0.06307036415739346,0.16401508667707002,0.17823209056569933
2016,02,30,7.0,561.0,,suppressed,,0.00979348148665398,0.5760794167744696,0.017000228096134266,,
2016,02,31,26.0,1246.0,28420.0,ok,22.808988764044944,0.021751654068397255,0.1557774593101354,0.13963287220580584,1.043111065061076,1.8380325983725303
2016,02,32,39.0,550.0,2933.0,ok,5.332727272727273,0.00960145243789606,0.4814250098890124,0.019943817293807765,-0.06976936273044151,-0.06739111052870016
2016,03,09,488.0,18569.0,112328.0,ok,6.049221821315095,0.21773645083370466,1.4583323136858928,0.14930509924955448,-0.12562634217181343,-0.11805566937436292
2016,03,10,58.0,1021.0,8889.0,ok,8.70617042115573,0.01197204568373162,0.8901840921994106,0.013448954871965691,-0.6004829706674354,-0.4514533598303739
2016,03,11,168.0,5071.0,15199.0,ok,2.9972392033129562,0.05946155108932717,1.7394332984690233,0.03418443877190505,-0.3914215663163773,-0.32390492295748974
2016,03,12,129.0,2355.0,18554.0,ok,7.878556263269639,0.027614267958068525,2.2988972959571323,0.012011962433742168,0.07261000221718696,0.07531108618814561
2016,03,13,37.0,462.0,2219.0,ok,4.803030303030303,0.005417321357379048,0.4275495547803453,0.012670627993431572,-0.2367178312531252,-0.21078605188697253
2016,03,14,28.0,1118.0,10464.0,ok,9.359570661896242,0.013109448652705143,0.5332384569390803,0.02458458965611107,0.005593152814741073,0.005608823696868963
2016,03,15,90.0,1930.0,17197.0,ok,8.910362694300519,0.022630801341431955,0.6586082152860361,0.03436155337297654,0.3242555228726088,0.38300065027290575
2016,03,16,22.0,1509.0,35422.0,ok,23.47382372432074,0.017694237940010786,0.3741885517506264,0.04728695695586888,0.02595153570726942,0.026291208790582932
2016,03,17,16.0,122.0,2557.0,ok,20.959016393442624,0.001430548064069792,0.424503518138665,0.003369932174749375,0.18114639042124026,0.19859062863785557
2016,03,18,95.0,3690.0,21990.0,ok,5.959349593495935,0.043268216036209284,0.7707591835539611,0.056137139795986696,-0.2536066343025899,-0.2240030073850216
2016,03,19,13.0,557.0,2350.0,ok,4.21903052064632,0.00653127271874487,0.4422148517169741,0.014769455827605285,-0.4742235289044554,-0.3776318802458133
2016,03,20,17.0,499.0,2545.0,ok,5.1002004008016035,0.005851176098121526,2.0855575427388326,0.00280556924381839,0.22847214233247903,0.256678516511977
2016,03,21,133.0,2953.0,42840.0,ok,14.507280731459533,0.03462629863277128,1.1107375050434343,0.03117415093624416,0.3173304496640473,0.3734563551362131
2016,03,22,46.0,2082.0,22719.0,ok,10.912103746397694,0.02441312351961727,0.8569980462602748,0.028486790169650958,0.032731725053852294,0.03327330071578761
2016,03,23,21.0,852.0,9009.0,ok,10.57394366197183,0.009990384840880842,0.5506642260456974,0.01814242576210458,0.028052935307517554,0.028450124304112874
2016,03,24,186.0,5647.0,45607.0,ok,8.07632371170533,0.06621561408034521,0.8470560816468101,0.0781714641037836,-0.011803151353013687,-0.011733767413422963
2016,03,25,48.0,3700.0,47076.0,ok,12.723243243243243,0.04338547407424779,1.0292475190772559,0.04215261467245884,0.3575053490254549,0.42975821424069116
2016,03,26,160.0,7217.0,63757.0,ok,8.834280171816545,0.08462512605239089,1.0900350558674472,0.07763523346966711,-0.0055931527750227444,-0.0055775402174089925
2016,03,27,43.0,3013.0,35649.0,ok,11.831729173581149,0.03532984686100232,1.2889041823777942,0.027410762835624575,0.24060533384806723,0.2720189134197449
2016,03,28,88.0,7806.0,64687.0,ok,8.286830643095055,0.09153162449285898,1.7520362840818837,0.05224299594960964,-0.22866153120969482,-0.20440222704627048
2016,03,29,49.0,3050.0,20332.0,ok,6.6662295081967216,0.0357637016017448,0.5670444761107722,0.06307036415739346,-0.1524870407023495,-0.14142997965125312
2016,03,30,27.0,1973.0,18007.0,ok,9.126710593005575,0.023135010904997536,1.3608647351183645,0.017000228096134266,0.024751552090676126,0.025060414768202872
2016,03,31,56.0,7514.0,36592.0,ok,4.8698429598083575,0.08810768978213457,0.6309953264606063,0.13963287220580584,-0.6644852424974592,-0.4854616779900428
2016,03,32,63.0,2572.0,15078.0,ok,5.862363919129082,0.030158767383504138,1.5121863051196298,0.019943817293807765,-0.13858252745072897,-0.1294085993845879
2016,04,09,661.0,26595.0,185440.0,ok,6.972739236698628,0.232094391161301,1.5544974172206216,0.14930509924955448,-0.15397188308439963,-0.14270387480461516
2016,04,10,74.0,1845.0,38392.0,ok,20.80867208672087,0.016101302940124098,1.197215924464675,0.013448954871965691,0.1004307852031449,0.10564711191536648
2016,04,11,116.0,3068.0,10453.0,ok,3.4071056062581486,0.026774415945962457,0.7832340359487597,0.03418443877190505,-0.4336740837881234,-0.35187654499190846
2016,04,12,82.0,2040.0,23806.0,ok,11.669607843137255,0.01780306666550307,1.482111417156402,0.012011962433742168,0.29502911922818725,0.34316547005864334
2016,04,13,54.0,1594.0,10486.0,ok,6.578419071518193,0.013910827580790142,1.097879883144031,0.012670627993431572,-0.09259446243752695,-0.08843690157491127
2016,04,14,66.0,2605.0,59639.0,ok,22.89404990403071,0.02273381797237034,0.9247182194362689,0.02458458965611107,0.7296467269972878,1.0743476671886456
2016,04,15,180.0,4713.0,42680.0,ok,9.055803097814556,0.04113032019339018,1.1969866363997645,0.03436155337297654,0.17002230116343495,0.18533128529232812
2016,04,16,41.0,1618.0,30154.0,ok,18.636588380716933,0.014120275423913708,0.29860824914345035,0.04728695695586888,-0.3752316679368967,-0.3128699256563016
2016,04,17,17.0,505.0,24940.0,ok,49.386138613861384,0.004407131699058357,1.3077805340061834,0.003369932174749375,0.8678231967061135,1.3817206691707722
2016,04,18,121.0,4315.0,38818.0,ok,8.996060254924682,0.03765697679492438,0.670803267351653,0.056137139795986696,-0.01220530188954405,-0.012131119306098934
2016,04,19,22.0,2325.0,18579.0,ok,7.990967741935484,0.020290259802595408,1.3737987397390297,0.014769455827605285,-0.005941077646526571,-0.005923464342656398
2016,04,20,3.0,153.0,900.0,ok,5.882352941176471,0.0013352299999127301,0.47592124231283534,0.00280556924381839,0.20072509791538568,0.22228871591820254
2016,04,21,156.0,4288.0,57784.0,ok,13.475746268656716,0.03742134797141037,1.200396701996557,0.03117415093624416,0.07314725071046553,0.07588895066351592
2016,04,22,41.0,2080.0,26203.0,ok,12.597596153846155,0.018152146404042342,0.6372127675999503,0.028486790169650958,0.005941077646526571,0.005958760850078253
2016,04,23,27.0,1620.0,17837.0,ok,11.010493827160493,0.01413772941084067,0.7792634566195213,0.01814242576210458,-0.10191514529859752,-0.09689381877701572
2016,04,24,267.0,7880.0,73350.0,ok,9.308375634517766,0.06876870849223735,0.8797162657838572,0.0781714641037836,-0.04024938656997944,-0.03945013895535651
2016,04,25,51.0,1512.0,11784.0,ok,7.7936507936507935,0.013195214116784627,0.31303429738146127,0.04215261467245884,-0.30303980005265846,-0.2614302993274674
2016,04,26,175.0,6948.0,91591.0,ok,13.182354634427174,0.06063515058427221,0.7810261897127287,0.07763523346966711,0.2242223314661016,0.2513492028056222
2016,04,27,41.0,3589.0,11830.0,ok,3.2961827807188633,0.031321179540436526,1.142659900720813,0.027410762835624575,-1.2078384892708067,-0.7011574668410051
2016,04,28,95.0,14368.0,298748.0,ok,20.79259465478842,0.12538944208330788,2.400119667797206,0.05224299594960964,0.5208437275744464,0.6834474216740758
2016,04,29,104.0,5692.0,41682.0,ok,7.322909346451159,0.04967404679413895,0.78759727262992,0.06307036415739346,-0.2289578020723569,-0.20463790457087985
2016,04,30,34.0,3565.0,29033.0,ok,8.143899018232819,0.031111731697312957,1.8300773096325424,0.017000228096134266,-0.25960878497015516,-0.2286467082151724
2016,04,31,102.0,10310.0,117688.0,ok,11.414936954413191,0.08997530260849834,0.6443704923285051,0.13963287220580584,0.016951771177070377,0.01709626778652747
2016,04,32,88.0,1359.0,12720.0,ok,9.359823399558499,0.011859984116871896,0.5946697135334383,0.019943817293807765,0.15886692076223893,0.17218194322101602
2016,05,09,331.0,7484.0,36820.0,ok,4.919828968466061,0.1213064267768863,0.8124734345082877,0.14930509924955448,-0.10478893621509024,-0.09948543145714632
2016,05,10,46.0,927.0,10184.0,ok,10.985976267529665,0.015025528811086798,1.1172265022918229,0.013448954871965691,-0.14040213631554022,-0.13099129483475153
2016,05,11,294.0,7091.0,21504.0,ok,3.0325765054294176,0.1149363805818948,3.362242725375876,0.03418443877190505,-0.15220729794142285,-0.14118976730604607
2016,05,12,142.0,2722.0,21926.0,ok,8.055106539309332,0.04412026906556447,3.6730275597290043,0.012011962433742168,0.32226485123507975,0.3802502885455201
2016,05,13,40.0,850.0,4919.0,ok,5.787058823529412,0.013777453602398898,1.0873536504695034,0.012670627993431572,0.17715260196451463,0.19381325747582098
2016,05,14,18.0,610.0,5812.0,ok,9.527868852459017,0.009887349055839208,0.4021766966275754,0.02458458965611107,0.2509080781131393,0.28519194163307554
2016,05,15,77.0,1232.0,6951.0,ok,5.642045454545454,0.019969203339006404,0.5811496099216247,0.03436155337297654,0.09478052255187847,0.09941753129031417
2016,05,16,13.0,1519.0,39705.0,ok,26.138907175773536,0.02462112002593403,0.5206746555696529,0.04728695695586888,0.3609837979495966,0.4347402149569621
2016,05,17,15.0,95.0,1532.0,ok,16.126315789473683,0.0015398330496798767,0.4569329499322625,0.003369932174749375,0.14652319632082322,0.15780178724867672
2016,05,18,42.0,1681.0,8634.0,ok,5.136228435455086,0.02724694059486182,0.4853638908908169,0.056137139795986696,-0.17475566035249937,-0.16033784153763075
2016,05,19,14.0,536.0,2830.0,ok,5.279850746268656,0.008687900153983305,0.5882342758861115,0.014769455827605285,-0.02243778879137771,-0.022187933828363388
2016,05,20,48.0,690.0,2019.0,ok,2.9260869565217393,0.011184050571359105,3.9863748135966772,0.00280556924381839,-0.09964839242157564,-0.09484437833249112
2016,05,21,96.0,2034.0,18628.0,ok,9.158308751229105,0.032968636032093365,1.057563238835893,0.03117415093624416,0.08483461209756463,0.08853702095549613
2016,05,22,18.0,857.0,7209.0,ok,8.411901983663943,0.01389091498500689,0.4876265420667116,0.028486790169650958,1.1150182919962744e-11,1.1150182920024907e-11
2016,05,23,19.0,1267.0,16393.0,ok,12.93843725335438,0.020536510252046357,1.131960550443176,0.01814242576210458,0.45735589634822776,0.5798910616645065
2016,05,24,141.0,3606.0,26881.0,ok,7.454520244037715,0.05844882081205932,0.74770021877114,0.0781714641037836,0.1355739361469833,0.14519386392622852
2016,05,25,24.0,746.0,4917.0,ok,6.591152815013404,0.012091741632223032,0.28685626564758243,0.04215261467245884,-0.07270360337408611,-0.07012359858754373
2016,05,26,130.0,4666.0,29649.0,ok,6.354264894984998,0.07563011589269795,0.9741725826360453,0.07763523346966711,-0.1076132783965461,-0.10202520445579714
2016,05,27,34.0,3796.0,33648.0,ok,8.864067439409904,0.06152848691141908,2.2446834945962606,0.027410762835624575,0.17931951399041177,0.19640295058536508
2016,05,28,95.0,12304.0,134200.0,ok,10.90702210663199,0.19943269308696004,3.8174053662489125,0.05224299594960964,0.27357097311932244,0.31465066075928183
2016,05,29,56.0,2314.0,12989.0,ok,5.613223854796889,0.037507091336413,0.5946864559528028,0.06307036415739346,-0.09692295525650597,-0.09237406875338172
2016,05,30,19.0,1062.0,6651.0,ok,6.262711864406779,0.01721371261852662,1.012557744589374,0.017000228096134266,-0.12434721781615983,-0.11692683109237226
2016,05,31,31.0,2638.0,16917.0,ok,6.412812736921911,0.042758732474268576,0.30622253770764085,0.13963287220580584,-0.1617556756705581,-0.1493509865973912
2016,05,32,57.0,968.0,5192.0,ok,5.363636363636363,0.015690088337790745,0.7867144041006766,0.019943817293807765,0.0,0.0
2016,06,09,412.0,14966.0,105816.0,ok,7.070426299612455,0.1512114292642512,1.0127680167943254,0.14930509924955448,0.14175467676746564,0.15229392938804795
2016,06,10,66.0,1330.0,15829.0,ok,11.901503759398496,0.013437872572594822,0.9991759731907518,0.013448954871965691,-0.17646034720692352,-0.16176798326309172
2016,06,11,258.0,7164.0,25668.0,ok,3.5829145728643215,0.07238264594742054,2.117415073870079,0.03418443877190505,-0.10154668696043374,-0.09656100046322079
2016,06,12,79.0,1029.0,6835.0,ok,6.642371234207969,0.010396669832481258,0.8655263359196431,0.012011962433742168,0.013324226846071112,0.013413389926195443
2016,06,13,73.0,1798.0,12105.0,ok,6.732480533926585,0.018166387131974052,1.4337400751873917,0.012670627993431572,0.21236867430419532,0.23660370505931153
2016,06,14,39.0,997.0,6036.0,ok,6.054162487462387,0.010073352597651908,0.40974255574560475,0.02458458965611107,-0.31867033417371093,-0.2728847851624932
2016,06,15,94.0,2265.0,13041.0,ok,5.757615894039735,0.022884798027764868,0.6660001013156318,0.03436155337297654,-0.0010460594053098744,-0.0010455124758936656
2016,06,16,32.0,3218.0,93635.0,ok,29.097265382224986,0.03251358942752642,0.6875804983152144,0.04728695695586888,0.35209969916840345,0.4220502938830043
2016,06,17,13.0,113.0,1698.0,ok,15.026548672566372,0.0011417139854911391,0.3387943514252032,0.003369932174749375,-0.04021410891015513,-0.03941625240639873
2016,06,18,84.0,3684.0,25276.0,ok,6.861020629750271,0.03722189665972882,0.6630529591461275,0.056137139795986696,-0.0013218872310931423,-0.0013210139230145968
2016,06,19,14.0,474.0,1242.0,ok,2.6202531645569622,0.004789136540909734,0.32425951211814164,0.014769455827605285,-0.8391680722494461,-0.5679301751705934
2016,06,20,27.0,1275.0,7293.0,ok,5.72,0.01288217107523188,4.591642535152402,0.00280556924381839,0.45455099755866335,0.5754658361940552
2016,06,21,107.0,3870.0,40301.0,ok,10.413695090439276,0.03910117808717441,1.2542820546144853,0.03117415093624416,0.0971914654127359,0.1020713619700644
2016,06,22,46.0,1253.0,9240.0,ok,7.374301675977653,0.012659890476286701,0.4444126699038981,0.028486790169650958,-0.247749790745922,-0.21944477901351966
2016,06,23,36.0,1677.0,13435.0,ok,8.011329755515803,0.016943843837775578,0.9339348585439677,0.01814242576210458,-0.13809325222064142,-0.12898253635419557
2016,06,24,243.0,5254.0,41340.0,ok,7.868290826037305,0.05308464849354376,0.6790796245426135,0.0781714641037836,0.07349081188453803,0.07625864783773871
2016,06,25,66.0,2840.0,21324.0,ok,7.5084507042253525,0.028694404591104734,0.6807265649846564,0.04215261467245884,-0.05850611848479952,-0.05682753040440619
2016,06,26,309.0,11197.0,89080.0,ok,7.955702420291149,0.11313072119950694,1.4572084882530596,0.07763523346966711,0.0010460595617076641,0.0010466068728343595
2016,06,27,56.0,2892.0,21922.0,ok,7.580221300138312,0.029219795097702426,1.0659971512987858,0.027410762835624575,-0.09324722441517207,-0.0890317411403403
2016,06,28,111.0,13516.0,210070.0,ok,15.542320213080792,0.13656111706104634,2.6139602941754094,0.05224299594960964,0.5116274063106399,0.6680035067636598
2016,06,29,135.0,5965.0,54145.0,ok,9.077116512992456,0.06026835330490836,0.9555732571086378,0.06307036415739346,0.2676050109303605,0.30683085415475386
2016,06,30,33.0,2737.0,38927.0,ok,14.222506393861893,0.027653727241497766,1.6266680120477932,0.017000228096134266,0.5797617582135663,0.7856129724466778
2016,06,31,99.0,6578.0,52539.0,ok,7.987078139252052,0.06646189908460808,0.47597602222669627,0.13963287220580584,-0.058332046366752904,-0.05666333608452852
2016,06,32,64.0,2882.0,22985.0,ok,7.975364330326163,0.029118758461818255,1.4600393712420923,0.019943817293807765,0.2806117658835775,0.3239395056622926
2016,07,09,488.0,16557.0,102384.0,ok,6.183728936401522,0.10683382909942638,0.7155403910275031,0.14930509924955448,-0.17244012433436443,-0.15839132081694954
2016,07,10,80.0,1382.0,49036.0,ok,35.48191027496382,0.008917337187618968,0.6630505695432983,0.013448954871965691,0.7357023879025258,1.0869473243829475
2016,07,11,297.0,6537.0,21582.0,ok,3.3015144561725562,0.04217990824563328,1.2338920795826964,0.03418443877190505,-0.36353749664716906,-0.30478734141634634
2016,07,12,122.0,2103.0,21487.0,ok,10.217308606752258,0.013569580394763161,1.12967223046299,0.012011962433742168,0.26374291458921784,0.30179348116568966
2016,07,13,83.0,2541.0,15991.0,ok,6.293191656828021,0.016395769749449927,1.2939981947184829,0.012670627993431572,-0.03530212370500123,-0.03468627196318079
2016,07,14,78.0,3427.0,39806.0,ok,11.615407061569886,0.022112673329935023,0.8994526099173027,0.02458458965611107,0.1527205243970635,0.1649993445471849
2016,07,15,133.0,2798.0,19869.0,ok,7.101143674052895,0.018054058937017274,0.5254145160741129,0.03436155337297654,0.028490807474704123,0.028900552596694735
2016,07,16,99.0,7821.0,195687.0,ok,25.020713463751438,0.05046490169635886,1.0672055244209482,0.04728695695586888,0.020964019587908465,0.0211853083082978
2016,07,17,22.0,202.0,6390.0,ok,31.633663366336634,0.0013034023964537131,0.386774074036267,0.003369932174749375,0.5239936895933871,0.6887585776915433
2016,07,18,214.0,8483.0,71873.0,ok,8.47259224331015,0.054736448163944795,0.975048753158207,0.056137139795986696,0.029462910760684545,0.02990123651007868
2016,07,19,56.0,5541.0,89999.0,ok,16.242375022559106,0.03575323108292091,2.4207547996518115,0.014769455827605285,0.8049890529165372,1.2366720136507543
2016,07,20,36.0,1005.0,3381.0,ok,3.364179104477612,0.006484749546712781,2.3113846008259675,0.00280556924381839,-0.2564293289262144,-0.22619032141194836
2016,07,21,232.0,6886.0,98583.0,ok,14.316439151902411,0.04443182624742707,1.4252778315693941,0.03117415093624416,0.23528265464017362,0.265266351599618
2016,07,22,63.0,2880.0,26789.0,ok,9.301736111111111,0.018583162880132148,0.652343165708088,0.028486790169650958,-0.19574544244244088,-0.17777848925979853
2016,07,23,61.0,3695.0,48088.0,ok,13.014343707713126,0.0238419398757251,1.3141539168111418,0.01814242576210458,0.16690659658179027,0.18164389057526675
2016,07,24,360.0,10648.0,91282.0,ok,8.572689706987228,0.06870608275959969,0.8789151328723064,0.0781714641037836,-0.020964019587908465,-0.020745802094816187
2016,07,25,108.0,5434.0,75807.0,ok,13.950496871549504,0.035062814962027115,0.8318064071345977,0.04215261467245884,0.3807843570852092,0.4634319926406316
2016,07,26,285.0,7903.0,60424.0,ok,7.645704162976085,0.05099400563947373,0.6568410161270092,0.07763523346966711,-0.218894458068972,-0.19659349324670525
2016,07,27,133.0,10609.0,88292.0,ok,8.322367800923743,0.06845443576226456,2.497356099601041,0.027410762835624575,-0.18003831641823592,-0.16476179253834614
2016,07,28,174.0,14366.0,122916.0,ok,8.55603508283447,0.09269642983888139,1.774332198105381,0.05224299594960964,-0.2654978450629993,-0.23317590465853433
2016,07,29,174.0,9706.0,62780.0,ok,6.468164022254276,0.0626278399008898,0.9929836419621847,0.06307036415739346,-0.2514547694772012,-0.22233136882694565
2016,07,30,86.0,11320.0,98842.0,ok,8.731625441696114,0.07304215409829719,4.296539651424234,0.017000228096134266,-0.08830786943307566,-0.08452101466352677
2016,07,31,111.0,10892.0,213446.0,ok,19.596584649283876,0.070280489614722,0.5033233829863151,0.13963287220580584,0.6590027455987619,0.9328638160026268
2016,07,32,125.0,2243.0,15026.0,ok,6.699063753901026,0.01447292859032514,0.7256849768082639,0.019943817293807765,-0.07397329069626725,-0.07130350165311992
2016,08,09,727.0,42027.0,485729.0,ok,11.557546339258096,0.15987264054047887,1.070778167283231,0.14930509924955448,0.13836574724835327,0.14839549596517737
2016,08,10,87.0,2787.0,128585.0,ok,46.13742375313958,0.010601876155478968,0.788304835313155,0.013448954871965691,0.6836925692981083,0.9811798861001841
2016,08,11,167.0,3749.0,27814.0,ok,7.41904507868765,0.014261368391421116,0.41718889950423926,0.03418443877190505,0.13152032987323128,0.14056109494914662
2016,08,12,132.0,3736.0,43689.0,ok,11.694057815845824,0.014211915793638114,1.1831468731300867,0.012011962433742168,0.08412930654485216,0.08776954043623471
2016,08,13,83.0,2335.0,23651.0,ok,10.128907922912205,0.008882447371023821,0.7010266085965482,0.012670627993431572,0.12601178540569172,0.1342955363373209
2016,08,14,135.0,5851.0,60628.0,ok,10.361989403520766,0.022257473048334208,0.9053424669547656,0.02458458965611107,-0.2760788791154759,-0.2412469213709761
2016,08,15,183.0,5498.0,49926.0,ok,9.080756638777737,0.020914644816226537,0.6086641249657457,0.03436155337297654,-0.04021876252095896,-0.039420722578903285
2016,08,16,195.0,15262.0,528362.0,ok,34.61944699253047,0.05805734979724435,1.2277666725610419,0.04728695695586888,0.03106433772590765,0.03155186945303141
2016,08,17,24.0,967.0,35046.0,ok,36.24198552223371,0.0036785124658586872,1.0915686948899088,0.003369932174749375,0.34537886996678735,0.4125249815946746
2016,08,18,450.0,19500.0,252549.0,ok,12.951230769230769,0.074178896674503,1.3213871769043377,0.056137139795986696,0.13920598519614602,0.14936082693702532
2016,08,19,87.0,3400.0,28902.0,ok,8.500588235294117,0.012933756343246677,0.8757097413888777,0.014769455827605285,-0.15711038857294646,-0.14539028553629424
2016,08,20,26.0,276.0,1265.0,ok,4.583333333333333,0.0010499166913929656,0.37422590574311587,0.00280556924381839,-0.261798013167748,-0.23033352949978836
2016,08,21,372.0,9103.0,122874.0,ok,13.49818741074371,0.03462823058605132,1.1107994779672195,0.03117415093624416,-0.1381816403062298,-0.12905952051802974
2016,08,22,108.0,9350.0,93806.0,ok,10.032727272727273,0.03556782994392836,1.2485727501100263,0.028486790169650958,-0.43470526471404436,-0.3525445330688818
2016,08,23,113.0,9385.0,122885.0,ok,13.093766648907831,0.03570097155334414,1.967816874186438,0.01814242576210458,-0.14162046358896307,-0.13204938715884904
2016,08,24,725.0,23662.0,276799.0,ok,11.698039049953511,0.09001133605703025,1.1514602814337411,0.0781714641037836,-0.024735566696156785,-0.024432149447093553
2016,08,25,184.0,14712.0,312905.0,ok,21.2686922240348,0.05596512450642503,1.327678601702277,0.04215261467245884,0.48789413673995086,0.6288824020434682
2016,08,26,367.0,19353.0,325454.0,ok,16.816720921820906,0.07361970191495674,0.9482769436601325,0.07763523346966711,0.2547240460705282,0.2901055620479529
2016,08,27,140.0,14580.0,92096.0,ok,6.316598079561042,0.0554629904366284,2.023401930447027,0.027410762835624575,-0.7704155750069709,-0.5371793083716236
2016,08,28,106.0,8705.0,136371.0,ok,15.665824238943136,0.0331142202846948,0.6338499483573784,0.05224299594960964,0.024735565489749825,0.025044027667414
2016,08,29,329.0,22895.0,226834.0,ok,9.907578073815243,0.08709363278783314,1.380896304490792,0.06307036415739346,-0.13965838105381534,-0.13034472462260685
2016,08,30,33.0,2455.0,17986.0,ok,7.326272912423625,0.009338932889020763,0.5493416227247193,0.017000228096134266,-0.5784037335219676,-0.4392071727320557
2016,08,31,207.0,17944.0,196692.0,ok,10.96143557735176,0.068259801124476,0.4888519447187723,0.13963287220580584,-0.23658053406038415,-0.21067768758853775
2016,08,32,174.0,5346.0,64816.0,ok,12.124205013093903,0.020336429826763747,1.0196859270806637,0.019943817293807765,0.2046515621671481,0.22709742329736476
2016,09,09,436.0,24676.0,256709.0,ok,10.403185281244934,0.12242994363737397,0.8199984076413873,0.14930509924955448,0.09928827189137393,0.10438461671799835
2016,09,10,58.0,2123.0,249231.0,ok,117.39566650965615,0.010533261887751052,0.7832030063323067,0.013448954871965691,1.6837672227449716,4.3858073373690205
2016,09,11,225.0,3621.0,22046.0,ok,6.088373377520022,0.017965587044534412,0.5255486908651452,0.03418443877190505,0.0,0.0
2016,09,12,140.0,3150.0,26743.0,ok,8.48984126984127,0.01562872112407716,1.3010964037129642,0.012011962433742168,-0.16993214856860106,-0.1562779375961063
2016,09,13,115.0,1987.0,14509.0,ok,7.301962757926522,0.009858498055092483,0.7780591506753343,0.012670627993431572,-0.1350894631799122,-0.12636225021940653
2016,09,14,112.0,6066.0,108360.0,ok,17.863501483679524,0.03009645153608002,1.224199873053356,0.02458458965611107,0.3346855577435105,0.39750088279598844
2016,09,15,144.0,3034.0,22545.0,ok,7.430784442979565,0.015053187266809558,0.43808226896540875,0.03436155337297654,-0.17459577630575288,-0.1602035822211605
2016,09,16,86.0,6378.0,242914.0,ok,38.08623392913139,0.03164443915217909,0.6692001598181004,0.04728695695586888,0.19265073906566801,0.21245925490847067
2016,09,17,27.0,442.0,6299.0,ok,14.251131221719458,0.0021929824561403508,0.6507497309804002,0.003369932174749375,-0.521854035632259,-0.4065806931242832
2016,09,18,447.0,18536.0,190835.0,ok,10.295371169615883,0.09196634119234738,1.6382441557687297,0.056137139795986696,-0.024141370640097942,-0.023852298622401253
2016,09,19,73.0,4908.0,64228.0,ok,13.08638956805216,0.024351035960943082,1.6487429357707994,0.014769455827605285,0.34047604668359693,0.4056165704248976
2016,09,20,17.0,274.0,1155.0,ok,4.2153284671532845,0.0013594506628562355,0.4845543077760641,0.00280556924381839,-0.2793479573726019,-0.24372329462847317
2016,09,21,237.0,5738.0,66927.0,ok,11.663820146392471,0.028469079939668174,0.9132271155641652,0.03117415093624416,-0.2180962205940658,-0.19595192803880174
2016,09,22,68.0,3315.0,48080.0,ok,14.503770739064857,0.01644736842105263,0.5773682581681387,0.028486790169650958,-3.839792993710933e-12,-3.839792993703561e-12
2016,09,23,84.0,7199.0,67230.0,ok,9.338797055146548,0.03571782964197825,1.9687460822678247,0.01814242576210458,-0.41343022856062744,-0.3386223219567708
2016,09,24,566.0,14694.0,162428.0,ok,11.054035660813938,0.0729042629197428,0.9326198985214367,0.0781714641037836,-0.015212137752072767,-0.015097017664698613
2016,09,25,115.0,6684.0,85487.0,ok,12.789796529024537,0.033162657775660874,0.7867283686515486,0.04215261467245884,0.045454775486075356,0.046503675923684325
2016,09,26,366.0,15737.0,202839.0,ok,12.889305458473661,0.07807910613638168,1.005717412660168,0.07763523346966711,0.05489736964507269,0.0564321871012904
2016,09,27,156.0,11104.0,122909.0,ok,11.06889409221902,0.05509248233706438,2.009885046521328,0.027410762835624575,-0.14330844462472173,-0.13351323551159452
2016,09,28,101.0,6795.0,104766.0,ok,15.418101545253863,0.03371338413908073,0.6453187365364454,0.05224299594960964,0.07494534471265044,0.07782524042653408
2016,09,29,178.0,14363.0,386702.0,ok,26.92348395182065,0.0712620068270223,1.1298810111383917,0.06307036415739346,0.9261896824106391,1.524870268033236
2016,09,30,47.0,4797.0,70650.0,ok,14.727954971857411,0.02380030959752322,1.39999942723917,0.017000228096134266,0.18602581151459516,0.20445334874159934
2016,09,31,277.0,32436.0,396762.0,ok,12.232149463559008,0.16093117408906882,1.1525307153452466,0.13963287220580584,-0.06074702805240119,-0.05893872823023878
2016,09,32,143.0,3495.0,32662.0,ok,9.345350500715307,0.017340438199571328,0.8694643529930077,0.019943817293807765,0.010475715064111527,0.010530777471895361
2016,10,09,454.0,26648.0,268350.0,ok,10.07017412188532,0.12993573427732755,0.8702699032412,0.14930509924955448,0.17016730095796762,0.18550317054651078
2016,10,10,50.0,2287.0,114854.0,ok,50.220376038478356,0.011151419404542484,0.8291662445672702,0.013448954871965691,0.9380511373723103,1.5549972245475292
2016,10,11,296.0,4249.0,21962.0,ok,5.168745587196987,0.02071813775684347,0.6060692672208197,0.03418443877190505,-0.060337855082768024,-0.058553592606891997
2016,10,12,111.0,2134.0,20832.0,ok,9.76194939081537,0.010405390909179564,0.8662523685513976,0.012011962433742168,0.07310272819329022,0.07584105044555833
2016,10,13,120.0,2313.0,17433.0,ok,7.536964980544747,0.011278195488721804,0.8901054860554977,0.012670627993431572,0.0,0.0
2016,10,14,91.0,2352.0,25660.0,ok,10.90986394557823,0.011468359614990785,0.4664857040695027,0.02458458965611107,-0.054993653423880295,-0.05350884508741668
2016,10,15,152.0,3660.0,38634.0,ok,10.555737704918032,0.01784617184985811,0.5193645251175733,0.03436155337297654,0.2798554307503715,0.32293854227952373
2016,10,16,86.0,8669.0,270116.0,ok,31.15884185027108,0.04227007206732785,0.8939055246624751,0.04728695695586888,0.09530895652786264,0.09999865439671457
2016,10,17,14.0,140.0,2553.0,ok,18.235714285714284,0.0006826404532732609,0.20256800964370433,0.003369932174749375,-0.17189526091230597,-0.15793263408251165
2016,10,18,477.0,18958.0,179137.0,ok,9.449150754298977,0.09243926937967487,1.646668670965731,0.056137139795986696,-0.006497826027222651,-0.006476760806424417
2016,10,19,50.0,2373.0,25869.0,ok,10.901390644753477,0.011570755682981774,0.7834246446206307,0.014769455827605285,0.261206751661499,0.2984961039096166
2016,10,20,5.0,80.0,333.0,ok,4.1625,0.000390080259013292,0.13903782979969917,0.00280556924381839,-0.18854655100185888,-0.17183804922719345
2016,10,21,163.0,3440.0,40757.0,ok,11.84796511627907,0.016773451137571557,0.5380563907538587,0.03117415093624416,-0.09901877587118875,-0.09427429792521624
2016,10,22,76.0,3894.0,50929.0,ok,13.078839239856189,0.018987156607471987,0.6665249575117235,0.028486790169650958,-7.394012026270922e-14,-7.394012026270649e-14
2016,10,23,66.0,2985.0,30720.0,ok,10.291457286432161,0.014554869664433458,0.8022559857918936,0.01814242576210458,-0.212880448487496,-0.19174724071942614
2016,10,24,700.0,17596.0,168516.0,ok,9.576949306660605,0.08579815296997358,1.0975635924646936,0.0781714641037836,-0.05523555229354342,-0.053737772538174085
2016,10,25,181.0,8550.0,89940.0,ok,10.519298245614035,0.04168982768204558,0.9890211557691194,0.04215261467245884,-0.046568365353685144,-0.04550069634314695
2016,10,26,443.0,10800.0,111514.0,ok,10.32537037037037,0.05266083496679442,0.6783110272653402,0.07763523346966711,-0.06348348659872557,-0.06151038317166023
2016,10,27,151.0,6523.0,191846.0,ok,29.41070059788441,0.0318061691192963,1.1603533002722275,0.027410762835624575,0.9373243566519821,1.5531409764486086
2016,10,28,121.0,7340.0,69409.0,ok,9.456267029972752,0.03578986376446954,0.6850653013657606,0.05224299594960964,-0.3105061323449436,-0.2669241710758683
2016,10,29,258.0,12852.0,134763.0,ok,10.485760971055088,0.06266639361048536,0.9935949228721751,0.06307036415739346,0.08662207376022224,0.09048447913374041
2016,10,30,55.0,2847.0,32422.0,ok,11.38812785388128,0.01388198121763553,0.8165761741039342,0.017000228096134266,0.032262888959471325,0.03278897843980549
2016,10,31,508.0,50932.0,1060835.0,ok,20.828457551244796,0.24834459690081234,1.7785539535044124,0.13963287220580584,0.5749185551090348,0.7769857946059764
2016,10,32,166.0,3464.0,37402.0,ok,10.797344110854503,0.016890475215275542,0.8469028253944024,0.019943817293807765,0.258310023953678,0.2947401568712071
2016,11,09,849.0,66729.0,636607.0,ok,9.540184927093168,0.1737485516397391,1.1637147861194537,0.14930509924955448,0.08814338490995145,0.09214470787249786
2016,11,10,88.0,2835.0,57304.0,ok,20.21305114638448,0.007381755217351681,0.548872034119092,0.013448954871965691,0.0,0.0
2016,11,11,355.0,6102.0,34675.0,ok,5.682563094067519,0.015888349324966477,0.4647830970981023,0.03418443877190505,0.006475710800607808,0.006496723548800441
2016,11,12,126.0,1909.0,21861.0,ok,11.451545311681508,0.004970642225722878,0.41380767323748113,0.012011962433742168,0.20477650967914274,0.2272507556464291
2016,11,13,301.0,4992.0,50129.0,ok,10.041866987179487,0.012998138287484865,1.0258479922402484,0.012670627993431572,0.2589846853824989,0.29561396284384256
2016,11,14,443.0,12993.0,154012.0,ok,11.853459555145077,0.03383109190089961,1.3761096839169782,0.02458458965611107,0.0,0.0
2016,11,15,896.0,33568.0,327162.0,ok,9.746246425166825,0.08740414784340785,2.54366113471885,0.03436155337297654,0.17210930125032595,0.18780765498077204
2016,11,16,337.0,22277.0,610969.0,ok,27.425999910221304,0.058004712866646706,1.2266535340977915,0.04728695695586888,-0.06025641862527552,-0.05847692142468249
2016,11,17,38.0,555.0,15497.0,ok,27.922522522522524,0.0014451055187408054,0.4288233245668451,0.003369932174749375,0.2261975785162207,0.2538233693678004
2016,11,18,931.0,25033.0,243540.0,ok,9.728758039388008,0.06518076837952898,1.1610988485770488,0.056137139795986696,-0.0052952385600512535,-0.005281243497641941
2016,11,19,220.0,6266.0,48919.0,ok,7.8070539419087135,0.016315371496270065,1.1046697784068213,0.014769455827605285,-0.10061472296052941,-0.09571863537354391
2016,11,20,92.0,1218.0,6039.0,ok,4.958128078817734,0.003171420760047389,1.1304018844072705,0.00280556924381839,-0.04159292825055659,-0.04073981117175468
2016,11,21,347.0,7539.0,104138.0,ok,13.813237829950921,0.019630000911327803,0.6296883899572474,0.03117415093624416,0.02649369886260747,0.026847776932373314
2016,11,22,207.0,5404.0,79901.0,ok,14.785529237601777,0.01407090130319876,0.49394477999804665,0.028486790169650958,0.09469456129935651,0.09932302804414674
2016,11,23,296.0,10512.0,125948.0,ok,11.981354642313546,0.027371079663069092,1.5086780578284673,0.01814242576210458,-0.08880173628949915,-0.08497302776580438
2016,11,24,1750.0,32673.0,298637.0,ok,9.140176904477704,0.08507375245733033,1.0882967772534358,0.0781714641037836,-0.12987369730687617,-0.12179365625754707
2016,11,25,388.0,13289.0,172701.0,ok,12.995785988411468,0.03460181484422804,0.8208699534559538,0.04215261467245884,0.13688649844668221,0.14669798913093876
2016,11,26,1012.0,21052.0,182337.0,ok,8.66126733802014,0.05481506555050709,0.7060591319265357,0.07763523346966711,-0.2671852282556159,-0.23446873968790394
2016,11,27,349.0,13075.0,232575.0,ok,17.78776290630975,0.0340446029865514,1.2420158895506956,0.027410762835624575,0.406517738335878,0.501579776656031
2016,11,28,237.0,12988.0,149678.0,ok,11.524330150908531,0.03381807293226231,0.6473226184210631,0.05224299594960964,-0.14068215400310236,-0.1312345985765779
2016,11,29,504.0,18187.0,179839.0,ok,9.888326826854346,0.04735519652133158,0.7508311891644649,0.06307036415739346,-8.910198493395344e-12,-8.910198493355647e-12
2016,11,30,113.0,8147.0,74229.0,ok,9.111206579108874,0.021213107497624038,1.2478131103692516,0.017000228096134266,-0.21876214737618974,-0.1964871869426357
2016,11,31,553.0,44383.0,517994.0,ok,11.671000157718046,0.11556417700589759,0.8276287322627495,0.13963287220580584,-0.032253290070210314,-0.0317386999559131
2016,11,32,543.0,12329.0,91338.0,ok,7.408386730472869,0.032102172865865565,1.6096303126399365,0.019943817293807765,-0.1463362518340997,-0.13613282258035644
2016,12,09,841.0,49956.0,448363.0,ok,8.975158139162463,0.2462912839626688,1.6495838735622,0.14930509924955448,-0.006186743277659993,-0.00616764478758397
2016,12,10,90.0,3826.0,168333.0,ok,43.997124934657606,0.018862808320145145,1.402548264881505,0.013448954871965691,0.7445179845512957,1.1054263423320987
2016,12,11,126.0,2291.0,11741.0,ok,5.124836316019206,0.011295006236657744,0.3304136806815357,0.03418443877190505,-0.1301058956345712,-0.1219975506290531
2016,12,12,71.0,1807.0,14790.0,ok,8.184836745987825,0.008908806752352921,0.7416612232592122,0.012011962433742168,-0.16434272052636256,-0.1515488095924737
2016,12,13,86.0,2305.0,40223.0,ok,17.450325379609545,0.011364028535790527,0.8968796607146556,0.012670627993431572,0.7783021156731084,1.1777715205365427
2016,12,14,112.0,4289.0,41582.0,ok,9.695033807414315,0.02114547435575079,0.8601109333746636,0.02458458965611107,-0.2342838074742093,-0.2088627466348016
2016,12,15,205.0,5131.0,46865.0,ok,9.133697135061391,0.02529667263216538,0.7361911831395787,0.03436155337297654,0.07391981593249368,0.07672046620820064
2016,12,16,237.0,21246.0,766008.0,ok,36.05422197119458,0.10474626909822367,2.215119682917625,0.04728695695586888,0.1799982745575354,0.19721529739391463
2016,12,17,42.0,2685.0,61818.0,ok,23.023463687150837,0.013237490940823238,3.92811791287987,0.003369932174749375,0.0,0.0
2016,12,18,329.0,10211.0,103445.0,ok,10.13074135735971,0.05034190688891847,0.8967665091572312,0.056137139795986696,0.0019152030120135977,0.0019170381846912825
2016,12,19,89.0,2169.0,15362.0,ok,7.082526509912402,0.010693526201357767,0.7240298035470418,0.014769455827605285,-0.23128951647709137,-0.20649030135636437
2016,12,20,53.0,830.0,3578.0,ok,4.3108433734939755,0.004092036305729344,1.4585404779245683,0.00280556924381839,-0.21476544371607276,-0.19326935827129285
2016,12,21,221.0,7693.0,122557.0,ok,15.930976212140907,0.03792775337346487,1.2166411027852162,0.03117415093624416,0.13585389416192567,0.14551451500942353
2016,12,22,222.0,16403.0,228080.0,ok,13.904773517039565,0.08086948376250414,2.8388415571179464,0.028486790169650958,2.7433728967416015e-11,2.7433728967792324e-11
2016,12,23,73.0,4184.0,52762.0,ok,12.610420650095602,0.020627807112254908,1.1369927804991615,0.01814242576210458,-0.07090770273436796,-0.06845213251914009
2016,12,24,802.0,20087.0,235147.0,ok,11.706427042365709,0.09903220876287389,1.2668588198808035,0.0781714641037836,0.08430676057631677,0.08796258665439777
2016,12,25,193.0,6496.0,99312.0,ok,15.288177339901479,0.03202634679761183,0.759771298802416,0.04215261467245884,0.26606334237867024,0.30481770632660093
2016,12,26,391.0,13071.0,160897.0,ok,12.30946369826333,0.06444217656890151,0.8300635380207846,0.07763523346966711,0.051044276189457435,0.05236948716248942
2016,12,27,104.0,3064.0,51486.0,ok,16.803524804177545,0.01510602318163218,0.5510982409435005,0.027410762835624575,0.31631785610145813,0.3720663059686977
2016,12,28,69.0,6721.0,45967.0,ok,6.8393096265436695,0.03313563374796014,0.6342598303497128,0.05224299594960964,-0.6957336377573141,-0.5012915575994424
2016,12,29,147.0,7577.0,59000.0,ok,7.786722977431701,0.03735585432350751,0.5922885466506134,0.06307036415739346,-0.27221266480467005,-0.23830774127107338
2016,12,30,26.0,2388.0,19121.0,ok,8.007118927973199,0.011773232166363461,0.6925337765933042,0.017000228096134266,-0.3812140961692156,-0.31696836049280763
2016,12,31,109.0,4613.0,45398.0,ok,9.841318014307392,0.022742847564252364,0.1628760277216924,0.13963287220580584,-0.23604860208174866,-0.21025771011929525
2016,12,32,177.0,3790.0,52365.0,ok,13.816622691292876,0.018685322408089414,0.9368979936399089,0.019943817293807765,0.4436456451724399,0.5583781689423248
2016,13,09,729.0,29610.0,258985.0,ok,8.746538331644715,0.11735330836454431,0.7859966535261822,0.14930509924955448,0.0737048498583425,0.07648903271268781
2016,13,10,45.0,1198.0,24068.0,ok,20.090150250417363,0.004748033212452688,0.35304105468819363,0.013448954871965691,0.06631749729346081,0.06856593010424145
2016,13,11,416.0,4610.0,23850.0,ok,5.1735357917570495,0.018270812278302916,0.5344774679559471,0.03418443877190505,-0.014953977018968952,-0.014842721565521442
2016,13,12,59.0,588.0,4037.0,ok,6.865646258503402,0.002330420307948398,0.19400829138477302,0.012011962433742168,-0.23440166821814024,-0.20895598516534541
2016,13,13,235.0,3439.0,43201.0,ok,12.562082000581565,0.013629788161623368,1.0756994971905909,0.012670627993431572,0.5553208769492465,0.7425000231695078
2016,13,14,428.0,6231.0,45019.0,ok,7.225004012197079,0.024695321324534808,1.0045041088735933,0.02458458965611107,-0.42265564947440026,-0.34469575137339137
2016,13,15,1890.0,42450.0,371310.0,ok,8.746996466431096,0.1682420783544379,4.896230287619971,0.03436155337297654,0.13635378462308234,0.14608728993902753
2016,13,16,200.0,10696.0,168348.0,ok,15.739341810022438,0.04239145512553752,0.8964724705186644,0.04728695695586888,-0.5431681264434082,-0.41909504633075206
2016,13,17,17.0,337.0,9362.0,ok,27.780415430267063,0.0013356320472425341,0.3963379611169374,0.003369932174749375,0.2935115797440222,0.34112870924741345
2016,13,18,619.0,8019.0,56657.0,ok,7.065344806085547,0.03178170144462279,0.5661439389346107,0.056137139795986696,-0.25276333267362794,-0.22334833185140596
2016,13,19,205.0,2694.0,17685.0,ok,6.564587973273942,0.010677129778253374,0.7229196459829597,0.014769455827605285,-0.2015363230730469,-0.18252611614277858
2016,13,20,259.0,3362.0,26103.0,ok,7.764128494943486,0.013324614073677745,4.749344220619876,0.00280556924381839,0.47930935273800535,0.614958650171729
2016,13,21,198.0,3883.0,66921.0,ok,17.23435488024723,0.015389493292115015,0.4936619869323418,0.03117415093624416,0.32018740369256654,0.377385867348103
2016,13,22,109.0,2578.0,32737.0,ok,12.698603568657875,0.010217386996413214,0.3586710519354524,0.028486790169650958,0.014953977015129159,0.015066347157550657
2016,13,23,128.0,2630.0,23297.0,ok,8.858174904942965,0.010423478588272595,0.5745361025560806,0.01814242576210458,-0.3183963154140577,-0.27268551465251634
2016,13,24,1491.0,18206.0,134296.0,ok,7.376469295836538,0.07215583694984444,0.9230457402466894,0.0781714641037836,-0.2718419968632449,-0.23802535403681668
2016,13,25,362.0,7597.0,72225.0,ok,9.507042253521126,0.030109188910687038,0.7142899472463665,0.04215261467245884,-0.10328950613551015,-0.09813416001061767
2016,13,26,1000.0,16652.0,169115.0,ok,10.155837136680278,0.06599686899312368,0.8500891417929379,0.07763523346966711,-0.03558132469782798,-0.03495575089329498
2016,13,27,539.0,13266.0,127736.0,ok,9.628825569124077,0.05257713572320314,1.9181201208625587,0.027410762835624575,-0.13481541067267436,-0.1261227947934803
2016,13,28,270.0,10396.0,92107.0,ok,8.859849942285495,0.041202465172502624,0.7886696469751461,0.05224299594960964,-0.3311964601024916,-0.2819359157613283
2016,13,29,597.0,24338.0,307897.0,ok,12.650875174624044,0.09645879158987773,1.5293837744326753,0.06307036415739346,0.31878777525056196,0.3754593874050994
2016,13,30,127.0,8295.0,260350.0,ok,31.386377335744424,0.0328755722014149,1.933831241293202,0.017000228096134266,1.090522992283344,1.9758300017855892
2016,13,31,283.0,22019.0,887472.0,ok,40.30482764884872,0.08726789925291797,0.624981051197552,0.13963287220580584,1.2795271503004084,2.594939457572792
2016,13,32,583.0,9221.0,82316.0,ok,8.927014423598308,0.03654558785644928,1.832426928008215,0.019943817293807765,0.11254938743148993,0.11912752638199844
2016,14,09,637.0,49353.0,540447.0,ok,10.950641298401314,0.14073795245142912,0.9426198646852249,0.14930509924955448,0.14659719424265702,0.15788746534479
2016,14,10,52.0,2822.0,119503.0,ok,42.34691708008505,0.00804738317463848,0.5983649474066738,0.013448954871965691,0.6601357884806148,0.935055074751578
2016,14,11,148.0,2698.0,18419.0,ok,6.826908821349147,0.007693777393754295,0.22506665810987458,0.03418443877190505,0.11051397203030326,0.11685195363244456
2016,14,12,61.0,821.0,6514.0,ok,7.934226552984166,0.0023412124685960995,0.19490674246695305,0.012011962433742168,-0.24159363816503973,-0.21462474075239277
2016,14,13,114.0,2618.0,28823.0,ok,11.009549274255157,0.00746564463189353,0.5892087302826431,0.012670627993431572,0.2715533039378681,0.3120008048020005
2016,14,14,180.0,6933.0,67027.0,ok,9.667820568296552,0.019770555474758537,0.8041848878223643,0.02458458965611107,-0.28324820884191115,-0.24666721920482101
2016,14,15,332.0,8780.0,82380.0,ok,9.382687927107062,0.025037570614218945,0.7286507202526417,0.03436155337297654,0.054662012144971,0.05618357711996675
2016,14,16,249.0,21719.0,783901.0,ok,36.09286799576408,0.061935193185674406,1.3097732899893761,0.04728695695586888,0.13491605783185875,0.14444071348437348
2016,14,17,49.0,2916.0,178734.0,ok,61.294238683127574,0.008315439169824879,2.4675390300528246,0.003369932174749375,0.9330184677919237,1.5421710697086946
2016,14,18,481.0,13544.0,143417.0,ok,10.58896928529238,0.038622876583027495,0.688009341469668,0.056137139795986696,0.0,0.0
2016,14,19,65.0,3491.0,22662.0,ok,6.491549699226582,0.009955143395699128,0.6740358962374344,0.014769455827605285,-0.36457245628317925,-0.30550648624929433
2016,14,20,6.0,110.0,1143.0,ok,10.39090909090909,0.0003136825475585517,0.11180709520882422,0.00280556924381839,0.61887876209849,0.8568449093314474
2016,14,21,223.0,7660.0,96613.0,ok,12.61266318537859,0.021843711948168237,0.7006994991729502,0.03117415093624416,-0.14386371417614274,-0.1339942356738934
2016,14,22,146.0,8202.0,55213.0,ok,6.731650816873933,0.02338931140977492,0.8210581560955662,0.028486790169650958,-0.771565322724364,-0.537711129616669
2016,14,23,103.0,5625.0,70016.0,ok,12.447288888888888,0.016040584818335032,0.8841477445557573,0.01814242576210458,-0.13008190024890812,-0.1219764823688978
2016,14,24,1226.0,25639.0,262145.0,ok,10.224462732555873,0.07311369851685189,0.935299080746181,0.0781714641037836,-0.09720162312155521,-0.09262695969597948
2016,14,25,393.0,23156.0,279990.0,ok,12.091466574537916,0.0660330279205984,1.5665227040765815,0.04215261467245884,-0.014670031314054048,-0.01456295066965191
2016,14,26,1029.0,31023.0,375537.0,ok,12.105115559423654,0.08846703339008136,1.1395217021488877,0.07763523346966711,-0.011849488855016271,-0.011779560140986033
2016,14,27,298.0,15340.0,196741.0,ok,12.82535853976532,0.043744457086801664,1.5958861615463287,0.027410762835624575,0.0,0.0
2016,14,28,303.0,12987.0,195978.0,ok,15.09032109032109,0.037034502228571915,0.7088893267968993,0.05224299594960964,0.04947958948890818,0.05072414617912277
2016,14,29,586.0,23645.0,191288.0,ok,8.089997885388032,0.06742748942747231,1.0690835597398098,0.06307036415739346,-0.28015782498650255,-0.2443355306907586
2016,14,30,165.0,13154.0,176320.0,ok,13.404287669150069,0.03751072936895626,2.206483886971254,0.017000228096134266,0.08787599402589728,0.09185271737308334
2016,14,31,594.0,62655.0,961238.0,ok,15.341760434123374,0.17867072742982779,1.2795749640276954,0.13963287220580584,0.16178677275017314,0.17560954260441083
2016,14,32,257.0,5782.0,43297.0,ok,7.488239363542027,0.016488295363486782,0.826737184791907,0.019943817293807765,-0.21504658891877199,-0.19349613484101927
2016,15,09,706.0,34046.0,322269.0,ok,9.465693473535804,0.18409014718127845,1.2329796377120572,0.14930509924955448,0.3024246420881397,0.3531357030979231
2016,15,10,118.0,2645.0,32125.0,ok,12.145557655954631,0.014301781098939127,1.0634120818377604,0.013448954871965691,-0.28724493650875305,-0.24967207637434927
2016,15,11,396.0,8889.0,33548.0,ok,3.7741028237147036,0.04806371727352359,1.406011594755957,0.03418443877190505,-0.1806438995246219,-0.16526744556367487
2016,15,12,128.0,1981.0,14803.0,ok,7.4724886420999495,0.010711466297541931,0.8917332498021238,0.012011962433742168,0.0,0.0
2016,15,13,176.0,3298.0,18010.0,ok,5.460885385081868,0.01783261779368667,1.4073981023617033,0.012670627993431572,-0.12804735372295237,-0.12018828420204583
2016,15,14,101.0,3912.0,71897.0,ok,18.37857873210634,0.021152577564858173,0.8603998627083129,0.02458458965611107,0.6606860942297857,0.9361202397405037
2016,15,15,218.0,5520.0,34314.0,ok,6.216304347826087,0.02984719533691644,0.86862182896509,0.03436155337297654,-0.05547727600985913,-0.053966478917413754
2016,15,16,73.0,8050.0,237703.0,ok,29.52832298136646,0.04352715986633647,0.9204897643753798,0.04728695695586888,0.23572209759592214,0.2658224861707343
2016,15,17,33.0,362.0,6805.0,ok,18.798342541436465,0.001957370418834013,0.5808337727092636,0.003369932174749375,0.05265273745367604,0.054063544766021786
2016,15,18,219.0,7505.0,55734.0,ok,7.426249167221852,0.040580290036876424,0.7228777629988472,0.056137139795986696,-0.05324049793824031,-0.05184804353077244
2016,15,19,26.0,946.0,5915.0,ok,6.252642706131078,0.0051151171718700995,0.346330781010194,0.014769455827605285,-0.10051811442419711,-0.09563126985441525
2016,15,20,14.0,273.0,1130.0,ok,4.13919413919414,0.0014761384650322804,0.5261457967165517,0.00280556924381839,-4.8628526606670966e-11,-4.86285266054886e-11
2016,15,21,225.0,4615.0,37703.0,ok,8.169664138678224,0.024953769289831406,0.8004634782472706,0.03117415093624416,-0.2765858198931481,-0.24163146676761088
2016,15,22,154.0,5751.0,50210.0,ok,8.730655538167275,0.031096235576559137,1.0916019457217827,0.028486790169650958,-0.20999385190759842,-0.18941077046764976
2016,15,23,49.0,2087.0,22251.0,ok,10.661715380929564,0.0112846189616204,0.6220016611665796,0.01814242576210458,0.016626003143430556,0.016764984299063177
2016,15,24,1095.0,24875.0,192062.0,ok,7.721085427135678,0.13450162753728195,1.7205975233969284,0.0781714641037836,-0.0764784063193216,-0.0736270821261765
2016,15,25,192.0,9025.0,89974.0,ok,9.969418282548476,0.048799082955737476,1.1576762992028873,0.04215261467245884,0.09390366147678675,0.09845391739135435
2016,15,26,639.0,17043.0,148714.0,ok,8.725811183477088,0.0921532156027295,1.1870024920931643,0.07763523346966711,-0.0376407702012875,-0.036941161808237095
2016,15,27,81.0,4618.0,50818.0,ok,11.00433087916847,0.02496999059164495,0.9109556980002227,0.027410762835624575,0.14841598395129582,0.15999533545568462
2016,15,28,163.0,16474.0,140607.0,ok,8.53508558941362,0.08907657535876112,1.7050433984429008,0.05224299594960964,-0.21883715783498936,-0.19654745654694086
2016,15,29,210.0,10122.0,96390.0,ok,9.522821576763485,0.054730672318889166,0.8677716238058747,0.06307036415739346,0.18445631366687557,0.20256444450638506
2016,15,30,35.0,2212.0,33817.0,ok,15.287974683544304,0.011960506537184631,0.70354976824719,0.017000228096134266,0.5209193332418507,0.6835747046515281
2016,15,31,156.0,8441.0,83008.0,ok,9.833905935315721,0.04564133620270139,0.32686670038148546,0.13963287220580584,0.018595845396859177,0.018769824888516133
2016,15,32,132.0,2252.0,19055.0,ok,8.461367673179396,0.012176790561365185,0.6105546587185133,0.019943817293807765,0.2086819495140841,0.2320530811276716
2016,16,09,334.0,9313.0,50266.0,ok,5.397401481799635,0.07490669841065568,0.5017022110239762,0.14930509924955448,-0.24503059575420993,-0.21731940882746167
2016,16,10,39.0,1194.0,14118.0,ok,11.824120603015075,0.009603629110095876,0.7140799565113133,0.013448954871965691,-0.2997656698088953,-0.25900816290206646
2016,16,11,151.0,4703.0,24899.0,ok,5.294280246651073,0.03782735988675118,1.106566649789205,0.03418443877190505,0.17212162827358032,0.18782229720360402
2016,16,12,79.0,1380.0,9976.0,ok,7.228985507246377,0.011099671835789202,0.9240514942512391,0.012011962433742168,-0.018828205404210357,-0.018652061965469955
2016,16,13,74.0,1526.0,12977.0,ok,8.503931847968545,0.012273984943053857,0.9686958649103001,0.012670627993431572,0.329171518721527,0.38981621464579935
2016,16,14,79.0,3856.0,49203.0,ok,12.760114107883817,0.031014735216524033,1.2615518766169278,0.02458458965611107,0.3101257082662672,0.3635965187127211
2016,16,15,99.0,2261.0,15558.0,ok,6.881026094648385,0.018185766681680714,0.5292475134719262,0.03436155337297654,0.06041611320876912,0.0622784826992897
2016,16,16,117.0,14699.0,288497.0,ok,19.62698142730798,0.11822759153207645,2.500215686165083,0.04728695695586888,-0.15842140258806026,-0.14650995673672024
2016,16,17,12.0,96.0,2115.0,ok,22.03125,0.0007721510842288141,0.22912956231418508,0.003369932174749375,0.2256471148085315,0.2531333750329537
2016,16,18,222.0,8816.0,67304.0,ok,7.6343012704174225,0.07090920790167943,1.2631425141960795,0.056137139795986696,-0.011308808046191082,-0.011245103842153567
2016,16,19,13.0,1034.0,7281.0,ok,7.041586073500967,0.008316710636381185,0.5631020352717798,0.014769455827605285,0.03261229814363967,0.033149907446463026
2016,16,20,4.0,159.0,616.0,ok,3.8742138364779874,0.0012788752332539733,0.45583449279384725,0.00280556924381839,-0.051857174654657744,-0.05053553525068181
2016,16,21,148.0,3266.0,28902.0,ok,8.849357011635028,0.026269223344701113,0.8426604271733218,0.03117415093624416,-0.18236763589317048,-0.1667050650313254
2016,16,22,58.0,4319.0,40920.0,ok,9.47441537392915,0.034738755549835916,1.2194689307904416,0.028486790169650958,-0.11393808151562486,-0.10768679514684315
2016,16,23,75.0,6375.0,66648.0,ok,10.454588235294118,0.05127565793706969,2.8262845668726904,0.01814242576210458,0.011308808046191082,0.011372994344554304
2016,16,24,477.0,19237.0,148280.0,ok,7.708062587721578,0.15472781674280933,1.9793388612676668,0.0781714641037836,-0.06386530888215171,-0.06186865101845306
2016,16,25,80.0,2841.0,22615.0,ok,7.960225272791271,0.02285084614889647,0.5420979535067009,0.04215261467245884,-0.11686009334934688,-0.11029033924502368
2016,16,26,324.0,14254.0,143284.0,ok,10.05219587484215,0.11464834952705746,1.4767566786780097,0.07763523346966711,0.11816607996339351,0.12543100738757945
2016,16,27,12.0,867.0,11656.0,ok,13.44405997693195,0.006973489479441477,0.25440698317152766,0.027410762835624575,0.36296562404741045,0.437586439988493
2016,16,28,81.0,9601.0,156261.0,ok,16.27549213623581,0.07722315166334212,1.47815320043718,0.05224299594960964,0.4409390649432517,0.5541659962636964
2016,16,29,81.0,2654.0,18168.0,ok,6.845516201959307,0.021346760182742425,0.3384594407838065,0.06307036415739346,-0.1313398258417644,-0.12308027623202936
2016,16,30,12.0,483.0,2904.0,ok,6.012422360248447,0.003884885142526221,0.2285195892994881,0.017000228096134266,-0.3980183148314208,-0.32835027360215047
2016,16,31,71.0,5781.0,58843.0,ok,10.178688808164678,0.0464979731034039,0.3330016232486447,0.13963287220580584,0.06735702436373946,0.06967731087007666
2016,16,32,75.0,5613.0,52612.0,ok,9.37324069125245,0.04514670870600347,2.263694459336067,0.019943817293807765,0.3253312007142832,0.38448911383754
2016,17,09,396.0,12653.0,74177.0,ok,5.8624041729234175,0.12410985777341835,0.8312499599626949,0.14930509924955448,-0.21986012490650858,-0.1973689417946049
2016,17,10,35.0,623.0,6284.0,ok,10.086677367576243,0.006110838646395292,0.45437275272098043,0.013448954871965691,-0.5161634395660103,-0.40319415698513655
2016,17,11,479.0,10635.0,77852.0,ok,7.3203573107663376,0.10431584109857774,3.051559272177115,0.03418443877190505,0.43868204260068466,0.5506621644867942
2016,17,12,67.0,1026.0,8005.0,ok,7.80214424951267,0.010063756743501717,0.8378112068709231,0.012011962433742168,-1.2550354863916543e-09,-1.2550354856040971e-09
2016,17,13,63.0,2671.0,27583.0,ok,10.326843878697117,0.026199117214320746,2.0677047126553094,0.012670627993431572,0.4659179122824702,0.5934761891562972
2016,17,14,67.0,1320.0,9168.0,ok,6.945454545454545,0.012947523295733203,0.5266519993558159,0.02458458965611107,-0.3555827752027142,-0.29923506424136365
2016,17,15,128.0,3879.0,33318.0,ok,8.589327146171694,0.03804806277587053,1.1072858774130165,0.03436155337297654,0.22469704740741145,0.251943379241694
2016,17,16,31.0,2273.0,107742.0,ok,47.400791904971406,0.022295242766061794,0.47148821157743553,0.04728695695586888,0.6658406234663266,0.9461257929266556
2016,17,17,11.0,143.0,1717.0,ok,12.006993006993007,0.0014026483570377635,0.4162245066971058,0.003369932174749375,-0.4387972409087454,-0.35518849222845994
2016,17,18,107.0,3194.0,25298.0,ok,7.920475892298059,0.031329082883766554,0.5580812096523361,0.056137139795986696,-0.03198062079391839,-0.03147464885029266
2016,17,19,15.0,279.0,1685.0,ok,6.039426523297491,0.0027366356056890634,0.18529021228893716,0.014769455827605285,-0.1783837665599038,-0.16337870540272553
2016,17,20,3.0,43.0,328.0,ok,7.627906976744186,0.00042177538008827855,0.15033504555896854,0.00280556924381839,0.5681418703803318,0.7649844327599533
2016,17,21,156.0,2948.0,42444.0,ok,14.397557666214382,0.02891613536047082,0.9275676960571814,0.03117415093624416,0.24687446112091435,0.2800184106148187
2016,17,22,59.0,1616.0,16157.0,ok,9.998143564356436,0.01585090730750368,0.5564300931450957,0.028486790169650958,-0.11760538276700022,-0.11095318340391797
2016,17,23,19.0,872.0,10793.0,ok,12.377293577981652,0.00855321235899951,0.4714481112479034,0.01814242576210458,0.12265980499213597,0.13049976514571332
2016,17,24,300.0,6963.0,56387.0,ok,8.098089903777108,0.06829818538499265,0.873697149823332,0.0781714641037836,-0.07197564606162954,-0.06944644182074804
2016,17,25,106.0,4294.0,37163.0,ok,8.65463437354448,0.042118685630210886,0.9991950904466641,0.04215261467245884,-0.09069413654914744,-0.08670298764111237
2016,17,26,421.0,19390.0,203204.0,ok,10.479834966477565,0.19019127023050514,2.449806121917761,0.07763523346966711,0.10235621926878298,0.10777801332598241
2016,17,27,27.0,2134.0,42543.0,ok,19.93580131208997,0.02093182932810201,0.7636354177235017,0.027410762835624575,0.6994737428783652,1.01269323456899
2016,17,28,40.0,10234.0,113512.0,ok,11.091655266757867,0.1003825404610103,1.9214545153159495,0.05224299594960964,0.0,0.0
2016,17,29,98.0,4858.0,39031.0,ok,8.03437628653767,0.04765080922020598,0.7555182193223485,0.06307036415739346,-0.02867600947605127,-0.028268754813868636
2016,17,30,14.0,2911.0,36449.0,ok,12.52112676056338,0.02855321235899951,1.6795781913945207,0.017000228096134266,0.2780996350067511,0.3206177704148088
2016,17,31,80.0,5381.0,47920.0,ok,8.9054079167441,0.05278077488965179,0.3779967715041903,0.13963287220580584,-0.12375214073581978,-0.11640117810278079
2016,17,32,139.0,1610.0,11836.0,ok,7.351552795031056,0.01579205492888671,0.7918270958985314,0.019943817293807765,0.024912175267101374,0.02522507645193805
2016,18,09,211.0,4858.0,25750.0,ok,5.300535199670646,0.06660086095802144,0.4460722459766904,0.14930509924955448,-0.34707123118606137,-0.2932450165310161
2016,18,10,21.0,249.0,3644.0,ok,14.634538152610443,0.0034136711359710457,0.2538242687606034,0.013448954871965691,-0.1704536731794332,-0.15671784469519187
2016,18,11,550.0,15567.0,98796.0,ok,6.346502216226633,0.21341613885004523,6.243078620481674,0.03418443877190505,0.2694676169826278,0.3092672335160863
2016,18,12,67.0,1511.0,16771.0,ok,11.099272005294507,0.020715088700611443,1.7245382521695025,0.012011962433742168,0.3260218051632467,0.38544557841042815
2016,18,13,46.0,946.0,7640.0,ok,8.076109936575053,0.012969208412163088,1.0235647687617615,0.012670627993431572,0.19362240365457767,0.21363793117822208
2016,18,14,86.0,1819.0,18686.0,ok,10.272677295217152,0.02493762167201338,1.0143598905184312,0.02458458965611107,0.009358367317454475,0.009402293756533916
2016,18,15,101.0,2204.0,15382.0,ok,6.979128856624319,0.0302157878862658,0.8793487173961363,0.03436155337297654,-0.00935836721859541,-0.009314713980571425
2016,18,16,57.0,3539.0,115053.0,ok,32.51003108222662,0.048518000603218994,1.026033471523638,0.04728695695586888,0.26229126350579274,0.2999051022136492
2016,18,17,10.0,88.0,1831.0,ok,20.806818181818183,0.0012064379918291246,0.3580006745740657,0.003369932174749375,0.08453514370948506,0.08821108733430957
2016,18,18,114.0,4953.0,48581.0,ok,9.808398950131233,0.06790326560829152,1.209596104380544,0.056137139795986696,0.15534802719182922,0.1680644085496244
2016,18,19,6.0,187.0,778.0,ok,4.160427807486631,0.0025636807326368896,0.17357990453820016,0.014769455827605285,-0.577534035141701,-0.43871923997210505
2016,18,20,3.0,56.0,140.0,ok,2.5,0.0007677332675276247,0.27364616618149723,0.00280556924381839,-0.5738400053765998,-0.4366420178399132
2016,18,21,73.0,1935.0,13858.0,ok,7.161757105943153,0.02652792629760632,0.8509590638686496,0.03117415093624416,-0.47788788278040034,-0.37990828395612125
2016,18,22,21.0,378.0,8062.0,ok,21.32804232804233,0.0051821995558114665,0.18191588188592897,0.028486790169650958,0.6135588181542281,0.8469928279967949
2016,18,23,16.0,1426.0,28777.0,ok,20.18022440392707,0.019549779276685587,1.0775725105912048,0.01814242576210458,0.585040194114214,0.7950631351625734
2016,18,24,173.0,4076.0,37523.0,ok,9.205839057899901,0.05588001425790354,0.7148390387535145,0.0781714641037836,0.029774982413755438,0.03022268964705323
2016,18,25,33.0,736.0,5881.0,ok,7.990489130434782,0.010090208658934495,0.23937325685106584,0.04215261467245884,-0.19699621895883182,-0.17880626172588063
2016,18,26,140.0,3385.0,37949.0,ok,11.2109305760709,0.04640673411751803,0.597753520450861,0.07763523346966711,0.14333341970197672,0.15411454204909122
2016,18,27,16.0,860.0,5755.0,ok,6.691860465116279,0.011790189465602808,0.43012992875483247,0.027410762835624575,-0.41861061642146796,-0.34203965565212785
2016,18,28,45.0,10153.0,104942.0,ok,10.336058307889294,0.13919278330728524,2.6643338648025083,0.05224299594960964,-0.09701357449512403,-0.0924563133976915
2016,18,29,61.0,3300.0,60157.0,ok,18.22939393939394,0.04524142469359217,0.7173166874491356,0.06307036415739346,0.7641708468866569,1.1472132677861127
2016,18,30,3.0,239.0,1599.0,ok,6.690376569037657,0.003276575909626827,0.19273717335427384,0.017000228096134266,-0.37510667750390037,-0.31278403560317886
2016,18,31,26.0,4532.0,39382.0,ok,8.689761694616063,0.062131556579199915,0.4449636793807678,0.13963287220580584,-0.1747244630190184,-0.16031164590864705
2016,18,32,282.0,5945.0,37866.0,ok,6.369386038687973,0.08150311206163802,4.086635515205177,0.019943817293807765,-0.1449554135275835,-0.13493913773682245
2016,19,09,181.0,10494.0,76592.0,ok,7.298646845816657,0.14740627326487898,0.9872822429091874,0.14930509924955448,0.04137080731712634,0.04223850356475833
2016,19,10,90.0,2765.0,50885.0,ok,18.403254972875224,0.03883917910971892,2.8878957123039415,0.013448954871965691,0.12725038222234128,0.13570134161101347
2016,19,11,106.0,1953.0,17836.0,ok,9.132616487455197,0.027433242966105265,0.8025067531210035,0.03418443877190505,0.701976890450058,1.0177376135302376
2016,19,12,26.0,412.0,2860.0,ok,6.941747572815534,0.00578724838813895,0.48179041684998086,0.012011962433742168,-0.07474329378395067,-0.07201832558073357
2016,19,13,31.0,541.0,3392.0,ok,6.269870609981516,0.007599275189279543,0.5997552128607195,0.012670627993431572,0.00902867625852094,0.009069557698480975
2016,19,14,44.0,1059.0,6837.0,ok,6.456090651558074,0.014875475832619292,0.6050731796095546,0.02458458965611107,-0.38654447355761773,-0.32059949065496357
2016,19,15,62.0,971.0,8978.0,ok,9.246138002059732,0.013639364526414855,0.3969367850855503,0.03436155337297654,0.34048434813508205,0.4056282391310972
2016,19,16,18.0,1075.0,21741.0,ok,20.22418604651163,0.01510022334283828,0.31933167864725875,0.04728695695586888,-0.14381734202864177,-0.13395407619571997
2016,19,17,7.0,47.0,770.0,ok,16.382978723404257,0.0006601958112682783,0.19590774443921194,0.003369932174749375,-0.08594180570182945,-0.08235236847377622
2016,19,18,149.0,4331.0,31451.0,ok,7.2618332948510735,0.060836341672402414,1.083709321377853,0.056137139795986696,-0.07669784260878819,-0.07383033966008193
2016,19,19,9.0,266.0,10631.0,ok,39.96616541353384,0.0037364273573906813,0.25298341394589513,0.014769455827605285,1.753442156688719,4.7744450507876355
2016,19,20,7.0,132.0,108.0,ok,0.8181818181818182,0.0018541669593066538,0.6608879689538961,0.00280556924381839,-1.6222405650655871,-0.8025442094600839
2016,19,21,76.0,1524.0,25103.0,ok,16.471784776902886,0.021407200348358642,0.6866971418769222,0.03117415093624416,0.4235665317869338,0.5273993711921352
2016,19,22,13.0,366.0,3221.0,ok,8.800546448087431,0.005141099296259359,0.18047309878164317,0.028486790169650958,-0.20308924632614428,-0.1837946051578555
2016,19,23,29.0,1428.0,13693.0,ok,9.588935574229692,0.020058715287044712,1.1056247687088694,0.01814242576210458,-0.0904921837847135,-0.08651852615909104
2016,19,24,161.0,3819.0,40914.0,ok,10.713275726630007,0.05364442134539478,0.6862404582083083,0.0781714641037836,0.24998158164706236,0.2840017672722283
2016,19,25,49.0,3225.0,46723.0,ok,14.487751937984497,0.04530067002851484,1.074682327075498,0.04215261467245884,0.4666162714968867,0.5945893966000426
2016,19,26,183.0,12110.0,267024.0,ok,22.04987613542527,0.17010577179699682,2.191089846641073,0.07763523346966711,0.8883120251162536,1.4310226808064952
2016,19,27,46.0,3755.0,51420.0,ok,13.693741677762983,0.05274543130451883,1.924259883638404,0.027410762835624575,0.3659972359390667,0.4419512570078706
2016,19,28,105.0,7027.0,49316.0,ok,7.018073146435179,0.09870629714430194,1.889369002488064,0.05224299594960964,-0.4156025953190533,-0.34005751738948004
2016,19,29,98.0,4666.0,36656.0,ok,7.855979425632233,0.06554199266761247,1.0391884293556797,0.06307036415739346,-0.009028676258594881,-0.008988040149819862
2016,19,30,26.0,2171.0,50441.0,ok,23.23399355135882,0.030495427792838984,1.7938246251986132,0.017000228096134266,0.9384004747803054,1.5558899365751615
2016,19,31,71.0,4025.0,31239.0,ok,7.761242236024844,0.05653804553946426,0.40490498151561655,0.13963287220580584,-0.21916670798357626,-0.1968121908280116
2016,19,32,177.0,3029.0,19944.0,ok,6.58435127104655,0.042547513028332234,2.1333685724017615,0.019943817293807765,-0.04320181339152045,-0.04228190977347056
2016,20,09,639.0,23190.0,232221.0,ok,10.013842173350582,0.11659887272672421,0.7809436738114096,0.14930509924955448,0.34618808686051605,0.41366848328063577
2016,20,10,120.0,3514.0,61225.0,ok,17.42316448491747,0.017668324224308276,1.313732136995853,0.013448954871965691,0.06106133937164185,0.06296411373833961
2016,20,11,90.0,1947.0,7509.0,ok,3.856702619414484,0.009789478447560675,0.28637236120448734,0.03418443877190505,-0.17152487594737462,-0.15762068722406955
2016,20,12,118.0,1453.0,10992.0,ok,7.565037852718514,0.007305655975503678,0.6081983702331392,0.012011962433742168,-0.000221603610903366,-0.00022157905863684043
2016,20,13,82.0,1290.0,10832.0,ok,8.396899224806202,0.006486095119339122,0.5119000512604033,0.012670627993431572,0.2896733497351185,0.3359910149234218
2016,20,14,98.0,2288.0,20080.0,ok,8.776223776223777,0.011504019870579776,0.46793621660958595,0.02458458965611107,-0.09098433081845687,-0.08696798274838591
2016,20,15,233.0,4446.0,33974.0,ok,7.641475483580747,0.022354402248512973,0.6505643678522832,0.03436155337297654,0.13840700148521545,0.1484428731222269
2016,20,16,40.0,1786.0,48570.0,ok,27.19484882418813,0.00897997355282145,0.18990381557439018,0.04728695695586888,0.14086890840464777,0.15127371578389964
2016,20,17,23.0,204.0,3090.0,ok,15.147058823529411,0.0010257080653838613,0.30437053691151633,0.003369932174749375,-0.1758404490463544,-0.16124820368923032
2016,20,18,320.0,9083.0,67830.0,ok,7.467796983375536,0.045669148813145155,0.8135282449215571,0.056137139795986696,-0.06019222533615155,-0.05841648002153714
2016,20,19,20.0,920.0,4866.0,ok,5.289130434782609,0.004625742255652708,0.3131965259686026,0.014769455827605285,-0.28039932777223375,-0.2445180037304143
2016,20,20,12.0,328.0,1356.0,ok,4.134146341463414,0.0016491776737544434,0.58782283751796,0.00280556924381839,-0.013751115741667824,-0.013657001037552649
2016,20,21,193.0,4462.0,43160.0,ok,9.67279246974451,0.02243484993991563,0.7196619399770753,0.03117415093624416,-0.12022743373136117,-0.11328125597045588
2016,20,22,48.0,1862.0,15054.0,ok,8.084854994629431,0.009362100086984066,0.32864706873708044,0.028486790169650958,-0.2993726107529402,-0.25871685210268286
2016,20,23,102.0,3242.0,28037.0,ok,8.648056755089451,0.016300713470463128,0.8984858851957729,0.01814242576210458,-0.20522953635704638,-0.18553965330687724
2016,20,24,524.0,14413.0,121691.0,ok,8.443141608270311,0.07246828601165486,0.9270427110773188,0.0781714641037836,0.0003902486855248401,0.0003903248424495081
2016,20,25,215.0,13134.0,151820.0,ok,11.55931171006548,0.06603749868015506,1.5666287653397177,0.04215261467245884,0.22934188752281984,0.2577719820567872
2016,20,26,691.0,22476.0,216454.0,ok,9.630450258053035,0.11300889449788071,1.455639269018679,0.07763523346966711,0.048472914911543444,0.04966694111335277
2016,20,27,249.0,12075.0,116020.0,ok,9.608281573498965,0.060712867105441784,2.2149280364622292,0.027410762835624575,0.00022160356227483939,0.00022162811815810277
2016,20,28,345.0,27540.0,251449.0,ok,9.130319535221496,0.13847058882682126,2.650510107811991,0.05224299594960964,-0.16395270899395453,-0.15121783930661054
2016,20,29,279.0,13415.0,130596.0,ok,9.735072679836005,0.0674503612604142,1.069446199677718,0.06307036415739346,0.1939693699994129,0.2140590957558982
2016,20,30,122.0,15379.0,293110.0,ok,19.059106573899474,0.0773253153800902,4.548486934576686,0.017000228096134266,0.728866945712047,1.0727307601975258
2016,20,31,251.0,14584.0,131801.0,ok,9.03736972024136,0.07332807071352074,0.5251490537660931,0.13963287220580584,-0.07840304566667068,-0.07540830124219851
2016,20,32,180.0,5856.0,49664.0,ok,8.480874316939891,0.029443855053372017,1.4763399914676245,0.019943817293807765,0.19845381407963755,0.21951570165845508
2016,21,09,471.0,16744.0,123978.0,ok,7.404323936932633,0.0842359451641303,0.564186659313859,0.14930509924955448,0.0065124698151997505,0.0065337220565582915
2016,21,10,71.0,1775.0,18811.0,ok,10.597746478873239,0.008929694378065652,0.6639693911591282,0.013448954871965691,-0.4738693007458688,-0.3774113808815535
2016,21,11,482.0,8397.0,46379.0,ok,5.523282124568298,0.04224374292541819,1.2357594403491212,0.03418443877190505,0.14986341147308951,0.16167556033789837
2016,21,12,189.0,3195.0,24736.0,ok,7.7420970266040685,0.016073449880518172,1.3381202254984659,0.012011962433742168,-0.01485777915492655,-0.014747946981107016
2016,21,13,237.0,5901.0,47986.0,ok,8.131842060667683,0.029686831845050936,2.3429645208146375,0.012670627993431572,0.21982691633428944,0.24586107372297286
2016,21,14,217.0,6323.0,62244.0,ok,9.844061363276925,0.03180983524085021,1.293893275657873,0.02458458965611107,-0.013933595271335603,-0.013836972023084624
2016,21,15,218.0,4969.0,43923.0,ok,8.83940430670155,0.024998113444849705,0.7275024261420421,0.03436155337297654,0.24626436986168357,0.2792377207410974
2016,21,16,87.0,5847.0,153738.0,ok,26.293483837865573,0.029415167903408375,0.6220566895615726,0.04728695695586888,0.06939107094025414,0.07185529865560283
2016,21,17,24.0,203.0,3697.0,ok,18.211822660098523,0.0010212551880266632,0.30304918172503426,0.003369932174749375,-0.029347254426773512,-0.02892080563826425
2016,21,18,426.0,18095.0,161571.0,ok,8.929041171594363,0.09103257451892843,1.621610485496029,0.056137139795986696,0.08074534251993737,0.08409478856476353
2016,21,19,98.0,2685.0,17080.0,ok,6.361266294227188,0.013507734876116211,0.9145722790185121,0.014769455827605285,-0.13359712990070868,-0.12505751822609634
2016,21,20,9.0,64.0,165.0,ok,2.578125,0.00032197207898377564,0.11476176526143068,0.00280556924381839,-0.523740994544645,-0.4076993951698379
2016,21,21,757.0,17544.0,159750.0,ok,9.105677154582763,0.08826059615142749,2.8312109071369327,0.03117415093624416,-0.2184178051965862,-0.19621045594690537
2016,21,22,87.0,4329.0,49032.0,ok,11.326403326403327,0.021778392655011948,0.764508480081903,0.028486790169650958,-1.4507017807403254e-11,-1.4507017807298028e-11
2016,21,23,71.0,3320.0,29529.0,ok,8.894277108433736,0.01670230159728336,0.9206211901481601,0.01814242576210458,-0.21492754031274816,-0.19340011596477596
2016,21,24,726.0,19155.0,194526.0,ok,10.15536413469068,0.09636523707709722,1.2327418730338584,0.0781714641037836,0.1472664237063345,0.15866261710048798
2016,21,25,176.0,10086.0,100848.0,ok,9.99881023200476,0.05074078732234939,1.2037399747708128,0.04215261467245884,0.04654526659151063,0.047645501336160426
2016,21,26,572.0,16282.0,185073.0,ok,11.366723989681857,0.08191170921896616,1.0550842131616687,0.07763523346966711,0.17646166388725046,0.19298869133396418
2016,21,27,47.0,1822.0,17507.0,ok,9.60867178924259,0.009166142623569363,0.3343993991898878,0.027410762835624575,-0.03750919405166743,-0.036814437897710967
2016,21,28,63.0,5500.0,66309.0,ok,12.056181818181818,0.027669475537668218,0.5296303367509106,0.05224299594960964,0.07625273174957338,0.07923529671774815
2016,21,29,215.0,11790.0,108425.0,ok,9.19635284139101,0.059313293925292415,0.9404304972344032,0.06307036415739346,0.09926983131953675,0.10436425142191232
2016,21,30,9.0,543.0,3641.0,ok,6.705340699815838,0.0027317318576279715,0.16068795325453006,0.017000228096134266,-0.3535451579996445,-0.2978057178170621
2016,21,31,316.0,31805.0,322843.0,ok,10.150699575538438,0.16000503081373413,1.1458980130259129,0.13963287220580584,0.0,0.0
2016,21,32,153.0,2401.0,16387.0,ok,6.825072886297376,0.012078983775625707,0.6056505431072133,0.019943817293807765,-0.05652812272482349,-0.05496009297581938
2016,22,09,1149.0,46248.0,453662.0,ok,9.809332295450615,0.11606977036014557,0.7773999075955332,0.14930509924955448,-0.006238367133499429,-0.006218948921548022
2016,22,10,536.0,11248.0,421007.0,ok,37.429498577524896,0.02822938888191743,2.099002424401134,0.013448954871965691,0.4939275434457109,0.6387398190513369
2016,22,11,263.0,5340.0,40899.0,ok,7.658988764044944,0.013401932488392521,0.39204775534905323,0.03418443877190505,0.18275020081810628,0.2005144830861548
2016,22,12,253.0,4810.0,70076.0,ok,14.56881496881497,0.012071778140293638,1.0049796781234883,0.012011962433742168,0.3233320203463208,0.38172403524785203
2016,22,13,262.0,4459.0,35656.0,ok,7.996411751513793,0.011190864600326264,0.8832130977349809,0.012670627993431572,-0.09098854646913832,-0.08697183176431854
2016,22,14,467.0,18266.0,259769.0,ok,14.221449687944816,0.04584264023089472,1.8646900709810899,0.02458458965611107,0.05992850576042976,0.061760634062601426
2016,22,15,296.0,7546.0,60544.0,ok,8.02332361516035,0.018938386246705987,0.5511504686979599,0.03436155337297654,-0.1446232656894385,-0.1346517619185715
2016,22,16,187.0,23084.0,757299.0,ok,32.806229422976955,0.05793449617266909,1.2251686279313163,0.04728695695586888,-0.0033325551160022513,-0.0033270083175829337
2016,22,17,33.0,431.0,9483.0,ok,22.00232018561485,0.0010816915547747523,0.32098318265268905,0.003369932174749375,-0.13429122272078325,-0.12566459881116365
2016,22,18,681.0,24199.0,204306.0,ok,8.442745567998678,0.06073283975404693,1.0818655880004202,0.056137139795986696,-0.26927701420774547,-0.23606839357409423
2016,22,19,100.0,6952.0,109865.0,ok,15.803365937859608,0.0174476094867612,1.1813305574976047,0.014769455827605285,0.4823774619066899,0.6199211284331223
2016,22,20,15.0,293.0,2105.0,ok,7.184300341296928,0.0007353494792320241,0.2621034860758635,0.00280556924381839,0.20707385283471574,0.23007341283472305
2016,22,21,222.0,5223.0,62637.0,ok,11.992533026995979,0.01310829464173673,0.42048601960467724,0.03117415093624416,-0.23705257815660166,-0.2110501945993397
2016,22,22,138.0,4013.0,48129.0,ok,11.993271866434089,0.010071527167775129,0.353550789955446,0.028486790169650958,-0.23681166216497057,-0.21086010107725922
2016,22,23,105.0,7714.0,129587.0,ok,16.79893699766658,0.01936002007780148,1.0671130934563435,0.01814242576210458,0.12695912258023484,0.13537060581204932
2016,22,24,1019.0,22284.0,202283.0,ok,9.077499551247532,0.055926716024595306,0.7154364660529414,0.0781714641037836,-0.2589577526667282,-0.22814436880301622
2016,22,25,267.0,11074.0,94957.0,ok,8.57476973090121,0.02779269669971138,0.6593350594185142,0.04215261467245884,-0.40111760255163187,-0.3304286868873747
2016,22,26,1036.0,29686.0,291250.0,ok,9.811022030586809,0.07450370184464801,0.9596635253728886,0.07763523346966711,-0.2647429233037177,-0.23259679389926632
2016,22,27,137.0,9159.0,123010.0,ok,13.43050551370237,0.022986572970259758,0.8385966165226569,0.027410762835624575,0.0033325551160022513,0.003338114251462592
2016,22,28,139.0,11764.0,108587.0,ok,9.230448826929615,0.02952440707742502,0.5651361783673822,0.05224299594960964,-0.48483803547443105,-0.38420307405527016
2016,22,29,563.0,43814.0,692181.0,ok,15.798169534851874,0.10996109925963107,1.7434670106743122,0.06307036415739346,0.34633603806521013,0.4138776527088281
2016,22,30,45.0,5214.0,90562.0,ok,17.369006520905256,0.0130857071150709,0.7697371494707472,0.017000228096134266,0.30421699808506336,0.355563178790466
2016,22,31,1045.0,86285.0,1312010.0,ok,15.205539780958452,0.21655163759568327,1.5508643070559083,0.13963287220580584,0.11009629473648418,0.11638556733711791
2016,22,32,341.0,9344.0,102356.0,ok,10.954195205479452,0.02345087212950182,1.175846719012159,0.019943817293807765,0.1225704644484699,0.13039877019361998
2016,23,09,1194.0,62592.0,548913.0,ok,8.769699003067485,0.0755871736565561,0.5062598265998718,0.14930509924955448,-0.050023353773074535,-0.04879279003600997
2016,23,10,135.0,4235.0,132749.0,ok,31.3456906729634,0.005114258698164543,0.38027183129487635,0.013448954871965691,0.384791953287014,0.46930860481498354
2016,23,11,1009.0,19414.0,127523.0,ok,6.568610281240342,0.02344467966143245,0.6858290059364901,0.03418443877190505,0.09741926247726737,0.1023224391874662
2016,23,12,271.0,4839.0,47081.0,ok,9.729489563959495,0.005843659466450584,0.48648665850264977,0.012011962433742168,-0.012143091749904248,-0.012069661933469105
2016,23,13,391.0,6495.0,52673.0,ok,8.10977675134719,0.007843473493407013,0.6190279990441716,0.012670627993431572,-0.008664379934474775,-0.008626952368205
2016,23,14,439.0,12843.0,132828.0,ok,10.342443354356458,0.015509427263406664,0.630859716609158,0.02458458965611107,-0.19031998180813947,-0.17330543560459577
2016,23,15,688.0,15219.0,127056.0,ok,8.348511728760103,0.018378725649909368,0.5348630619348896,0.03436155337297654,-0.03664599431398058,-0.03598265742846667
2016,23,16,217.0,14348.0,425057.0,ok,29.624825759687763,0.017326891098291584,0.36642009157963185,0.04728695695586888,-0.03709151963450052,-0.03641205590295343
2016,23,17,48.0,1202.0,65798.0,ok,54.74043261231281,0.001451555833575863,0.4307374031003507,0.003369932174749375,0.8454102094813332,1.32893296903542
2016,23,18,1436.0,54340.0,561415.0,ok,10.331523739418476,0.06562191680242296,1.1689572543401,0.056137139795986696,0.0008619406712925869,0.0008623122489046178
2016,23,19,225.0,11951.0,160345.0,ok,13.416868881265167,0.014432232751302114,0.9771675354705436,0.014769455827605285,0.38691403386153345,0.47242990671897733
2016,23,20,38.0,812.0,3497.0,ok,4.306650246305419,0.0009805851388216312,0.3495137897530739,0.00280556924381839,-0.23641715100044092,-0.21054871515818624
2016,23,21,728.0,25569.0,301797.0,ok,11.803238296374516,0.030877563318387057,0.9904861043861733,0.03117415093624416,-0.18471612443700888,-0.16865975246081383
2016,23,22,501.0,27577.0,411720.0,ok,14.929832831707582,0.03330245858778833,1.1690491764589137,0.028486790169650958,0.05045067412915261,0.051744983838275485
2016,23,23,189.0,8598.0,122742.0,ok,14.275645498953246,0.010383092393581756,0.5723100388962145,0.01814242576210458,0.03244522184447086,0.03297730700256347
2016,23,24,2198.0,54591.0,585274.0,ok,10.721071238848895,0.06592502871109812,0.8433387997386538,0.0781714641037836,-0.024298711527647107,-0.024005874485916918
2016,23,25,614.0,29611.0,336143.0,ok,11.351963797237513,0.03575875190350656,0.8483163424467279,0.04215261467245884,-0.05230425459738498,-0.050959926893638804
2016,23,26,2209.0,68138.0,812955.0,ok,11.93100766092342,0.08228461845939447,1.0598875636993341,0.07763523346966711,-0.0008619406226640603,-0.0008615692585511629
2016,23,27,296.0,15746.0,305850.0,ok,19.423980693509463,0.0190151398964106,0.6937107154018147,0.027410762835624575,0.44055906194501715,0.5535755207237054
2016,23,28,129.0,7560.0,97908.0,ok,12.950793650793651,0.009129585775235878,0.1747523397019901,0.05224299594960964,-0.07794190137077964,-0.0749818327300848
2016,23,29,707.0,52466.0,683034.0,ok,13.018602523539053,0.06335884223327058,1.0045739085183845,0.06307036415739346,0.22106799128910237,0.24740824057517485
2016,23,30,30.0,4347.0,54633.0,ok,12.567977915804002,0.00524951182076063,0.3087906698119146,0.017000228096134266,0.04892849471740973,0.05014525712189362
2016,23,31,1746.0,315954.0,6769918.0,ok,21.426910246428278,0.38155147407789375,2.7325333071679743,0.13963287220580584,0.5213308305750023,0.6842676337121061
2016,23,32,432.0,9630.0,108360.0,ok,11.25233644859813,0.011629353308931415,0.583105688224598,0.019943817293807765,0.2176704855404805,0.2431773552053995
2016,24,09,476.0,18179.0,169181.0,ok,9.3063974916112,0.09212860198051916,0.6170492665259325,0.14930509924955448,0.032747362179772976,0.03328945826682987
2016,24,10,70.0,1501.0,19597.0,ok,13.055962691538975,0.007606855799150627,0.5656094374297512,0.013448954871965691,-0.4676687705400264,-0.3735390083681407
2016,24,11,135.0,2722.0,16029.0,ok,5.888684790595151,0.013794711182736846,0.40353774051350577,0.03418443877190505,0.011520789255475866,0.011587409140084347
2016,24,12,129.0,1814.0,18732.0,ok,10.326350606394708,0.009193095549406553,0.7653283632974671,0.012011962433742168,0.0707655476416648,0.07332955172203955
2016,24,13,69.0,1742.0,13291.0,ok,7.629735935706085,0.00882820972826142,0.696746028124095,0.012670627993431572,-0.046310349536269724,-0.04525438865081762
2016,24,14,70.0,2198.0,21722.0,ok,9.882620564149226,0.011139153262180599,0.4530949435396293,0.02458458965611107,-0.21242727373195422,-0.19138087796591746
2016,24,15,101.0,1946.0,12938.0,ok,6.648509763617677,0.009862052888172632,0.2870083543990357,0.03436155337297654,-0.24096541279585335,-0.21413119307684902
2016,24,16,119.0,14754.0,391045.0,ok,26.50433780669649,0.07477118618299024,1.5812222015633475,0.04728695695586888,-0.12502469256760146,-0.11752488826079267
2016,24,17,17.0,1667.0,30755.0,ok,18.449310137972404,0.00844812033123524,2.5069110869756703,0.003369932174749375,-0.21879428368618944,-0.19651300846457836
2016,24,18,233.0,11140.0,144774.0,ok,12.995870736086175,0.05645594510495535,1.005679044392487,0.056137139795986696,0.25366496806096045,0.28873996288283305
2016,24,19,58.0,7103.0,83179.0,ok,11.710404054624806,0.035996999827692805,2.43725972357164,0.014769455827605285,0.27425006354957415,0.3155437306454132
2016,24,20,,,,nil_or_na,,0.0,0.0,0.00280556924381839,,
2016,24,21,258.0,7054.0,111425.0,ok,15.796002268216615,0.03574867475496903,1.1467409273818063,0.03117415093624416,0.13003797142386994,0.13887162708088846
2016,24,22,100.0,2422.0,26110.0,ok,10.780346820809248,0.012274353594632125,0.43087878702841304,0.028486790169650958,-0.2518148684142033,-0.22261135605979296
2016,24,23,54.0,6225.0,56065.0,ok,9.006425702811246,0.031547419953172985,1.7388755157024482,0.01814242576210458,-0.4048003273937081,-0.33288999884658105
2016,24,24,440.0,13855.0,163474.0,ok,11.798917358354384,0.07021518127730308,0.8982201124451573,0.0781714641037836,0.09486912135590155,0.09951494268391126
2016,24,25,135.0,10187.0,114986.0,ok,11.287523314027682,0.051626275833409355,1.2247467027742955,0.04215261467245884,-0.034625886566879455,-0.034033270203207455
2016,24,26,298.0,10456.0,105760.0,ok,10.11476664116297,0.052989529804076584,0.6825448631487679,0.07763523346966711,-0.14263510327670037,-0.13292959767385826
2016,24,27,51.0,5221.0,63769.0,ok,12.213943688948477,0.026459289891649182,0.9652883449584699,0.027410762835624575,0.0,0.0
2016,24,28,80.0,19101.0,535911.0,ok,28.056698602167426,0.09680116763462766,1.85290230537307,0.05224299594960964,0.7184995739510623,1.0513529969331472
2016,24,29,191.0,13760.0,135343.0,ok,9.835973837209302,0.0697337347077366,1.105649787176027,0.06307036415739346,-0.03589370765990446,-0.03525716719325641
2016,24,30,8.0,2015.0,61593.0,ok,30.56724565756824,0.010211735133436718,0.6006822423611361,0.017000228096134266,0.9610765178227024,1.6145095251027133
2016,24,31,291.0,39609.0,746660.0,ok,18.85076623999596,0.20073281235746648,1.437575616589803,0.13963287220580584,0.41660790733723224,0.5168076671682487
2016,24,32,115.0,2651.0,41485.0,ok,15.64881176914372,0.013434893220218729,0.6736369984892534,0.019943817293807765,0.5708608175033199,0.769789861999113
2016,25,09,215.0,10844.0,120272.0,ok,11.091110291405386,0.06987248464854347,0.4679845832442455,0.14930509924955448,-0.022091004643720068,-0.02184878530215922
2016,25,10,47.0,1310.0,47337.0,ok,36.135114503816794,0.008440884810917737,0.6276238481930472,0.013448954871965691,0.3200711686874184,0.3772257761989987
2016,25,11,275.0,7180.0,68760.0,ok,9.576601671309191,0.04626378087205294,1.3533579176404518,0.03418443877190505,0.26753069565997817,0.30673374027505024
2016,25,12,54.0,1014.0,6604.0,ok,6.512820512820513,0.006533631449061515,0.5439270631340168,0.012011962433742168,-0.6204409847333396,-0.4622927353910133
2016,25,13,58.0,1855.0,17923.0,ok,9.66199460916442,0.011952550629200307,0.9433274053501125,0.012670627993431572,-0.04044369099063684,-0.03963675990839412
2016,25,14,89.0,3873.0,43197.0,ok,11.153369481022462,0.024955379292125494,1.0150821974741504,0.02458458965611107,-0.32174355538228455,-0.2751159408882132
2016,25,15,76.0,4106.0,52935.0,ok,12.89210910862153,0.026456696972235287,0.7699505515673809,0.03436155337297654,0.19097706690922353,0.21043169282310775
2016,25,16,109.0,7366.0,536735.0,ok,72.86654900896009,0.04746225764673286,1.003707167941206,0.04728695695586888,0.6560163557562211,0.9271001417083078
2016,25,17,14.0,152.0,2960.0,ok,19.473684210526315,0.0009794003750072488,0.29062910593448005,0.003369932174749375,-0.39503744974157834,-0.32634518942210217
2016,25,18,247.0,15879.0,231049.0,ok,14.55060142326343,0.10231512207065858,1.8225923593986384,0.056137139795986696,0.13638541080188923,0.14612353687376045
2016,25,19,15.0,2148.0,53503.0,ok,24.90828677839851,0.013840473720497175,0.9371011283048243,0.014769455827605285,0.7986927182574723,1.2226334203496312
2016,25,20,8.0,72.0,130.0,ok,1.8055555555555556,0.0004639264934244863,0.1653591314656275,0.00280556924381839,-1.3126182955378163,-0.73088548819977
2016,25,21,218.0,7354.0,131937.0,ok,17.940848517813436,0.047384936564495446,1.5200072862098084,0.03117415093624416,0.027081023818704263,0.02745104739843666
2016,25,22,34.0,1649.0,23773.0,ok,14.416616130988478,0.010625205384124693,0.37298710457889683,0.028486790169650958,-0.19143838029121,-0.17422949272301974
2016,25,23,43.0,2356.0,28867.0,ok,12.252546689303905,0.015180705812612357,0.8367517117981772,0.01814242576210458,-0.3272850222029443,-0.2791217525635437
2016,25,24,315.0,11235.0,143462.0,ok,12.769203382287495,0.07239186324477921,0.9260650810974813,0.0781714641037836,-0.05638258411794778,-0.05482254317514873
2016,25,25,144.0,12897.0,223844.0,ok,17.356284407226486,0.08310083313466111,1.9714277223461663,0.04215261467245884,0.1653505700658282,0.17980665111646055
2016,25,26,221.0,10867.0,272684.0,ok,25.092849912579368,0.0700206833894985,0.9019188873419993,0.07763523346966711,0.5356712248219081,0.7085947086218334
2016,25,27,42.0,3333.0,69563.0,ok,20.870987098709872,0.021475930591441844,0.7834853309346981,0.027410762835624575,0.3055015794086157,0.3573056288526306
2016,25,28,78.0,14028.0,136949.0,ok,9.762546335899629,0.09038834513553741,1.7301524059362983,0.05224299594960964,-0.5674547910197225,-0.4330333475582557
2016,25,29,163.0,17934.0,231224.0,ok,12.893052302888368,0.1155563574038158,1.8321815475084684,0.06307036415739346,0.004468199364843206,0.004478196652036702
2016,25,30,8.0,1513.0,10512.0,ok,6.9477858559153995,0.009748899785433997,0.5734569989476099,0.017000228096134266,-0.7507097011968962,-0.5279685674351782
2016,25,31,90.0,13676.0,213023.0,ok,15.576411231354196,0.08812026005657325,0.6310853502081674,0.13963287220580584,-0.004468199379350224,-0.0044582318276989155
2016,25,32,92.0,2556.0,34455.0,ok,13.480046948356808,0.016469390516569263,0.8257892796522331,0.019943817293807765,0.1913962033522988,0.21093913519378954
2016,26,09,513.0,23149.0,246199.0,ok,10.635405417080651,0.1607580608198668,1.0767084421622424,0.14930509924955448,0.1763776883643769,0.19288851369112098
2016,26,10,120.0,3688.0,256638.0,ok,69.58731019522777,0.025611288967284495,1.904333028930832,0.013448954871965691,1.2158123379728971,2.373032994487758
2016,26,11,715.0,8577.0,52879.0,ok,6.165209280634254,0.05956291363134466,1.7423984646574702,0.03418443877190505,0.06755401767857722,0.06988805090585928
2016,26,12,82.0,1425.0,13270.0,ok,9.312280701754386,0.009895902054875382,0.8238372463667825,0.012011962433742168,-0.022455534140647666,-0.022205285291043646
2016,26,13,123.0,1284.0,7933.0,ok,6.178348909657321,0.008916728588392975,0.7037321743654213,0.012670627993431572,-0.24716869327052216,-0.218991068532954
2016,26,14,164.0,3934.0,41116.0,ok,10.451448906964922,0.02731963416412614,1.1112503623722356,0.02458458965611107,-0.1463205462020244,-0.13611925489376167
2016,26,15,318.0,9070.0,88434.0,ok,9.750165380374861,0.06298654851769804,1.8330530006607173,0.03436155337297654,0.15206992352433255,0.1642416414647617
2016,26,16,113.0,5649.0,98440.0,ok,17.426093113825456,0.03922943909332704,0.8296037981454036,0.04728695695586888,-0.5342205925803674,-0.413874056928794
2016,26,17,11.0,193.0,2973.0,ok,15.404145077720207,0.0013402870853269815,0.39771930585714527,0.003369932174749375,-0.38904080526211576,-0.32229338454633194
2016,26,18,233.0,6593.0,62074.0,ok,9.41513726679812,0.045785040173890096,0.8155926778649901,0.056137139795986696,-0.05850413844705993,-0.05682566288547257
2016,26,19,11.0,788.0,4752.0,ok,6.030456852791878,0.005472260224029334,0.37051197335254865,0.014769455827605285,-0.3792610241494128,-0.3156330469517505
2016,26,20,34.0,667.0,4106.0,ok,6.15592203898051,0.004631976610948687,1.6509935091263512,0.00280556924381839,0.15435196154399144,0.16690151897113328
2016,26,21,170.0,4226.0,110036.0,ok,26.037860861334597,0.029347426023791832,0.941402576891725,0.03117415093624416,0.639976573411433,0.8964364517480619
2016,26,22,54.0,1497.0,18488.0,ok,12.3500334001336,0.010395905527121716,0.36493776466950734,0.028486790169650958,-0.10573701523721583,-0.10033878584108528
2016,26,23,33.0,1760.0,16101.0,ok,9.148295454545455,0.012222307099354856,0.6736864882139679,0.01814242576210458,-0.37902722092050384,-0.3154730210418109
2016,26,24,415.0,8926.0,75024.0,ok,8.405108671297334,0.06198654157320537,0.7929561289898515,0.0781714641037836,-0.23415513725180415,-0.20876094427913267
2016,26,25,81.0,4387.0,63171.0,ok,14.399589696831548,0.030465489343676,0.7227425767156781,0.04215261467245884,0.21901966534200662,0.24485575696103345
2016,26,26,446.0,13801.0,171127.0,ok,12.399608724005507,0.0958409433398843,1.234503189551563,0.07763523346966711,0.07117723776183225,0.07377152186529556
2016,26,27,146.0,8626.0,133774.0,ok,15.508230929747276,0.059903193772178974,2.185389517665134,0.027410762835624575,0.24893650950709764,0.2826605937312044
2016,26,28,91.0,8941.0,177615.0,ok,19.86522760317638,0.06209070896325669,1.1884982443033234,0.05224299594960964,0.3833868310667225,0.467245496445044
2016,26,29,233.0,12395.0,99037.0,ok,7.990076643807987,0.0860769866457406,1.364777067576994,0.06307036415739346,-0.2335959966875661,-0.20831840671824844
2016,26,30,14.0,2037.0,23575.0,ok,11.573392243495336,0.014145931568969228,0.8321024570362038,0.017000228096134266,0.0,0.0
2016,26,31,105.0,9511.0,117009.0,ok,12.302491851540323,0.06604906978520685,0.47301948847587033,0.13963287220580584,-4.287428076305186e-10,-4.287428075386084e-10
2016,26,32,173.0,2875.0,132884.0,ok,46.22052173913043,0.01996541642650296,1.001082998925281,0.019943817293807765,1.6640335448671375,4.280567351426148
2016,27,09,800.0,48934.0,527496.0,ok,10.779744145175133,0.1122215902836385,0.7516259715689071,0.14930509924955448,0.14265763578966495,0.15333487348201852
2016,27,10,66.0,1576.0,88728.0,ok,56.2994923857868,0.0036142809965875318,0.2687406591066411,0.013448954871965691,0.9567153162922887,1.603131950142743
2016,27,11,971.0,15066.0,108340.0,ok,7.191026151599628,0.03455124206509375,1.0107301247692317,0.03418443877190505,0.17426550127841042,0.1903715690422408
2016,27,12,174.0,3062.0,31426.0,ok,10.263226649248857,0.0070221626976846585,0.5845974574445115,0.012011962433742168,0.027577395156916363,0.027961171244735482
2016,27,13,421.0,10011.0,51698.0,ok,5.164119468584557,0.022958481635049353,1.8119450469977483,0.012670627993431572,-0.47368546932477207,-0.37729691901042034
2016,27,14,597.0,12957.0,122821.0,ok,9.479123253839623,0.029714618574101934,1.208668478496068,0.02458458965611107,-0.2911696527793632,-0.252611129337388
2016,27,15,1166.0,24713.0,208022.0,ok,8.41751304981184,0.05667495321615969,1.6493711038317436,0.03436155337297654,-0.04210021567159179,-0.041226308391654136
2016,27,16,521.0,30144.0,939526.0,ok,31.16792728237792,0.06913000403625288,1.4619254121336098,0.04728695695586888,0.0,0.0
2016,27,17,51.0,1744.0,67687.0,ok,38.81135321100918,0.003999559681502954,1.1868368483708147,0.003369932174749375,0.4878350583921554,0.6287861732049509
2016,27,18,1357.0,30179.0,282165.0,ok,9.349713376851453,0.06921027042894361,1.2328784594382118,0.056137139795986696,-0.11267750669831617,-0.1065612583290134
2016,27,19,246.0,5899.0,58420.0,ok,9.90337345312765,0.013528327156643306,0.9159665267665305,0.014769455827605285,0.06959134199326067,0.0720699817416215
2016,27,20,143.0,1669.0,9688.0,ok,5.804673457159976,0.0038275602685942833,1.3642722513542243,0.00280556924381839,0.04840045684044793,0.04959088702690644
2016,27,21,292.0,6884.0,101304.0,ok,14.715862870424171,0.015787252779510513,0.5064212594529944,0.03117415093624416,0.02215061181527936,0.022397758057305026
2016,27,22,566.0,19056.0,274233.0,ok,14.390900503778338,0.043701610831835026,1.5341009138472022,0.028486790169650958,0.0,0.0
2016,27,23,267.0,9678.0,135592.0,ok,14.01033271337053,0.022194804241734856,1.2233647546787694,0.01814242576210458,0.0,0.0
2016,27,24,3407.0,60917.0,566856.0,ok,9.305382733883809,0.13970250981543317,1.7871292474445464,0.0781714641037836,-0.1796021266879843,-0.16439739074155454
2016,27,25,856.0,26541.0,310365.0,ok,11.693794506612411,0.060867152240120355,1.4439709781488121,0.04215261467245884,-0.03632204511968653,-0.035670314198117746
2016,27,26,1814.0,44802.0,492080.0,ok,10.983438239364315,0.10274556929512348,1.3234399473438465,0.07763523346966711,-0.09729947082850807,-0.09271573972379216
2016,27,27,273.0,7368.0,79114.0,ok,10.737513572204126,0.0168972223241478,0.6164448040164433,0.027410762835624575,-0.1658911644998285,-0.15286157209315027
2016,27,28,160.0,7279.0,-32193.0,ok,-4.422722901497458,0.016693116354162846,0.319528312852961,0.05224299594960964,,
2016,27,29,792.0,27001.0,366914.0,ok,13.58890411466242,0.061922081972626865,0.9817936331887821,0.06307036415739346,0.25025692231615204,0.28435535385409055
2016,27,30,48.0,4152.0,76963.0,ok,18.536368015414258,0.009521887498624005,0.5601035141869194,0.017000228096134266,0.4238256351368603,0.5277951767609468
2016,27,31,436.0,26665.0,289900.0,ok,10.871929495593475,0.06115152460279602,0.43794504572436477,0.13963287220580584,-0.17081795458108265,-0.1570249807553386
2016,27,32,566.0,9751.0,72923.0,ok,7.478515024100092,0.02236221700363263,1.121260622988947,0.019943817293807765,-0.20455641660725973,-0.1849912394086938
2016,28,09,1147.0,54685.0,561635.0,ok,10.270366645332357,0.15327286690472053,1.0265748971408817,0.14930509924955448,0.028351020824130584,0.02875673608672228
2016,28,10,130.0,6556.0,151842.0,ok,23.160768761439904,0.01837536647028157,1.3663044188351743,0.013448954871965691,0.002589135178614063,0.002592489883737521
2016,28,11,337.0,7209.0,43438.0,ok,6.025523650991816,0.020205615754158,0.5910764219058721,0.03418443877190505,-0.06846449882010806,-0.06617338853841546
2016,28,12,152.0,2431.0,25196.0,ok,10.364459070341423,0.0068136845468661535,0.5672415797543783,0.012011962433742168,-0.02850783484979133,-0.028105320532519955
2016,28,13,115.0,2458.0,24330.0,ok,9.898291293734744,0.006889361010364872,0.5437268787258456,0.012670627993431572,0.11104156081763197,0.11744134766545727
2016,28,14,201.0,7314.0,102476.0,ok,14.010937927262784,0.020499913112208574,0.8338521569390053,0.02458458965611107,0.033676316196105144,0.03424978263865185
2016,28,15,297.0,6940.0,59760.0,ok,8.610951008645532,0.019451653951152243,0.5660877359068957,0.03436155337297654,-0.08528037963678729,-0.08174521163921775
2016,28,16,287.0,22508.0,715380.0,ok,31.783365914341566,0.0630861422381174,1.3341129626292785,0.04728695695586888,-0.046347033796372124,-0.04528941214474658
2016,28,17,34.0,1059.0,35863.0,ok,33.86496694995279,0.0029681990683386493,0.8807889638192486,0.003369932174749375,0.2856027948644759,0.3305638434838126
2016,28,18,388.0,14173.0,179136.0,ok,12.63924363225852,0.039724537672864664,0.7076338021002028,0.056137139795986696,0.12288284516141998,0.1307519401262367
2016,28,19,209.0,5900.0,51812.0,ok,8.781694915254237,0.016536708690460842,1.1196559225663834,0.014769455827605285,-0.11651518608901675,-0.10998341899697509
2016,28,20,275.0,3715.0,23018.0,ok,6.195962314939435,0.010412520811027462,3.7113754486615282,0.00280556924381839,0.04773442774597541,0.048892061703684854
2016,28,21,311.0,7960.0,110615.0,ok,13.896356783919598,0.022310542572214966,0.7156744258357955,0.03117415093624416,-0.10104921097803271,-0.09611144944824174
2016,28,22,252.0,19170.0,331049.0,ok,17.269118414188835,0.05373028908409057,1.8861475358965973,0.028486790169650958,0.11642323833385919,0.12347126763080983
2016,28,23,126.0,6521.0,91505.0,ok,14.032357000460053,0.01827726735093138,1.0074323902765225,0.01814242576210458,-0.06432973905840218,-0.06230424636656485
2016,28,24,1178.0,29993.0,304329.0,ok,10.146667555763011,0.08406533961915119,1.0753967650847966,0.0781714641037836,-0.15895032395344713,-0.14696126649153982
2016,28,25,417.0,26351.0,398467.0,ok,15.121513415050662,0.07385742554276842,1.7521433988536061,0.04215261467245884,0.15483758926060667,0.1674683363112718
2016,28,26,764.0,28502.0,367592.0,ok,12.89705985544874,0.07988631713483303,1.028995644948314,0.07763523346966711,-0.002589135138895735,-0.002585786219403881
2016,28,27,117.0,7462.0,130699.0,ok,17.515277405521307,0.020914732245460813,0.7630116816113869,0.027410762835624575,0.25753827098278514,0.2937413227847699
2016,28,28,113.0,9509.0,82264.0,ok,8.651172573351563,0.026652129311456295,0.5101569851997632,0.05224299594960964,-0.5609899687728819,-0.4293561354761816
2016,28,29,424.0,36804.0,412564.0,ok,11.209759808716443,0.10315542824469845,1.6355610059151051,0.06307036415739346,-0.00811236106264075,-0.008079544661092909
2016,28,30,52.0,7124.0,122370.0,ok,17.1771476698484,0.019967375035736108,1.174535713451783,0.017000228096134266,0.2817703627839712,0.32547430680609946
2016,28,31,395.0,35024.0,458947.0,ok,13.103785975331201,0.09816638731774585,0.7030320709371196,0.13963287220580584,-0.05000146015262121,-0.04877196443840952
2016,28,32,275.0,7414.0,97718.0,ok,13.18019962233612,0.02078019631035198,1.0419367568516533,0.019943817293807765,0.29622450421733454,0.3447720299369666
2016,29,09,217.0,10019.0,112084.0,ok,11.187144425591377,0.16094520569950682,1.0779618814659278,0.14930509924955448,0.23503419617621213,0.26495202451562655
2016,29,10,36.0,553.0,4716.0,ok,8.528028933092225,0.008883391431462948,0.6605265253718973,0.013448954871965691,-0.875331850976124,-0.5832762934386901
2016,29,11,279.0,5265.0,24652.0,ok,4.682241215574549,0.08457695458707491,2.474136116477233,0.03418443877190505,-0.199511400570368,-0.18086911779957177
2016,29,12,130.0,1786.0,12711.0,ok,7.117021276595745,0.028690302163820663,2.3884775133185774,0.012011962433742168,-0.2832205140538933,-0.24664635552424372
2016,29,13,45.0,1211.0,9181.0,ok,7.581337737407101,0.019453502754975822,1.5353226979010417,0.012670627993431572,-0.034450318879978736,-0.03386366277047733
2016,29,14,67.0,2271.0,19867.0,ok,8.748128577719067,0.036481341665194136,1.483910944843688,0.02458458965611107,-0.3161415888712959,-0.27104376922950163
2016,29,15,75.0,3044.0,32341.0,ok,10.624507227332458,0.048898812870475976,1.4230675877689565,0.03436155337297654,0.24602878855169,0.27893639173818613
2016,29,16,72.0,3498.0,40030.0,ok,11.443682104059462,0.056191868403720424,1.1883164411734541,0.04728695695586888,-0.9466717064999934,-0.6119696444633737
2016,29,17,6.0,125.0,1827.0,ok,14.616,0.0020079998714880084,0.5958576515378519,0.003369932174749375,-0.43348084342759047,-0.3517512892799532
2016,29,18,249.0,6512.0,54747.0,ok,8.407094594594595,0.10460876130503928,1.863450145219509,0.056137139795986696,-0.16366715920888172,-0.15097543513546854
2016,29,19,41.0,2528.0,27211.0,ok,10.76384493670886,0.04060978940097348,2.749579258368515,0.014769455827605285,0.20818880854766675,0.23144565506621423
2016,29,20,19.0,328.0,2189.0,ok,6.673780487804878,0.005268991662784534,1.8780472712957947,0.00280556924381839,0.2432036758714875,0.27532835128086347
2016,29,21,80.0,1331.0,13038.0,ok,9.79564237415477,0.021381182631604313,0.6858625492425457,0.03117415093624416,-0.3295576844309485,-0.28075820507122584
2016,29,22,26.0,684.0,9314.0,ok,13.616959064327485,0.010987775296782382,0.38571475520216575,0.028486790169650958,0.0,0.0
2016,29,23,19.0,635.0,11177.0,ok,17.601574803149607,0.010200639347159082,0.5622533326533383,0.01814242576210458,0.28347335861170686,0.32773350717875527
2016,29,24,196.0,4288.0,52411.0,ok,12.222714552238806,0.06888242759152463,0.8811710050623273,0.0781714641037836,0.14838101265180398,0.15995476962072339
2016,29,25,54.0,2018.0,25522.0,ok,12.647175421209118,0.0324171499253024,0.7690424467662436,0.04215261467245884,0.09733363267397918,0.10222805157509242
2016,29,26,107.0,4575.0,51325.0,ok,11.218579234972678,0.0734927952964611,0.9466422912887291,0.07763523346966711,-0.020836638806075527,-0.020621055984513983
2016,29,27,18.0,2667.0,55350.0,ok,20.75365579302587,0.04284268525806814,1.5629877035887294,0.027410762835624575,0.5483677896083946,0.7304262918137294
2016,29,28,12.0,1314.0,-2686.0,ok,-2.0441400304414,0.021108094649081942,0.40403683336693597,0.05224299594960964,,
2016,29,29,43.0,1495.0,24731.0,ok,16.54247491638796,0.024015678462996577,0.38077596005415365,0.06307036415739346,0.5022147385553798,0.6523768037962474
2016,29,30,4.0,116.0,1105.0,ok,9.525862068965518,0.0018634238807408716,0.10961169874918333,0.017000228096134266,-0.18661849157733196,-0.17023976347313977
2016,29,31,34.0,3637.0,47816.0,ok,13.147099257629915,0.05842476426081509,0.4184169768756345,0.13963287220580584,0.07447909052438768,0.07732281703157792
2016,29,32,94.0,2351.0,21940.0,ok,9.332199064227988,0.037766461582946456,1.8936425773752117,0.019943817293807765,0.07216011405767932,0.07482742526750068
2016,30,09,391.0,8822.0,53139.0,ok,6.023464067104965,0.16823356662026354,1.1267770991469706,0.14930509924955448,-0.2623446091321943,-0.23075411113195068
2016,30,10,31.0,1530.0,18021.0,ok,11.77843137254902,0.029176757756631515,2.1694442456231586,0.013448954871965691,-0.43069612763497417,-0.34994358505459033
2016,30,11,241.0,4476.0,29014.0,ok,6.482126899016979,0.08535631877038083,2.4969349164957504,0.03418443877190505,0.24748436792689243,0.28079934067830237
2016,30,12,86.0,1372.0,13441.0,ok,9.7966472303207,0.026163733099410745,2.178139770560353,0.012011962433742168,0.1580543902174864,0.17122989642407174
2016,30,13,87.0,1188.0,6534.0,ok,5.5,0.022654894258090353,1.7879851156418296,0.012670627993431572,-0.23366791888787466,-0.20837534415282377
2016,30,14,34.0,1002.0,10558.0,ok,10.536926147704591,0.019107915864146913,0.7772314336512507,0.02458458965611107,-0.00837155145076255,-0.008336607593338445
2016,30,15,64.0,1002.0,7180.0,ok,7.16566866267465,0.019107915864146913,0.5560841693255414,0.03436155337297654,-0.026109191837519568,-0.02577129402182709
2016,30,16,76.0,5418.0,178084.0,ok,32.868955334071615,0.1033200480558363,2.184958701238927,0.04728695695586888,0.23014307686320454,0.25878009935393553
2016,30,17,9.0,921.0,35176.0,ok,38.19326818675353,0.01756326398291348,5.211755926280526,0.003369932174749375,0.6487855864463296,0.9132159822169863
2016,30,18,83.0,1636.0,14577.0,ok,8.910146699266503,0.031198154045653046,0.5557489063217901,0.056137139795986696,0.016171577072176674,0.016303044748496528
2016,30,19,18.0,1074.0,8035.0,ok,7.481378026070764,0.020480939758576632,1.3867091650253038,0.014769455827605285,-0.03386304103489282,-0.03329610566374499
2016,30,20,9.0,101.0,575.0,ok,5.693069306930693,0.0019260474074639104,0.6865085977498645,0.00280556924381839,0.20599068503314596,0.22874175825325344
2016,30,21,80.0,1350.0,16279.0,ok,12.058518518518518,0.02574419802055722,0.8258187391601454,0.03117415093624416,0.0,0.0
2016,30,22,31.0,4066.0,139974.0,ok,34.42547958681751,0.07753771048265604,2.721883020897966,0.028486790169650958,1.0492049442949163,1.855380029179328
2016,30,23,10.0,544.0,3190.0,ok,5.863970588235294,0.010373958313468983,0.5718065736908143,0.01814242576210458,-0.6939640936139788,-0.5004082897357034
2016,30,24,157.0,3562.0,33232.0,ok,9.329590117911286,0.06792654322164801,0.8689429576432901,0.0781714641037836,7.064853072031366e-11,7.064853072280926e-11
2016,30,25,63.0,3767.0,180325.0,ok,47.86965755242899,0.07183584736551041,1.7041848512530267,0.04215261467245884,1.5501055533177306,3.7119675201472555
2016,30,26,109.0,4908.0,57346.0,ok,11.684189079054605,0.09359446213695913,1.2055668277667697,0.07763523346966711,0.14155263848844515,0.1520611454220564
2016,30,27,10.0,838.0,5589.0,ok,6.66945107398568,0.015980472549057,0.5829999203191776,0.027410762835624575,-0.46509309121447245,-0.37192336594853725
2016,30,28,9.0,1117.0,,suppressed,,0.02130094013997216,0.40772815097583087,0.05224299594960964,,
2016,30,29,31.0,1110.0,7755.0,ok,6.986486486486487,0.02116745170579149,0.33561644979514715,0.06307036415739346,-0.23801481638574565,-0.2118089871348318
2016,30,30,4.0,327.0,,suppressed,,0.006235816853868304,0.36680783449524923,0.017000228096134266,,
2016,30,31,24.0,1010.0,11803.0,ok,11.686138613861386,0.019260474074639104,0.1379365314941811,0.13963287220580584,0.0784053249453372,0.08156095347251925
2016,30,32,79.0,1298.0,8981.0,ok,6.919106317411402,0.02475256965235798,1.2411149424259544,0.019943817293807765,-0.10529998048027134,-0.09994551669113878
2016,31,09,168.0,7520.0,52201.0,ok,6.941622340425532,0.22979373567608863,1.539088328738205,0.14930509924955448,0.24442555553845963,0.27688760147606584
2016,31,10,35.0,673.0,7370.0,ok,10.950965824665676,0.02056531703590527,1.529138675212125,0.013448954871965691,-0.13864131013310707,-0.12945977357827848
2016,31,11,64.0,2712.0,8622.0,ok,3.1792035398230087,0.0828724216959511,2.424273285541284,0.03418443877190505,-0.10003643639834253,-0.0951955503800104
2016,31,12,31.0,745.0,4704.0,ok,6.314093959731544,0.022765469824293352,1.895233185240746,0.012011962433742168,0.08369562472607489,0.08729789684254578
2016,31,13,17.0,216.0,1137.0,ok,5.263888888888889,0.006600458365164248,0.5209259058498057,0.012670627993431572,0.08735124603507413,0.09127992015360586
2016,31,14,38.0,1802.0,23364.0,ok,12.965593784683685,0.05506493506493507,2.2398150969848465,0.02458458965611107,0.5639389728974056,0.757581950962823
2016,31,15,35.0,770.0,4821.0,ok,6.261038961038961,0.023529411764705882,0.684759839268805,0.03436155337297654,0.2038327384179164,0.2260930580397274
2016,31,16,3.0,34.0,,suppressed,,0.001038961038961039,0.021971408308863304,0.04728695695586888,,
2016,31,17,8.0,61.0,736.0,ok,12.065573770491802,0.00186401833460657,0.5531322999832181,0.003369932174749375,-0.1386202625084417,-0.12944145058150952
2016,31,18,29.0,986.0,8908.0,ok,9.03448275862069,0.03012987012987013,0.5367190106116548,0.056137139795986696,0.39492671603048213,0.4842754133409889
2016,31,19,8.0,213.0,1275.0,ok,5.985915492957746,0.006508785332314744,0.44069229146203936,0.014769455827605285,0.10802641884040828,0.11407717762484126
2016,31,20,4.0,323.0,1039.0,ok,3.21671826625387,0.009870129870129871,3.5180489278163702,0.00280556924381839,4.8628526606670966e-11,4.862852660785334e-11
2016,31,21,40.0,569.0,4276.0,ok,7.51493848857645,0.017387318563789153,0.5577479431388153,0.03117415093624416,-0.10798133206242679,-0.10235564655722201
2016,31,22,7.0,701.0,4782.0,ok,6.821683309557774,0.021420932009167303,0.7519601851102401,0.028486790169650958,-0.2045885994968028,-0.18501746832354918
2016,31,23,1.0,71.0,,suppressed,,0.0021695951107715814,0.11958682588650159,0.01814242576210458,,
2016,31,24,67.0,1984.0,15619.0,ok,7.872479838709677,0.060626432391138275,0.7755570793793521,0.0781714641037836,0.19507920191226924,0.21540724525575147
2016,31,25,13.0,173.0,990.0,ok,5.722543352601156,0.005286478227654698,0.1254128188424979,0.04215261467245884,-0.20906577663624207,-0.18865813345061305
2016,31,26,56.0,1527.0,10752.0,ok,7.041257367387034,0.04666157372039725,0.6010360455556356,0.07763523346966711,0.0,0.0
2016,31,27,11.0,552.0,2205.0,ok,3.994565217391304,0.016867838044308633,0.6153728061295046,0.027410762835624575,-0.6127987373032335,-0.45816770124059125
2016,31,28,59.0,5377.0,45865.0,ok,8.529849358378279,0.16430863254392666,3.145084418634961,0.05224299594960964,0.032688607794273204,0.033228749763128895
2016,31,29,70.0,3531.0,22732.0,ok,6.437836306995186,0.10789915966386554,1.7107743249206686,0.06307036415739346,0.04509707989362363,0.04612941311139153
2016,31,30,8.0,503.0,3401.0,ok,6.761431411530815,0.015370511841100077,0.9041356241917262,0.017000228096134266,-0.04277315407607472,-0.041871286990171085
2016,31,31,24.0,1298.0,8215.0,ok,6.3289676425269645,0.03966386554621849,0.2840582229645584,0.13963287220580584,-0.1699637763460908,-0.15630462222776917
2016,31,32,24.0,384.0,1947.0,ok,5.0703125,0.01173414820473644,0.5883601936315223,0.019943817293807765,-0.051286973007710034,-0.049993994670170565
2016,32,09,283.0,5860.0,27893.0,ok,4.759897610921501,0.14462350995829118,0.9686441433360671,0.14930509924955448,-0.24843434779109994,-0.21997893073967328
2016,32,10,41.0,706.0,5684.0,ok,8.05099150141643,0.017423924578592757,1.2955597475394076,0.013448954871965691,-0.5618242611474692,-0.4298320207596243
2016,32,11,113.0,2875.0,13345.0,ok,4.641739130434782,0.07095436708704558,2.075633523208823,0.03418443877190505,0.1628714187625806,0.17688535458405485
2016,32,12,63.0,957.0,11643.0,ok,12.16614420062696,0.023618549322540042,1.9662523465936277,0.012011962433742168,0.6240178349117768,0.8664119322817876
2016,32,13,42.0,563.0,3890.0,ok,6.909413854351687,0.013894716059132752,1.0966083185723505,0.012670627993431572,0.24381542124204783,0.27610876617896635
2016,32,14,39.0,1292.0,10561.0,ok,8.174148606811146,0.03188627557442188,1.2970025540571024,0.02458458965611107,-0.012934225890040545,-0.0128509382640513
2016,32,15,42.0,757.0,3678.0,ok,4.858652575957728,0.018682593351267308,0.5437063088643755,0.03436155337297654,-0.16530279661261554,-0.1523629963875615
2016,32,16,7.0,801.0,,suppressed,,0.01976850366494731,0.4180540457148998,0.04728695695586888,,
2016,32,17,7.0,55.0,801.0,ok,14.563636363636364,0.0013573878921000024,0.40279383136277885,0.003369932174749375,-0.06599930242757478,-0.06386848268907605
2016,32,18,26.0,1202.0,5869.0,ok,4.8826955074875205,0.029665095387349145,0.5284397369577054,0.056137139795986696,-0.3359750794804159,-0.285359085182935
2016,32,19,12.0,641.0,3046.0,ok,4.75195007800312,0.01581973888792912,1.0711118319173798,0.014769455827605285,-0.23837834370771258,-0.2120954640286932
2016,32,20,4.0,85.0,365.0,ok,4.294117647058823,0.002097781287790913,0.7477203752546935,0.00280556924381839,0.1733338820647761,0.1892631124270676
2016,32,21,99.0,1786.0,15211.0,ok,8.516797312430011,0.044078086823465534,1.413930628411079,0.03117415093624416,-0.09838434940519024,-0.0936994992544198
2016,32,22,30.0,4699.0,78567.0,ok,16.7199404128538,0.11597028554505294,4.071019755276061,0.028486790169650958,0.5763566361457322,0.779543082532594
2016,32,23,4.0,403.0,,suppressed,,0.009945951282114564,0.5482150740222074,0.01814242576210458,,
2016,32,24,87.0,1867.0,13751.0,ok,7.365291912158543,0.04607714899183099,0.5894369450552582,0.0781714641037836,0.012934225881130346,0.0130182347866918
2016,32,25,33.0,1600.0,24740.0,ok,15.4625,0.03948764777018189,0.9367781352833102,0.04215261467245884,0.6693880652520509,0.9530418207349747
2016,32,26,85.0,2685.0,21670.0,ok,8.070763500931099,0.06626520891433649,0.8535455611172599,0.07763523346966711,0.020910782843684472,0.02113094517430506
2016,32,27,5.0,875.0,8589.0,ok,9.816,0.02159480737431822,0.7878221961138706,0.027410762835624575,0.17072968130206886,0.18617006173316675
2016,32,28,26.0,5367.0,67005.0,ok,12.484628283957518,0.13245637848910388,2.5353901720502994,0.05224299594960964,0.29806450973823806,0.34724869573702594
2016,32,29,25.0,1565.0,9432.0,ok,6.026837060702875,0.03862385547520916,0.6123930944622817,0.06307036415739346,-0.1364236345515056,-0.1275270554965992
2016,32,30,9.0,909.0,5563.0,ok,6.11991199119912,0.022433919889434585,1.31962464047973,0.017000228096134266,-0.2580106002851732,-0.22741295757944913
2016,32,31,34.0,2704.0,27717.0,ok,10.250369822485206,0.06673412473160739,0.47792560360176156,0.13963287220580584,0.19666232842311926,0.21733291257249512
2016,32,32,24.0,265.0,1262.0,ok,4.7622641509433965,0.006540141661936376,0.32792827800157315,0.019943817293807765,-0.22951675587670323,-0.20508235101586572
2016,33,09,347.0,20160.0,191158.0,ok,9.482043650793651,0.1392640282949137,0.932747970396793,0.14930509924955448,0.06608138098076391,0.06831365404137062
2016,33,10,65.0,1257.0,51804.0,ok,41.21241050119332,0.008683277954697742,0.6456470437563896,0.013448954871965691,0.6964619423430283,1.006640523362388
2016,33,11,475.0,12022.0,85637.0,ok,7.1233571785060725,0.08304722957150061,2.429386953684731,0.03418443877190505,0.21650345674771265,0.24172737768468278
2016,33,12,96.0,1965.0,20194.0,ok,10.276844783715013,0.013574097996007213,1.1300483223188353,0.012011962433742168,0.08059611004963609,0.08393301849239926
2016,33,13,84.0,1490.0,9815.0,ok,6.587248322147651,0.010292827488066538,0.8123375963213756,0.012670627993431572,-0.17859166099868087,-0.16355261623906053
2016,33,14,67.0,3380.0,41775.0,ok,12.359467455621301,0.023348830140714694,0.949734385129784,0.02458458965611107,0.02585359215357841,0.026190695104886273
2016,33,15,158.0,4880.0,53748.0,ok,11.013934426229508,0.03371073700789577,0.9810597513442858,0.03436155337297654,0.27843930726969046,0.3210664238346111
2016,33,16,113.0,11260.0,256524.0,ok,22.781882770870336,0.07778338088297262,1.644922530235238,0.04728695695586888,-0.2617312814336168,-0.23028216660776094
2016,33,17,21.0,1225.0,96348.0,ok,78.65142857142857,0.008462223941531214,2.5110962187719865,0.003369932174749375,1.2458407471914095,2.4758558872914977
2016,33,18,182.0,7781.0,116115.0,ok,14.922889088806066,0.053750664889023976,0.9574884841722319,0.056137139795986696,0.40656572820741216,0.5016518390057285
2016,33,19,66.0,4654.0,38447.0,ok,8.261065749892566,0.03214954303990716,2.1767588064969265,0.014769455827605285,-0.06003779716058664,-0.05827106176835611
2016,33,20,5.0,77.0,390.0,ok,5.064935064935065,0.000531911219181962,0.18959119271568178,0.00280556924381839,-0.03622887929637427,-0.03558046744373713
2016,33,21,258.0,5750.0,77908.0,ok,13.549217391304348,0.0397206429908608,1.2741531620891777,0.03117415093624416,-0.00875391026107816,-0.008715706347799591
2016,33,22,84.0,8395.0,91668.0,ok,10.919356759976177,0.057992138766656764,2.0357554649466962,0.028486790169650958,-0.22436632540120427,-0.20097762144270237
2016,33,23,41.0,1853.0,24870.0,ok,13.421478683216407,0.012800408949924359,0.705551127383501,0.01814242576210458,0.00875391033172669,0.008792337853288024
2016,33,24,323.0,8372.0,86973.0,ok,10.388557095078834,0.057833256194693324,0.7398256749791913,0.0781714641037836,-0.017797518762752956,-0.017640078325693666
2016,33,25,92.0,5394.0,75605.0,ok,14.016499814608824,0.03726141709438316,0.8839645508094323,0.04215261467245884,0.19654753984155493,0.21719318467390641
2016,33,26,304.0,9716.0,98543.0,ok,10.142342527789214,0.06711752474768756,0.8645240279197599,0.07763523346966711,-0.12527629628072443,-0.11774689434569606
2016,33,27,23.0,1367.0,12348.0,ok,9.032918800292611,0.009443151124957689,0.3445052288980749,0.027410762835624575,-0.28706645874742487,-0.24953814757497794
2016,33,28,39.0,6543.0,80576.0,ok,12.314840287329972,0.04519863775464386,0.8651616725472572,0.05224299594960964,-0.09028655954396483,-0.08633067291166574
2016,33,29,100.0,4626.0,49939.0,ok,10.795287505404238,0.03195612077838644,0.5066741124030812,0.06307036415739346,0.07180574147961907,0.07444660338224074
2016,33,30,11.0,1120.0,23493.0,ok,20.975892857142856,0.007736890460828538,0.455105097242069,0.017000228096134266,0.5991575214079355,0.8205843507702186
2016,33,31,232.0,19680.0,219983.0,ok,11.177997967479675,0.13594821809741575,0.9736118433275565,0.13963287220580584,-0.09136205927657384,-0.0873127957975233
2016,33,32,86.0,1794.0,11171.0,ok,6.2268673355629875,0.012392840613148569,0.6213875924844311,0.019943817293807765,-0.3360245835785163,-0.28539446196123375
2016,34,09,572.0,27785.0,236417.0,ok,8.508799712074861,0.1291172534294955,0.8647879682507279,0.14930509924955448,-0.053339089845022,-0.05194151903203986
2016,34,10,82.0,1795.0,18649.0,ok,10.38941504178273,0.00834138815569352,0.6202257524918253,0.013448954871965691,-0.6926114820427537,-0.49973207898536626
2016,34,11,344.0,7154.0,44253.0,ok,6.1857701984903555,0.03324473028737128,0.9725106358830707,0.03418443877190505,0.06425436250400027,0.06636360718471442
2016,34,12,157.0,3654.0,43174.0,ok,11.815544608648057,0.01698018513699394,1.4136062471603974,0.012011962433742168,0.2089973380039831,0.2324417177709444
2016,34,13,184.0,3010.0,16795.0,ok,5.579734219269103,0.013987508829324511,1.1039317732771894,0.012670627993431572,-0.3557077155078846,-0.2993226125570195
2016,34,14,100.0,2415.0,25633.0,ok,10.61407867494824,0.011222536153760362,0.45648661664648693,0.02458458965611107,-0.13750896712133945,-0.12847346512207045
2016,34,15,215.0,4732.0,34263.0,ok,7.240701606086222,0.02198966504331016,0.6399496787768568,0.03436155337297654,-0.15212531229959622,-0.14111935431152356
2016,34,16,89.0,5949.0,145542.0,ok,24.464952092788703,0.027645079742741364,0.5846237847053991,0.04728695695586888,-0.20157681070346445,-0.18255921305325196
2016,34,17,20.0,260.0,4534.0,ok,17.43846153846154,0.0012082233540280309,0.35853046630467794,0.003369932174749375,-0.27162833679211934,-0.23786253308621574
2016,34,18,249.0,13400.0,165385.0,ok,12.342164179104477,0.062269972861444665,1.1092473376403906,0.056137139795986696,0.20556940475779742,0.22822422260843794
2016,34,19,70.0,3995.0,35437.0,ok,8.870337922403003,0.018564816535930704,1.2569736321111837,0.014769455827605285,0.0,0.0
2016,34,20,6.0,181.0,1012.0,ok,5.5911602209944755,0.0008411093349195137,0.29979988438095395,0.00280556924381839,0.05149513097358373,0.05284405995411305
2016,34,21,195.0,5003.0,61847.0,ok,12.361982810313812,0.02324900553923938,0.7457783080215112,0.03117415093624416,-0.11157832915128173,-0.10557867060426494
2016,34,22,145.0,10369.0,152480.0,ok,14.705371781271097,0.04818487676121789,1.6914814366327846,0.028486790169650958,0.06218797406920917,0.06416236085779149
2016,34,23,55.0,4963.0,99308.0,ok,20.00967156961515,0.023063125023235063,1.2712260932277706,0.01814242576210458,0.3969918439263732,0.4873437991163023
2016,34,24,654.0,13576.0,126355.0,ok,9.307233352975839,0.06308784713186363,0.8070444612385109,0.0781714641037836,-0.13883205314564157,-0.12962580720821784
2016,34,25,216.0,10492.0,161378.0,ok,15.381052230270683,0.04875645934793115,1.156665125681683,0.04215261467245884,0.27832723218234884,0.32091837349630803
2016,34,26,584.0,22068.0,255586.0,ok,11.581747326445532,0.10255028067957916,1.3209244835934786,0.07763523346966711,-0.0036864248142045295,-0.0036796382921448103
2016,34,27,51.0,2654.0,33493.0,ok,12.619819140919367,0.01233317223688613,0.44993903711637107,0.027410762835624575,0.036205027175795934,0.03686841090139786
2016,34,28,31.0,5020.0,281211.0,ok,56.01812749003984,0.02332800475854121,0.44652884725527525,0.05224299594960964,1.4134622304133502,3.1101611229885435
2016,34,29,198.0,9307.0,94556.0,ok,10.159664768453853,0.0432497490613034,0.6857380584226961,0.06307036415739346,0.0,0.0
2016,34,30,11.0,1497.0,66328.0,ok,44.30728122912492,0.006956578311461393,0.40920499843430164,0.017000228096134266,1.3358112366128363,2.803079892995692
2016,34,31,497.0,52152.0,1070516.0,ok,20.52684460806872,0.24235101676642254,1.7356301058479964,0.13963287220580584,0.5053025932491031,0.6574869889598687
2016,34,32,195.0,3761.0,25940.0,ok,6.897101834618453,0.017477415517305476,0.8763325124690112,0.019943817293807765,-0.24491814617214355,-0.2172313917734451
2016,35,09,355.0,12900.0,82637.0,ok,6.405968992248062,0.13961643361184467,0.935108273686515,0.14930509924955448,-0.32562015302556807,-0.27792058497274497
2016,35,10,32.0,1144.0,10925.0,ok,9.549825174825175,0.012381488376120178,0.9206282937218679,0.013448954871965691,-0.7652865231321768,-0.5347993788620096
2016,35,11,75.0,2665.0,21116.0,ok,7.923452157598499,0.028843239967098144,0.8437535031525325,0.03418443877190505,0.32341944121396254,0.3818448320418582
2016,35,12,58.0,1324.0,10623.0,ok,8.023413897280967,0.01432962465907615,1.19294617662336,0.012011962433742168,-0.16646504767423195,-0.15334759111090937
2016,35,13,31.0,305.0,2494.0,ok,8.177049180327868,0.0033010087016753973,0.2605244746658677,0.012670627993431572,0.03807210411680964,0.03880613237689567
2016,35,14,39.0,1909.0,28162.0,ok,14.75222629649031,0.02066106757868306,0.8404072578672175,0.02458458965611107,0.20329335717253488,0.22543190476199665
2016,35,15,74.0,2056.0,12584.0,ok,6.120622568093385,0.022252045543097104,0.6475855530034653,0.03436155337297654,-0.3085899884613817,-0.2655181456667921
2016,35,16,89.0,14817.0,687768.0,ok,46.41749341972059,0.16036408502532576,3.3912963605373774,0.04728695695586888,0.45044763858333997,0.569014379687999
2016,35,17,18.0,1125.0,17039.0,ok,15.145777777777777,0.012175851768474825,3.6130851118332536,0.003369932174749375,-0.40099512397175124,-0.33034667372149024
2016,35,18,81.0,4214.0,40294.0,ok,9.561936402467964,0.04560803497986926,0.8124395924982596,0.056137139795986696,-0.03807210411688358,-0.03735647217270192
2016,35,19,22.0,2669.0,96405.0,ok,36.120269763956536,0.028886531884497163,1.9558291261148526,0.014769455827605285,1.4157309185418159,3.119496382126134
2016,35,20,2.0,96.0,,suppressed,,0.0010390060175765185,0.37033697167367985,0.00280556924381839,,
2016,35,21,139.0,3880.0,79585.0,ok,20.51159793814433,0.041993159877050955,1.3470506370144066,0.03117415093624416,0.40637590368114046,0.5013668157098263
2016,35,22,48.0,6179.0,107138.0,ok,17.339051626476778,0.06687518940213862,2.3475859864824504,0.028486790169650958,0.23852601107033464,0.269376723454231
2016,35,23,18.0,1627.0,22653.0,ok,13.923171481253842,0.017608987402052037,0.9705971865588793,0.01814242576210458,0.045920188326110806,0.04699084553030482
2016,35,24,191.0,5844.0,66414.0,ok,11.36447638603696,0.06324949131997055,0.8091122770324215,0.0781714641037836,0.07245806715799061,0.07514772114536411
2016,35,25,71.0,4258.0,30325.0,ok,7.12188821042743,0.046084246071258494,1.0932713529006413,0.04215261467245884,-0.48004664239273603,-0.3812454690587632
2016,35,26,142.0,5242.0,80517.0,ok,15.359977107974055,0.05673405775141781,0.7307771898900052,0.07763523346966711,0.2902380743233814,0.3367456949723808
2016,35,27,14.0,625.0,4904.0,ok,7.8464,0.006764362093597125,0.24677759368322935,0.027410762835624575,-0.4274190565119022,-0.3478098095914139
2016,35,28,17.0,2407.0,31179.0,ok,12.953469048608225,0.02605091129486125,0.49864887764071464,0.05224299594960964,-0.03925986635080871,-0.03849918502985671
2016,35,29,62.0,2516.0,13803.0,ok,5.486089030206677,0.02723061604398459,0.431749783084017,0.06307036415739346,-0.6046202110762183,-0.4537181409537205
2016,35,30,1.0,127.0,,suppressed,,0.0013745183774189359,0.0808529373633223,0.017000228096134266,,
2016,35,31,111.0,13493.0,322337.0,ok,23.889201808345067,0.14603446036624962,1.0458458531957178,0.13963287220580584,0.6685852346217452,0.9514744881744981
2016,35,32,45.0,974.0,5893.0,ok,6.050308008213553,0.010541581886661761,0.5285639018531699,0.019943817293807765,-0.36432065008126785,-0.30533158645584246
2016,36,09,263.0,7056.0,47909.0,ok,6.789824263038549,0.14957074721780605,1.001779229038973,0.14930509924955448,-0.08608598619375807,-0.08248466582312916
2016,36,10,21.0,648.0,11011.0,ok,16.992283950617285,0.013736089030206677,1.0213499235423502,0.013448954871965691,-0.007710697314684553,-0.007681046147481405
2016,36,11,114.0,2041.0,9213.0,ok,4.513963743263107,0.04326444091149974,1.2656179965445917,0.03418443877190505,-0.057892583750288745,-0.05624868378057784
2016,36,12,83.0,1512.0,12589.0,ok,8.326058201058201,0.03205087440381558,2.6682463070133453,0.012011962433742168,0.05190040514971272,0.053270836938107136
2016,36,13,79.0,1561.0,6458.0,ok,4.137091607943626,0.03308956014838368,2.611516979705918,0.012670627993431572,-0.46192689663274844,-0.36993160162010125
2016,36,14,34.0,2377.0,31926.0,ok,13.431215818258309,0.05038685744568098,2.0495301386149496,0.02458458965611107,0.2908202049654793,0.3375240821416467
2016,36,15,42.0,917.0,5506.0,ok,6.004362050163577,0.019438261791202966,0.5656979933418866,0.03436155337297654,-0.14642827509812847,-0.13621231480008703
2016,36,16,42.0,6995.0,351213.0,ok,50.20914939242316,0.14827768945416003,3.1356995459137273,0.04728695695586888,0.7103078240307586,1.0346174664104693
2016,36,17,4.0,25.0,625.0,ok,25.0,0.0005299417064122947,0.15725589683469132,0.003369932174749375,0.28149822039995426,0.3251136381471323
2016,36,18,38.0,1975.0,20515.0,ok,10.387341772151899,0.041865394806571275,0.7457700010851689,0.056137139795986696,0.22606488239268366,0.2536570029054216
2016,36,19,14.0,516.0,3774.0,ok,7.313953488372093,0.010937996820349762,0.7405822494763672,0.014769455827605285,0.0,0.0
2016,36,20,3.0,47.0,,suppressed,,0.000996290408055114,0.3551116801876396,0.00280556924381839,,
2016,36,21,67.0,1070.0,7771.0,ok,7.262616822429907,0.02268150503444621,0.727574107177235,0.03117415093624416,-0.4505350497319813,-0.36271291989660664
2016,36,22,11.0,536.0,3425.0,ok,6.389925373134329,0.011361950185479598,0.3988497867893978,0.028486790169650958,-0.5783733582591987,-0.4391901382438561
2016,36,23,1.0,6.0,,suppressed,,0.0001271860095389507,0.007010419180251711,0.01814242576210458,,
2016,36,24,100.0,3117.0,29850.0,ok,9.576515880654476,0.06607313195548489,0.84523339447453,0.0781714641037836,0.08261884054853659,0.08612774178624275
2016,36,25,32.0,2137.0,20054.0,ok,9.384183434721573,0.045299417064122945,1.0746526025992909,0.04215261467245884,-0.02285455390661541,-0.022595366878963723
2016,36,26,75.0,2379.0,23083.0,ok,9.702816309373686,0.050429252782193956,0.6495665760044013,0.07763523346966711,0.012228339592502274,0.012303411426311682
2016,36,27,5.0,37.0,166.0,ok,4.486486486486487,0.000784313725490196,0.02861334907727769,0.027410762835624575,-0.8050646905990054,-0.5529409948909377
2016,36,28,11.0,8154.0,125866.0,ok,15.436104979151336,0.17284578696343403,3.308496839081556,0.05224299594960964,0.31742506383793306,0.37358630972229845
2016,36,29,40.0,2606.0,23158.0,ok,8.886415963161934,0.055241123476417596,0.8758649837277326,0.06307036415739346,0.05902730048818583,0.06080420081739699
2016,36,30,1.0,56.0,,suppressed,,0.00118706942236354,0.06982667618639019,0.017000228096134266,,
2016,36,31,26.0,629.0,5285.0,ok,8.402225755166931,0.013333333333333334,0.09548849868017642,0.13963287220580584,-0.19500535535376642,-0.17716974850286743
2016,36,32,40.0,778.0,19348.0,ok,24.868894601542415,0.016491785903550608,0.8269122034461799,0.019943817293807765,1.2305272965680596,2.4230340145885
2016,37,09,420.0,14792.0,118460.0,ok,8.00838290968091,0.21228777680506322,1.4218387574977394,0.14930509924955448,0.010276384422796325,0.010329367798179733
2016,37,10,21.0,348.0,4549.0,ok,13.07183908045977,0.0049943311471174956,0.3713545918373304,0.013448954871965691,-0.33871125192441826,-0.28731179327011613
2016,37,11,134.0,3003.0,17036.0,ok,5.672993672993673,0.04309763343331563,1.2607383646367192,0.03418443877190505,0.10194730636645119,0.10732512120644011
2016,37,12,44.0,1352.0,14326.0,ok,10.596153846153847,0.019403263537077168,1.6153283565533378,0.012011962433742168,0.2242999300504724,0.25144630949993574
2016,37,13,64.0,961.0,5525.0,ok,5.749219562955255,0.013791816759712396,1.088487229430305,0.012670627993431572,-0.20155723666382241,-0.18254321227828385
2016,37,14,64.0,3203.0,30850.0,ok,9.631595379331877,0.04596793869027971,1.8697866970032309,0.02458458965611107,-0.11041387841832197,-0.1045365544029424
2016,37,15,113.0,3192.0,23222.0,ok,7.275062656641604,0.045810071901146686,1.3331781425566682,0.03436155337297654,-0.023163489570910703,-0.022897275391027688
2016,37,16,43.0,3396.0,80219.0,ok,23.621613663133097,0.04873778326325005,1.0306813210402852,0.04728695695586888,-0.11242874542112602,-0.1063389777202864
2016,37,17,6.0,958.0,16861.0,ok,17.600208768267223,0.013748762180857934,4.079833500471102,0.003369932174749375,-0.13816826730507306,-0.12904787335211154
2016,37,18,95.0,3948.0,35369.0,ok,8.95871327254306,0.056659825772470904,1.0093108765139043,0.056137139795986696,0.009402136906794313,0.009446475847319261
2016,37,19,13.0,666.0,9903.0,ok,14.86936936936937,0.00955811650569038,0.6471542768573437,0.014769455827605285,0.6408179628900341,0.8980327648917661
2016,37,20,19.0,420.0,4134.0,ok,9.842857142857143,0.006027641039624564,2.1484556308512004,0.00280556924381839,0.7412818470881711,1.0986239060159204
2016,37,21,123.0,3089.0,32451.0,ok,10.505341534477177,0.04433186469381019,1.422071279005338,0.03117415093624416,-0.1500928387494007,-0.13937192691795208
2016,37,22,28.0,728.0,10972.0,ok,15.071428571428571,0.010447911135349245,0.36676336902569534,0.028486790169650958,0.21100342933213867,0.23491658999328355
2016,37,23,13.0,995.0,102402.0,ok,102.91658291457287,0.014279768653396288,0.7870925774007295,0.01814242576210458,2.1589223999981098,7.661798673255262
2016,37,24,235.0,6428.0,61118.0,ok,9.508089607965152,0.09225161095882548,1.180118755820519,0.0781714641037836,0.006746548785695208,0.0067693580116212045
2016,37,25,82.0,3948.0,43018.0,ok,10.896149949341439,0.056659825772470904,1.3441592226897046,0.04215261467245884,0.05782787186772074,0.059532604645094626
2016,37,26,120.0,3802.0,27761.0,ok,7.301683324566018,0.05456450293488713,0.7028316976235545,0.07763523346966711,-0.34078435761417825,-0.2887877408202742
2016,37,27,12.0,438.0,4728.0,ok,10.794520547945206,0.006285968512751331,0.22932482946376567,0.027410762835624575,0.0042026557542168014,0.004211499296358751
2016,37,28,14.0,2555.0,21641.0,ok,8.470058708414873,0.0366681496577161,0.7018768543267297,0.05224299594960964,-0.3514481674121736,-0.2963316780331305
2016,37,29,70.0,5515.0,49485.0,ok,8.972801450589301,0.07914866746078446,1.254926438402468,0.06307036415739346,0.0,0.0
2016,37,30,,,,nil_or_na,,0.0,0.0,0.017000228096134266,,
2016,37,31,87.0,4488.0,13596.0,ok,3.0294117647058822,0.06440964996627391,0.46127855818463787,0.13963287220580584,-1.2838349599881362,-0.7230269195444159
2016,37,32,70.0,1454.0,11282.0,ok,7.759284731774415,0.020867119218128848,1.0462951455440657,0.019943817293807765,-0.002901783633912571,-0.00289757752916913
2016,38,09,395.0,13815.0,85433.0,ok,6.184075280492219,0.17978917230609057,1.2041730202769818,0.14930509924955448,-0.24268318075211753,-0.21547997455275242
2016,38,10,38.0,704.0,20444.0,ok,29.039772727272727,0.009161894846434149,0.6812347080985521,0.013448954871965691,0.4650466909580589,0.5920885232901825
2016,38,11,293.0,8625.0,78469.0,ok,9.097855072463767,0.11224622592399791,3.2835474255686483,0.03418443877190505,0.5798208296715962,0.7857184543238909
2016,38,12,72.0,1361.0,11169.0,ok,8.206465833945629,0.017712129099427383,1.4745408335338428,0.012011962433742168,-0.025716993683775304,-0.025389128384587824
2016,38,13,46.0,572.0,2953.0,ok,5.1625874125874125,0.007444039562727746,0.587503600183568,0.012670627993431572,-0.30363165676748005,-0.26186729743128667
2016,38,14,222.0,10442.0,179965.0,ok,17.234725148438997,0.13589276418532015,5.527558771010069,0.02458458965611107,0.47701530135581477,0.6112580982990901
2016,38,15,85.0,1755.0,10603.0,ok,6.041595441595441,0.022839666840187404,0.6646866802636908,0.03436155337297654,-0.20339598521445215,-0.18404492869935513
2016,38,16,49.0,3735.0,90724.0,ok,24.290227576974566,0.048607496095783444,1.0279260757072393,0.04728695695586888,-0.07896495243567465,-0.07592768963870158
2016,38,17,12.0,691.0,22648.0,ok,32.775687409551374,0.008992712129099427,2.668514279450809,0.003369932174749375,0.4891597788597513,0.6309452893828793
2016,38,18,85.0,3550.0,68048.0,ok,19.168450704225354,0.046199895887558566,0.8229827179556706,0.056137139795986696,0.7755930701795051,1.1718798224550326
2016,38,19,13.0,434.0,1875.0,ok,4.320276497695852,0.005648099947943779,0.3824176065706518,0.014769455827605285,-0.5896141758388944,-0.44545880114191727
2016,38,20,2.0,59.0,,suppressed,,0.0007678292555960437,0.273680379583512,0.00280556924381839,,
2016,38,21,120.0,1918.0,14656.0,ok,7.641293013555788,0.024960957834461218,0.8006940713641293,0.03117415093624416,-0.46285804571081146,-0.370518016166317
2016,38,22,33.0,959.0,15432.0,ok,16.091762252346193,0.012480478917230609,0.4381146083115734,0.028486790169650958,0.2820619121213365,0.32586080430075004
2016,38,23,15.0,1442.0,89203.0,ok,61.86061026352289,0.018766267568974492,1.034385799068445,0.01814242576210458,1.655439053902418,4.235378030799428
2016,38,24,175.0,3371.0,31660.0,ok,9.391871848116287,0.04387038001041124,0.5612070915310879,0.0781714641037836,0.0,0.0
2016,38,25,78.0,4606.0,75358.0,ok,16.3608336951802,0.05994273815720979,1.4220408063173944,0.04215261467245884,0.46986045687190364,0.5997709405997493
2016,38,26,201.0,6935.0,68831.0,ok,9.925162220620043,0.09025247267048413,1.162519498389178,0.07763523346966711,-0.028264293558068292,-0.027868595221839786
2016,38,27,10.0,228.0,,suppressed,,0.002967204580947423,0.10824961708439126,0.027410762835624575,,
2016,38,28,17.0,2436.0,22528.0,ok,9.247947454844006,0.03170223841749089,0.6068227489876137,0.05224299594960964,-0.25803217031213127,-0.22742962212305365
2016,38,29,45.0,3187.0,60983.0,ok,19.13492312519611,0.04147579385736595,0.6576114536751716,0.06307036415739346,0.7628689676773486,1.1444196743300203
2016,38,30,,,,nil_or_na,,0.0,0.0,0.017000228096134266,,
2016,38,31,132.0,5187.0,76459.0,ok,14.740505108926161,0.06750390421655388,0.483438485151687,0.13963287220580584,0.3039475374257662,0.3551979570512454
2016,38,32,51.0,828.0,5666.0,ok,6.842995169082125,0.0107756376887038,0.5402996592858611,0.019943817293807765,-0.12301460688728845,-0.11574925368449814
2016,39,09,295.0,6273.0,34124.0,ok,5.4398214570381,0.24390528403126094,1.6336031740187784,0.14930509924955448,-0.13616152198356266,-0.1272983393992823
2016,39,10,39.0,620.0,4422.0,ok,7.132258064516129,0.024106691550993428,1.7924583568381034,0.013448954871965691,-0.7042388859158992,-0.5055152095953741
2016,39,11,68.0,1459.0,5880.0,ok,4.030157642220699,0.056728488665966796,1.6594828145193912,0.03418443877190505,0.0003405461023585909,0.0003406040947653493
2016,39,12,92.0,1081.0,6371.0,ok,5.8936170212765955,0.042031183171974025,3.4991104412636567,0.012011962433742168,-0.12201654561794047,-0.11486627670294144
2016,39,13,31.0,317.0,1883.0,ok,5.94006309148265,0.012325518099459544,0.9727630000540674,0.012670627993431572,0.07140311112618274,0.0740140856448002
2016,39,14,60.0,2621.0,23646.0,ok,9.021747424647081,0.10190909444379642,4.145242848032021,0.02458458965611107,0.06447999538274934,0.06660424102162853
2016,39,15,53.0,788.0,4382.0,ok,5.560913705583756,0.030638827326101327,0.8916601351962472,0.03436155337297654,-0.05154877446483565,-0.05024267507277773
2016,39,16,13.0,254.0,3403.0,ok,13.39763779527559,0.009875967183794082,0.2088518234110718,0.04728695695586888,-0.4392077536087986,-0.3554531412169386
2016,39,17,6.0,48.0,879.0,ok,18.3125,0.001866324507173685,0.553816637960224,0.003369932174749375,0.14180956609088763,0.15235717975808447
2016,39,18,22.0,595.0,4671.0,ok,7.8504201680672265,0.02313464753684047,0.4121094808341908,0.056137139795986696,0.11764729358994563,0.12484730053936208
2016,39,19,,,,nil_or_na,,0.0,0.0,0.014769455827605285,,
2016,39,20,2.0,53.0,,suppressed,,0.002060733310004277,0.7345152198773078,0.00280556924381839,,
2016,39,21,99.0,1468.0,24163.0,ok,16.45980926430518,0.05707842451106186,1.8309536201257204,0.03117415093624416,0.5392496336475694,0.7147197113526667
2016,39,22,23.0,969.0,10243.0,ok,10.570691434468523,0.03767642598856876,1.322592884778861,0.028486790169650958,0.09659254844289349,0.10141151034729456
2016,39,23,2.0,216.0,,suppressed,,0.008398460282281582,0.46291826641088224,0.01814242576210458,,
2016,39,24,88.0,1052.0,7814.0,ok,7.427756653992396,0.04090361211555659,0.5232550341036378,0.0781714641037836,0.00013216759433399774,0.00013217632885529642
2016,39,25,32.0,776.0,2000.0,ok,2.577319587628866,0.030172246199307903,0.715785875532449,0.04215261467245884,-1.143526989530627,-0.6813069896427579
2016,39,26,97.0,2831.0,22853.0,ok,8.072412575061815,0.11007426416268129,1.4178390305954118,0.07763523346966711,-0.00013216754570547114,-0.00013215881196017903
2016,39,27,16.0,582.0,4014.0,ok,6.896907216494846,0.022629184649480927,0.8255583686299588,0.027410762835624575,-0.203458200904631,-0.18409569232810752
2016,39,28,13.0,1076.0,6355.0,ok,5.906133828996283,0.04183677436914344,0.8008111634619232,0.05224299594960964,-0.4716894540603721,-0.3760527528813549
2016,39,29,25.0,676.0,2689.0,ok,3.977810650887574,0.026284070142696063,0.4167420070241484,0.06307036415739346,-0.5731616499914935,-0.4362597312705554
2016,39,30,,,,nil_or_na,,0.0,0.0,0.017000228096134266,,
2016,39,31,32.0,895.0,9712.0,ok,10.851396648044693,0.034799175706676,0.24921907826536188,0.13963287220580584,0.23239508184860813,0.26161807277895355
2016,39,32,48.0,1069.0,7583.0,ok,7.093545369504209,0.04156460204518061,2.0840845778348434,0.019943817293807765,0.1476980382613155,0.1591628206901505
2016,40,09,924.0,43017.0,377313.0,ok,8.771253225469001,0.19912327803288402,1.3336669613678864,0.14930509924955448,0.11696716171917419,0.1240825161471149
2016,40,10,147.0,3700.0,142425.0,ok,38.49324324324324,0.017127092282624795,1.2734887168315339,0.013448954871965691,0.7570111847404467,1.1318948490204876
2016,40,11,252.0,4638.0,21410.0,ok,4.616213885295386,0.021469041623463192,0.6280355154201864,0.03418443877190505,-0.0884948541809573,-0.08469217926770696
2016,40,12,192.0,2681.0,17004.0,ok,6.342409548675867,0.012410198489112723,1.0331532884461818,0.012011962433742168,-0.2732324705341794,-0.23908412345386218
2016,40,13,318.0,4811.0,28722.0,ok,5.970068592808148,0.022269848911272403,1.7575963024734882,0.012670627993431572,-0.1481629984142591,-0.13770944850597702
2016,40,14,121.0,3589.0,32956.0,ok,9.182502089718584,0.016613279514146054,0.6757598864383095,0.02458458965611107,-0.1424630931107101,-0.13278043992207184
2016,40,15,335.0,9317.0,76228.0,ok,8.181603520446496,0.043127869945193305,1.255119914896251,0.03436155337297654,0.10997218435379266,0.11624702089482823
2016,40,16,133.0,8026.0,170120.0,ok,21.196112633939695,0.0371519034217153,0.785669153047589,0.04728695695586888,-0.2050731342321405,-0.18541226001597183
2016,40,17,34.0,856.0,10784.0,ok,12.598130841121495,0.0039623759443045475,1.1758028763885235,0.003369932174749375,-0.4568306353577328,-0.3667124124937487
2016,40,18,260.0,11169.0,86166.0,ok,7.714746172441579,0.05170067397422604,0.9209709322939567,0.056137139795986696,-0.12439094830036598,-0.11696544746527557
2016,40,19,54.0,4716.0,106616.0,ok,22.60729431721798,0.021830099244556363,1.4780571132319023,0.014769455827605285,1.0754871632555354,1.9314206331550205
2016,40,20,11.0,222.0,1145.0,ok,5.157657657657658,0.0010276255369574877,0.3662805825312248,0.00280556924381839,0.11071829098404595,0.11708017096886598
2016,40,21,327.0,10747.0,129553.0,ok,12.054805992369964,0.04974725966523478,1.5957855521703037,0.03117415093624416,0.0031866725780849143,0.003191755416825079
2016,40,22,156.0,10280.0,203307.0,ok,19.77694552529183,0.04758554288253592,1.6704424260909623,0.028486790169650958,0.4984194561040415,0.6461174526260216
2016,40,23,51.0,2680.0,36658.0,ok,13.678358208955224,0.012405569545252555,0.683787808087107,0.01814242576210458,0.15651844428089498,0.16943233145853784
2016,40,24,730.0,20642.0,191299.0,ok,9.267464392985175,0.09555065916160568,1.2223214731497003,0.0781714641037836,-0.0031866725074363835,-0.003181600455687933
2016,40,25,197.0,6889.0,70629.0,ok,10.252431412396573,0.0318887942527033,0.7565080956541093,0.04215261467245884,0.012633187848692681,0.012713323667692492
2016,40,26,411.0,14196.0,147982.0,ok,10.424204001127078,0.06571248703895718,0.8464260890595728,0.07763523346966711,0.030941077113363365,0.031424727573685356
2016,40,27,45.0,1241.0,9239.0,ok,7.444802578565673,0.00574451933046956,0.20957166952696618,0.027410762835624575,-0.35161990574501917,-0.2964525144811993
2016,40,28,52.0,6419.0,45501.0,ok,7.088487303318274,0.029713190638423936,0.5687497452688862,0.05224299594960964,-0.5138137072361485,-0.40179017415520846
2016,40,29,209.0,12546.0,89386.0,ok,7.124661246612466,0.05807472966967857,0.9207926804537202,0.06307036415739346,-0.21493582120972057,-0.19340679530765809
2016,40,30,10.0,869.0,5413.0,ok,6.228998849252013,0.004022552214486743,0.23661754370233676,0.017000228096134266,-0.4861947227560175,-0.3850379514509109
2016,40,31,159.0,30170.0,418547.0,ok,13.872953264832615,0.1396552362612946,1.0001601632562267,0.13963287220580584,0.2534376514494747,0.2884470441752896
2016,40,32,220.0,2611.0,21170.0,ok,8.108004595940253,0.012086172418900903,0.6060109878089118,0.019943817293807765,0.05675979433352683,0.05840154581011801
2016,41,09,293.0,16774.0,126291.0,ok,7.528973411231668,0.2767986798679868,1.8539131031642426,0.14930509924955448,-0.01810705430633861,-0.01794410658184265
2016,41,10,50.0,1353.0,15209.0,ok,11.240946045824094,0.022326732673267326,1.6601091226655342,0.013448954871965691,-0.45626175233133226,-0.36635204344018624
2016,41,11,74.0,2739.0,10751.0,ok,3.9251551661190214,0.045198019801980197,1.3221811276049618,0.03418443877190505,-0.23301705478413762,-0.20785993636868177
2016,41,12,39.0,697.0,6922.0,ok,9.931133428981349,0.011501650165016501,0.9575163282818654,0.012011962433742168,0.19283017160078605,0.21267682906566376
2016,41,13,49.0,1062.0,8693.0,ok,8.185499058380413,0.017524752475247526,1.3831005443717803,0.012670627993431572,0.18508954588473173,0.20332618821156886
2016,41,14,35.0,1710.0,25124.0,ok,14.692397660818713,0.02821782178217822,1.1477849407652825,0.02458458965611107,0.3452141546219033,0.4122923362158318
2016,41,15,48.0,952.0,6029.0,ok,6.332983193277311,0.01570957095709571,0.45718453955141675,0.03436155337297654,-0.1284977928030872,-0.12058449654054192
2016,41,16,35.0,2606.0,108537.0,ok,41.64888718342287,0.043003300330033,0.9094114550480875,0.04728695695586888,0.4880304971408196,0.6291045322453166
2016,41,17,7.0,83.0,982.0,ok,11.831325301204819,0.0013696369636963697,0.4064286438637985,0.003369932174749375,-0.50198161186729,-0.3946700585688169
2016,41,18,54.0,1861.0,14541.0,ok,7.8135411069317575,0.03070957095709571,0.5470455222460616,0.056137139795986696,-0.0940194852340568,-0.08973497465910882
2016,41,19,11.0,1866.0,24948.0,ok,13.369774919614148,0.03079207920792079,2.0848485934307717,0.014769455827605285,0.5678578878348799,0.7644832791508618
2016,41,20,7.0,420.0,1300.0,ok,3.0952380952380953,0.006930693069306931,2.4703339917835114,0.00280556924381839,-0.38225263101687923,-0.31767734443650353
2016,41,21,198.0,3283.0,22196.0,ok,6.7608894303990255,0.05417491749174917,1.7378153330477244,0.03117415093624416,-0.5574755114979841,-0.427347103734885
2016,41,22,14.0,1130.0,10608.0,ok,9.387610619469026,0.01864686468646865,0.6545793532868616,0.028486790169650958,-0.22905985512237653,-0.2047190695569508
2016,41,23,5.0,1381.0,23232.0,ok,16.822592324402606,0.02278877887788779,1.2561042925962187,0.01814242576210458,0.38107309741215567,0.4638546054823996
2016,41,24,125.0,3502.0,38503.0,ok,10.994574528840662,0.05778877887788779,0.7392567037143511,0.0781714641037836,0.18535222001044688,0.20364231238301
2016,41,25,31.0,780.0,6090.0,ok,7.8076923076923075,0.01287128712871287,0.30534967353098874,0.04215261467245884,-0.24212547960794448,-0.215042324809396
2016,41,26,112.0,4574.0,39763.0,ok,8.693266287713161,0.07547854785478549,0.9722202726971348,0.07763523346966711,-0.13299381684778097,-0.12452949474056675
2016,41,27,4.0,99.0,,suppressed,,0.0016336633663366336,0.05959933972408212,0.027410762835624575,,
2016,41,28,12.0,3461.0,41030.0,ok,11.854955215255707,0.05711221122112211,1.0932032166801653,0.05224299594960964,0.01810705309993165,0.018271979727120406
2016,41,29,59.0,4503.0,51078.0,ok,11.343104596935376,0.0743069306930693,1.1781592144867714,0.06307036415739346,0.26775881285438674,0.30703186271185495
2016,41,30,4.0,592.0,,suppressed,,0.009768976897689768,0.574637989705042,0.017000228096134266,,
2016,41,31,46.0,3638.0,48111.0,ok,13.224573941726224,0.06003300330033003,0.42993460173079434,0.13963287220580584,0.2232200561842757,0.25009563474579766
2016,41,32,38.0,1534.0,13008.0,ok,8.479791395045632,0.025313531353135313,1.269242040288584,0.019943817293807765,0.11924062870705625,0.12664098783770733
2016,42,09,625.0,15536.0,97878.0,ok,6.300077239958806,0.2649250549937759,1.7743871865418983,0.14930509924955448,0.0,0.0
2016,42,10,46.0,792.0,6413.0,ok,8.097222222222221,0.013505448220588988,1.0042005753726675,0.013448954871965691,-0.5879998336775633,-0.44456285892033065
2016,42,11,106.0,3874.0,12467.0,ok,3.2181208053691277,0.06606074041232543,1.9324798880892657,0.03418443877190505,-0.23532148960734103,-0.20968326983271524
2016,42,12,26.0,325.0,2288.0,ok,7.04,0.005542008423852805,0.4613741055570605,0.012011962433742168,0.04506758835688395,0.046098561602301746
2016,42,13,36.0,329.0,1925.0,ok,5.851063829787234,0.005610217758300224,0.4427734569437718,0.012670627993431572,0.04565272058497705,0.04671084670085955
2016,42,14,14.0,473.0,2498.0,ok,5.281183932346723,0.008065753798407313,0.32808169309437235,0.02458458965611107,-0.48166187724116,-0.38224409621395206
2016,42,15,68.0,1112.0,6277.0,ok,5.64478417266187,0.018962194976382518,0.551843357328986,0.03436155337297654,-0.04723337297321113,-0.04613523464312423
2016,42,16,12.0,375.0,6429.0,ok,17.144,0.0063946251044455435,0.13523020968368515,0.04728695695586888,-0.20329203463773893,-0.1839601052904766
2016,42,17,5.0,55.0,483.0,ok,8.781818181818181,0.000937878348652013,0.2783077818834036,0.003369932174749375,-0.6037449839841437,-0.45323981097763155
2016,42,18,26.0,845.0,6342.0,ok,7.505325443786982,0.01440922190201729,0.25667894649394696,0.056137139795986696,0.06203893465673932,0.06400377054315394
2016,42,19,5.0,62.0,,suppressed,,0.0010572446839349965,0.07158318466675814,0.014769455827605285,,
2016,42,20,1.0,7.0,,suppressed,,0.00011936633528298347,0.04254620895420334,0.00280556924381839,,
2016,42,21,173.0,2858.0,19741.0,ok,6.907277816655004,0.04873556946268097,1.5633326970910149,0.03117415093624416,-0.33975049364541526,-0.2880520638619447
2016,42,22,28.0,930.0,10024.0,ok,10.778494623655915,0.01585867025902495,0.556702603718419,0.028486790169650958,0.10540611460788152,0.11116177776633682
2016,42,23,2.0,35.0,,suppressed,,0.0005968316764149174,0.032897016321905725,0.01814242576210458,,
2016,42,24,161.0,3718.0,29753.0,ok,8.00242065626681,0.06340057636887608,0.8110450161801103,0.0781714641037836,0.06399823150360236,0.06609051338260563
2016,42,25,53.0,6500.0,139678.0,ok,21.488923076923076,0.11084016847705609,2.6294968731672888,0.04215261467245884,0.9666065360376997,1.6290078614840473
2016,42,26,42.0,1097.0,10457.0,ok,9.53236098450319,0.018706409972204695,0.24095258217409088,0.07763523346966711,0.1554537364388215,0.16818789028515627
2016,42,27,7.0,346.0,13177.0,ok,38.08381502890173,0.005900107429701755,0.21524783768635736,0.027410762835624575,1.4946039752402047,3.4575708948058654
2016,42,28,18.0,4576.0,157769.0,ok,34.47749125874126,0.07803147860784748,1.4936256466438451,0.05224299594960964,1.2819716551511127,2.6037380542395225
2016,42,29,40.0,2188.0,13493.0,ok,6.166819012797075,0.03731050594273826,0.591569534141726,0.06307036415739346,-0.14536421404632527,-0.13529270279234584
2016,42,30,3.0,1162.0,7192.0,ok,6.189328743545611,0.019814811656975257,1.1655615174646397,0.017000228096134266,-0.27863306558417006,-0.2431824453206907
2016,42,31,142.0,10633.0,115663.0,ok,10.87773911407881,0.1813174632948519,1.2985299265892551,0.13963287220580584,0.2241655729254883,0.25127818006666586
2016,42,32,37.0,815.0,4786.0,ok,5.87239263803681,0.013897651893661647,0.696840112849241,0.019943817293807765,-0.05187920590496552,-0.0505564529095411
2016,43,09,512.0,18493.0,118232.0,ok,6.393338019791273,0.20199670129217595,1.3529122736427819,0.14930509924955448,-0.03305479147072789,-0.03251445181933404
2016,43,10,79.0,1622.0,19963.0,ok,12.307644882860666,0.017716900962305163,1.3173440710427242,0.013448954871965691,-0.21704970816171293,-0.1951100412896455
2016,43,11,129.0,3694.0,14378.0,ok,3.8922577152138604,0.0403490950399231,1.1803351609529584,0.03418443877190505,-0.09287911084775169,-0.08869633963562999
2016,43,12,134.0,1932.0,14235.0,ok,7.368012422360248,0.02110299177507619,1.7568313164047942,0.012011962433742168,0.04285799147959921,0.04378965730052123
2016,43,13,50.0,596.0,3083.0,ok,5.172818791946309,0.006510032659392033,0.5137892662279108,0.012670627993431572,-0.12530242619774346,-0.1177699472449501
2016,43,14,28.0,1403.0,33330.0,ok,23.75623663578047,0.015324791646186279,0.6233494990377823,0.02458458965611107,0.9742835001175661,1.6492683303427387
2016,43,15,97.0,2412.0,15475.0,ok,6.415837479270315,0.02634597109807648,0.7667281747162259,0.03436155337297654,0.03305479157849715,0.03360717065825528
2016,43,16,45.0,3826.0,64634.0,ok,16.893361212754836,0.04179091435374818,0.8837725462594274,0.04728695695586888,-0.26576898735163035,-0.23338379491352926
2016,43,17,17.0,198.0,4077.0,ok,20.59090909090909,0.002162728970737622,0.6417722549263075,0.003369932174749375,0.20067180807346457,0.22222358208125068
2016,43,18,92.0,4871.0,53851.0,ok,11.055430096489427,0.05320531725486341,0.9477739237913064,0.056137139795986696,0.4015984139763177,0.4942111578557738
2016,43,19,15.0,2001.0,23182.0,ok,11.585207396301849,0.02185667005275748,1.4798561509561936,0.014769455827605285,0.5731448398350171,0.7738367213656232
2016,43,20,1.0,44.0,,suppressed,,0.0004806064379416937,0.1713044292172189,0.00280556924381839,,
2016,43,21,149.0,3006.0,25769.0,ok,8.572521623419828,0.03283415801028935,1.0532494718922787,0.03117415093624416,-0.17151358929951102,-0.15761117953174378
2016,43,22,26.0,1214.0,14546.0,ok,11.981878088962109,0.013260368537754913,0.4654918458269175,0.028486790169650958,0.16349914162731266,0.17762434434641516
2016,43,23,17.0,1257.0,11275.0,ok,8.969769291964996,0.013730052102107022,0.756792519486892,0.01814242576210458,-0.09923526264853876,-0.09447035434104496
2016,43,24,201.0,6744.0,72338.0,ok,10.726275207591934,0.07366385948815414,0.9423369554695178,0.0781714641037836,0.30920110013287005,0.36233630897071534
2016,43,25,27.0,565.0,4333.0,ok,7.669026548672567,0.006171423578114931,0.14640666127283297,0.04215261467245884,-0.11149078166087747,-0.10550036283373793
2016,43,26,144.0,9326.0,138226.0,ok,14.821574093930947,0.10186671909645989,1.3121196980268022,0.07763523346966711,0.5490957238614512,0.731686386961498
2016,43,27,14.0,522.0,2689.0,ok,5.1513409961685825,0.005701740013762821,0.2080109936361391,0.027410762835624575,-0.5536777575081057,-0.42516817401263507
2016,43,28,48.0,10955.0,243840.0,ok,22.258329529895025,0.11966008017389215,2.2904521074807587,0.05224299594960964,0.7966318591238,1.2180576026418684
2016,43,29,53.0,4559.0,62277.0,ok,13.660232507128756,0.04979738069491322,0.7895527695169601,0.06307036415739346,0.6021921014352135,0.8261174507503419
2016,43,30,4.0,375.0,,suppressed,,0.004096077596093981,0.2409425081199587,0.017000228096134266,,
2016,43,31,96.0,10972.0,82256.0,ok,7.4969012030623405,0.11984576902491507,0.8582919418020248,0.13963287220580584,-0.1958124943028789,-0.17783361889349292
2016,43,32,59.0,964.0,5395.0,ok,5.596473029045643,0.010529650140358926,0.5279656339224594,0.019943817293807765,-0.14775418969774068,-0.13735686454756751
2016,44,09,286.0,7608.0,51351.0,ok,6.749605678233438,0.11537411664796336,0.7727406312836139,0.14930509924955448,-0.0773200026298448,-0.07440638618032194
2016,44,10,62.0,1608.0,57719.0,ok,35.89490049751244,0.024385065663765127,1.8131569252712512,0.013448954871965691,0.7548321428343495,1.1272544184875262
2016,44,11,69.0,2043.0,8839.0,ok,4.326480665687714,0.030981771860119498,0.9063121400601226,0.03418443877190505,-0.08560683987719007,-0.08204493639140771
2016,44,12,128.0,1607.0,10411.0,ok,6.478531425015557,0.024369900821934427,2.0288026170876314,0.012011962433742168,-0.18428892321096776,-0.1683045270168376
2016,44,13,62.0,1035.0,5307.0,ok,5.127536231884058,0.015695611294774196,1.238739808548619,0.012670627993431572,-0.23258769237825125,-0.20751974817837837
2016,44,14,20.0,643.0,13428.0,ok,20.883359253499222,0.009750993297139911,0.3966303051438597,0.02458458965611107,0.7468982602924154,1.1104438066848474
2016,44,15,68.0,1207.0,7138.0,ok,5.913835956917978,0.018303964089654547,0.5326873290905877,0.03436155337297654,-0.1469128476627819,-0.1366307812171596
2016,44,16,34.0,3074.0,119518.0,ok,38.88028627195836,0.046616723787570896,0.9858262571447876,0.04728695695586888,0.46930485558286833,0.5988823526761471
2016,44,17,11.0,600.0,33841.0,ok,56.401666666666664,0.009098905098419824,2.700026180525879,0.003369932174749375,1.1098280623554333,2.033836718849686
2016,44,18,76.0,3432.0,31907.0,ok,9.296911421911421,0.05204573716296139,0.9271177219235918,0.056137139795986696,0.12986615260974,0.13867596431823048
2016,44,19,16.0,1035.0,8317.0,ok,8.035748792270532,0.015695611294774196,1.0627074875323337,0.014769455827605285,0.10882318365114545,0.11496518883748268
2016,44,20,3.0,119.0,404.0,ok,3.3949579831932772,0.001804616177853265,0.6432263904480133,0.00280556924381839,-0.23976441245370123,-0.21318679737458332
2016,44,21,121.0,3568.0,47301.0,ok,13.2570067264574,0.05410815565193655,1.7356737562025633,0.03117415093624416,0.16595792264927994,0.18052342737991384
2016,44,22,15.0,2642.0,82635.0,ok,31.277441332323995,0.04006551211670862,1.4064593405610617,0.028486790169650958,1.0245081235367937,1.7857248910111752
2016,44,23,12.0,1367.0,49303.0,ok,36.06656912948061,0.0207303387825665,1.1426442667808778,0.01814242576210458,1.193778372465103,2.299524517434198
2016,44,24,140.0,3540.0,27986.0,ok,7.905649717514124,0.05368354008067696,0.6867408803985623,0.0781714641037836,-0.09441038258817626,-0.09009072531353735
2016,44,25,32.0,2253.0,32007.0,ok,14.206391478029294,0.034166388644566434,0.8105401980411349,0.04215261467245884,0.40651871268484807,0.5015812397194526
2016,44,26,78.0,2873.0,23581.0,ok,8.20779672815872,0.043568590579600254,0.5611961043000271,0.07763523346966711,-0.1403963639857995,-0.13098627861548015
2016,44,27,15.0,3557.0,38003.0,ok,10.684003373629462,0.053941342391798854,1.9678891359307096,0.027410762835624575,0.0773200026298448,0.0803877480023513
2016,44,28,29.0,6024.0,80281.0,ok,13.326859229747676,0.09135300718813502,1.7486173127637716,0.05224299594960964,0.1852042669403711,0.20346424298090204
2016,44,29,43.0,2208.0,10613.0,ok,4.80661231884058,0.03348397076218495,0.5308986432776093,0.06307036415739346,-0.5407970197055452,-0.41771602442306915
2016,44,30,14.0,4520.0,14908.0,ok,3.298230088495575,0.06854508507476267,4.032009728760601,0.017000228096134266,-1.0543159106860382,-0.6515692964832676
2016,44,31,100.0,8853.0,66951.0,ok,7.562521179261267,0.1342543447271845,0.961480936446728,0.13963287220580584,-0.28559041511229216,-0.24842961521449228
2016,44,32,38.0,526.0,2951.0,ok,5.610266159695818,0.007976706802948045,0.39995887875610875,0.019943817293807765,-0.243785393062333,-0.2163442058117504
2016,45,09,395.0,15060.0,87088.0,ok,5.78273572377158,0.27081460169034344,1.813833573344291,0.14930509924955448,-0.07248891323911581,-0.06992394186602141
2016,45,10,106.0,2754.0,50930.0,ok,18.493100944081338,0.04952346700233771,3.6823282904732797,0.013448954871965691,0.25107294065208935,0.2854038391061091
2016,45,11,102.0,4337.0,41401.0,ok,9.54599953885174,0.07798957022118325,2.281434858169444,0.03418443877190505,0.865199193364358,1.3754792185506188
2016,45,12,138.0,3056.0,18187.0,ok,5.951243455497382,0.054954144937960796,4.574951448698509,0.012011962433742168,-0.10974429889842134,-0.10393676963956279
2016,45,13,49.0,551.0,3387.0,ok,6.147005444646098,0.009908289875921596,0.7819888549374218,0.012670627993431572,0.10819036936736044,0.11425984613906863
2016,45,14,18.0,819.0,18784.0,ok,22.935286935286936,0.014727566984355333,0.5990568559558794,0.02458458965611107,1.0000605604140427,1.718446453716898
2016,45,15,57.0,1030.0,7879.0,ok,7.649514563106796,0.018521848588383384,0.5390282676495584,0.03436155337297654,0.26987295461583044,0.3097980363676678
2016,45,16,20.0,1776.0,49477.0,ok,27.85867117117117,0.03193670203200863,0.6753807833693747,0.04728695695586888,0.29540007882342567,0.3436638226063693
2016,45,17,13.0,114.0,1489.0,ok,13.06140350877193,0.002049991008811365,0.6083181804582831,0.003369932174749375,-0.19357076704069248,-0.17598847872510912
2016,45,18,58.0,2262.0,21891.0,ok,9.677718832891246,0.04067613738536235,0.7245851415513394,0.056137139795986696,0.32944842374732364,0.3902011150285342
2016,45,19,10.0,2058.0,59435.0,ok,28.879980563654033,0.03700773242222622,2.50569370017383,0.014769455827605285,1.5475099337118372,3.699752903975968
2016,45,20,,,,nil_or_na,,0.0,0.0,0.00280556924381839,,
2016,45,21,113.0,2233.0,22970.0,ok,10.286609941782356,0.04015464844452436,1.2880751275839613,0.03117415093624416,0.07171303949575446,0.07434700466712116
2016,45,22,9.0,378.0,4828.0,ok,12.772486772486772,0.006797338608163999,0.23861370718438107,0.028486790169650958,0.28834269185115224,0.3342144502085676
2016,45,23,4.0,167.0,993.0,ok,5.946107784431137,0.0030030570041359467,0.16552676271155828,0.01814242576210458,-0.44941285407970555,-0.36199735768075303
2016,45,24,100.0,2078.0,15095.0,ok,7.264196342637151,0.037367379967631724,0.47801816680855913,0.0781714641037836,-0.01959207488506818,-0.01940139747173898
2016,45,25,17.0,587.0,3088.0,ok,5.260647359454855,0.010555655457651502,0.25041520056757544,0.04215261467245884,-0.4274808682167281,-0.34785012133307214
2016,45,26,69.0,2246.0,18087.0,ok,8.052983081032947,0.040388419349037946,0.5202331150948122,0.07763523346966711,4.8628526606670966e-11,4.862852660785334e-11
2016,45,27,18.0,1290.0,6960.0,ok,5.395348837209302,0.023197266678654918,0.8462831486216954,0.027410762835624575,-0.44645205720053677,-0.3601055622194303
2016,45,28,27.0,5562.0,75730.0,ok,13.615605897159295,0.10001798237727028,1.914476391701223,0.05224299594960964,0.3660776997079539,0.4420672865085839
2016,45,29,23.0,2256.0,13243.0,ok,5.870124113475177,0.04056824312174069,0.6432219579468696,0.06307036415739346,-0.18147548355218698,-0.16596130728108635
2016,45,30,3.0,1138.0,5078.0,ok,4.462214411247803,0.020463945333573097,1.203745339053801,0.017000228096134266,-0.5926184556713829,-0.44712229802567627
2016,45,31,28.0,2862.0,14417.0,ok,5.03738644304682,0.05146556374752742,0.3685777061985231,0.13963287220580584,-0.5324693591241159,-0.4128467142718509
2016,45,32,47.0,996.0,5441.0,ok,5.46285140562249,0.01791044776119403,0.898045118311174,0.019943817293807765,-0.11097437115705525,-0.10503831453241032
2016,46,09,690.0,25807.0,172361.0,ok,6.678846824504979,0.37034857856292064,2.4804817814286793,0.14930509924955448,0.05423748835471261,0.0557352972240718
2016,46,10,351.0,5791.0,90163.0,ok,15.569504403384562,0.0831049179857354,6.179284470570079,0.013448954871965691,0.06164729450552726,0.06358714553443413
2016,46,11,90.0,2360.0,7095.0,ok,3.0063559322033897,0.03386765782185038,0.9907331826575132,0.03418443877190505,-0.30753634600689217,-0.2647438565627106
2016,46,12,92.0,1112.0,6926.0,ok,6.2284172661870505,0.01595798114317696,1.3285074134389763,0.012011962433742168,-0.08156429125723193,-0.07832654759597268
2016,46,13,46.0,391.0,2094.0,ok,5.3554987212276215,0.00561112466455233,0.44284503242152845,0.012670627993431572,-0.04699290352242385,-0.0459058317257822
2016,46,14,23.0,808.0,16247.0,ok,20.10767326732673,0.011595367593243689,0.47165186628857936,0.02458458965611107,0.8511433577779006,1.3423234352062532
2016,46,15,102.0,1649.0,9799.0,ok,5.942389326864767,0.02366430836789461,0.6886856397622954,0.03436155337297654,0.0,0.0
2016,46,16,18.0,418.0,8317.0,ok,19.89712918660287,0.0059985936311582454,0.12685514182603258,0.04728695695586888,-0.058510793061087904,-0.05683193932576349
2016,46,17,17.0,218.0,2425.0,ok,11.123853211009175,0.0031284531377810945,0.9283430572349013,0.003369932174749375,-0.3714826714177552,-0.3102890425613732
2016,46,18,28.0,746.0,4059.0,ok,5.441018766756033,0.010705624040296773,0.19070483603552116,0.056137139795986696,-0.26375353604524693,-0.2318371592205709
2016,46,19,4.0,37.0,,suppressed,,0.0005309759912747729,0.035950951576857466,0.014769455827605285,,
2016,46,20,1.0,15.0,,suppressed,,0.00021526053700328632,0.07672615369503978,0.00280556924381839,,
2016,46,21,175.0,7021.0,76944.0,ok,10.95912263210369,0.10075628202000488,3.232045749251252,0.03117415093624416,0.11770016148292027,0.12490677041806955
2016,46,22,8.0,139.0,1650.0,ok,11.870503597122303,0.00199474764289712,0.07002360150152225,0.028486790169650958,0.19776387834720896,0.21867460438451936
2016,46,23,5.0,416.0,6146.0,ok,14.774038461538462,0.005969892226224473,0.3290570017761476,0.01814242576210458,0.4433797160510001,0.5579638059030283
2016,46,24,140.0,2666.0,20095.0,ok,7.537509377344336,0.03825897277671742,0.4894237713895605,0.0781714641037836,1.0776926315551696e-10,1.0776926316132408e-10
2016,46,25,19.0,377.0,2458.0,ok,6.519893899204244,0.005410214830015929,0.1283482619537428,0.04215261467245884,-0.23021891752537246,-0.20564031578917558
2016,46,26,91.0,3252.0,26773.0,ok,8.232779827798279,0.04666848442231247,0.6011250605763468,0.07763523346966711,0.004739072832496068,0.00475031999817887
2016,46,27,12.0,382.0,2212.0,ok,5.790575916230367,0.005481968342350358,0.1999932791080766,0.027410762835624575,-0.3930996198076776,-0.32503849529846096
2016,46,28,55.0,10998.0,132317.0,ok,12.031005637388617,0.15782902573080954,3.0210561791487156,0.05224299594960964,0.2250061323471371,0.25233039589303496
2016,46,29,33.0,2465.0,49376.0,ok,20.030831643002028,0.03537448158087338,0.5608732731048706,0.06307036415739346,1.0285793471548517,1.797089317845359
2016,46,30,5.0,642.0,3807.0,ok,5.929906542056075,0.009213150983740655,0.5419427863932991,0.017000228096134266,-0.3255972112272379,-0.27790401898240097
2016,46,31,22.0,646.0,7681.0,ok,11.890092879256965,0.009270553793608197,0.06639234477640957,0.13963287220580584,0.3090067177264131,0.36207152049651814
2016,46,32,67.0,1327.0,7792.0,ok,5.87189148455162,0.019043382173557395,0.9548514155045965,0.019943817293807765,-0.05611050973826251,-0.054565349618588485
2016,47,09,374.0,11283.0,57904.0,ok,5.131968448107773,0.4556946688206785,3.052103853861095,0.14930509924955448,0.0077776478690349616,0.007807972338923726
2016,47,10,89.0,1964.0,22348.0,ok,11.378818737270876,0.07932148626817448,5.897966572370608,0.013448954871965691,-0.03491703651016293,-0.03431447042410094
2016,47,11,43.0,704.0,2083.0,ok,2.9588068181818183,0.028432956381260095,0.8317514460593721,0.03418443877190505,-0.10648275004523639,-0.10100944442610348
2016,47,12,10.0,87.0,266.0,ok,3.057471264367816,0.0035137318255250402,0.29251938181681303,0.012011962433742168,-0.5761021488487427,-0.43791497407407765
2016,47,13,47.0,443.0,2090.0,ok,4.71783295711061,0.017891760904684976,1.4120658355655322,0.012670627993431572,0.04322904237939435,0.04417702825478562
2016,47,14,6.0,407.0,1861.0,ok,4.572481572481572,0.016437802907915994,0.668622219766438,0.02458458965611107,-0.41290586539788515,-0.33827542892472956
2016,47,15,85.0,1455.0,9922.0,ok,6.819243986254295,0.05876413570274636,1.710171105039771,0.03436155337297654,0.35463351961239525,0.42565808280445216
2016,47,16,28.0,727.0,3495.0,ok,4.807427785419533,0.029361873990306948,0.6209296575736364,0.04728695695586888,-1.2619278728374141,-0.7168922956041601
2016,47,17,11.0,169.0,3486.0,ok,20.62721893491124,0.0068255250403877225,2.025419114227527,0.003369932174749375,0.4630333015898565,0.5888862539734141
2016,47,18,17.0,430.0,2602.0,ok,6.051162790697674,0.017366720516962843,0.30936240392860925,0.056137139795986696,0.05952680013767198,0.0613342045011862
2016,47,19,,,,nil_or_na,,0.0,0.0,0.014769455827605285,,
2016,47,20,2.0,9.0,,suppressed,,0.0003634894991922456,0.12955998145229702,0.00280556924381839,,
2016,47,21,157.0,2714.0,28468.0,ok,10.489314664701547,0.10961227786752827,3.516127130188787,0.03117415093624416,0.2908812254402856,0.3376057009863888
2016,47,22,7.0,577.0,3554.0,ok,6.15944540727903,0.02330371567043619,0.8180534041095063,0.028486790169650958,-0.24130981077701516,-0.21440179810682367
2016,47,23,1.0,160.0,,suppressed,,0.006462035541195477,0.3561836562502687,0.01814242576210458,,
2016,47,24,153.0,2324.0,15257.0,ok,6.564974182444062,0.0938610662358643,1.2007075383831949,0.0781714641037836,0.07885297153773554,0.08204521892961646
2016,47,25,8.0,107.0,318.0,ok,2.97196261682243,0.004321486268174475,0.10252000502825262,0.04215261467245884,-0.7988582694518577,-0.5501577303057116
2016,47,26,9.0,178.0,1174.0,ok,6.595505617977528,0.007189014539579968,0.09259989592726336,0.07763523346966711,4.8628526606670966e-11,4.862852660785334e-11
2016,47,27,11.0,125.0,1752.0,ok,14.016,0.005048465266558966,0.18417821119511843,0.027410762835624575,0.7078643627839213,1.0296520263798152
2016,47,28,1.0,61.0,,suppressed,,0.0024636510500807753,0.04715753768135848,0.05224299594960964,,
2016,47,29,9.0,277.0,1941.0,ok,7.007220216606498,0.01118739903069467,0.1773796485902043,0.06307036415739346,0.19524395788363982,0.21560750735378964
2016,47,30,,,,nil_or_na,,0.0,0.0,0.017000228096134266,,
2016,47,31,11.0,157.0,1050.0,ok,6.687898089171974,0.0063408723747980615,0.045411028754405384,0.13963287220580584,-0.04940296425319266,-0.04820248796203521
2016,47,32,37.0,402.0,1687.0,ok,4.196517412935323,0.016235864297253634,0.8140800759488811,0.019943817293807765,-0.17503612436826527,-0.16057330353762725
2017,01,09,1734.0,77332.0,608969.0,ok,7.874734909222573,0.4613145304651801,3.1176208943976467,0.1479700534770474,0.0,0.0
2017,01,10,169.0,3607.0,68446.0,ok,18.97588023288051,0.021517114666475774,1.621715071935219,0.013268122766349488,0.02983328769365151,0.030282758820486352
2017,01,11,135.0,2663.0,14224.0,ok,5.341344348479159,0.015885798823627666,0.4853788375292631,0.03272865975058075,0.0651411353315518,0.06730964885588493
2017,01,12,343.0,6577.0,55883.0,ok,8.496731032385586,0.03923428421441951,3.325283033325844,0.01179878038086238,0.0460669015603551,0.04714446421214802
2017,01,13,195.0,3304.0,20198.0,ok,6.11319612590799,0.019709605449968384,1.5885153649731019,0.012407563618562874,-0.08691858949622583,-0.08324827418489483
2017,01,14,95.0,6038.0,112322.0,ok,18.602517389864193,0.03601894603720009,1.4853415073102378,0.024249605804409092,0.5752982124507046,0.7776605683922473
2017,01,15,315.0,6693.0,47769.0,ok,7.137158225011206,0.03992626794087118,1.1898090603601053,0.0335568699811272,-0.07098668610860173,-0.06852570640737878
2017,01,16,90.0,3428.0,67856.0,ok,19.79463243873979,0.020449312192037414,0.42976279192738936,0.0475827888690104,-0.25644364610986914,-0.22620140010792247
2017,01,17,41.0,874.0,-1281.0,ok,-1.465675057208238,0.005213739456196237,1.569304587053059,0.003322324741296355,,
2017,01,18,144.0,4329.0,35981.0,ok,8.311619311619312,0.025824116825942232,0.45636580789683834,0.05658644091885995,-0.10609635398990128,-0.1006620109024974
2017,01,19,23.0,668.0,5208.0,ok,7.796407185628743,0.003984871804049298,0.26563008711736646,0.015001583018299484,-0.00787787225550085,-0.007846923144237712
2017,01,20,14.0,547.0,3788.0,ok,6.925045703839123,0.0032630611928367755,1.1791385119904023,0.002767326450332525,0.3304846403284987,0.39164241109357006
2017,01,21,397.0,6226.0,82499.0,ok,13.250722775457758,0.03714043690420798,1.1918051007488757,0.03116318002068512,0.10963157977029746,0.11586688678458373
2017,01,22,74.0,5884.0,76167.0,ok,12.944765465669613,0.035100277986565974,1.2258089853899676,0.02863437811674997,0.03160735119097802,0.03211216811915535
2017,01,23,20.0,428.0,4515.0,ok,10.549065420560748,0.002553181335528592,0.14023187800242806,0.01820685404701194,-0.2004046484501435,-0.18160047803173873
2017,01,24,560.0,11086.0,111847.0,ok,10.089031210535811,0.06613216889175227,0.8397015789521086,0.07875675186210891,0.05377125760377521,0.05524319568900407
2017,01,25,118.0,2559.0,20187.0,ok,7.8886283704572095,0.015265399620602025,0.3586586809385716,0.042562470760930976,-0.2883447823350627,-0.25049686775469077
2017,01,26,219.0,4776.0,51356.0,ok,10.752931323283082,0.028490640323562046,0.3594200874959452,0.07926835843275862,-0.005909121988119048,-0.005891697464888953
2017,01,27,29.0,429.0,2811.0,ok,6.5524475524475525,0.0025591467124807614,0.09524409265967415,0.026869348439541498,-0.36247025681390843,-0.3040449867097241
2017,01,28,37.0,6342.0,57881.0,ok,9.126616209397666,0.03783242063065965,0.7157210482881918,0.05285917009307524,-0.16039067603938073,-0.1481890581723105
2017,01,29,63.0,1962.0,14531.0,ok,7.406218144750254,0.01170406958015677,0.18549284726084905,0.06309714769593212,-0.2464220689614702,-0.21840773053906912
2017,01,30,11.0,1098.0,36600.0,ok,33.333333333333336,0.006549983893482229,0.39251770061319563,0.016687104513375496,1.2532974695915198,2.5018712538856076
2017,01,31,119.0,8855.0,107639.0,ok,12.155731225296442,0.05282341291146188,0.375174176473635,0.14079703834619864,0.005457017673936659,0.005471934315999811
2017,01,32,135.0,1929.0,16942.0,ok,8.782789009849663,0.011507212140735173,0.5794726056389483,0.01985807789489356,0.055942340800045134,0.057536705258294914
2017,02,09,368.0,15263.0,82631.0,ok,5.413811177357007,0.2690036835333721,1.817960304887631,0.1479700534770474,-0.11022984676234508,-0.10437174561763071
2017,02,10,63.0,1320.0,15883.0,ok,12.032575757575758,0.023264421297520224,1.7534071478840454,0.013268122766349488,-0.16124144412911198,-0.14891344355442462
2017,02,11,125.0,4958.0,13716.0,ok,2.7664380798709156,0.08738257635841308,2.6699100123359782,0.03272865975058075,-0.3282992744076635,-0.2798525342542231
2017,02,12,61.0,799.0,5601.0,ok,7.010012515644556,0.014082024709635347,1.1935152833657612,0.01179878038086238,0.11820124411728647,0.125470582912535
2017,02,13,27.0,357.0,2519.0,ok,7.056022408963585,0.006291968487283878,0.5071074935187522,0.012407563618562874,0.3209895323439747,0.3784911512470266
2017,02,14,33.0,2068.0,32013.0,ok,15.48017408123791,0.03644759336611502,1.5030179731617772,0.024249605804409092,0.656037772217792,0.9271414138163858
2017,02,15,77.0,1379.0,7231.0,ok,5.243654822335025,0.024304270431273024,0.7242710790649439,0.0335568699811272,-0.11480627393798212,-0.10846115851282254
2017,02,16,15.0,553.0,19497.0,ok,35.256781193490056,0.009746382558733852,0.20482999820721842,0.0475827888690104,0.5852797881464167,0.7954932731043696
2017,02,17,16.0,147.0,2678.0,ok,18.217687074829932,0.0025908105535874795,0.7798185774508478,0.003322324741296355,0.12072614982907708,0.12831588055832246
2017,02,18,26.0,966.0,5630.0,ok,5.828157349896481,0.017025326495003438,0.3008728984990641,0.05658644091885995,-0.19657355875059404,-0.17845910244942018
2017,02,19,8.0,188.0,1134.0,ok,6.031914893617022,0.003313417578737729,0.22087119570620647,0.015001583018299484,6.335082621758137e-11,6.335082621958804e-11
2017,02,20,1.0,26.0,,suppressed,,0.0004582386013147923,0.16558892112628415,0.002767326450332525,,
2017,02,21,98.0,1730.0,17416.0,ok,10.067052023121388,0.030490491549022718,0.9784139978264127,0.03116318002068512,0.09932375637008421,0.10442380592571844
2017,02,22,21.0,1610.0,19468.0,ok,12.091925465838509,0.02837554415833906,0.9909607270898088,0.02863437811674997,0.22793013009368,0.2559975659342359
2017,02,23,13.0,3713.0,242888.0,ok,65.4155669270132,0.06543999718007014,3.594250660278675,0.01820685404701194,1.8887946990397226,5.61139515582948
2017,02,24,131.0,2687.0,18753.0,ok,6.979158913286192,0.04735719698972488,0.6013096765676691,0.07875675186210891,-0.05027278614163038,-0.049030022315444025
2017,02,25,19.0,316.0,2259.0,ok,7.14873417721519,0.005569361462133629,0.13085146051356275,0.042562470760930976,-0.12235539393774716,-0.11516615196890063
2017,02,26,55.0,1787.0,14203.0,ok,7.947957470621152,0.031495091559597455,0.39732236395829945,0.07926835843275862,-0.04369618569209232,-0.04275526205326661
2017,02,27,33.0,4523.0,32688.0,ok,7.227061684722529,0.07971589206718482,2.9667966175865,0.026869348439541498,0.0,0.0
2017,02,28,70.0,6896.0,53330.0,ok,7.7334686774942,0.12153897671795415,2.299297860786434,0.05285917009307524,-0.06155182619836457,-0.05969578791601898
2017,02,29,35.0,2877.0,19834.0,ok,6.893986791797011,0.05070586369164067,0.8036157820634685,0.06309714769593212,-0.05361609274947205,-0.052204097615662345
2017,02,30,8.0,628.0,,suppressed,,0.011068224677911137,0.6632801196300674,0.016687104513375496,,
2017,02,31,28.0,1408.0,24242.0,ok,17.217329545454547,0.024815382717354905,0.1762493232019386,0.14079703834619864,0.618049022845197,0.855304851234582
2017,02,32,37.0,540.0,3558.0,ok,6.588888888888889,0.009517263258076456,0.4792640711981389,0.01985807789489356,0.033009418594601346,0.033560273880677824
2017,03,09,483.0,18993.0,119641.0,ok,6.299215500447533,0.21916180102005492,1.4811226722578061,0.1479700534770474,-0.04840672385098488,-0.0472537963418258
2017,03,10,58.0,957.0,8074.0,ok,8.436781609195402,0.011042902310124392,0.8322882222744665,0.013268122766349488,-0.6059068175688773,-0.45442053878869065
2017,03,11,165.0,5094.0,15257.0,ok,2.9950922654102867,0.058780088158593154,1.7959821332906898,0.03272865975058075,-0.33853350296649737,-0.2871851024247981
2017,03,12,128.0,2355.0,17559.0,ok,7.456050955414013,0.027174540167547483,2.303165182362796,0.01179878038086238,0.09023900403758302,0.09443582703054577
2017,03,13,32.0,445.0,2101.0,ok,4.721348314606741,0.005134891878793474,0.41385174693855253,0.012407563618562874,-0.17044620869519467,-0.15671155000534168
2017,03,14,30.0,1173.0,10495.0,ok,8.947144075021313,0.013535344210842123,0.5581675974452793,0.024249605804409092,0.018163377017736154,0.018329334409614234
2017,03,15,90.0,1938.0,18112.0,ok,9.345717234262127,0.02236274260921742,0.6664132447929292,0.0335568699811272,0.373444509087607,0.4527299479965203
2017,03,16,22.0,1560.0,23532.0,ok,15.084615384615384,0.01800096928296139,0.37830841173508883,0.0475827888690104,-0.3533513862979023,-0.2976696392523882
2017,03,17,19.0,148.0,3262.0,ok,22.04054054054054,0.0017077842653065935,0.5140329131824195,0.003322324741296355,0.22156805462858128,0.24803217969718885
2017,03,18,97.0,3814.0,36668.0,ok,9.614053487152596,0.04401006208026586,0.7777492516868568,0.05658644091885995,0.21430282210453097,0.23899779390983816
2017,03,19,13.0,575.0,2515.0,ok,4.373913043478261,0.0066349726523735894,0.4422848338258706,0.015001583018299484,-0.411055144802867,-0.33704962767488283
2017,03,20,17.0,481.0,1971.0,ok,4.097713097713098,0.005550298862246428,2.005653818536479,0.002767326450332525,-0.019403278440625456,-0.019216246464780203
2017,03,21,129.0,2788.0,49330.0,ok,17.69368723098996,0.03217096305185664,1.0323389022077525,0.03116318002068512,0.5736150981499362,0.7746710789995856
2017,03,22,49.0,2195.0,23114.0,ok,10.530296127562643,0.025328286907756573,0.8845411904699455,0.02863437811674997,0.0,0.0
2017,03,23,21.0,815.0,11331.0,ok,13.903067484662577,0.009404352542059957,0.5165281447183004,0.01820685404701194,0.25049527548817613,0.2846615205131355
2017,03,24,189.0,5858.0,47024.0,ok,8.027313076135199,0.06759594747409475,0.8582876499585074,0.07875675186210891,0.0,0.0
2017,03,25,45.0,4090.0,66989.0,ok,16.37872860635697,0.047194848953405186,1.108837154179648,0.042562470760930976,0.6170440947891168,0.8534413398412626
2017,03,26,174.0,7822.0,71331.0,ok,9.119278956788545,0.0902587062380282,1.1386473496179743,0.07926835843275862,0.004130914646301609,0.004139458634987383
2017,03,27,42.0,3180.0,24601.0,ok,7.736163522012578,0.03669428353834437,1.3656558744217366,0.026869348439541498,-0.021575316997988595,-0.021344234721013055
2017,03,28,80.0,7622.0,68566.0,ok,8.995801626869588,0.08795088966328957,1.6638719357194653,0.05285917009307524,0.0,0.0
2017,03,29,54.0,2977.0,18652.0,ok,6.2653678199529725,0.03435184971498465,0.5444279332645542,0.06309714769593212,-0.23887701317651808,-0.21248827001679876
2017,03,30,26.0,1934.0,14461.0,ok,7.477249224405377,0.022316586277722646,1.3373552170081309,0.016687104513375496,-0.06656775805900551,-0.06440048069889306
2017,03,31,58.0,7536.0,89144.0,ok,11.829087048832271,0.08695852853615195,0.6176161768568886,0.14079703834619864,0.15304545185845972,0.1653779463324644
2017,03,32,66.0,2312.0,14203.0,ok,6.143166089965398,0.026678359603978675,1.3434512516862938,0.01985807789489356,-0.12668371612895768,-0.11898772149056103
2017,04,09,677.0,27849.0,210149.0,ok,7.5460160149377,0.23766609488210144,1.6061769885010375,0.1479700534770474,-0.0861904344017334,-0.08258049365096427
2017,04,10,73.0,1886.0,51695.0,ok,27.409862142099684,0.016095308806335713,1.2130810883930403,0.013268122766349488,0.35401680080503883,0.4247791237150863
2017,04,11,118.0,3061.0,11436.0,ok,3.7360339758248937,0.02612287394283861,0.7981650987824235,0.03272865975058075,-0.33586227853704975,-0.2852784684668403
2017,04,12,80.0,2004.0,25734.0,ok,12.841317365269461,0.01710233236898026,1.4495000175374262,0.01179878038086238,0.4155026315754078,0.5151321025694247
2017,04,13,51.0,1558.0,6289.0,ok,4.036585365853658,0.013296124666103417,1.071614466373654,0.012407563618562874,-0.5455198517546879,-0.4204595700923224
2017,04,14,62.0,2561.0,53093.0,ok,20.731354939476766,0.02185582494858206,0.9012857827407738,0.024249605804409092,0.6400979265215359,0.8966666041741678
2017,04,15,179.0,4727.0,41385.0,ok,8.755024328326634,0.04034068119170144,1.2021586403734776,0.0335568699811272,0.08977571256812669,0.09392890168417661
2017,04,16,40.0,1495.0,33809.0,ok,22.614715719063547,0.012758476492827091,0.268132171234217,0.0475827888690104,-0.16680428214068355,-0.15363475607822769
2017,04,17,17.0,503.0,29787.0,ok,59.21868787276342,0.004292651288222092,1.2920625232279732,0.003322324741296355,0.9915433583201594,1.6953912183127975
2017,04,18,129.0,4718.0,43348.0,ok,9.187791437049597,0.040263874309804826,0.7115463290497406,0.05658644091885995,-0.049425878235047925,-0.04822429718308693
2017,04,19,22.0,2618.0,19760.0,ok,7.547746371275783,0.022342268533927307,1.489327393427306,0.015001583018299484,-0.08384251420088512,-0.08042393513641498
2017,04,20,4.0,163.0,947.0,ok,5.809815950920245,0.001391057972127636,0.5026721628597468,0.002767326450332525,0.11133822439818897,0.11777290099418534
2017,04,21,151.0,4246.0,57978.0,ok,13.654733867169101,0.03623578005922664,1.1627754303371636,0.03116318002068512,0.09611508827318642,0.10088575574407581
2017,04,22,43.0,2202.0,26935.0,ok,12.232061762034514,0.018792083770705854,0.6562770001180237,0.02863437811674997,-0.06857428268764848,-0.06627590200816832
2017,04,23,27.0,1703.0,23556.0,ok,13.83206106870229,0.014533568874437816,0.7982471236881818,0.01820685404701194,0.026996588256702675,0.0273642976542537
2017,04,24,264.0,8252.0,84537.0,ok,10.244425593795443,0.07042337660121013,0.8941884338311812,0.07875675186210891,0.02550549937502993,0.025833547698329427
2017,04,25,52.0,1471.0,13377.0,ok,9.093813732154997,0.012553658141102776,0.2949466493995469,0.042562470760930976,-0.18972334176319072,-0.17281204935017375
2017,04,26,180.0,7358.0,149751.0,ok,20.35213373199239,0.06279389299947942,0.7921684546141563,0.07926835843275862,0.5885475810347135,0.8013701702648897
2017,04,27,43.0,2980.0,12201.0,ok,4.094295302013423,0.02543161200576905,0.9464915780519395,0.026869348439541498,-0.8762649501421771,-0.5836649566229106
2017,04,28,88.0,14250.0,295783.0,ok,20.756701754385965,0.12161089633631174,2.300658450031989,0.05285917009307524,0.6177328355581511,0.8547183201587483
2017,04,29,102.0,5698.0,64579.0,ok,11.333625833625833,0.048627290338547666,0.7706733523500091,0.06309714769593212,0.13548138188185152,0.1450878762546006
2017,04,30,34.0,4100.0,32319.0,ok,7.882682926829268,0.034989801752903726,2.096816839905195,0.016687104513375496,-0.2321427652841973,-0.20716707379146315
2017,04,31,102.0,10211.0,125395.0,ok,12.280383899715993,0.0871416745607073,0.6189169572334263,0.14079703834619864,-0.027891218683573454,-0.027505849758607988
2017,04,32,91.0,1563.0,13217.0,ok,8.45617402431222,0.013338795156045982,0.6717062560962161,0.01985807789489356,-0.02550549937502993,-0.025182981933367602
2017,05,09,321.0,7954.0,42230.0,ok,5.309278350515464,0.12623593454903267,0.8531181248009345,0.1479700534770474,-0.011235914588086574,-0.011173027451638094
2017,05,10,46.0,961.0,10642.0,ok,11.073881373569199,0.015251789426907266,1.1495062033635037,0.013268122766349488,-0.12577843233496655,-0.11818979423170549
2017,05,11,273.0,6678.0,18877.0,ok,2.826744534291704,0.10598485930581346,3.2382890137727935,0.03272865975058075,-0.18824284326734253,-0.171586491839283
2017,05,12,137.0,2748.0,25576.0,ok,9.307132459970887,0.04361281721658811,3.6963835081910745,0.01179878038086238,0.5201341189340286,0.6822532565830097
2017,05,13,38.0,813.0,3738.0,ok,4.597785977859779,0.01290291863067181,1.0399236326596655,0.012407563618562874,0.011174240101563503,0.011236905116282751
2017,05,14,18.0,572.0,6940.0,ok,12.132867132867133,0.009078068212477582,0.3743594137446555,0.024249605804409092,0.5308870445453515,0.7004400058542759
2017,05,15,71.0,1148.0,6577.0,ok,5.729094076655052,0.018219619419448014,0.5429475225101433,0.0335568699811272,0.09222372596506921,0.09661013479909404
2017,05,16,13.0,1573.0,41168.0,ok,26.1716465352829,0.02496468758431335,0.5246579315272605,0.0475827888690104,0.40578985843240234,0.5004872045919997
2017,05,17,14.0,90.0,997.0,ok,11.077777777777778,0.0014283673760891302,0.4299300903173566,0.003322324741296355,-0.2582343661488691,-0.22758581684555387
2017,05,18,43.0,1780.0,9315.0,ok,5.23314606741573,0.02824993254931835,0.4992350126742607,0.05658644091885995,-0.18577048205939217,-0.16953582046195523
2017,05,19,15.0,548.0,1914.0,ok,3.4927007299270074,0.008697170245520481,0.5797501660265688,0.015001583018299484,-0.4278979124666512,-0.348122039985062
2017,05,20,48.0,637.0,1849.0,ok,2.902668759811617,0.010109666872986398,3.653225253483054,0.002767326450332525,-0.15606175066480216,-0.14449363934661266
2017,05,21,96.0,2162.0,17505.0,ok,8.096669750231268,0.03431255852338555,1.1010608834082394,0.03116318002068512,0.0,0.0
2017,05,22,18.0,861.0,7162.0,ok,8.318234610917537,0.013664714564586011,0.47721359649828393,0.02863437811674997,-0.02766641288764702,-0.02728720286150513
2017,05,23,18.0,1381.0,18092.0,ok,13.10065170166546,0.021917503848656542,1.203805105047985,0.01820685404701194,0.3991877435447348,0.49061344539081153
2017,05,24,142.0,3518.0,27555.0,ok,7.832575326890279,0.05583329365646177,0.7089334226761583,0.07875675186210891,0.18358148875663333,0.20151287121248118
2017,05,25,25.0,887.0,6500.0,ok,7.3280721533258175,0.014077354028789539,0.3307456963168466,0.042562470760930976,0.02091310061817272,0.021133311928301746
2017,05,26,132.0,5148.0,58891.0,ok,11.43958818958819,0.08170261391229824,1.0307090436545945,0.07926835843275862,0.4389601523391793,0.5510934787094159
2017,05,27,37.0,3906.0,34310.0,ok,8.783922171018945,0.06199114412226825,2.3071323914591386,0.026869348439541498,0.313581800699173,0.36831738750296894
2017,05,28,93.0,12668.0,191966.0,ok,15.153615408904326,0.20105064355885668,3.8035149474508136,0.05285917009307524,0.7296211507503286,1.074294613838886
2017,05,29,56.0,2189.0,13231.0,ok,6.0443124714481495,0.034741068736212286,0.5505965008692785,0.06309714769593212,-0.06665657856158458,-0.06448357742800886
2017,05,30,18.0,1020.0,6620.0,ok,6.490196078431373,0.01618816359567681,0.97010021017734,0.016687104513375496,0.0,0.0
2017,05,31,29.0,2755.0,19944.0,ok,7.239201451905626,0.04372391245695059,0.31054568313745423,0.14079703834619864,-0.12986515798803144,-0.12178615694154692
2017,05,32,57.0,1012.0,5621.0,ok,5.554347826086956,0.016061197606691106,0.8087992046209664,0.01985807789489356,-0.01930297305533265,-0.019117863638411763
2017,06,09,406.0,15155.0,109251.0,ok,7.208907951171231,0.14993964817856223,1.0133107656261024,0.1479700534770474,0.053441751675602216,0.05489554408013885
2017,06,10,71.0,1434.0,16788.0,ok,11.707112970711297,0.014187624908482894,1.0693016004091733,0.013268122766349488,-0.31135502354515004,-0.26754620863766565
2017,06,11,248.0,6786.0,24470.0,ok,3.6059534335396406,0.06713892791420148,2.0513803017250085,0.03272865975058075,-0.18596622875801205,-0.16969836517410747
2017,06,12,77.0,1112.0,7827.0,ok,7.038669064748201,0.01100184023586679,0.932455718364906,0.01179878038086238,-0.00041170778717607853,-0.0004116230471548423
2017,06,13,75.0,1786.0,11198.0,ok,6.269876819708847,0.017670221817678137,1.4241492013179633,0.012407563618562874,0.08017218178818263,0.08347360603817956
2017,06,14,38.0,1015.0,6505.0,ok,6.4088669950738915,0.010042147337594239,0.4141159002167517,0.024249605804409092,-0.34853240642306044,-0.2942769553061925
2017,06,15,90.0,2238.0,13339.0,ok,5.960232350312779,0.022142192848803848,0.6598408272659784,0.0335568699811272,-0.109408113505674,-0.10363547562805253
2017,06,16,33.0,3499.0,94920.0,ok,27.12775078593884,0.03461820052634703,0.727536181656916,0.0475827888690104,0.20048655683308936,0.22199718461750723
2017,06,17,13.0,111.0,2002.0,ok,18.036036036036037,0.001098205275342818,0.33055326039991617,0.003322324741296355,-0.011987595535687824,-0.011916030561751417
2017,06,18,86.0,3663.0,27192.0,ok,7.423423423423423,0.036240774086313,0.6404497879320442,0.05658644091885995,-0.07732668152988983,-0.0744125681069067
2017,06,19,14.0,466.0,1917.0,ok,4.113733905579399,0.004610483408195976,0.3073331262822022,0.015001583018299484,-0.5054259769296141,-0.396751449277801
2017,06,20,25.0,1205.0,7523.0,ok,6.243153526970954,0.011921958169262125,4.308114125035581,0.002767326450332525,0.36860921283762493,0.4457225234663583
2017,06,21,105.0,3893.0,43577.0,ok,11.193680965836116,0.038516334566753074,1.2359564890741948,0.03116318002068512,0.08271269609402392,0.08622968568184215
2017,06,22,46.0,1331.0,10073.0,ok,7.567993989481593,0.013168569562894514,0.4598866966554243,0.02863437811674997,-0.3633723097888018,-0.3046724919358265
2017,06,23,37.0,1724.0,20241.0,ok,11.740719257540603,0.017056809862081246,0.9368345469260552,0.01820685404701194,0.04840495611011196,0.04959560942996777
2017,06,24,239.0,5306.0,44042.0,ok,8.300414624952884,0.05249619090963057,0.666561147691101,0.07875675186210891,0.00041170778717607853,0.00041179255045925805
2017,06,25,64.0,3042.0,26363.0,ok,8.666337935568706,0.0300967607891248,0.7071196819887458,0.042562470760930976,-0.05253694315136459,-0.051180731965515903
2017,06,26,323.0,11811.0,111049.0,ok,9.402167471001608,0.11685497754120744,1.4741692631408865,0.07926835843275862,0.0016365208484498892,0.0016378606794810464
2017,06,27,54.0,2784.0,17822.0,ok,6.401580459770115,0.027544175554544196,1.0251151276154358,0.026869348439541498,-0.24398020531642042,-0.2164968566938309
2017,06,28,111.0,14009.0,293981.0,ok,20.985152402027268,0.1386014207412391,2.622088475796869,0.05285917009307524,0.8140132772813256,1.2569475918179327
2017,06,29,136.0,6317.0,53395.0,ok,8.452588253917998,0.06249876328234759,0.990516458581168,0.06309714769593212,0.02751448730773522,0.027896506452393582
2017,06,30,34.0,2629.0,50067.0,ok,19.04412324077596,0.026010645665551974,1.5587273181337855,0.016687104513375496,0.8352819317108169,1.3054639400630061
2017,06,31,97.0,6731.0,53463.0,ok,7.94280196107562,0.06659477214713971,0.47298418297260797,0.14079703834619864,-0.278293845091992,-0.24292567374867613
2017,06,32,60.0,3027.0,74211.0,ok,24.516352824578792,0.02994835467083523,1.508119508310336,0.01985807789489356,1.2242724825964701,2.401690393383842
2017,07,09,482.0,16685.0,99980.0,ok,5.99220857057237,0.10521237955909801,0.7110383289509198,0.1479700534770474,-0.23141109768634355,-0.20658677136049008
2017,07,10,80.0,1402.0,49078.0,ok,35.005706134094154,0.008840740553902033,0.66631434676832,0.013268122766349488,0.6839640273627866,0.9817177663605088
2017,07,11,277.0,6120.0,19890.0,ok,3.25,0.03859153508550674,1.1791358210084344,0.03272865975058075,-0.3898928699108208,-0.32287058845310995
2017,07,12,118.0,2293.0,16757.0,ok,7.3078935891844745,0.014459214044291985,1.2254837854041956,0.01179878038086238,-0.06287115564057984,-0.06093554094649402
2017,07,13,80.0,2466.0,14735.0,ok,5.975263584752636,0.015550118549160066,1.2532773578445036,0.012407563618562874,-0.06795174163861929,-0.06569443945532603
2017,07,14,78.0,3512.0,41520.0,ok,11.822323462414579,0.02214599202946073,0.9132516300712038,0.024249605804409092,0.16377923078907136,0.17795423035848146
2017,07,15,122.0,2690.0,18936.0,ok,7.039405204460967,0.016962619179740707,0.5054887177880623,0.0335568699811272,-0.04298932657882557,-0.042078385686691616
2017,07,16,98.0,8218.0,198608.0,ok,24.16743733268435,0.05182111688442718,1.089072711292404,0.0475827888690104,-0.015059925438462013,-0.014947091893090406
2017,07,17,21.0,200.0,6443.0,ok,32.215,0.0012611612773041417,0.3796020484174713,0.003322324741296355,0.46807740209017296,0.596921002927
2017,07,18,216.0,9101.0,78016.0,ok,8.572244808262829,0.05738914392372497,1.014185430145996,0.05658644091885995,-0.033432800265352725,-0.0328801007516087
2017,07,19,56.0,5752.0,91103.0,ok,15.838490959666203,0.03627099833526711,2.4178113930391487,0.015001583018299484,0.7426906018986575,1.1015824359712862
2017,07,20,33.0,909.0,3892.0,ok,4.281628162816282,0.005731978005347324,2.071305322383835,0.002767326450332525,-0.1085382920713374,-0.1028554593635212
2017,07,21,230.0,7104.0,91445.0,ok,12.87232545045045,0.04479644856984311,1.4374800177680414,0.03116318002068512,0.12244754305706686,0.1302598285435729
2017,07,22,62.0,3119.0,29365.0,ok,9.414876563000961,0.01966781011955809,0.6868600407303138,0.02863437811674997,-0.24500472238946808,-0.21729915798507232
2017,07,23,59.0,3751.0,53188.0,ok,14.179685417222075,0.023653079755839176,1.2991305194606673,0.01820685404701194,0.13715678753101138,0.14700797097088972
2017,07,24,353.0,10846.0,101245.0,ok,9.334777798266643,0.0683927760682036,0.8684052408350834,0.07875675186210891,0.01785778664917398,0.018018190316734697
2017,07,25,107.0,5764.0,80103.0,ok,13.897120055517002,0.036346668011905364,0.8539604811962366,0.042562470760930976,0.3197029407432389,0.37671873654157256
2017,07,26,297.0,8786.0,80983.0,ok,9.217277486910994,0.055402814911970945,0.6989272391576997,0.07926835843275862,-0.11821943972244346,-0.1114989412050277
2017,07,27,130.0,10979.0,91000.0,ok,8.288550869842426,0.06923144831761086,2.5765957248047147,0.026869348439541498,-0.08564538917243382,-0.0820803222301213
2017,07,28,165.0,13773.0,129633.0,ok,9.412110651274233,0.08684987136154972,1.643042658608206,0.05285917009307524,-0.08780008110662472,-0.08405602707401819
2017,07,29,172.0,10151.0,93652.0,ok,9.225889074967984,0.06401024062957171,1.01447122361283,0.06309714769593212,0.015059926171829524,0.015173898278401595
2017,07,30,83.0,11484.0,113630.0,ok,9.89463601532567,0.07241588054280382,4.339631269448759,0.016687104513375496,0.08052073629837221,0.08385132147362079
2017,07,31,114.0,11184.0,218880.0,ok,19.570815450643778,0.0705241386268476,0.5008922023873784,0.14079703834619864,0.5234840726183301,0.6878981769096215
2017,07,32,126.0,2295.0,19211.0,ok,8.370806100217864,0.014471825657065026,0.7287626593904342,0.01985807789489356,0.049686887203809725,0.05094198147121663
2017,08,09,704.0,42342.0,494213.0,ok,11.67193330499268,0.1562118389256793,1.0556990097317924,0.1479700534770474,0.04147546042810419,0.042347582774177016
2017,08,10,85.0,2799.0,115696.0,ok,41.33476241514827,0.01032631753703123,0.7782802223703235,0.013268122766349488,0.45631631245342813,0.5782494857870268
2017,08,11,151.0,3424.0,18775.0,ok,5.483352803738318,0.012632122631938168,0.38596516717168716,0.03272865975058075,-0.26067161208663686,-0.229466087903462
2017,08,12,133.0,3807.0,43895.0,ok,11.530076175466247,0.01404511999409714,1.1903874418137592,0.01179878038086238,-0.0007077774104601623,-0.0007075269951117101
2017,08,13,82.0,2320.0,23300.0,ok,10.043103448275861,0.008559148512294553,0.6898331352892898,0.012407563618562874,0.057465736602438935,0.05914897999043724
2017,08,14,134.0,5846.0,60289.0,ok,10.3128634964078,0.021567578535721534,0.8893991395027169,0.024249605804409092,-0.36665881832445163,-0.3069539406722586
2017,08,15,181.0,5483.0,47379.0,ok,8.641072405617363,0.020228366936599584,0.6028085142617969,0.0335568699811272,-0.23182679424751707,-0.20691652196837973
2017,08,16,194.0,15756.0,593841.0,ok,37.68983244478294,0.05812842412056594,1.2216270946326073,0.0475827888690104,0.03548378869878022,0.03612085112469683
2017,08,17,23.0,960.0,33584.0,ok,34.983333333333334,0.0035417166257770564,1.0660356532140491,0.003322324741296355,0.1566764918932269,0.16961717205273114
2017,08,18,450.0,20434.0,268731.0,ok,13.151169619262014,0.07538691409492539,1.3322434291816247,0.05658644091885995,0.0007077773652102645,0.0007080278987134443
2017,08,19,82.0,3505.0,28093.0,ok,8.0151212553495,0.012930954972238107,0.8619726969123493,0.015001583018299484,-0.33226308295666623,-0.28270141100440443
2017,08,20,24.0,266.0,1179.0,ok,4.432330827067669,0.0009813506483923927,0.3546204851525459,0.002767326450332525,-0.4677865346489549,-0.373612778644768
2017,08,21,365.0,9204.0,136473.0,ok,14.827574967405475,0.033956208149637526,1.089625902334052,0.03116318002068512,-0.1299840144258177,-0.12189053210759432
2017,08,22,105.0,10457.0,127080.0,ok,12.152625035861146,0.038578886203906954,1.3472926161207546,0.02863437811674997,-0.3835910601582933,-0.318589974081261
2017,08,23,108.0,9250.0,175421.0,ok,18.96443243243243,0.034125915404622675,1.8743444263630666,0.01820685404701194,0.0340712140183471,0.03465828627876035
2017,08,24,715.0,23839.0,293977.0,ok,12.33176727211712,0.08794894025197839,1.1167161947710031,0.07875675186210891,-0.09755103421077777,-0.09294395051504455
2017,08,25,180.0,15277.0,331813.0,ok,21.719774824900178,0.05636125509582926,1.324200735723371,0.042562470760930976,0.3724039549534478,0.45121909004438354
2017,08,26,374.0,21336.0,545775.0,ok,25.580005624296962,0.07871465200789508,0.9930147862802883,0.07926835843275862,0.5086713805457534,0.6630801258272723
2017,08,27,130.0,14554.0,82315.0,ok,5.655833447849388,0.05369389976204091,1.9983327799279211,0.026869348439541498,-0.8616735424664707,-0.5775455051432301
2017,08,28,98.0,8621.0,135032.0,ok,15.66314812666744,0.031805353157108335,0.6016998205061672,0.05285917009307524,0.027672906647354178,0.02805935803722208
2017,08,29,326.0,23215.0,271249.0,ok,11.68421279345251,0.0856468244452233,1.3573802869498799,0.06309714769593212,-0.14255552426595178,-0.132860594323419
2017,08,30,26.0,1951.0,16794.0,ok,8.60789338800615,0.007197801184261497,0.4313391324715514,0.016687104513375496,-0.4526329244572031,-0.3640484669596315
2017,08,31,209.0,20960.0,449298.0,ok,21.43597328244275,0.07732747966279906,0.5492124022712926,0.14079703834619864,0.22067464371529624,0.24691767205849188
2017,08,32,164.0,5449.0,68923.0,ok,12.648742888603413,0.020102931139436647,1.0123301583284678,0.01985807789489356,0.06865404770552139,0.07106560744235535
2017,09,09,422.0,24177.0,251254.0,ok,10.392273648508914,0.11727754278396522,0.7925762005766722,0.1479700534770474,0.08758770405066359,0.09153799254841873
2017,09,10,57.0,2124.0,213303.0,ok,100.42514124293785,0.010303077340991113,0.7765286410464711,0.013268122766349488,1.5062617773403462,3.5098404562762138
2017,09,11,221.0,3632.0,22650.0,ok,6.236233480176211,0.01761806822150646,0.5383070481886701,0.03272865975058075,0.030224768822539803,0.030686174037553637
2017,09,12,136.0,3091.0,27616.0,ok,8.934325461015852,0.014993790989173037,1.2707915992311345,0.01179878038086238,-0.09352933754735063,-0.08928870100158258
2017,09,13,111.0,1982.0,14177.0,ok,7.152875882946518,0.009614265202374947,0.7748713202639644,0.012407563618562874,-0.11966921197341591,-0.11278613209275717
2017,09,14,112.0,6181.0,111191.0,ok,17.98916033004368,0.02998273118863751,1.236421384762717,0.024249605804409092,0.3519552842014322,0.42184494336498274
2017,09,15,140.0,3301.0,23629.0,ok,7.15813389881854,0.016012456827971595,0.4771737303561744,0.0335568699811272,-0.2578674429453749,-0.22730234815660713
2017,09,16,88.0,6495.0,237685.0,ok,36.59507313317937,0.03150587915712678,0.6621276286234212,0.0475827888690104,0.16824377363268012,0.18322501455382448
2017,09,17,26.0,417.0,6696.0,ok,16.057553956834532,0.002022779308471419,0.6088445489173164,0.003322324741296355,-0.45977914624491256,-0.3685769177324392
2017,09,18,458.0,19562.0,216471.0,ok,11.065893057969532,0.09489114827893981,1.676923777818179,0.05658644091885995,-0.009698512233366534,-0.009651633337849732
2017,09,19,72.0,4987.0,60517.0,ok,12.134950872267897,0.024190888276611432,1.6125557047614572,0.015001583018299484,0.24473352237104828,0.27728090106477
2017,09,20,13.0,231.0,1191.0,ok,5.1558441558441555,0.001120532422678412,0.4049151564838936,0.002767326450332525,-0.15434453848123714,-0.14302329131251784
2017,09,21,234.0,5662.0,70542.0,ok,12.45884846344048,0.027465171329892506,0.8813340394549596,0.03116318002068512,-0.14180481560064123,-0.13220938085233086
2017,09,22,67.0,3480.0,51285.0,ok,14.737068965517242,0.01688074818580465,0.5895273198173662,0.02863437811674997,-0.028533511880282327,-0.028130275581451532
2017,09,23,76.0,6983.0,75132.0,ok,10.759272518974653,0.03387306453490628,1.8604567514762627,0.01820685404701194,-0.37048936179141145,-0.30960360565877587
2017,09,24,566.0,15299.0,180796.0,ok,11.817504412053076,0.07421223175132911,0.9422967554739108,0.07875675186210891,0.022088913936112873,0.022334680229872412
2017,09,25,115.0,7027.0,114799.0,ok,16.336843603244628,0.03408649928208312,0.8008580957046287,0.042562470760930976,0.24984045704511645,0.2838205758195108
2017,09,26,394.0,18044.0,221852.0,ok,12.295056528485924,0.08752764950133882,1.1041940470558167,0.07926835843275862,-0.06170563304748365,-0.05984040202248791
2017,09,27,148.0,10654.0,113630.0,ok,10.665477754833866,0.051680313555046764,1.9233928828357045,0.026869348439541498,-0.06511214711656764,-0.06303762014412659
2017,09,28,100.0,7325.0,99070.0,ok,13.524914675767919,0.03553203461523536,0.6722019008749098,0.05285917009307524,0.0431324516602067,0.04407617531547465
2017,09,29,183.0,14525.0,495866.0,ok,34.138795180722894,0.07045772051690015,1.1166546046810062,0.06309714769593212,1.091877034280383,1.9798621298033403
2017,09,30,44.0,4878.0,56685.0,ok,11.620541205412055,0.023662152198377896,1.417990291809557,0.016687104513375496,0.009698512188116636,0.009745695168993413
2017,09,31,285.0,32556.0,396554.0,ok,12.180673301388376,0.15792230975202762,1.1216309064947838,0.14079703834619864,-0.18230859242535194,-0.16665586295613294
2017,09,32,142.0,3539.0,38237.0,ok,10.804464538005087,0.017166944778609958,0.8644816920082875,0.01985807789489356,0.07329237481454251,0.07604509941376698
2017,10,09,455.0,27573.0,277791.0,ok,10.074747035143075,0.13022225580670452,0.8800581789808175,0.1479700534770474,0.12468956770619408,0.13279674178741224
2017,10,10,53.0,2436.0,124711.0,ok,51.194991789819376,0.011504784214453712,0.8670996204249827,0.013268122766349488,0.900623377246515,1.461136849771112
2017,10,11,276.0,4122.0,19945.0,ok,4.838670548277535,0.019467455062388422,0.5948136957255936,0.03272865975058075,-0.15537914353188645,-0.14390946524455453
2017,10,12,112.0,2221.0,22985.0,ok,10.34894191805493,0.010489378382718266,0.8890222585829325,0.01179878038086238,0.12158677099397963,0.1292873510599025
2017,10,13,122.0,2465.0,19990.0,ok,8.109533468559837,0.011641745931292446,0.9382781575163803,0.012407563618562874,0.07398910776300864,0.07679507672517692
2017,10,14,91.0,2217.0,24905.0,ok,11.233649075327019,0.010470487111430164,0.43177968317845433,0.024249605804409092,-0.05076795657314086,-0.04950079796293806
2017,10,15,153.0,3795.0,46240.0,ok,12.184453227931488,0.017923093634586138,0.5341110075125095,0.0335568699811272,0.3421765281712461,0.408008828800717
2017,10,16,88.0,9444.0,323649.0,ok,34.270330368487926,0.044602291511207245,0.937361860692779,0.0475827888690104,0.17074260808666739,0.18618539519715802
2017,10,17,15.0,146.0,2661.0,ok,18.226027397260275,0.0006895314020156987,0.2075448535914785,0.003322324741296355,-0.2649754113996018,-0.23277518527168925
2017,10,18,473.0,18523.0,196350.0,ok,10.600334718998003,0.08748075451737525,1.5459667209467205,0.05658644091885995,0.015451861185970283,0.015571858456748409
2017,10,19,50.0,2411.0,25926.0,ok,10.753214433844878,0.011386713768903078,0.7590341469305703,0.015001583018299484,0.19198093455876944,0.21164741615208288
2017,10,20,5.0,78.0,363.0,ok,4.653846153846154,0.000368379790117976,0.1331175763790756,0.002767326450332525,-0.188648913793017,-0.17192281785735475
2017,10,21,157.0,3407.0,38914.0,ok,11.421778690930438,0.01609064031964031,0.5163349924160454,0.03116318002068512,-0.16058148570777006,-0.14835157643013053
2017,10,22,77.0,4175.0,52794.0,ok,12.645269461077845,0.019717764406955766,0.6886045971231225,0.02863437811674997,-0.11348386431814661,-0.10728139908169952
2017,10,23,67.0,3063.0,39106.0,ok,12.767221678093373,0.014465990988863595,0.7945354508533402,0.01820685404701194,-0.1312437484787749,-0.12299602004992516
2017,10,24,702.0,18304.0,185800.0,ok,10.150786713286713,0.0864464574143517,1.0976386832929104,0.07875675186210891,-0.061809255969360835,-0.059937819059655034
2017,10,25,180.0,8987.0,110058.0,ok,12.246355847335039,0.04244396376654167,0.9972156927859065,0.042562470760930976,0.02977844303954374,0.03022625486842966
2017,10,26,437.0,11112.0,114368.0,ok,10.292296616270699,0.052479951638345505,0.6620542253674011,0.07926835843275862,-0.17137471635452253,-0.15749418639201707
2017,10,27,154.0,6530.0,150271.0,ok,23.01240428790199,0.030840000377825427,1.1477762643637697,0.026869348439541498,0.7720415688101707,1.1641800692268052
2017,10,28,116.0,7208.0,65492.0,ok,9.086015538290788,0.0340420708611586,0.6440144784947778,0.05285917009307524,-0.2865321110039247,-0.2491370328197136
2017,10,29,256.0,12974.0,136718.0,ok,10.537844920610452,0.061273838422956674,0.9711031427004901,0.06309714769593212,-0.01545186049785267,-0.015333093014504768
2017,10,30,55.0,3055.0,28511.0,ok,9.332569558101474,0.014428208446287392,0.8646322335143588,0.016687104513375496,-0.14143295244321932,-0.13188662148527414
2017,10,31,504.0,53854.0,1132765.0,ok,21.033999331525976,0.25434263098735227,1.8064487291413203,0.14079703834619864,0.4321134878242713,0.540509934361733
2017,10,32,165.0,3638.0,35272.0,ok,9.695437053326003,0.01718161123652816,0.8652202558308202,0.01985807789489356,0.03312078686119657,0.03367538610660716
2017,11,09,860.0,70195.0,670403.0,ok,9.550580525678468,0.17695132987640255,1.1958590655226777,0.1479700534770474,0.08665158182838688,0.09051665769884448
2017,11,10,86.0,2793.0,51554.0,ok,18.45828857858933,0.0070407445593673665,0.5306511466131478,0.013268122766349488,-0.10411274556043561,-0.09887630600225664
2017,11,11,336.0,5906.0,33532.0,ok,5.677615983745344,0.014888162322815491,0.45489679187218507,0.03272865975058075,0.019904349823949716,0.020103762255715397
2017,11,12,126.0,1925.0,21618.0,ok,11.23012987012987,0.00485264349329831,0.4112834832631767,0.01179878038086238,0.2186948926934011,0.24445152750460208
2017,11,13,307.0,4945.0,48472.0,ok,9.802224469160768,0.012465621856810464,1.0046792617819609,0.012407563618562874,0.27895018610442446,0.32174150113649574
2017,11,14,445.0,13632.0,158045.0,ok,11.593676643192488,0.03436427849384029,1.4171066849916438,0.024249605804409092,-0.003829707157270476,-0.003822383181359319
2017,11,15,885.0,33124.0,322076.0,ok,9.72334259147446,0.08350076003740947,2.4883357739971377,0.0335568699811272,0.1319372348139696,0.14103669963892862
2017,11,16,350.0,24102.0,688331.0,ok,28.559082233839515,0.0607576173898576,1.2768822264099713,0.0475827888690104,0.003829707157270476,0.003837049856195678
2017,11,17,39.0,567.0,13147.0,ok,23.18694885361552,0.0014293240834805931,0.4302180535557394,0.003322324741296355,-0.008844416909043903,-0.008805420106492115
2017,11,18,922.0,25933.0,273169.0,ok,10.533644391316084,0.06537330062945719,1.1552820705440168,0.05658644091885995,0.024532718403474176,0.02483612156038431
2017,11,19,218.0,7110.0,54870.0,ok,7.717299578059071,0.017923270253169345,1.1947585952299753,0.015001583018299484,-0.12436721237325461,-0.11694448757274951
2017,11,20,90.0,1192.0,5498.0,ok,4.6124161073825505,0.0030048576852008237,1.0858341938081635,0.002767326450332525,-0.18219902747732142,-0.1665645526469529
2017,11,21,339.0,7158.0,104605.0,ok,14.613718915898296,0.018044271233781457,0.5790253504874743,0.03116318002068512,0.10124938200471147,0.10655256165340962
2017,11,22,207.0,5780.0,88398.0,ok,15.293771626297579,0.014570534748708692,0.5088476058149666,0.02863437811674997,0.0920706811532384,0.09644231714949981
2017,11,23,287.0,10603.0,145004.0,ok,13.675752145619164,0.02672861244646337,1.4680522168985035,0.01820685404701194,-0.04710840743784364,-0.04601602697378324
2017,11,24,1730.0,33194.0,312263.0,ok,9.407212146773514,0.08367721980080213,1.0624767759252973,0.07875675186210891,-0.12249174961348959,-0.11528679586074207
2017,11,25,376.0,13319.0,196344.0,ok,14.741647270816127,0.0335752512660988,0.7888463866368929,0.042562470760930976,0.23061874060718335,0.25937899783469504
2017,11,26,1038.0,22399.0,208157.0,ok,9.29313808652172,0.05646460343189031,0.7123220986061902,0.07926835843275862,-0.25810206998614815,-0.22748362265329064
2017,11,27,348.0,13112.0,200714.0,ok,15.307657107992679,0.03305343453720906,1.230153928428236,0.026869348439541498,0.37975342196829504,0.461924066628698
2017,11,28,228.0,12810.0,149923.0,ok,11.70359094457455,0.03229213670085785,0.6109088857051171,0.05285917009307524,-0.017980802630458162,-0.017820112552428026
2017,11,29,506.0,19553.0,200943.0,ok,10.276837313967166,0.04929025362309707,0.7811803769740738,0.06309714769593212,-0.025140284770204902,-0.02482689950204337
2017,11,30,103.0,8424.0,84788.0,ok,10.065052231718898,0.021235672097425957,1.2725797983948965,0.016687104513375496,-0.050482016231374695,-0.04922897303525484
2017,11,31,552.0,46954.0,658262.0,ok,14.019295480683223,0.11836416757627473,0.8406722823617577,0.14079703834619864,0.041800045620786666,0.04268596827966524
2017,11,32,524.0,11961.0,97809.0,ok,8.177326310509155,0.030151931856281084,1.5183711140560363,0.01985807789489356,-0.12177726802812755,-0.11465445869832862
2017,12,09,820.0,51373.0,472491.0,ok,9.197263153796742,0.24770009643201543,1.6739880172472725,0.1479700534770474,-0.024506395503832323,-0.02420855177949549
2017,12,10,86.0,3894.0,139048.0,ok,35.708269131997945,0.018775313404050146,1.4150693157337941,0.013268122766349488,0.4822940365196874,0.6197859915230721
2017,12,11,124.0,2240.0,11725.0,ok,5.234375,0.010800385728061716,0.3299978004100846,0.03272865975058075,-0.13484161833757702,-0.1261456967743354
2017,12,12,68.0,1690.0,14987.0,ok,8.868047337278107,0.008148505303760848,0.690622677999645,0.01179878038086238,-0.09091280400602711,-0.08690267414291523
2017,12,13,82.0,2276.0,41927.0,ok,18.421353251318102,0.010973963355834136,0.8844575529248999,0.012407563618562874,0.8363893409044986,1.3080184462066669
2017,12,14,114.0,3945.0,44156.0,ok,11.192902408111534,0.019021215043394407,0.7843927524766587,0.024249605804409092,-0.11247166898792835,-0.10637733601563153
2017,12,15,203.0,5138.0,48290.0,ok,9.398598676527833,0.024773384763741562,0.7382507599092054,0.0335568699811272,0.024506395470493533,0.024809145222890055
2017,12,16,244.0,22751.0,799430.0,ok,35.138235681948046,0.10969623915139827,2.305376413588926,0.0475827888690104,0.13768258494295238,0.14761122337387994
2017,12,17,41.0,2641.0,229072.0,ok,86.73684210526316,0.012733847637415622,3.832812451815573,0.003322324741296355,1.236982750252039,2.4452027296990426
2017,12,18,326.0,10284.0,103585.0,ok,10.07244262932711,0.049585342333654775,0.8762760394271104,0.05658644091885995,-0.0937003947852359,-0.08944447143769005
2017,12,19,88.0,2255.0,17247.0,ok,7.648337028824834,0.010872709739633559,0.7247708276100346,0.015001583018299484,-0.20680547044740855,-0.18682217827962944
2017,12,20,51.0,800.0,4337.0,ok,5.42125,0.003857280617164899,1.3938654099524124,0.002767326450332525,-0.09408642558281977,-0.0897959060779639
2017,12,21,224.0,7929.0,124624.0,ok,15.71749274813974,0.0382304725168756,1.2267834184925748,0.03116318002068512,0.10060092942722347,0.10583524738995637
2017,12,22,230.0,17431.0,312843.0,ok,17.947507314554528,0.0840453230472517,2.935119551211365,0.02863437811674997,0.1786142627324651,0.1955594833625739
2017,12,23,74.0,5242.0,68100.0,ok,12.99122472338802,0.025274831243973,1.3882041992927951,0.01820685404701194,-0.17192064065995025,-0.15795400526855932
2017,12,24,804.0,20765.0,256968.0,ok,12.375054177702866,0.1001205400192864,1.2712629412978107,0.07875675186210891,0.07825229890766788,0.08139545914810481
2017,12,25,180.0,6360.0,105443.0,ok,16.579088050314464,0.030665380906460944,0.7204793415002911,0.042562470760930976,0.27462225697124226,0.31603345849896547
2017,12,26,405.0,13758.0,182882.0,ok,13.292775112661724,0.06633558341369335,0.8368482043180467,0.07926835843275862,0.02638031219443726,0.026731352684832465
2017,12,27,97.0,3126.0,41779.0,ok,13.365003198976327,0.015072324011571842,0.5609486231304028,0.026869348439541498,0.17057784995841763,0.18598997761044805
2017,12,28,66.0,6194.0,27219.0,ok,4.394413948982887,0.029864995178399228,0.5649917531019213,0.05285917009307524,-1.0710043315525257,-0.6573358039227857
2017,12,29,146.0,6576.0,66559.0,ok,10.121502433090024,0.031706846673095465,0.5025083990466911,0.06309714769593212,-0.11383272174387687,-0.10759277627843584
2017,12,30,24.0,2286.0,17089.0,ok,7.475503062117236,0.011022179363548698,0.6605207844604739,0.016687104513375496,-0.42138184163107917,-0.3438604878120319
2017,12,31,102.0,4490.0,41523.0,ok,9.247884187082406,0.021648987463837994,0.15376024750326356,0.14079703834619864,-0.44770178804639377,-0.3609047585422515
2017,12,32,175.0,3956.0,40590.0,ok,10.26036400404449,0.019074252651880425,0.9605286449594049,0.01985807789489356,0.03168381560984896,0.03219109099365762
2017,13,09,703.0,30903.0,264378.0,ok,8.55509173866615,0.12296764951653337,0.8310306486143677,0.1479700534770474,0.03189046764360392,0.032404417423246304
2017,13,10,42.0,1172.0,23234.0,ok,19.824232081911262,0.004663562930245514,0.35148626617121803,0.013268122766349488,0.022592967123292777,0.02285012117771995
2017,13,11,380.0,4347.0,22590.0,ok,5.196687370600414,0.01729736182404202,0.5285081013357135,0.03272865975058075,-0.013291499351400343,-0.01320355743172967
2017,13,12,49.0,560.0,4746.0,ok,8.475,0.0022283235844176514,0.18886050188983872,0.01179878038086238,-0.0074705914890755756,-0.007442755979515253
2017,13,13,221.0,3335.0,29576.0,ok,8.868365817091455,0.013270462775058693,1.0695462205976394,0.012407563618562874,0.2341455776084291,0.2638284639416157
2017,13,14,409.0,5876.0,49854.0,ok,8.48434309053778,0.023381481039353787,0.9642004586772515,0.024249605804409092,-0.2607528682686133,-0.2295286960035603
2017,13,15,1807.0,42769.0,369379.0,ok,8.636605952909818,0.17018423461064025,5.071516941429697,0.0335568699811272,0.06873165936495682,0.0711487378474158
2017,13,16,197.0,10767.0,168579.0,ok,15.657007522986904,0.04284350005968724,0.9003990955139296,0.0475827888690104,-0.5419125175066313,-0.4183651987738365
2017,13,17,17.0,342.0,12429.0,ok,36.3421052631579,0.0013608690461979229,0.4096134942145717,0.003322324741296355,0.49585720161028335,0.6419050796761079
2017,13,18,600.0,8077.0,59565.0,ok,7.374644051009038,0.032139588555966735,0.5679733171777338,0.05658644091885995,-0.27667981130996555,-0.24170274355076377
2017,13,19,194.0,2456.0,14869.0,ok,6.05415309446254,0.009772790577374558,0.651450621274658,0.015001583018299484,-0.3117730253935259,-0.26785231169602586
2017,13,20,236.0,3663.0,30011.0,ok,8.193011193011193,0.014575623731646174,5.267041671174989,0.002767326450332525,0.4476448445544059,0.5646229126169604
2017,13,21,182.0,3720.0,65161.0,ok,17.516397849462365,0.014802435239345827,0.47499758463418834,0.03116318002068512,0.33774030068778593,0.40177641575966055
2017,13,22,108.0,2757.0,40258.0,ok,14.602103735944867,0.010970514503999045,0.3831238960130142,0.02863437811674997,0.10110482452670556,0.10639261276699837
2017,13,23,121.0,2503.0,23233.0,ok,9.282061526168597,0.009959810592495325,0.5470363285594582,0.01820685404701194,-0.379334890592374,-0.3156835968372592
2017,13,24,1424.0,18148.0,135777.0,ok,7.481650870619352,0.07221360073216346,0.9169194897549671,0.07875675186210891,-0.2962007262924219,-0.25636185468961326
2017,13,25,335.0,7531.0,80038.0,ok,10.627805072367547,0.029966973061159523,0.7040703353308818,0.042562470760930976,-0.041270012470278894,-0.04043000090076929
2017,13,26,968.0,16989.0,174078.0,ok,10.246512449231856,0.0676017667422705,0.852821580752368,0.07926835843275862,-0.10512676301189754,-0.0997895980286134
2017,13,27,514.0,13079.0,129108.0,ok,9.87139689578714,0.05204329314392583,1.9369019409245452,0.026869348439541498,-0.00364417711612159,-0.003637545161146807
2017,13,28,270.0,10124.0,87711.0,ok,8.663670485973924,0.04028490708686483,0.7621176612483803,0.05285917009307524,-0.2634238434548547,-0.23158385987058627
2017,13,29,586.0,23423.0,379866.0,ok,16.217649319045382,0.09320361306752617,1.4771446328553297,0.06309714769593212,0.48638146596826237,0.6264203018863277
2017,13,30,120.0,8057.0,245672.0,ok,30.491746307558646,0.03206000557080896,1.9212443683750744,0.016687104513375496,1.1132189651792492,2.0441416259419016
2017,13,31,278.0,21250.0,721352.0,ok,33.945976470588235,0.0845569217301341,0.6005589515471299,0.14079703834619864,0.9814499457001127,1.668322360954544
2017,13,32,561.0,9462.0,82993.0,ok,8.771190023250899,0.037650710278142534,1.8959896560695984,0.01985807789489356,0.0036441771794724163,0.00365082526627918
2017,14,09,636.0,51422.0,584459.0,ok,11.365932869199954,0.14322679479144906,0.9679444686668706,0.1479700534770474,0.12031759234808773,0.12785499282037882
2017,14,10,53.0,3093.0,154831.0,ok,50.05851923698675,0.008614998955504492,0.649300515771062,0.013268122766349488,0.7532138598015397,1.12381470272312
2017,14,11,139.0,2509.0,19098.0,ok,7.611797528895974,0.006988371283336815,0.21352451755109864,0.03272865975058075,0.1727196911321866,0.18853290207419532
2017,14,12,61.0,852.0,6669.0,ok,7.827464788732394,0.0023730937956966784,0.20113043205260742,0.01179878038086238,-0.2826193501394809,-0.2461933303408411
2017,14,13,120.0,2897.0,32748.0,ok,11.304107697618226,0.008069075969639997,0.6503352485388756,0.012407563618562874,0.2811544268817921,0.3246581509687651
2017,14,14,175.0,7164.0,71707.0,ok,10.009352317141262,0.01995404219761855,0.8228604769315666,0.024249605804409092,-0.29112223740329246,-0.2525756907728547
2017,14,15,324.0,8981.0,89918.0,ok,10.01202538692796,0.025014971102290926,0.745450070771191,0.0335568699811272,0.02084211128049661,0.021060824923741606
2017,14,16,248.0,22281.0,756859.0,ok,33.96880750415152,0.06205974514309588,1.3042477462583955,0.0475827888690104,0.03694479666464887,0.03763573830344426
2017,14,17,48.0,3170.0,273349.0,ok,86.22996845425868,0.008829468699951257,2.657617598364584,0.003322324741296355,1.1642312058721058,2.203459135694384
2017,14,18,480.0,15048.0,194639.0,ok,12.934542796384902,0.04191351577188218,0.7406989217078086,0.05658644091885995,0.08950723948523309,0.09363525063993944
2017,14,19,68.0,3825.0,22060.0,ok,5.767320261437908,0.01065385418842699,0.710181997155302,0.015001583018299484,-0.5559767584637404,-0.42648819498376844
2017,14,20,5.0,143.0,1364.0,ok,9.538461538461538,0.0003983009539725646,0.1439298764064154,0.002767326450332525,0.4040287741846742,0.49784704566557647
2017,14,21,223.0,7813.0,110869.0,ok,14.190323819275566,0.021761715757955574,0.6983149904313631,0.03116318002068512,-0.06850363151217087,-0.06620993097263528
2017,14,22,136.0,8418.0,78007.0,ok,9.266690425279164,0.02344683517860873,0.8188351457471768,0.02863437811674997,-0.5493012705931147,-0.4226469169478735
2017,14,23,100.0,6494.0,104912.0,ok,16.15522020326455,0.018087876888796046,0.9934652544635837,0.01820685404701194,-0.020842111282159986,-0.020626415597697543
2017,14,24,1205.0,28151.0,280434.0,ok,9.96177755674754,0.07840958150546619,0.9955918654790313,0.07875675186210891,-0.2055654545165848,-0.18581319938043633
2017,14,25,383.0,22581.0,251829.0,ok,11.152251893184536,0.06289534155003133,1.4777182909166153,0.042562470760930976,-0.18876903940648765,-0.17202228516245555
2017,14,26,1017.0,32244.0,377853.0,ok,11.718552288797916,0.08980990181742218,1.1329855139312075,0.07926835843275862,-0.16655769135754256,-0.15342602447531867
2017,14,27,294.0,15115.0,209122.0,ok,13.835395302679457,0.04210013230276443,1.5668460438292202,0.026869348439541498,0.13827785428975986,0.14829456452304815
2017,14,28,309.0,12909.0,171343.0,ok,13.273142768611047,0.03595571339043242,0.6802171378612463,0.05285917009307524,-0.03248644816129916,-0.031964431595704855
2017,14,29,587.0,24608.0,224713.0,ok,9.131705136540962,0.06854118793955853,1.0862802906695794,0.06309714769593212,-0.28363298944800797,-0.2469570312881977
2017,14,30,167.0,13271.0,234864.0,ok,17.69753598070982,0.03696399972146786,2.215123641842087,0.016687104513375496,0.3735215696279658,0.45284190046481176
2017,14,31,569.0,60337.0,1012324.0,ok,16.777831181530406,0.16805793468421418,1.1936183932433657,0.14079703834619864,0.08107127339529016,0.0844481861166241
2017,14,32,257.0,5699.0,46516.0,ok,8.162133707668012,0.015873546410417102,0.7993495893426288,0.01985807789489356,-0.2639894751111247,-0.23201837746459414
2017,15,09,702.0,32723.0,294490.0,ok,8.999480487730343,0.174681044146693,1.1805161925807435,0.1479700534770474,0.29326579263862684,0.3407991176103514
2017,15,10,114.0,2673.0,31981.0,ok,11.964459408903853,0.014268937169700529,1.0754299926956734,0.013268122766349488,-0.27163642191494497,-0.23786869503633568
2017,15,11,382.0,9500.0,40368.0,ok,4.249263157894736,0.05071264613249346,1.5494874070299685,0.03272865975058075,-0.0038321809378350224,-0.0038248475031385436
2017,15,12,129.0,1839.0,12574.0,ok,6.837411636759108,0.009816900656595313,0.8320267298574626,0.01179878038086238,-0.01144689682228879,-0.011381630369017175
2017,15,13,165.0,3199.0,17175.0,ok,5.3688652703969995,0.017076816313457536,1.3763230911755329,0.012407563618562874,-0.056993283922667136,-0.05539958664535529
2017,15,14,101.0,3953.0,76912.0,ok,19.456615228940045,0.021101798964394385,0.8701914222687129,0.024249605804409092,0.7799468865637903,1.181356403087137
2017,15,15,211.0,5410.0,33074.0,ok,6.113493530499076,0.028879517429135748,0.860614158751336,0.0335568699811272,-0.06604453078472061,-0.06391082142221358
2017,15,16,73.0,7777.0,237581.0,ok,30.549183489777548,0.04151497357604228,0.8724787798867344,0.0475827888690104,0.3372419625198295,0.40107803109906565
2017,15,17,34.0,357.0,6260.0,ok,17.535014005602243,0.0019057278599263331,0.5736127586319956,0.003322324741296355,-0.022185006163502385,-0.021940728681441337
2017,15,18,222.0,7888.0,59526.0,ok,7.546399594320487,0.04210751080980089,0.7441272171575415,0.05658644091885995,-0.04292176991102902,-0.04201366950843825
2017,15,19,26.0,995.0,6235.0,ok,6.266331658291457,0.005311482410719052,0.3540614616630731,0.015001583018299484,-0.06659129927355642,-0.06442250558866332
2017,15,20,16.0,293.0,1232.0,ok,4.204778156996587,0.0015640847701916404,0.5651970587003562,0.002767326450332525,-0.008680014100931034,-0.008642451538293306
2017,15,21,221.0,4776.0,37734.0,ok,7.900753768844221,0.02549511557145145,0.8181166220690126,0.03116318002068512,-0.24770388918805708,-0.2194089494905676
2017,15,22,152.0,5712.0,55305.0,ok,9.682247899159664,0.03049164575882133,1.0648614624874613,0.02863437811674997,-0.09903158639892504,-0.09428590067512532
2017,15,23,44.0,2118.0,23473.0,ok,11.082625118035883,0.01130625100090749,0.6209887206056359,0.01820685404701194,0.008695120926263077,0.008733033294766329
2017,15,24,1110.0,25886.0,211760.0,ok,8.18048365912076,0.13818395345112902,1.754566436323683,0.07875675186210891,0.0038321809378350224,0.003839533131851122
2017,15,25,200.0,9831.0,101448.0,ok,10.31919438510833,0.05247958148721508,1.2330012931342142,0.042562470760930976,0.13999709789426973,0.15027046064588814
2017,15,26,630.0,16998.0,162895.0,ok,9.58318625720673,0.09073826936422356,1.1446972178841648,0.07926835843275862,0.0386810731349064,0.039438925783556275
2017,15,27,85.0,4108.0,53422.0,ok,13.004381694255112,0.021929215822345593,0.8161424483994594,0.026869348439541498,0.48273590766177454,0.6205018863640706
2017,15,28,166.0,17155.0,157444.0,ok,9.177732439522005,0.09157636256872898,1.7324593331200604,0.05285917009307524,0.004952946890668858,0.0049652330079068465
2017,15,29,206.0,10145.0,95713.0,ok,9.434499753573188,0.05415576789622591,0.8582918542880084,0.06309714769593212,0.1553896133471804,0.16811298486762266
2017,15,30,32.0,2150.0,25053.0,ok,11.652558139534884,0.011477072545774836,0.6877809470525833,0.016687104513375496,0.3620237733493282,0.4362330856253569
2017,15,31,164.0,9595.0,87785.0,ok,9.149035956227202,0.051219772593818394,0.36378444600430243,0.14079703834619864,-0.11893677054046703,-0.11213606185588912
2017,15,32,127.0,2249.0,18302.0,ok,8.137839039573144,0.012005551700208188,0.6045676607651628,0.01985807789489356,0.13943146160844616,0.14962000991144697
2017,16,09,326.0,9062.0,50748.0,ok,5.60008828073273,0.07254881553771145,0.49029390632047704,0.1479700534770474,-0.1753030504358292,-0.1607973385030058
2017,16,10,42.0,1215.0,16396.0,ok,13.494650205761317,0.009727081315197464,0.7331166199235971,0.013268122766349488,-0.14546798839220385,-0.13538243257058497
2017,16,11,150.0,4544.0,25429.0,ok,5.596170774647887,0.036378483536014215,1.111517667183689,0.03272865975058075,0.2773204463552088,0.3195891608275772
2017,16,12,79.0,1419.0,8880.0,ok,6.2579281183932345,0.011360270276761482,0.9628342854137567,0.01179878038086238,-0.09419133535803041,-0.08989139037614736
2017,16,13,74.0,1590.0,13639.0,ok,8.577987421383648,0.012729266906307792,1.0259279982464582,0.012407563618562874,0.4174051056256694,0.5180173457571888
2017,16,14,79.0,3901.0,43871.0,ok,11.246090745962574,0.031230735975790375,1.2878863362847723,0.024249605804409092,0.23759598571778376,0.2681967197212279
2017,16,15,101.0,2306.0,15101.0,ok,6.548568950563746,0.018461439928267778,0.5501538116829943,0.0335568699811272,0.008519278769220123,0.008555671096644055
2017,16,16,123.0,14817.0,274577.0,ok,18.531214145913477,0.1186223570759513,2.492967728362962,0.0475827888690104,-0.15682378734601618,-0.14514531824129556
2017,16,17,13.0,104.0,1626.0,ok,15.634615384615385,0.000832606137267931,0.2506094984992503,0.003322324741296355,-0.13108165053485385,-0.1228538479853763
2017,16,18,214.0,8699.0,68320.0,ok,7.853776296125991,0.06964269988551666,1.230731227386756,0.05658644091885995,0.0028177754251660883,0.0028217490857572487
2017,16,19,13.0,1067.0,6725.0,ok,6.302717900656045,0.008542218735239254,0.5694211554086752,0.015001583018299484,-0.05498582008404333,-0.05350143087150857
2017,16,20,4.0,158.0,1152.0,ok,7.291139240506329,0.0012649208623878184,0.4570913063891772,0.002767326450332525,0.5475739060283115,0.7290530799514114
2017,16,21,146.0,3262.0,31859.0,ok,9.766707541385653,0.026115011728538376,0.8380085636704621,0.03116318002068512,-0.029866998439442027,-0.029425387097405872
2017,16,22,59.0,4442.0,48548.0,ok,10.929311121116614,0.03556188905523221,1.2419298547444242,0.02863437811674997,0.027938239032790763,0.02833217167060602
2017,16,23,68.0,6465.0,72376.0,ok,11.195050270688322,0.05175767959074206,2.84275797768788,0.01820685404701194,0.024603931135117822,0.024909105538751093
2017,16,24,470.0,19237.0,151931.0,ok,7.897853095597027,0.15400811790983837,1.955490980373126,0.07875675186210891,-0.0255124854954815,-0.02518979209868571
2017,16,25,85.0,3009.0,26762.0,ok,8.893984712529079,0.024089537183069276,0.5659807044186351,0.042562470760930976,-0.0028177754418820923,-0.0028138092388261
2017,16,26,319.0,14962.0,178283.0,ok,11.915719823553001,0.11978320217118062,1.511109912447471,0.07926835843275862,0.26234511067725563,0.29997510031115643
2017,16,27,13.0,807.0,11179.0,ok,13.852540272614622,0.006460703392069426,0.24044882988534697,0.026869348439541498,0.5517338295628843,0.736260789918294
2017,16,28,80.0,9274.0,177695.0,ok,19.1605563942204,0.07424605112521916,1.4046011504623621,0.05285917009307524,0.7468422421779857,1.1103255869134423
2017,16,29,81.0,2633.0,20564.0,ok,7.810102544625902,0.021079345763715986,0.33407763319664247,0.06309714769593212,-0.02774980312284132,-0.02736831422844003
2017,16,30,12.0,440.0,3254.0,ok,7.3954545454545455,0.0035225644269027854,0.21109500597178407,0.016687104513375496,-0.08682075750685542,-0.08315858215249614
2017,16,31,74.0,5816.0,55275.0,ok,9.503954607977992,0.04656189706106045,0.33070224777435864,0.14079703834619864,-0.07506165081291345,-0.07231370804849638
2017,16,32,75.0,5680.0,56458.0,ok,9.939788732394366,0.04547310442001777,2.289904625246285,0.01985807789489356,0.3452682042255346,0.41236867211975986
2017,17,09,389.0,12544.0,74444.0,ok,5.934630102040816,0.12013139371187236,0.8118628796096686,0.1479700534770474,-0.15581540685889422,-0.14428286469330162
2017,17,10,35.0,626.0,6678.0,ok,10.667731629392971,0.005995077524205365,0.4518406733023329,0.013268122766349488,-0.4190725605016069,-0.34234352634712756
2017,17,11,475.0,10481.0,76601.0,ok,7.308558343669497,0.10037445292523392,3.066867194995751,0.03272865975058075,0.5057492143869831,0.6582274230193423
2017,17,12,70.0,1103.0,6931.0,ok,6.28377153218495,0.01056321167603597,0.8952799641198083,0.01179878038086238,-0.12860482718304614,-0.12067861919641105
2017,17,13,60.0,2662.0,29085.0,ok,10.925995492111195,0.025493444679608117,2.0546696727363574,0.012407563618562874,0.6208159476395513,0.860445448772295
2017,17,14,65.0,1311.0,8581.0,ok,6.545385202135774,0.012555186316666507,0.5177480581718862,0.024249605804409092,-0.3421990369163993,-0.2897931667375227
2017,17,15,127.0,3917.0,34536.0,ok,8.816951748787337,0.03751233013148948,1.1178733342110536,0.0335568699811272,0.26741424172859274,0.30658157485402393
2017,17,16,32.0,2330.0,93046.0,ok,39.933905579399145,0.02231394669552476,0.46894995492913055,0.0475827888690104,0.5724106825306374,0.7725349241003123
2017,17,17,11.0,143.0,1605.0,ok,11.223776223776223,0.0013694825654334939,0.41220611230771154,0.003322324741296355,-0.5010693318603527,-0.3941175761946538
2017,17,18,113.0,3222.0,26033.0,ok,8.079764121663564,0.030856453327459562,0.5452976512819572,0.05658644091885995,-0.007348713949605963,-0.007321778172742339
2017,17,19,14.0,269.0,1785.0,ok,6.635687732342007,0.002576159511200069,0.17172584440305896,0.015001583018299484,-0.04203915430375443,-0.04116776257117231
2017,17,20,3.0,43.0,163.0,ok,3.7906976744186047,0.00041180244974573595,0.14880877162007877,0.002767326450332525,-0.1450705127506833,-0.13503869984013267
2017,17,21,156.0,3079.0,40948.0,ok,13.299123091912959,0.02948697076202607,0.9462118674170468,0.03116318002068512,0.24031699354142913,0.27165219196902846
2017,17,22,58.0,1664.0,18632.0,ok,11.197115384615385,0.015935797125044292,0.5565267406915496,0.02863437811674997,0.013611459780609358,0.01370451743678732
2017,17,23,18.0,910.0,12406.0,ok,13.632967032967032,0.008714889052758598,0.4786597964841082,0.01820685404701194,0.1830884009943406,0.20092056596068558
2017,17,24,315.0,7569.0,63244.0,ok,8.355661249834853,0.0724868079564064,0.9203884904156506,0.07875675186210891,-0.007698840526450024,-0.007669280362032391
2017,17,25,109.0,4547.0,39944.0,ok,8.784693204310534,0.043545714860322354,1.0231011988217076,0.042562470760930976,-0.053716845984660956,-0.052299586308648206
2017,17,26,422.0,19964.0,228979.0,ok,11.46959527148868,0.191191258295904,2.41194925788815,0.07926835843275862,0.18565153775007603,0.20400263780247943
2017,17,27,23.0,2089.0,37839.0,ok,18.113451412158927,0.020005937616717265,0.7445635558202114,0.026869348439541498,0.7813853390979196,1.1844964385875758
2017,17,28,44.0,10779.0,98132.0,ok,9.103998515632249,0.10322833966998343,1.9528936888002097,0.05285917009307524,-0.035832550632445774,-0.035198164585146206
2017,17,29,102.0,5095.0,43811.0,ok,8.598822374877331,0.04879380189429127,0.7733123235527334,0.06309714769593212,0.029922668264211007,0.03037485019683591
2017,17,30,12.0,2924.0,35593.0,ok,12.172708618331054,0.028002566582710043,1.678096194595334,0.016687104513375496,0.3729754333860545,0.4520486674755586
2017,17,31,83.0,5298.0,55981.0,ok,10.566440166100415,0.050737892529137414,0.36036193037228953,0.14079703834619864,-0.007621376387964419,-0.007592407340330076
2017,17,32,122.0,1850.0,13631.0,ok,7.368108108108108,0.017717082140223522,0.8921851467195329,0.01985807789489356,0.0073487139043560655,0.007375781966904631
2017,18,09,198.0,4694.0,26435.0,ok,5.631657435023434,0.06403819918144611,0.4327781039247884,0.1479700534770474,-0.22572363129391923,-0.20206140354722513
2017,18,10,21.0,263.0,3547.0,ok,13.486692015209126,0.003587994542974079,0.2704221694476572,0.013268122766349488,-0.20209990272919212,-0.18298669799367906
2017,18,11,529.0,15391.0,102078.0,ok,6.6323175882008965,0.20997271487039562,6.415561054762402,0.03272865975058075,0.391150165593701,0.4786805436838127
2017,18,12,62.0,1443.0,12987.0,ok,9.0,0.019686221009549795,1.6684962660616043,0.01179878038086238,0.21314207206874955,0.23756046152941163
2017,18,13,44.0,891.0,7858.0,ok,8.819304152637486,0.012155525238744884,0.9796867146874091,0.012407563618562874,0.38910674747740054,0.4756620661288067
2017,18,14,83.0,1814.0,15989.0,ok,8.814222712238148,0.024747612551159617,1.0205366945247405,0.024249605804409092,-0.06209997026942326,-0.06021106885786587
2017,18,15,101.0,2253.0,15472.0,ok,6.8672880603639594,0.03073669849931787,0.9159584465596633,0.0335568699811272,0.0,0.0
2017,18,16,54.0,3836.0,90539.0,ok,23.60245046923879,0.05233287858117326,1.099827896284921,0.0475827888690104,0.029028180248661033,0.029453604324931385
2017,18,17,9.0,78.0,1600.0,ok,20.512820512820515,0.0010641200545702591,0.32029381154204833,0.003322324741296355,0.08443902895377742,0.08810649921780325
2017,18,18,117.0,4952.0,47864.0,ok,9.665589660743134,0.06755798090040928,1.1938899107876668,0.05658644091885995,0.15435341209242454,0.1669032116195308
2017,18,19,5.0,194.0,1004.0,ok,5.175257731958763,0.0026466575716234653,0.1764252191515372,0.015001583018299484,-0.3081196431472499,-0.26517260431278344
2017,18,20,3.0,54.0,154.0,ok,2.8518518518518516,0.0007366984993178718,0.2662130805815661,0.002767326450332525,-0.44715935743447005,-0.36055799968154184
2017,18,21,77.0,2028.0,15768.0,ok,7.775147928994083,0.02766712141882674,0.8878144464224188,0.03116318002068512,-0.313955937872191,-0.2694487829086383
2017,18,22,21.0,381.0,5763.0,ok,15.125984251968504,0.005197817189631651,0.18152366251639093,0.02863437811674997,0.29686203048761023,0.3456296307760687
2017,18,23,14.0,1425.0,32549.0,ok,22.84140350877193,0.019440654843110503,1.0677657322298935,0.01820685404701194,0.6816650120480608,0.977167000011359
2017,18,24,181.0,4235.0,42094.0,ok,9.939551357733176,0.0577762619372442,0.7336039205679996,0.07875675186210891,0.1483764255457021,0.15994944879732534
2017,18,25,30.0,740.0,6347.0,ok,8.577027027027027,0.010095497953615279,0.23719247903442103,0.042562470760930976,-0.09514760665178246,-0.09076128511975133
2017,18,26,145.0,3525.0,34173.0,ok,9.694468085106383,0.04809004092769441,0.6066738592611073,0.07926835843275862,-3.3338790364071964e-11,-3.333879036351623e-11
2017,18,27,16.0,890.0,5264.0,ok,5.914606741573034,0.012141882673942702,0.4518860106065859,0.026869348439541498,-0.35535180024179147,-0.2990731863935656
2017,18,28,48.0,9944.0,121150.0,ok,12.183226065969428,0.13566166439290586,2.5664735968050714,0.05285917009307524,0.23800651266344233,0.26871745552779597
2017,18,29,65.0,3409.0,71217.0,ok,20.890877090055735,0.0465075034106412,0.7370777461251159,0.06309714769593212,0.9001026529223156,1.4598556095636743
2017,18,30,3.0,203.0,1673.0,ok,8.241379310344827,0.0027694406548431105,0.16596292380282476,0.016687104513375496,-0.03456060751176179,-0.033970210749602846
2017,18,31,27.0,4752.0,45269.0,ok,9.526304713804715,0.06482946793997271,0.4604462473178367,0.14079703834619864,-0.12875475894904595,-0.12081044752104261
2017,18,32,271.0,5905.0,40591.0,ok,6.874005080440305,0.08055934515688949,4.056754414162363,0.01985807789489356,-0.07957265550605103,-0.07648908062216882
2017,19,09,176.0,10628.0,80340.0,ok,7.559277380504328,0.14529844420747545,0.9819449327293354,0.1479700534770474,0.03247388758951424,0.03300691849109727
2017,19,10,89.0,2727.0,71910.0,ok,26.36963696369637,0.03728160118119925,2.8098625433096354,0.013268122766349488,0.43223561803434796,0.5406980886530695
2017,19,11,101.0,1910.0,17902.0,ok,9.372774869109948,0.02611215924315752,0.7978377190558247,0.03272865975058075,0.7008307681621179,1.0154263642203327
2017,19,12,24.0,397.0,2872.0,ok,7.234256926952141,0.005427501162059443,0.4600052706178724,0.01179878038086238,-0.04142914567809924,-0.04058268820372175
2017,19,13,32.0,539.0,3340.0,ok,6.196660482374768,0.007368823995843928,0.5938977403121657,0.012407563618562874,0.0,0.0
2017,19,14,43.0,1070.0,7646.0,ok,7.1457943925233645,0.014628277691192957,0.6032377519527854,0.024249605804409092,-0.30811690747090936,-0.265170594060113
2017,19,15,60.0,917.0,8743.0,ok,9.534351145038167,0.012536570694227983,0.37359177722113845,0.0335568699811272,0.2919576197720412,0.3390462673506995
2017,19,16,19.0,1066.0,19602.0,ok,18.388367729831145,0.014573592540945507,0.3062786542643565,0.0475827888690104,-0.2567783736231246,-0.22646036844469325
2017,19,17,7.0,47.0,660.0,ok,14.042553191489361,0.0006425505154075411,0.19340388596595195,0.003322324741296355,-0.3306931091656444,-0.2815743865514103
2017,19,18,152.0,4141.0,30868.0,ok,7.454238106737503,0.05661280179367293,1.0004658514369331,0.05658644091885995,-0.14161025447263853,-0.1320405261048469
2017,19,19,9.0,267.0,11024.0,ok,41.28838951310861,0.003650233779017308,0.24332323959175628,0.015001583018299484,1.73239826062604,4.654197901122526
2017,19,20,6.0,132.0,444.0,ok,3.3636363636363638,0.00180460995816586,0.6521131462278389,0.002767326450332525,-0.3182795633295247,-0.27260059421301824
2017,19,21,77.0,1689.0,29566.0,ok,17.505032563647127,0.02309080469198589,0.7409643263832175,0.03116318002068512,0.46142570276800793,0.5863340143418492
2017,19,22,13.0,360.0,3793.0,ok,10.536111111111111,0.004921663522270528,0.1718795324348794,0.02863437811674997,-0.10091782547516531,-0.0959926837946197
2017,19,23,25.0,1428.0,16332.0,ok,11.436974789915967,0.019522598638339758,1.0722664436113143,0.01820685404701194,-0.04623260079938509,-0.045180155499759615
2017,19,24,161.0,4062.0,49969.0,ok,12.301575578532743,0.055532770076285785,0.7051175773921609,0.07875675186210891,0.3254076010316599,0.384594893285982
2017,19,25,49.0,3413.0,50350.0,ok,14.752417228244946,0.046660104448636976,1.0962733980064736,0.042562470760930976,0.41099769958841037,0.5083218867929178
2017,19,26,187.0,13716.0,321248.0,ok,23.42140565762613,0.1875153801985071,2.365576680354391,0.07926835843275862,0.8459206636618972,1.330122086074779
2017,19,27,47.0,3848.0,51013.0,ok,13.257016632016631,0.052607114538047194,1.957885754335206,0.026869348439541498,0.41557586898735205,0.5152430709868407
2017,19,28,103.0,7068.0,69228.0,ok,9.794567062818336,0.0966286604872447,1.8280396819908347,0.05285917009307524,-0.016400019676933223,-0.01626627150991078
2017,19,29,95.0,4598.0,40488.0,ok,8.805567638103524,0.06286058020944413,0.9962507419887183,0.06309714769593212,9.794039717961373e-09,9.79403976592298e-09
2017,19,30,23.0,2121.0,27273.0,ok,12.858557284299858,0.028996800918710524,1.7376771923174705,0.016687104513375496,0.37410690687693327,0.45369255188070673
2017,19,31,66.0,3998.0,30741.0,ok,7.689094547273637,0.05465780767232658,0.38820282240547765,0.14079703834619864,-0.3791829058925431,-0.31557958331010305
2017,19,32,174.0,3004.0,18817.0,ok,6.263981358189081,0.041068547835835176,2.068102867417789,0.01985807789489356,-0.20867788024499245,-0.18834335582190256
2017,20,09,621.0,22419.0,221170.0,ok,9.86529283197288,0.11058496233925744,0.7473469106802141,0.1479700534770474,0.25889897187417515,0.2955029159848299
2017,20,10,118.0,3486.0,66832.0,ok,19.171543316121628,0.0171951995501428,1.2959783273752286,0.013268122766349488,0.07362730779424914,0.07640556276737517
2017,20,11,89.0,1874.0,6871.0,ok,3.666488794023479,0.00924377623550419,0.28243674827962256,0.03272865975058075,-0.27756609364152046,-0.24237451127931434
2017,20,12,110.0,1395.0,10946.0,ok,7.846594982078853,0.006881039406898797,0.5831992108319808,0.01179878038086238,7.446432359787278e-07,7.44643513225571e-07
2017,20,13,80.0,1338.0,14613.0,ok,10.92152466367713,0.0065998786569394915,0.5319238216167964,0.012407563618562874,0.5269029290785919,0.6936787343134843
2017,20,14,94.0,2208.0,22487.0,ok,10.184329710144928,0.010891279577370998,0.44913223188934204,0.024249605804409092,0.0063872041223935515,0.006407645809211169
2017,20,15,226.0,4431.0,34562.0,ok,7.800045136538028,0.02185654882578392,0.6513285904816604,0.0335568699811272,0.051363815615925144,0.05270581443689989
2017,20,16,44.0,1887.0,51450.0,ok,27.26550079491256,0.009307900617073856,0.19561486071565434,0.0475827888690104,0.09730340852104774,0.10219473816933357
2017,20,17,23.0,199.0,3041.0,ok,15.28140703517588,0.0009815963024895058,0.295454652667846,0.003322324741296355,-0.2859706171693224,-0.24871530950657048
2017,20,18,319.0,9844.0,69836.0,ok,7.094270621698497,0.048556954782445705,0.858102294365397,0.05658644091885995,-0.23092763255698404,-0.20620309099070394
2017,20,19,20.0,1003.0,6383.0,ok,6.363908275174476,0.004947442670336554,0.32979470661872695,0.015001583018299484,-0.17736251457916608,-0.16252386782050013
2017,20,20,11.0,325.0,1678.0,ok,5.163076923076923,0.0016031095392416551,0.5792990339282248,0.002767326450332525,0.07040836387589783,0.07294624429051763
2017,20,21,199.0,4491.0,51571.0,ok,11.483188599421064,0.02215250750995161,0.710855166104598,0.03116318002068512,-7.446432359787278e-07,-7.446429587320221e-07
2017,20,22,44.0,2014.0,16098.0,ok,7.99304865938431,0.009934346498562134,0.34693774238983516,0.02863437811674997,-0.41697622698487474,-0.3409634129553552
2017,20,23,105.0,3453.0,32049.0,ok,9.28149435273675,0.01703242227385057,0.935495073990879,0.01820685404701194,-0.2948836847614546,-0.2553818071282234
2017,20,24,524.0,14898.0,137438.0,ok,9.225265136259901,0.07348654127883747,0.9330824283802513,0.07875675186210891,-0.0021959560333931726,-0.002193546685872636
2017,20,25,211.0,14311.0,175903.0,ok,12.291454126196632,0.07059107881873024,1.6585286886946267,0.042562470760930976,0.18867284711657645,0.20764580304266703
2017,20,26,696.0,22807.0,251575.0,ok,11.030604638926645,0.11249882849687518,1.419214813087181,0.07926835843275862,0.053121799542701305,0.05455808198955939
2017,20,27,226.0,11515.0,103311.0,ok,8.97186278766826,0.05679940413651587,2.113910736031421,0.026869348439541498,-0.014679914911519818,-0.01457269028464405
2017,20,28,344.0,27882.0,274059.0,ok,9.829244673983215,0.13753200053272563,2.601856977522673,0.05285917009307524,-0.05268791558389362,-0.051323966705920834
2017,20,29,289.0,14901.0,154291.0,ok,10.3544057445809,0.07350133921304586,1.164891629765136,0.06309714769593212,0.1222057695191684,0.129986594657774
2017,20,30,115.0,15627.0,291330.0,ok,18.64273373008255,0.07708243929147492,4.61928186700633,0.016687104513375496,0.7057317008487187,1.025328077161268
2017,20,31,246.0,14565.0,146943.0,ok,10.088774459320287,0.07184397058170679,0.5102662060621852,0.14079703834619864,-0.14738470987731428,-0.13703807642752644
2017,20,32,178.0,5858.0,46163.0,ok,7.8803345851826565,0.028895432864238818,1.455097165857587,0.01985807789489356,-0.01894563753480314,-0.018767296978407212
2017,21,09,455.0,17030.0,125400.0,ok,7.36347621843805,0.08458791331601508,0.5716556244208972,0.1479700534770474,-0.024087890101086702,-0.023800092321178877
2017,21,10,73.0,1611.0,22232.0,ok,13.80012414649286,0.008001827853910763,0.6030866607750223,0.013268122766349488,-0.24561833715249373,-0.217779287454435
2017,21,11,465.0,8106.0,46473.0,ok,5.733160621761658,0.040262455980012817,1.2301895735066994,0.03272865975058075,0.1789702321768721,0.19598514176381954
2017,21,12,192.0,3273.0,25376.0,ok,7.753131683470822,0.016256972418280526,1.3778519383791001,0.01179878038086238,-0.0024782554068851683,-0.0024751870671874906
2017,21,13,229.0,5740.0,48916.0,ok,8.521951219512195,0.02851054741244431,2.297836085223844,0.012407563618562874,0.28831650575264384,0.3341795127949824
2017,21,14,207.0,6191.0,60818.0,ok,9.82361492489097,0.030750661851993502,1.268089143387328,0.024249605804409092,-0.02017003120089903,-0.01996797688251928
2017,21,15,216.0,5073.0,44013.0,ok,8.675931401537552,0.025197562199186407,0.7508913141588541,0.0335568699811272,0.1672908089074233,0.1820979799503161
2017,21,16,88.0,5805.0,167698.0,ok,28.8885443583118,0.028833402043421465,0.6059628434725904,0.0475827888690104,0.1646301676420394,0.17895702161971355
2017,21,17,21.0,185.0,3598.0,ok,19.44864864864865,0.0009188939497042155,0.27658161716776297,0.003322324741296355,-0.03532606322515889,-0.03470938083402285
2017,21,18,423.0,18080.0,165465.0,ok,9.151825221238939,0.08980325735487685,1.587010172342292,0.05658644091885995,0.0332420284396042,0.033800718139553064
2017,21,19,95.0,2901.0,24149.0,ok,8.324370906583937,0.014409250530226644,0.9605153344583508,0.015001583018299484,0.1006860818260852,0.10592941592329881
2017,21,20,9.0,60.0,161.0,ok,2.683333333333333,0.00029801965936352933,0.10769226714387779,0.002767326450332525,-0.5745607105942716,-0.4370478866036372
2017,21,21,731.0,17588.0,163124.0,ok,9.27473277234478,0.0873594961480959,2.80329209310826,0.03116318002068512,-0.2040872255950779,-0.18460875490124498
2017,21,22,81.0,4301.0,53701.0,ok,12.485700999767497,0.02136304258204233,0.7460627395133056,0.02863437811674997,0.03853942361859796,0.0392917001899501
2017,21,23,71.0,3734.0,37536.0,ok,10.052490626673809,0.018546756801056975,1.018668944847219,0.01820685404701194,-0.20558199316904321,-0.18582666482161758
2017,21,24,715.0,18744.0,197351.0,ok,10.5287558685446,0.09310134158516657,1.1821379041656372,0.07875675186210891,0.13947210889005382,0.14966673978944645
2017,21,25,181.0,10847.0,104220.0,ok,9.608186595371992,0.05387698741860338,1.265833173107475,0.042562470760930976,-0.048112054409858274,-0.04697300978288088
2017,21,26,568.0,16442.0,192443.0,ok,11.704354701374529,0.08166732065425249,1.0302638059993239,0.07926835843275862,0.12191294682657823,0.12965575738123056
2017,21,27,51.0,2500.0,22602.0,ok,9.0408,0.012417485806813722,0.46214316788344184,0.026869348439541498,0.0024782554702359946,0.0024813288837006917
2017,21,28,63.0,5732.0,61059.0,ok,10.652302861130496,0.028470811457862504,0.5386163159151129,0.05285917009307524,0.037229919409434646,0.03793163403453408
2017,21,29,211.0,11527.0,103929.0,ok,9.016136028454932,0.05725454355805671,0.9074030387866155,0.06309714769593212,-0.006686643883706022,-0.006664338025293873
2017,21,30,8.0,1189.0,5472.0,ok,4.602186711522288,0.005905756249720607,0.35391138378661596,0.016687104513375496,-0.6836893669180029,-0.4952486599519894
2017,21,31,314.0,32104.0,280673.0,ok,8.742617742337403,0.1594603857367791,1.1325549713957057,0.14079703834619864,-0.28109459080560706,-0.2450430798806297
2017,21,32,154.0,2566.0,21259.0,ok,8.284879189399843,0.012745307432113604,0.6418197924075532,0.01985807789489356,0.04061989583861326,0.04145616847804272
2017,22,09,1120.0,46130.0,466687.0,ok,10.116778668978972,0.11385794043746328,0.7694661031877273,0.1479700534770474,0.029442748909279608,0.029880472003712546
2017,22,10,529.0,11405.0,390561.0,ok,34.2447172292854,0.028149789956411635,2.121610604011362,0.013268122766349488,0.3991038586229314,0.4904884106428442
2017,22,11,246.0,5286.0,44067.0,ok,8.33654937570942,0.013046890811888813,0.3986381022417914,0.03272865975058075,0.28922012111565754,0.33538564275647437
2017,22,12,261.0,4846.0,68340.0,ok,14.102352455633513,0.011960884009537114,1.013739015681457,0.01179878038086238,0.331633991642247,0.3932428166649722
2017,22,13,250.0,4447.0,34378.0,ok,7.730604902181246,0.010976073295586369,0.8846276056296127,0.012407563618562874,-0.07327423917588405,-0.07065406798662674
2017,22,14,469.0,18612.0,256525.0,ok,13.78277455405115,0.04593808773947684,1.894384927738674,0.024249605804409092,0.054327860003013956,0.05583071007429518
2017,22,15,284.0,7841.0,63080.0,ok,8.04489223313353,0.01935313485736288,0.576726460729124,0.0335568699811272,-0.17235701979787332,-0.15832137641145072
2017,22,16,186.0,23062.0,840215.0,ok,36.43287659353048,0.05692156562689742,1.1962637537617968,0.0475827888690104,0.13252408290116358,0.14170651136317136
2017,22,17,32.0,449.0,7335.0,ok,16.33630289532294,0.0011082205778543467,0.33356780692724347,0.003322324741296355,-0.47384637713277017,-0.37739710873734533
2017,22,18,661.0,24787.0,214002.0,ok,8.633638600879493,0.0611792059315717,1.081163701730197,0.05658644091885995,-0.2891777974086135,-0.25112095518831634
2017,22,19,99.0,7531.0,91175.0,ok,12.106625946089498,0.018587993701160547,1.239068815503419,0.015001583018299484,0.21111898985683836,0.23505930584838425
2017,22,20,15.0,347.0,2182.0,ok,6.2881844380403455,0.0008564644554909985,0.3094916594997619,0.002767326450332525,0.012919345779237361,0.013003161084288117
2017,22,21,215.0,5243.0,73573.0,ok,14.03261491512493,0.012940758328931715,0.41525795250491304,0.03116318002068512,-0.05412929236354522,-0.05269038131600958
2017,22,22,128.0,3471.0,41643.0,ok,11.997407087294727,0.008567112752188057,0.29918976124634733,0.02863437811674997,-0.2654866228240173,-0.2331672991269927
2017,22,23,107.0,7272.0,115428.0,ok,15.872937293729374,0.017948730606139888,0.9858227324607781,0.01820685404701194,-0.012919345747561949,-0.012836249236077912
2017,22,24,1042.0,23628.0,204543.0,ok,8.656805485017776,0.0583185652862862,0.7404897219275006,0.07875675186210891,-0.3204248135672491,-0.27415937537556834
2017,22,25,256.0,10946.0,93970.0,ok,8.584871185821305,0.02701688740577657,0.6347584367817284,0.042562470760930976,-0.42485859746988464,-0.346137763632157
2017,22,26,1021.0,30252.0,337960.0,ok,11.171492793864868,0.07466790405623541,0.9419635467735129,0.07926835843275862,-0.18881530244722522,-0.17206058904317303
2017,22,27,127.0,9517.0,104488.0,ok,10.979090049385311,0.02348983349541162,0.8742241572498828,0.026869348439541498,-0.06740937871883991,-0.0651875693221852
2017,22,28,143.0,12068.0,124557.0,ok,10.321262843884654,0.0297862047517734,0.5635011805770956,0.05285917009307524,-0.2584725866133119,-0.22776979979588513
2017,22,29,545.0,43774.0,752396.0,ok,17.188193905057798,0.10804286765032556,1.7123257008540036,0.06309714769593212,0.3743877120014563,0.454100813517053
2017,22,30,42.0,5159.0,81414.0,ok,15.780965303353364,0.012733429757573663,0.7630700549257795,0.016687104513375496,0.28445102928946525,0.3290322280538129
2017,22,31,1032.0,89328.0,1464491.0,ok,16.394534748343183,0.22047912645561935,1.565935825393532,0.14079703834619864,0.08351125644720363,0.08709745207908039
2017,22,32,328.0,9753.0,103807.0,ok,10.643596841997335,0.024072328053036624,1.2122184322394438,0.01985807789489356,0.0270137754505358,0.0273819553153171
2017,23,09,1160.0,64398.0,541940.0,ok,8.415478741575825,0.07611381969683538,0.5143866472187354,0.1479700534770474,-0.10332814890967125,-0.09816900993524277
2017,23,10,136.0,4184.0,121153.0,ok,28.956261950286805,0.004945188074343291,0.37271196245524946,0.013268122766349488,0.28270971472460876,0.32671997863899327
2017,23,11,952.0,18846.0,129861.0,ok,6.890639923591213,0.022274621044233667,0.6805845767588579,0.03272865975058075,0.15008637669569286,0.16193460246542163
2017,23,12,253.0,4744.0,45615.0,ok,9.615303541315345,0.005607067931329965,0.4752243664459276,0.01179878038086238,0.0,0.0
2017,23,13,375.0,6301.0,49063.0,ok,7.786541818758927,0.0074473303194161275,0.6002250359832308,0.012407563618562874,-0.014712832391155685,-0.014605127534165053
2017,23,14,431.0,12660.0,124793.0,ok,9.857266982622432,0.014963212481163017,0.6170497203893677,0.024249605804409092,-0.22953109931168597,-0.20509375278371006
2017,23,15,651.0,14952.0,125783.0,ok,8.412453183520599,0.01767219218154419,0.5266341047744694,0.0335568699811272,-0.07632959024900615,-0.07348921269055249
2017,23,16,213.0,14156.0,432312.0,ok,30.539135348968635,0.016731377241970276,0.3516266624898703,0.0475827888690104,0.00741318463670064,0.00744073031492551
2017,23,17,46.0,1143.0,232509.0,ok,203.41994750656167,0.0013509440652424431,0.4066261339387646,0.003322324741296355,2.0993880537239096,7.161174184014374
2017,23,18,1420.0,54981.0,551331.0,ok,10.027664102144378,0.06498360074461484,1.14839526376638,0.05658644091885995,-0.08814446770928178,-0.08437141159685908
2017,23,19,213.0,11865.0,161781.0,ok,13.635145385587863,0.01402357946990515,0.9348066435921244,0.015001583018299484,0.3813684517466108,0.4642870251405076
2017,23,20,37.0,868.0,5163.0,ok,5.9481566820276495,0.0010259137783293444,0.3707238002968784,0.002767326450332525,0.008680014100931034,0.0087177946561297
2017,23,21,712.0,26147.0,323809.0,ok,12.38417409263013,0.030903879679697425,0.9916792721148618,0.03116318002068512,-0.12774249021223621,-0.11992002082381856
2017,23,22,486.0,27828.0,412245.0,ok,14.814036222509703,0.0328907011789735,1.1486438100687701,0.02863437811674997,-0.0032503639149016467,-0.0032450872007406453
2017,23,23,190.0,8842.0,124037.0,ok,14.028161049536305,0.01045061017049316,0.5739931864949664,0.01820685404701194,-0.08511645049312783,-0.08159467057940417
2017,23,24,2189.0,55276.0,603803.0,ok,10.92342065272451,0.0653322695978489,0.8295449984051623,0.07875675186210891,-0.03650973405001946,-0.035851291221110984
2017,23,25,619.0,30836.0,346582.0,ok,11.239525230250356,0.03644594155364477,0.8562929008129693,0.042562470760930976,-0.10407179832270946,-0.09883940672068117
2017,23,26,2172.0,67847.0,893994.0,ok,13.176617978687341,0.08019029045888366,1.0116305174517661,0.07926835843275862,0.027615028429249497,0.027999857515381737
2017,23,27,281.0,15332.0,346600.0,ok,22.606313592486302,0.01812132494164229,0.6744236832693183,0.026869348439541498,0.7061789764078948,1.0262341595286388
2017,23,28,116.0,8014.0,88704.0,ok,11.068629897679061,0.009471973524805721,0.1791926265230295,0.05285917009307524,-0.13721205131179504,-0.1282146566951723
2017,23,29,713.0,54706.0,789895.0,ok,14.43890980879611,0.06465857045770174,1.0247463287769232,0.06309714769593212,0.2514432818890161,0.2858799653129764
2017,23,30,36.0,4029.0,65091.0,ok,16.155621742367835,0.004761989185355908,0.2853694109447778,0.016687104513375496,0.3592663123087929,0.43227818409601465
2017,23,31,1741.0,327581.0,7021804.0,ok,21.435321340370777,0.38717725969919925,2.7498963348020777,0.14079703834619864,0.40295500008110996,0.49623955948980564
2017,23,32,434.0,10539.0,103718.0,ok,9.841351171837935,0.012456342522825991,0.6272682879358178,0.01985807789489356,0.0,0.0
2017,24,09,469.0,17873.0,174988.0,ok,9.790633917081632,0.08915326100511285,0.6025088111422626,0.1479700534770474,0.0,0.0
2017,24,10,73.0,1706.0,25845.0,ok,15.14947245017585,0.008509789250529991,0.6413710063123966,0.013268122766349488,-0.4131363981296064,-0.33842796051530893
2017,24,11,131.0,2730.0,17394.0,ok,6.371428571428571,0.013617658062102507,0.4160774735623224,0.03272865975058075,0.023720789251095276,0.02400436494629301
2017,24,12,121.0,1750.0,19138.0,ok,10.936,0.008729267988527249,0.7398449421675922,0.01179878038086238,0.08067881177110627,0.08402266532590959
2017,24,13,65.0,1719.0,14152.0,ok,8.232693426410703,0.008574635241301908,0.6910813037036097,0.012407563618562874,-0.007021777096495703,-0.006997182020416038
2017,24,14,68.0,2253.0,25445.0,ok,11.293830448291168,0.011238309016086794,0.46344295683534087,0.024249605804409092,-0.14150878817214543,-0.1319524529999023
2017,24,15,98.0,1951.0,13448.0,ok,6.892875448487955,0.009731886768923805,0.2900117553990327,0.0335568699811272,-0.3235797251785631,-0.27644572987055815
2017,24,16,116.0,14811.0,369933.0,ok,24.976909054081425,0.07387953610175832,1.5526525001537772,0.0475827888690104,-0.24166938200278348,-0.2146842258357545
2017,24,17,17.0,1518.0,53447.0,ok,35.20882740447958,0.0075720164609053495,2.2791319484171755,0.003322324741296355,0.29738699473314634,0.34633622367173583
2017,24,18,237.0,11753.0,166895.0,ok,14.200204203182166,0.05862576381094899,1.0360390733004972,0.05658644091885995,0.21173885401351952,0.2358251121668785
2017,24,19,58.0,7129.0,78524.0,ok,11.014728573432459,0.035560543708691855,2.370452749240783,0.015001583018299484,0.11992577169162688,0.1274131625014747
2017,24,20,,,,nil_or_na,,0.0,0.0,0.002767326450332525,,
2017,24,21,249.0,6895.0,111890.0,ok,16.227701232777374,0.03439331587479735,1.103652318279719,0.03116318002068512,0.09453253019761886,0.09914491795282403
2017,24,22,98.0,2501.0,25961.0,ok,10.380247900839665,0.012475370993889512,0.43567808398087465,0.02863437811674997,-0.40694606820569423,-0.33431990934485006
2017,24,23,52.0,5995.0,89841.0,ok,14.985988323603003,0.0299039780521262,1.6424571743647256,0.01820685404701194,-0.06709295004270138,-0.06489172105733912
2017,24,24,442.0,14024.0,163554.0,ok,11.662435824301198,0.06995385958348921,0.8882268241073193,0.07875675186210891,-0.019071178031457192,-0.01889047368728336
2017,24,25,146.0,10670.0,125966.0,ok,11.805623242736646,0.0532235939643347,1.2504817745023817,0.042562470760930976,-0.10295777818884116,-0.09783493627965412
2017,24,26,293.0,10517.0,138420.0,ok,13.161547969953409,0.05246040653448061,0.6618076565693166,0.07926835843275862,-0.021554658862237674,-0.021324017308534192
2017,24,27,52.0,4665.0,59215.0,ok,12.693461950696678,0.02326973438084549,0.8660327001677964,0.026869348439541498,0.08101146097032012,0.08438332458064031
2017,24,28,80.0,19972.0,850493.0,ok,42.58426797516523,0.09962339443820925,1.8846946378989842,0.05285917009307524,1.1621325259372537,2.1967431501013093
2017,24,29,187.0,14488.0,176435.0,ok,12.178009387078962,0.07226836263873301,1.1453507056610128,0.06309714769593212,0.03312312574052933,0.033677803751431784
2017,24,30,7.0,2066.0,69829.0,ok,33.79912875121007,0.010305524379598453,0.6175741496278214,0.016687104513375496,1.0494079137254628,1.8559596428577838
2017,24,31,277.0,40909.0,604859.0,ok,14.785475078833509,0.20406035665294925,1.4493227915149443,0.14079703834619864,-0.016465145515446675,-0.016330335907706203
2017,24,32,111.0,2580.0,32062.0,ok,12.427131782945736,0.012869435091657314,0.6480705312857418,0.01985807789489356,0.1852637739368258,0.2035358596541679
2017,25,09,227.0,11601.0,143564.0,ok,12.37514007413154,0.07334281650071124,0.4956598634472206,0.1479700534770474,0.023310199008886173,0.023584005049807902
2017,25,10,52.0,1378.0,56623.0,ok,41.09071117561684,0.008711869764501343,0.6566015342122339,0.013268122766349488,0.37372676022356577,0.4531400405464051
2017,25,11,259.0,7154.0,74268.0,ok,10.381325132792844,0.04522838628101786,1.3819199021803912,0.03272865975058075,0.3009523884208146,0.35114500985893354
2017,25,12,54.0,1035.0,9037.0,ok,8.731400966183575,0.006543385490753912,0.5545815143205209,0.01179878038086238,-0.3554086760160303,-0.29911305101509794
2017,25,13,61.0,1898.0,16712.0,ok,8.805057955742887,0.011999367788841473,0.9671010488222924,0.012407563618562874,-0.15076190605471335,-0.1399475524361051
2017,25,14,91.0,3792.0,41332.0,ok,10.899789029535865,0.02397344713134187,0.9886118283614734,0.024249605804409092,-0.38797517537147524,-0.32157081519244607
2017,25,15,75.0,4075.0,53159.0,ok,13.045153374233129,0.02576260470997313,0.7677296697952561,0.0335568699811272,0.10339539362721689,0.10892978617502502
2017,25,16,104.0,7509.0,570703.0,ok,76.00253029697696,0.047472735893788524,0.9976871264203357,0.0475827888690104,0.6601922683274415,0.935164369452246
2017,25,17,14.0,147.0,3017.0,ok,20.523809523809526,0.0009293504030346135,0.2797289474694715,0.003322324741296355,-0.453277405155225,-0.36445819340297947
2017,25,18,253.0,15418.0,256437.0,ok,16.632312881048126,0.09747431642168485,1.722573726830683,0.05658644091885995,0.1588766488065412,0.1721933463143548
2017,25,19,17.0,2314.0,45467.0,ok,19.64866032843561,0.014629366208313576,0.9751881645069147,0.015001583018299484,0.487748370034549,0.6286449825265863
2017,25,20,8.0,82.0,255.0,ok,3.1097560975609757,0.0005184131499920973,0.18733357241961976,0.002767326450332525,-0.8988356203406982,-0.5929566631010024
2017,25,21,225.0,9745.0,195674.0,ok,20.07942534633145,0.06160897739845108,1.9769797998008232,0.03116318002068512,0.09655524925871457,0.1013704293626617
2017,25,22,33.0,1676.0,29039.0,ok,17.3263723150358,0.010595859016911648,0.37003978133240806,0.02863437811674997,-0.10557429873131266,-0.10019238420116211
2017,25,23,42.0,2376.0,37271.0,ok,15.686447811447811,0.015021337126600285,0.8250374879599557,0.01820685404701194,-0.2323646825364437,-0.20734299757495453
2017,25,24,313.0,11474.0,148888.0,ok,12.976119923304863,0.07253990832938201,0.9210627230588223,0.07875675186210891,-0.12328672475632343,-0.11598984137768831
2017,25,25,146.0,13229.0,233573.0,ok,17.65613425051024,0.08363521416152996,1.9649990394425256,0.042562470760930976,0.08859630789082798,0.09263947734691053
2017,25,26,229.0,11357.0,184257.0,ok,16.224090869067535,0.07180022127390548,0.9057866555267676,0.07926835843275862,-0.023310199008886173,-0.023040615067700568
2017,25,27,41.0,3534.0,76853.0,ok,21.746745897000565,0.022342342342342343,0.8315178312795588,0.026869348439541498,0.4084353169385985,0.5044619364067906
2017,25,28,86.0,14226.0,133562.0,ok,9.388584282300014,0.08993835941204362,1.7014712726983563,0.05285917009307524,-0.5608110721464394,-0.42925404008192974
2017,25,29,162.0,15526.0,244398.0,ok,15.741208295761949,0.09815710447289394,1.555650422518578,0.06309714769593212,0.07882009313817256,0.08200964359939641
2017,25,30,7.0,1441.0,8769.0,ok,6.085357390700902,0.00911016279437332,0.5459402970162438,0.016687104513375496,-0.8760948766280111,-0.5835941430374261
2017,25,31,98.0,14788.0,237343.0,ok,16.049702461455233,0.09349138612296506,0.664015289107743,0.14079703834619864,-0.14537334218241657,-0.13530059592220908
2017,25,32,94.0,2400.0,32422.0,ok,13.509166666666667,0.015173067804646752,0.7640753493342101,0.01985807789489356,0.05779688940037718,0.05949977821929624
2017,26,09,496.0,22247.0,235990.0,ok,10.607722389535668,0.15349109976542016,1.0373119165576916,0.1479700534770474,0.11293321761609545,0.1195571637556683
2017,26,10,119.0,3893.0,227585.0,ok,58.46005651168765,0.02685939009245205,2.0243549570232067,0.013268122766349488,0.9700187790134055,1.6379939978136577
2017,26,11,658.0,8249.0,52908.0,ok,6.413868347678506,0.05691320546433007,1.7389409128896633,0.03272865975058075,0.06313681493176335,0.06517256077385518
2017,26,12,77.0,1322.0,12779.0,ok,9.666414523449319,0.009121015592659031,0.7730473233871966,0.01179878038086238,-0.009946670087303842,-0.009897365571717968
2017,26,13,107.0,1178.0,7296.0,ok,6.193548387096774,0.008127501034910998,0.6550440751116922,0.012407563618562874,-0.25884967964446526,-0.22806094752448844
2017,26,14,153.0,3882.0,41773.0,ok,10.760690365790829,0.02678349661929074,1.1044920414508732,0.024249605804409092,-0.1570885133317366,-0.145371590538172
2017,26,15,305.0,8315.0,97694.0,ok,11.749128081779915,0.05736856630329792,1.7095922931895229,0.0335568699811272,0.24248813275307998,0.27441612526284104
2017,26,16,111.0,5601.0,101344.0,ok,18.093911801464024,0.03864357665240789,0.812133495554221,0.0475827888690104,-0.5312684647232773,-0.4121411816282755
2017,26,17,11.0,184.0,3196.0,ok,17.369565217391305,0.0012694908237891542,0.3821091924005614,0.003322324741296355,-0.3764131253242291,-0.3136812611851414
2017,26,18,219.0,6647.0,63237.0,ok,9.51361516473597,0.045860356009383194,0.8104477904016436,0.05658644091885995,-0.15601638280349414,-0.14445482597226117
2017,26,19,11.0,872.0,6132.0,ok,7.032110091743119,0.006016282599696426,0.40104318273328504,0.015001583018299484,-0.29604359026977656,-0.25624499316783494
2017,26,20,31.0,598.0,4406.0,ok,7.367892976588629,0.004125845177314751,1.4909137940046737,0.002767326450332525,0.20748223811092661,0.23057585929406813
2017,26,21,161.0,4279.0,115505.0,ok,26.993456415050247,0.02952256105974886,0.9473539298670012,0.03116318002068512,0.636184437622893,0.8892585256456482
2017,26,22,53.0,1506.0,19026.0,ok,12.633466135458168,0.010390506416448186,0.3628682408985217,0.02863437811674997,-0.177724332432697,-0.16282682682573515
2017,26,23,36.0,1807.0,17321.0,ok,9.585500830105147,0.012467227818407617,0.6847546416429753,0.01820685404701194,-0.481179815886622,-0.3819462281766326
2017,26,24,418.0,9693.0,83600.0,ok,8.624780769627566,0.06687594866841452,0.8491455918027718,0.07875675186210891,-0.2880275365039805,-0.25025905328977366
2017,26,25,84.0,4913.0,70036.0,ok,14.25524119682475,0.03389678487650062,0.7964007791487336,0.042562470760930976,0.11836806060061664,0.1256583456177897
2017,26,26,438.0,14513.0,190770.0,ok,13.144766760835113,0.10013108872636953,1.2631911484745613,0.07926835843275862,0.009946670087303842,0.009996302633244717
2017,26,27,136.0,8678.0,138373.0,ok,15.945263885687947,0.05987305091762109,2.2283030439811724,0.026869348439541498,0.34186341753265687,0.4075680352693652
2017,26,28,89.0,9210.0,235679.0,ok,25.589467969598264,0.06354353525596798,1.2021288859450412,0.05285917009307524,0.6856056569891033,0.9849736847315829
2017,26,29,235.0,13331.0,126425.0,ok,9.483534618558247,0.09197599006485442,1.4576885552432683,0.06309714769593212,-0.18417443306759193,-0.1682093006317535
2017,26,30,13.0,2082.0,24940.0,ok,11.978866474543707,0.01436456464744032,0.8608182825202808,0.016687104513375496,0.04489401858540965,0.045917006270739344
2017,26,31,95.0,9195.0,98222.0,ok,10.6821098423056,0.06344004415620257,0.450577973097794,0.14079703834619864,-0.30876290562623554,-0.2656451392066821
2017,26,32,159.0,2745.0,224215.0,ok,81.68123861566484,0.01893887125707189,0.9537111978970513,0.01985807789489356,2.100983142957102,7.174202372885089
2017,27,09,794.0,49071.0,541995.0,ok,11.045118297976401,0.11076125082950744,0.7485382901932136,0.1479700534770474,0.2049893339584902,0.22751197219970457
2017,27,10,60.0,1487.0,97867.0,ok,65.81506388702084,0.0033564015402881044,0.2529673262294938,0.013268122766349488,1.1401736314085782,2.1273113175171257
2017,27,11,924.0,14302.0,97557.0,ok,6.821213816249475,0.03228194675803663,0.9863510148002259,0.03272865975058075,0.17636150675531956,0.19286921099171828
2017,27,12,177.0,3193.0,30957.0,ok,9.695270905104916,0.007207121801035586,0.6108361685183612,0.01179878038086238,0.044683935952217355,0.04569730035096852
2017,27,13,392.0,10316.0,55786.0,ok,5.407716169057775,0.023284894613054528,1.8766693711099052,0.012407563618562874,-0.3428811611884117,-0.2902774508668827
2017,27,14,588.0,12993.0,127632.0,ok,9.823135534518586,0.029327320250815966,1.2093936902464468,0.024249605804409092,-0.1965980219609422,-0.17847919973138354
2017,27,15,1131.0,24291.0,204644.0,ok,8.42468403935614,0.054828749035062775,1.6339053393805543,0.0335568699811272,-0.038475094322051435,-0.03774432992879714
2017,27,16,516.0,30920.0,817447.0,ok,26.43748382923674,0.06979148327216421,1.4667379725112715,0.0475827888690104,-0.1004113045380273,-0.09553466917443089
2017,27,17,55.0,1890.0,199980.0,ok,105.80952380952381,0.004266038272457645,1.284052163664488,0.003322324741296355,1.4821576900422944,3.4024345293863636
2017,27,18,1362.0,31961.0,299490.0,ok,9.370482775883108,0.0721411900666766,1.2748847408537465,0.05658644091885995,-0.11952587996589137,-0.11265895683404158
2017,27,19,240.0,5998.0,62083.0,ok,10.350616872290763,0.01353846431650844,0.902469046099583,0.015001583018299484,0.14216554493786018,0.15276746756079207
2017,27,20,136.0,1698.0,10643.0,ok,6.267962308598351,0.0038326629558905183,1.3849695815359917,0.002767326450332525,0.09745160803657235,0.10235809499994665
2017,27,21,288.0,6800.0,108577.0,ok,15.96720588235294,0.015348709128419038,0.49252705013516135,0.03116318002068512,0.16277677467283813,0.1767739746117502
2017,27,22,587.0,19155.0,298519.0,ok,15.584390498564343,0.043235959316892156,1.5099318427872839,0.02863437811674997,0.0838459685739478,0.08746137768100243
2017,27,23,259.0,9826.0,124146.0,ok,12.634439242825158,0.02217888469056551,1.2181612832891056,0.01820685404701194,-0.15335525169826053,-0.14217507608641658
2017,27,24,3388.0,62438.0,618082.0,ok,9.899131938883372,0.14093275008238645,1.7894687979151076,0.07875675186210891,-0.0985701785615177,-0.09386790066442194
2017,27,25,844.0,27673.0,326886.0,ok,11.812452571098182,0.06246247466334412,1.467548136812579,0.042562470760930976,-0.017952471942719008,-0.017792286326566875
2017,27,26,1805.0,45532.0,562754.0,ok,12.359527365369411,0.10277315059340818,1.2965217474585158,0.07926835843275862,4.6285398500648735e-11,4.62853985017199e-11
2017,27,27,262.0,7839.0,80421.0,ok,10.259089169536932,0.01769390159671718,0.6585162136153053,0.026869348439541498,-0.047484539467149055,-0.04637478342735638
2017,27,28,171.0,7348.0,77912.0,ok,10.603157321720197,0.016585634511121043,0.31377024046947394,0.05285917009307524,-0.14377355293401814,-0.133916151998487
2017,27,29,782.0,28248.0,416557.0,ok,14.746424525630133,0.06376034344993838,1.0105107089341379,0.06309714769593212,0.3089189506244049,0.36195198067234496
2017,27,30,46.0,3113.0,73131.0,ok,23.49212977834886,0.00702654875246595,0.42107657124301234,0.016687104513375496,0.7700653427024255,1.1599073833593887
2017,27,31,425.0,27034.0,373448.0,ok,13.814011984907895,0.061020147437894155,0.43339084511035547,0.14079703834619864,0.0,0.0
2017,27,32,552.0,9908.0,67906.0,ok,6.853653613241825,0.022363972065349385,1.1261901672316537,0.01985807789489356,-0.3254094785868489,-0.277768445271863
2017,28,09,1093.0,55627.0,579489.0,ok,10.417405216891078,0.15368442573130436,1.0386184374471648,0.1479700534770474,0.0520948270324913,0.053475635745340144
2017,28,10,127.0,6272.0,145061.0,ok,23.128348214285715,0.017328073025450606,1.3059928168133879,0.013268122766349488,0.0,0.0
2017,28,11,329.0,7245.0,45530.0,ok,6.284334023464458,0.02001624506846136,0.6115815686007792,0.03272865975058075,0.0,0.0
2017,28,12,150.0,2396.0,19162.0,ok,7.997495826377295,0.006619589121329665,0.5610401166604166,0.01179878038086238,-0.24220976952949896,-0.2151084860418597
2017,28,13,110.0,1990.0,26354.0,ok,13.24321608040201,0.005497905822807192,0.44310921884630206,0.012407563618562874,0.4583934669789568,0.5815311609421241
2017,28,14,191.0,7067.0,99510.0,ok,14.080939578321777,0.019524472587828356,0.8051459782607433,0.024249605804409092,0.06909974030108393,0.07154307984800817
2017,28,15,275.0,6335.0,52180.0,ok,8.236779794790845,0.01750212733039375,0.5215661454789187,0.0335568699811272,-0.15541554656285858,-0.14394062896757578
2017,28,16,289.0,23104.0,710602.0,ok,30.756665512465375,0.06383096287946602,1.3414716622681544,0.0475827888690104,-0.04347135967692484,-0.042540024338681794
2017,28,17,34.0,1087.0,33009.0,ok,30.367065317387304,0.0030031274519554865,0.903923513143294,0.003322324741296355,0.13949185559480207,0.14968944214326357
2017,28,18,384.0,14372.0,179743.0,ok,12.506470915669357,0.039706483660997466,0.7016960780045015,0.05658644091885995,0.07477173976471199,0.0776381408729571
2017,28,19,207.0,5788.0,42835.0,ok,7.400656530753283,0.015990893920808054,1.0659471004694485,0.015001583018299484,-0.28769580292633407,-0.250010297785218
2017,28,20,258.0,3762.0,21216.0,ok,5.639553429027114,0.01039352849517621,3.7558013778704398,0.002767326450332525,-0.10257876539671884,-0.09749293937339111
2017,28,21,309.0,8025.0,120369.0,ok,14.999252336448599,0.02217120312966217,0.7114550926749336,0.03116318002068512,0.005856198392003943,0.005873379443983102
2017,28,22,259.0,19660.0,397798.0,ok,20.23387589013225,0.0543159942092409,1.8968805254921255,0.02863437811674997,0.25055044297626355,0.2847323940172034
2017,28,23,133.0,6892.0,104805.0,ok,15.206761462565293,0.019040988407430737,1.0458143047813189,0.01820685404701194,-0.06242539367843515,-0.06051684841897768
2017,28,24,1168.0,29856.0,312162.0,ok,10.455586816720258,0.08248516394257865,1.0473408564004472,0.07875675186210891,-0.13826473514463994,-0.12913188816970633
2017,28,25,415.0,26794.0,417464.0,ok,15.580503097708442,0.07402557216899291,1.739221686278199,0.042562470760930976,0.1645296361758526,0.17883850529916845
2017,28,26,735.0,28186.0,337083.0,ok,11.959235081246009,0.07787134347821283,0.9823761336532427,0.07926835843275862,-0.12730736753286986,-0.11953699473959796
2017,28,27,110.0,7739.0,140349.0,ok,18.135288797002197,0.021381051840555207,0.795741358919236,0.026869348439541498,0.42782715169138796,0.5339209224151522
2017,28,28,108.0,10327.0,110902.0,ok,10.73903360123947,0.028531092176949685,0.5397567182139201,0.05285917009307524,-0.22542421185864708,-0.20182244945132838
2017,28,29,416.0,38442.0,417266.0,ok,10.854430050465636,0.10620627921625833,1.6832183877482223,0.06309714769593212,-0.09189234688573841,-0.08779665420955605
2017,28,30,48.0,7243.0,116899.0,ok,16.139583045699297,0.020010719534971102,1.199172661676061,0.016687104513375496,0.30029076421400813,0.35025135527785634
2017,28,31,389.0,36287.0,452970.0,ok,12.482982886433158,0.10025251688050481,0.7120356937764487,0.14079703834619864,-0.19570103592784402,-0.17774197645758283
2017,28,32,261.0,7460.0,94941.0,ok,12.726675603217158,0.020610239918664147,1.0378768795122917,0.01985807789489356,0.19912492356865624,0.22033440490687686
2017,29,09,210.0,9004.0,109547.0,ok,12.166481563749445,0.14627331210604977,0.9885332110712468,0.1479700534770474,0.2709133030036726,0.311161391702498
2017,29,10,39.0,663.0,5211.0,ok,7.85972850678733,0.010770680356098511,0.8117712313768327,0.013268122766349488,-1.015695291911725,-0.6378494580678042
2017,29,11,270.0,5141.0,24787.0,ok,4.821435518381638,0.08351744752745467,2.5518138586769568,0.03272865975058075,-0.20137646053485272,-0.18239542224654706
2017,29,12,122.0,1679.0,10381.0,ok,6.182846932698035,0.027275976346741178,2.311762357318118,0.01179878038086238,-0.4359477024617931,-0.3533484566650573
2017,29,13,44.0,1238.0,10127.0,ok,8.180129240710825,0.020111768146078367,1.6209280697130002,0.012407563618562874,0.040227693607520876,0.04104778713445261
2017,29,14,61.0,2212.0,19753.0,ok,8.929927667269439,0.03593475859380077,1.4818698037255134,0.024249605804409092,-0.32270234080401444,-0.27581061608109386
2017,29,15,74.0,3050.0,31955.0,ok,10.47704918032787,0.04954837871206706,1.4765494737719482,0.0335568699811272,0.14877376391206587,0.16041043279362407
2017,29,16,74.0,3558.0,41884.0,ok,11.771781899943788,0.057801026707388396,1.2147465098463976,0.0475827888690104,-0.9402610879633618,-0.6094741395546546
2017,29,17,6.0,122.0,1877.0,ok,15.385245901639344,0.0019819351484826825,0.5965506995289512,0.003322324741296355,-0.47684609204127876,-0.3792619415306218
2017,29,18,254.0,6655.0,51349.0,ok,7.715852742299023,0.10811293781272337,1.9105802743054285,0.05658644091885995,-0.34458572978186053,-0.29148619115116264
2017,29,19,38.0,2512.0,31363.0,ok,12.485270700636942,0.04080836961465982,2.720270891737243,0.015001583018299484,0.29889678992049845,0.34837045086959467
2017,29,20,18.0,303.0,2395.0,ok,7.904290429042904,0.004922347131067646,1.7787374274098278,0.002767326450332525,0.2986337597417941,0.3480158353882741
2017,29,21,80.0,1372.0,12513.0,ok,9.120262390670554,0.022288647735395413,0.7152237904026779,0.03116318002068512,-0.4280338787244767,-0.34821066736654094
2017,29,22,27.0,708.0,10252.0,ok,14.480225988700566,0.01150172200922737,0.40167528564202765,0.02863437811674997,-0.020412083342140792,-0.02020516702485138
2017,29,23,17.0,648.0,11162.0,ok,17.22530864197531,0.010526999805055559,0.5781888390972861,0.01820685404701194,0.1258258832383083,0.13408468793785688
2017,29,24,193.0,4507.0,67061.0,ok,14.879298868426892,0.07321788290337254,0.9296711859265846,0.07875675186210891,0.2781814188601877,0.32072578004165175
2017,29,25,54.0,1907.0,27429.0,ok,14.383324593602516,0.030979920722594062,0.7278694156785468,0.042562470760930976,0.1481905301620523,0.15973383959052578
2017,29,26,102.0,4620.0,57442.0,ok,12.433333333333334,0.07505360972122944,0.946829368049744,0.07926835843275862,-0.02481841568335897,-0.02451297090742458
2017,29,27,19.0,2689.0,54407.0,ok,20.233172182967646,0.04368380011696667,1.6257856127497556,0.026869348439541498,0.600902602936864,0.8237641926272818
2017,29,28,12.0,1430.0,2886.0,ok,2.018181818181818,0.023230879199428164,0.4394862643231605,0.05285917009307524,-1.833500595620847,-0.8401469935360355
2017,29,29,42.0,1383.0,20123.0,ok,14.550253073029646,0.022467346806160245,0.3560754745116429,0.06309714769593212,0.26475444760638883,0.303110954474966
2017,29,30,3.0,127.0,938.0,ok,7.3858267716535435,0.0020631619988303335,0.12363810613019248,0.016687104513375496,-0.4178094982191926,-0.34151234045119466
2017,29,31,36.0,3698.0,53767.0,ok,14.539480800432667,0.06007537851712262,0.4266806974263645,0.14079703834619864,0.02041208338842619,0.02062183468531239
2017,29,32,86.0,2330.0,24026.0,ok,10.311587982832618,0.03785171226200533,1.9061115815110572,0.01985807789489356,0.05230470539748849,0.053696760693194324
2017,30,09,387.0,8916.0,55983.0,ok,6.278936742934051,0.16810905594207817,1.136101880020978,0.1479700534770474,-0.16959534905159068,-0.15599372455427668
2017,30,10,30.0,1509.0,18005.0,ok,11.931742876076871,0.02845183551105832,2.1443753582999436,0.013268122766349488,-0.37726959120483455,-0.3142688181210062
2017,30,11,230.0,4399.0,26401.0,ok,6.001591270743351,0.08294209702660407,2.534234449521946,0.03272865975058075,0.23855192432473443,0.2694096175623899
2017,30,12,79.0,1320.0,12208.0,ok,9.248484848484848,0.024888285536512247,2.109394762265517,0.01179878038086238,0.18770864948144006,0.20648195499522531
2017,30,13,84.0,1085.0,6264.0,ok,5.773271889400922,0.020457416520542265,1.6487859461736758,0.012407563618562874,-0.08726583666902749,-0.08356655836500607
2017,30,14,34.0,1044.0,11503.0,ok,11.018199233716475,0.019684371287968776,0.8117398462778204,0.024249605804409092,0.108413193878753,0.11450815820882934
2017,30,15,60.0,975.0,6908.0,ok,7.085128205128205,0.01838339272583291,0.5478279927827582,0.0335568699811272,-0.02143989218702051,-0.02121169147437783
2017,30,16,75.0,5534.0,174280.0,ok,31.492591254065776,0.10434225163565058,2.1928569996788556,0.0475827888690104,0.26476137685468926,0.3031199840856168
2017,30,17,12.0,970.0,-28445.0,ok,-29.324742268041238,0.018289118916982483,5.504916087716988,0.003322324741296355,,
2017,30,18,75.0,1532.0,13295.0,ok,8.678198433420366,0.028885495031770275,0.5104667224643015,0.05658644091885995,-0.006073338431339077,-0.006054932991161171
2017,30,19,16.0,1114.0,8270.0,ok,7.423698384201077,0.02100420461187473,1.4001325450956095,0.015001583018299484,0.0,0.0
2017,30,20,9.0,101.0,592.0,ok,5.861386138613861,0.0019043309387785886,0.6881482806445774,0.002767326450332525,0.22058962156401002,0.2468116609422471
2017,30,21,81.0,1304.0,13799.0,ok,10.582055214723926,0.024586609348190885,0.7889634283751236,0.03116318002068512,-0.058397342923628776,-0.056724930709676616
2017,30,22,29.0,4223.0,105439.0,ok,24.9677954061094,0.07962365895506911,2.780701527039361,0.02863437811674997,0.7453661816733821,1.1072129164728408
2017,30,23,11.0,589.0,5020.0,ok,8.522920203735143,0.011105454682580085,0.6099601091932014,0.01820685404701194,-0.3568193746084914,-0.3001010941681063
2017,30,24,156.0,3570.0,36622.0,ok,10.25826330532213,0.06731149951920358,0.8546759220981558,0.07875675186210891,0.12726951466580272,0.1357230705605842
2017,30,25,67.0,4093.0,186977.0,ok,45.68214023943318,0.07717253992495805,1.8131593054930546,0.042562470760930976,1.5248038741725027,3.594242431342792
2017,30,26,106.0,5148.0,66807.0,ok,12.977272727272727,0.09706431359239776,1.2245026327211632,0.07926835843275862,0.23897557018784626,0.269947511625717
2017,30,27,10.0,860.0,5469.0,ok,6.359302325581395,0.01621509512227313,0.6034792826762653,0.026869348439541498,-0.3355267196164513,-0.28503859703794254
2017,30,28,11.0,1106.0,,suppressed,,0.02085336651771405,0.39450801972477284,0.05285917009307524,,
2017,30,29,30.0,1088.0,7021.0,ok,6.453125,0.020513980805852518,0.325117403162347,0.06309714769593212,-0.327313981478744,-0.27914262837325354
2017,30,30,4.0,319.0,,suppressed,,0.0060146690046571265,0.36043814550547626,0.016687104513375496,,
2017,30,31,22.0,895.0,10278.0,ok,11.483798882681564,0.016875011784226106,0.11985345702182316,0.14079703834619864,0.005457017673936659,0.005471934315999811
2017,30,32,81.0,1343.0,9062.0,ok,6.7475800446760985,0.025321945057224203,1.2751458218287912,0.01985807789489356,-0.15080422750512346,-0.13998395033290342
2017,31,09,167.0,7517.0,54252.0,ok,7.217240920580019,0.22191060990730355,1.4996994641332988,0.1479700534770474,0.22885834382947334,0.2571639413661637
2017,31,10,37.0,781.0,8400.0,ok,10.755441741357235,0.02305603117435201,1.7377010734952303,0.013268122766349488,-0.22187845885649288,-0.19898728558020665
2017,31,11,65.0,2743.0,8325.0,ok,3.034998177178272,0.08097656019365886,2.474178924855668,0.03272865975058075,-0.18408028294865858,-0.16813098375176638
2017,31,12,30.0,711.0,4510.0,ok,6.343178621659634,0.020989549506996517,1.7789592508257517,0.01179878038086238,0.06981052890285062,0.07230499120234146
2017,31,13,14.0,177.0,990.0,ok,5.593220338983051,0.005225246501741749,0.42113396814861315,0.012407563618562874,0.1402320168614489,0.15054071273690797
2017,31,14,37.0,1803.0,30637.0,ok,16.992235163616193,0.053226663517742225,2.194949639472675,0.024249605804409092,0.8008029117275148,1.2273285589627174
2017,31,15,34.0,763.0,4615.0,ok,6.048492791612058,0.022524650174174883,0.6712381156777442,0.0335568699811272,0.07955286986850207,0.08280280565807671
2017,31,16,4.0,167.0,1447.0,ok,8.664670658682635,0.004930034834976678,0.10360962339867176,0.0475827888690104,-0.7665554141433398,-0.5353892934007802
2017,31,17,7.0,57.0,1068.0,ok,18.736842105263158,0.0016827065005609021,0.5064846550504025,0.003322324741296355,0.20039373057792448,0.22188375645967418
2017,31,18,36.0,1140.0,10303.0,ok,9.037719298245614,0.033654130011218045,0.5947384119717858,0.05658644091885995,0.29370117542035334,0.3413830055580691
2017,31,19,8.0,227.0,1281.0,ok,5.643171806167401,0.0067013048355671016,0.4467065127321965,0.015001583018299484,-0.01504946844342705,-0.014936791145863819
2017,31,20,4.0,335.0,,suppressed,,0.009889590836629863,3.5736986633584626,0.002767326450332525,,
2017,31,21,36.0,533.0,3638.0,ok,6.825515947467167,0.015734781838578262,0.5049157957607028,0.03116318002068512,-0.23770745560461276,-0.21156669089516236
2017,31,22,7.0,734.0,4209.0,ok,5.73433242506812,0.02166853634055618,0.7567315152509266,0.02863437811674997,-0.4665676741894623,-0.3728488345522804
2017,31,23,1.0,64.0,,suppressed,,0.0018893546672964516,0.10377161603086105,0.01820685404701194,,
2017,31,24,71.0,2128.0,16929.0,ok,7.955357142857143,0.06282104268760702,0.7976591365473923,0.07875675186210891,0.13221312858529233,0.14135154798756167
2017,31,25,15.0,213.0,1188.0,ok,5.577464788732394,0.006288008502096003,0.14773598406481384,0.042562470760930976,-0.3189875940700343,-0.2731154330705674
2017,31,26,53.0,1512.0,10763.0,ok,7.118386243386244,0.04463600401487867,0.563099891273039,0.07926835843275862,-0.10236134235333362,-0.09729669220803813
2017,31,27,9.0,593.0,3285.0,ok,5.539629005059022,0.017506051839168684,0.6515249850050852,0.026869348439541498,-0.21433624712293597,-0.19292303791384136
2017,31,28,58.0,5469.0,44142.0,ok,8.071311025781679,0.1614512605538171,3.0543661633266512,0.05285917009307524,0.03277537689970209,0.03331840598708817
2017,31,29,77.0,3731.0,26165.0,ok,7.012865183596891,0.11014347287004782,1.7456173043008847,0.06309714769593212,0.015049469176794561,0.015163282665491473
2017,31,30,8.0,562.0,6822.0,ok,12.138790035587188,0.016590895672196966,0.9942345395451072,0.016687104513375496,0.5591908151049393,0.7492564555509391
2017,31,31,22.0,1476.0,8340.0,ok,5.650406504065041,0.043573242014524415,0.30947555805388743,0.14079703834619864,-0.4445711267392589,-0.3589008326282981
2017,31,32,25.0,438.0,2073.0,ok,4.732876712328767,0.01293027100431009,0.6511340660837607,0.01985807789489356,-0.24627333947788677,-0.21829147607944083
2017,32,09,262.0,5759.0,27968.0,ok,4.856398680326445,0.1386307833036445,0.9368840521852514,0.1479700534770474,-0.28395220094565277,-0.24719737290008734
2017,32,10,44.0,727.0,5717.0,ok,7.863823933975241,0.017500361080352415,1.3189779284177787,0.013268122766349488,-0.6516522599363394,-0.47881606637035606
2017,32,11,114.0,2881.0,12009.0,ok,4.168344324887192,0.0693514996870637,2.1189837963295486,0.03272865975058075,0.016592845897875838,0.01673127173171836
2017,32,12,65.0,977.0,13658.0,ok,13.979529170931423,0.02351836695392615,1.9932879666166967,0.01179878038086238,0.7433896238690404,1.1030520018361742
2017,32,13,43.0,573.0,4394.0,ok,7.668411867364747,0.013793269462230995,1.1116823484664609,0.012407563618562874,0.33915138271787937,0.4037558335021074
2017,32,14,37.0,1288.0,10860.0,ok,8.43167701863354,0.03100476626065187,1.2785678460395653,0.024249605804409092,-0.016592845897875838,-0.016455942879794877
2017,32,15,42.0,748.0,3672.0,ok,4.909090909090909,0.01800587357373261,0.5365778627106561,0.0335568699811272,-0.2458024318366688,-0.21792327687521618
2017,32,16,8.0,865.0,14171.0,ok,16.382658959537572,0.020822300322565115,0.43760151133399017,0.0475827888690104,-0.24622089328365668,-0.21825047736726017
2017,32,17,7.0,54.0,764.0,ok,14.148148148148149,0.0012998892686919262,0.3912589436349668,0.003322324741296355,-0.19714923832399872,-0.17893191065678535
2017,32,18,27.0,1197.0,9424.0,ok,7.873015873015873,0.028814212122671032,0.5092070053316856,0.05658644091885995,0.03910056337864217,0.03987505174077822
2017,32,19,10.0,617.0,3119.0,ok,5.055105348460292,0.014852438495979971,0.99005808106134,0.015001583018299484,-0.24173201997492244,-0.21473341488276973
2017,32,20,4.0,83.0,384.0,ok,4.626506024096385,0.001997977950026479,0.721988527875488,0.002767326450332525,0.12655210316556254,0.1349085819653518
2017,32,21,97.0,1740.0,15099.0,ok,8.677586206896551,0.04188532088007318,1.3440644007534226,0.03116318002068512,-0.11426694709952005,-0.10798019800227955
2017,32,22,32.0,4630.0,72914.0,ok,15.74816414686825,0.11145346877858553,3.892295768539485,0.02863437811674997,0.4270498222100523,0.5327290237691156
2017,32,23,5.0,424.0,7908.0,ok,18.650943396226417,0.01020653796158105,0.5605876740279642,0.01820685404701194,0.5688649802690401,0.7662611720124548
2017,32,24,89.0,2001.0,16305.0,ok,8.148425787106447,0.048168119012084155,0.6116062162698025,0.07875675186210891,0.03955736623068472,0.04035017814146675
2017,32,25,28.0,1521.0,26745.0,ok,17.583826429980277,0.03661354773482259,0.8602307873637581,0.042562470760930976,0.7126226386042788,1.0393326838948416
2017,32,26,87.0,2788.0,20145.0,ok,7.225609756097561,0.06711280150209427,0.8466531013004942,0.07926835843275862,-0.2040457249516998,-0.18457491493778322
2017,32,27,6.0,888.0,11065.0,ok,12.460585585585585,0.0213759568629339,0.795551738481183,0.026869348439541498,0.47967177063047917,0.6155440461547383
2017,32,28,28.0,6180.0,77767.0,ok,12.583656957928802,0.14876510519474268,2.814367023409463,0.05285917009307524,0.36022339647468327,0.43364965106713443
2017,32,29,23.0,1483.0,9965.0,ok,6.719487525286581,0.03569881084203938,0.5657753503228623,0.06309714769593212,-0.144319945717972,-0.13438924470434377
2017,32,30,9.0,1004.0,6169.0,ok,6.144422310756972,0.02416831158827211,1.4483226595063317,0.016687104513375496,-0.2383055288405757,-0.21203809077580235
2017,32,31,35.0,2877.0,31708.0,ok,11.021202641640597,0.06925521159308652,0.49187974695034725,0.14079703834619864,0.10688735365528551,0.11280889356450793
2017,32,32,20.0,237.0,1253.0,ok,5.286919831223629,0.005705069568147899,0.2872921336266356,0.01985807789489356,-0.2522056875948623,-0.22291511509137696
2017,33,09,333.0,19128.0,187664.0,ok,9.810957758260143,0.13126544057095801,0.8871081511862767,0.1479700534770474,0.036714615178265714,0.03739692125356348
2017,33,10,65.0,1246.0,49532.0,ok,39.752808988764045,0.008550645072742245,0.6444502529346748,0.013268122766349488,0.5862193187701821,0.7971809867243831
2017,33,11,448.0,11820.0,87321.0,ok,7.38756345177665,0.08111446609936865,2.4783925378407625,0.03272865975058075,0.20633597253941546,0.22916610068666426
2017,33,12,94.0,2073.0,23119.0,ok,11.152436082971539,0.014225912709305517,1.2057104421046727,0.01179878038086238,0.13491759066012882,0.14444246771679697
2017,33,13,85.0,1594.0,10337.0,ok,6.484943538268507,0.0109387867142465,0.8816224563121363,0.012407563618562874,-0.21101097484422993,-0.19023482021420185
2017,33,14,66.0,3460.0,43484.0,ok,12.567630057803468,0.023744166895415867,0.9791568195759568,0.024249605804409092,0.0,0.0
2017,33,15,149.0,4797.0,44579.0,ok,9.293099854075464,0.032919297282459514,0.981000233364248,0.0335568699811272,0.00984503544934433,0.009893657240938141
2017,33,16,109.0,11320.0,291271.0,ok,25.73065371024735,0.07768322810870162,1.6325909000952856,0.0475827888690104,-0.17729718821739684,-0.16246915676469867
2017,33,17,20.0,1252.0,31627.0,ok,25.261182108626198,0.00859181992863025,2.5860867307263176,0.003322324741296355,0.0,0.0
2017,33,18,178.0,7956.0,100384.0,ok,12.617395676219205,0.05459785890749382,0.9648576235035248,0.05658644091885995,0.1281999015111717,0.13678022407001744
2017,33,19,67.0,4784.0,39432.0,ok,8.24247491638796,0.03283008509470217,2.1884413834629868,0.015001583018299484,-0.13536599247320943,-0.1266038032491676
2017,33,20,7.0,89.0,291.0,ok,3.269662921348315,0.0006107603623387318,0.22070412482970422,0.002767326450332525,-0.6030988767368309,-0.45288643110860827
2017,33,21,252.0,5567.0,77894.0,ok,13.99209628165978,0.03820340378808674,1.2259148059578178,0.03116318002068512,-0.01905366399988328,-0.018873290353587768
2017,33,22,83.0,8436.0,132827.0,ok,15.745258416311048,0.05789184737853417,2.0217602471579346,0.02863437811674997,0.0443293602987648,0.045326587274182685
2017,33,23,41.0,1791.0,25347.0,ok,14.152428810720268,0.01229069448256931,0.6750586592737818,0.01820685404701194,-0.0896814245798844,-0.08577761233496765
2017,33,24,313.0,8504.0,99458.0,ok,11.69543744120414,0.058358495745264895,0.7409967319048625,0.07875675186210891,0.01839548349877998,0.01856572268053136
2017,33,25,94.0,5597.0,80636.0,ok,14.407003752010006,0.03840927806752677,0.9024212500084343,0.042562470760930976,0.13082163935655833,0.13976447405655817
2017,33,26,297.0,9930.0,114089.0,ok,11.48932527693857,0.06814438649464727,0.8596669319505647,0.07926835843275862,-0.12279491574464599,-0.11555497028726827
2017,33,27,23.0,1102.0,11104.0,ok,10.07622504537205,0.00756244853143014,0.28145262057419607,0.026869348439541498,-0.1152559783793921,-0.10886199735327011
2017,33,28,40.0,8199.0,93712.0,ok,11.429686547139895,0.056265440570958,1.0644404834938754,0.05285917009307524,-0.11849738754965564,-0.11174586382640274
2017,33,29,102.0,5225.0,51645.0,ok,9.884210526315789,0.035856437002470494,0.5682735006543277,0.06309714769593212,-0.14092918116983041,-0.13144918072734135
2017,33,30,11.0,1150.0,17979.0,ok,15.63391304347826,0.007891847378534175,0.47293090135610344,0.016687104513375496,0.313056277419842,0.36759849377656195
2017,33,31,225.0,19096.0,334665.0,ok,17.525397989107667,0.13104584133955532,0.9307428826544875,0.14079703834619864,0.18818163315412348,0.20705273623578802
2017,33,32,84.0,1604.0,10218.0,ok,6.370324189526184,0.01100741147405984,0.5543039730391207,0.01985807789489356,-0.44832707244213355,-0.3613042499132502
2017,34,09,569.0,28057.0,248350.0,ok,8.851623480771288,0.1293551376447102,0.8741980867417564,0.1479700534770474,-0.077814744441628,-0.07486420278195229
2017,34,10,74.0,1701.0,17297.0,ok,10.168724279835391,0.007842359808021246,0.5910677754588599,0.013268122766349488,-0.7887747699170791,-0.5455987996289664
2017,34,11,330.0,6880.0,43493.0,ok,6.321656976744186,0.03171983273320762,0.969176036383365,0.03272865975058075,0.03888900808358897,0.03965508393588607
2017,34,12,158.0,3701.0,44129.0,ok,11.923534179951364,0.017063241416511832,1.4461868825178241,0.01179878038086238,0.19014339679135,0.209423012602773
2017,34,13,173.0,3154.0,18430.0,ok,5.843373493975903,0.014541330296589657,1.1719730596290854,0.012407563618562874,-0.3268161492694013,-0.2787836730129591
2017,34,14,98.0,2482.0,29458.0,ok,11.868654311039485,0.01144311407613682,0.47188866361102744,0.024249605804409092,-0.06885397833491755,-0.06653702405507463
2017,34,15,212.0,4673.0,34665.0,ok,7.4181468007703835,0.02154458987823826,0.6420321648102222,0.0335568699811272,-0.2271282158247577,-0.2031813890150992
2017,34,16,86.0,5870.0,182448.0,ok,31.081431005110733,0.027063287520919875,0.568762112608023,0.0475827888690104,0.0,0.0
2017,34,17,20.0,260.0,4921.0,ok,18.926923076923078,0.0011987146091037763,0.3608059724577206,0.003322324741296355,-0.30031384997414423,-0.25941424861553897
2017,34,18,244.0,13099.0,172151.0,ok,13.142300939002977,0.0603921640948091,1.0672550369691254,0.05658644091885995,0.15732919138664506,0.17038082978081834
2017,34,19,67.0,4054.0,43746.0,ok,10.790823877651702,0.01869072702041042,1.2459169807353518,0.015001583018299484,0.12239914044685246,0.13020512234162307
2017,34,20,3.0,159.0,1060.0,ok,6.666666666666667,0.0007330600878750018,0.26489830565053735,0.002767326450332525,0.09770386436196521,0.10263620687852391
2017,34,21,188.0,5035.0,64612.0,ok,12.832571996027806,0.023213569449375054,0.7449037432626141,0.03116318002068512,-0.11719000335277881,-0.1105838149493096
2017,34,22,143.0,9973.0,208966.0,ok,20.953173568635314,0.045979926140738314,1.6057595507493103,0.02863437811674997,0.31844986482306337,0.3749946838540039
2017,34,23,52.0,4782.0,89846.0,ok,18.788373065662903,0.022047127925900994,1.2109246259113782,0.01820685404701194,0.18204019687240974,0.199662415587735
2017,34,24,635.0,13453.0,129775.0,ok,9.646547238534156,0.06202426013951194,0.7875421303319744,0.07875675186210891,-0.1858336140974644,-0.1695882477032187
2017,34,25,216.0,10731.0,149858.0,ok,13.964961326996551,0.04947464027035625,1.1624005699351954,0.042562470760930976,0.08802826311258649,0.09201898544757955
2017,34,26,581.0,24052.0,316101.0,ok,13.142399800432397,0.1108903222237078,1.3989229046262301,0.07926835843275862,0.0,0.0
2017,34,27,47.0,2672.0,30900.0,ok,11.56437125748503,0.012319097828943425,0.45848144984470046,0.026869348439541498,0.010863910468450253,0.010923137026813586
2017,34,28,32.0,6564.0,139485.0,ok,21.25,0.03026293343906611,0.5725200260575161,0.05285917009307524,0.4900151077396522,0.632340880750144
2017,34,29,180.0,8824.0,89871.0,ok,10.184836808703535,0.04068252965666047,0.6447602014073811,0.06309714769593212,-0.12259808828440119,-0.11538087008505553
2017,34,30,11.0,863.0,7121.0,ok,8.251448435689456,0.003978810414063689,0.2384362374475743,0.016687104513375496,-0.33762778379819236,-0.2865391998495936
2017,34,31,493.0,52122.0,1084008.0,ok,20.79751352595833,0.2403053955988732,1.7067503579727192,0.14079703834619864,0.3477335818917585,0.4158549900798512
2017,34,32,190.0,3738.0,27321.0,ok,7.308988764044944,0.01723382772626891,0.8678497394101033,0.01985807789489356,-0.32250285203372914,-0.2756661340206471
2017,35,09,347.0,12610.0,98908.0,ok,7.843616177636796,0.13551271304833754,0.9158117461203581,0.1479700534770474,-0.25664342008940155,-0.2263559694935948
2017,35,10,30.0,1063.0,12858.0,ok,12.095954844778927,0.01142347454166398,0.8609714232247014,0.013268122766349488,-0.6731482106703665,-0.48989985544636744
2017,35,11,65.0,2400.0,16523.0,ok,6.8845833333333335,0.025791475917209362,0.7880394771359895,0.03272865975058075,0.06626450227341552,0.06850930293184816
2017,35,12,56.0,1458.0,9293.0,ok,6.373799725651578,0.01566832161970469,1.3279611208899782,0.01179878038086238,-0.49410268198373475,-0.38988186826592697
2017,35,13,34.0,369.0,2211.0,ok,5.991869918699187,0.00396543942227094,0.3195985565077637,0.012407563618562874,-0.3596486600582769,-0.30207850930368485
2017,35,14,38.0,2015.0,27559.0,ok,13.676923076923076,0.021654093322157026,0.8929668175562612,0.024249605804409092,0.015027389533504715,0.015140868469778902
2017,35,15,74.0,2074.0,11774.0,ok,5.67695274831244,0.022288133771788423,0.6641898897103199,0.0335568699811272,-0.5525706481670979,-0.4245314199154101
2017,35,16,86.0,14897.0,787776.0,ok,52.881519769081024,0.16008984030777829,3.364448451066751,0.0475827888690104,0.4735156035504676,0.6056290376196174
2017,35,17,19.0,1180.0,48903.0,ok,41.44322033898305,0.012680808992627936,3.816848134983923,0.003322324741296355,0.42549728152518473,0.5303512458769082
2017,35,18,82.0,4489.0,37829.0,ok,8.42704388505235,0.048240806413480344,0.8525152957163975,0.05658644091885995,-0.3449886358693072,-0.29177159817781273
2017,35,19,22.0,2889.0,90819.0,ok,31.43613707165109,0.03104648913534077,2.069547533581564,0.015001583018299484,1.1337333372939158,2.1072352301896577
2017,35,20,1.0,7.0,,suppressed,,7.522513809186064e-05,0.02718332637727707,0.002767326450332525,,
2017,35,21,136.0,3859.0,75215.0,ok,19.490800725576573,0.04147054398521289,1.3307545622008432,0.03116318002068512,0.24283820289563088,0.2748623383958716
2017,35,22,52.0,6613.0,129779.0,ok,19.624829880538332,0.07106626260021064,2.481851092084298,0.02863437811674997,0.19502757759594375,0.21534450230720292
2017,35,23,15.0,1627.0,29439.0,ok,18.0940381069453,0.01748447138220818,0.9603235867691092,0.01820685404701194,0.08645670550279638,0.0903041625254087
2017,35,24,188.0,5529.0,66642.0,ok,12.053174172544765,0.05941711264427107,0.7544383337228202,0.07875675186210891,-0.021033388715018753,-0.020813729747675726
2017,35,25,74.0,3514.0,26872.0,ok,7.64712578258395,0.03776301932211404,0.8872374805077703,0.042562470760930976,-0.572121068919952,-0.4356728085002476
2017,35,26,136.0,5704.0,79435.0,ok,13.926192145862553,0.06129774109656758,0.773293938571529,0.07926835843275862,0.0,0.0
2017,35,27,14.0,680.0,,suppressed,,0.007307584843209319,0.2719673258788562,0.026869348439541498,,
2017,35,28,20.0,2548.0,35724.0,ok,14.020408163265307,0.02738195026543727,0.5180170293484122,0.05285917009307524,0.016244442016039418,0.016377100310794094
2017,35,29,63.0,2189.0,10995.0,ok,5.022841480127912,0.023523975326154706,0.37282153290855174,0.06309714769593212,-0.887430074124196,-0.5882875351483143
2017,35,30,1.0,97.0,,suppressed,,0.0010424054849872118,0.062467726749819,0.016687104513375496,,
2017,35,31,112.0,14217.0,314832.0,ok,22.144756277695716,0.15278225546456897,1.0851240712102233,0.14079703834619864,0.3525731114524564,0.42272366934019984
2017,35,32,44.0,1026.0,5992.0,ok,5.840155945419103,0.011025855954607002,0.5552327880354556,0.01985807789489356,-0.604778045252718,-0.4538043560970528
2017,36,09,269.0,7193.0,46933.0,ok,6.524815793132212,0.1517574581205958,1.0255957509952234,0.1479700534770474,-0.13552938307944257,-0.12674649632556484
2017,36,10,19.0,589.0,11191.0,ok,19.0,0.01242668467023925,0.936581978405846,0.013268122766349488,0.08362097244178446,0.0872167306005027
2017,36,11,105.0,1995.0,9292.0,ok,4.657644110275689,0.04209038356048778,1.2860405492082796,0.03272865975058075,-0.019309055169807854,-0.01912382945770938
2017,36,12,80.0,1428.0,12735.0,ok,8.918067226890756,0.030127853495928097,2.5534718439878303,0.01179878038086238,0.14698205784695156,0.1583331798522144
2017,36,13,79.0,1589.0,7327.0,ok,4.611076148521082,0.03352462129203764,2.701950384673561,0.012407563618562874,-0.3163896389465536,-0.27122456445334236
2017,36,14,37.0,2476.0,28796.0,ok,11.630048465266558,0.05223849107557281,2.1541995980023207,0.024249605804409092,0.1581108480053387,0.17129602333976246
2017,36,15,43.0,912.0,5283.0,ok,5.792763157894737,0.01924131819908013,0.5733943067366439,0.0335568699811272,-0.22717455157045288,-0.20321830934425086
2017,36,16,43.0,6778.0,385028.0,ok,56.80554735910298,0.14300181442254947,3.0053264598722027,0.0475827888690104,0.8502969444966396,1.3403417003433518
2017,36,17,4.0,23.0,547.0,ok,23.782608695652176,0.0004852525423013629,0.14605813100378012,0.003322324741296355,0.17532885250872188,0.19163802533930696
2017,36,18,38.0,1698.0,17193.0,ok,10.125441696113073,0.03582429638381366,0.6330897614709962,0.05658644091885995,0.1438178463359371,0.15467376131131724
2017,36,19,13.0,489.0,3646.0,ok,7.456032719836401,0.010316891008059412,0.6877201556312083,0.015001583018299484,2.853389405652212e-11,2.8533894056929212e-11
2017,36,20,3.0,55.0,209.0,ok,3.8,0.0011603865141989113,0.4193168153542124,0.002767326450332525,-0.21714152795109098,-0.19518394272326786
2017,36,21,60.0,988.0,7356.0,ok,7.445344129554656,0.020844761382336808,0.6688907026978865,0.03116318002068512,-0.4143142154169356,-0.3392067127962508
2017,36,22,11.0,543.0,5818.0,ok,10.714548802946593,0.011456179585636524,0.40008480501747357,0.02863437811674997,-0.10496420810074975,-0.09964325251243766
2017,36,23,2.0,26.0,,suppressed,,0.0005485463521667581,0.030128563163650122,0.01820685404701194,,
2017,36,24,108.0,3161.0,26990.0,ok,8.53843720341664,0.0666905776615047,0.84679187605743,0.07875675186210891,-0.060582146670433656,-0.05878355195474543
2017,36,25,31.0,2173.0,21701.0,ok,9.986654394845836,0.045845816279167895,1.077141797915801,0.042562470760930976,0.0,0.0
2017,36,26,72.0,2370.0,25415.0,ok,10.723628691983123,0.05000210979366218,0.6307953234086174,0.07926835843275862,0.043879491997228626,0.04485643373933033
2017,36,27,4.0,23.0,121.0,ok,5.260869565217392,0.0004852525423013629,0.018059706337622057,0.026869348439541498,-0.5294951622527737,-0.4110978052958526
2017,36,28,11.0,8841.0,153942.0,ok,17.412283678316932,0.18652685767331956,3.528751157933055,0.05285917009307524,0.5381076538826536,0.7127626538125404
2017,36,29,40.0,2552.0,26226.0,ok,10.276645768025078,0.05384193425882949,0.8533180377391398,0.06309714769593212,0.13364933034188933,0.14299193676833452
2017,36,30,1.0,61.0,,suppressed,,0.0012869741339297017,0.07712387328179862,0.016687104513375496,,
2017,36,31,21.0,576.0,4521.0,ok,7.848958333333333,0.01215241149415587,0.08631155624364006,0.14079703834619864,-0.3794455032093638,-0.31575928667925923
2017,36,32,43.0,859.0,20961.0,ok,24.40162980209546,0.018123127558124816,0.9126325142870508,0.01985807789489356,1.130315670822641,2.0966338628130456
2017,37,09,404.0,14773.0,120469.0,ok,8.154674067555677,0.21232286067435108,1.4349042639718035,0.1479700534770474,0.007243662394161854,0.007269961178090089
2017,37,10,22.0,351.0,3421.0,ok,9.746438746438747,0.00504469803673575,0.38021189022535085,0.013268122766349488,-0.664121545949705,-0.4852745081441902
2017,37,11,126.0,2953.0,17071.0,ok,5.780900778868947,0.042441576360343784,1.2967709855454952,0.03272865975058075,0.11653519416389851,0.12359705383022057
2017,37,12,39.0,1247.0,13234.0,ok,10.612670408981556,0.01792233177153698,1.5189986755416687,0.01179878038086238,0.24074592148810436,0.2721977561281077
2017,37,13,59.0,977.0,6594.0,ok,6.749232343909928,0.014041794820201788,1.1317124982695193,0.012407563618562874,-0.015627635717695817,-0.015506157845852428
2017,37,14,67.0,3302.0,32149.0,ok,9.736220472440944,0.0474575296789215,1.9570433458465835,0.024249605804409092,-0.09983378601327644,-0.09501217282974737
2017,37,15,114.0,3258.0,25881.0,ok,7.943830570902394,0.046825145879444655,1.3953967073144693,0.0335568699811272,0.008406139185472577,0.008441569982627937
2017,37,16,42.0,3379.0,74671.0,ok,22.098549866824506,0.04856420132800598,1.020625366489074,0.0475827888690104,-0.17403055248624416,-0.15972877510878983
2017,37,17,6.0,901.0,23819.0,ok,26.436182019977803,0.012949495530196326,3.8977211857813443,0.003322324741296355,0.20090236817067905,0.22250541055710513
2017,37,18,95.0,4023.0,41309.0,ok,10.268207805120557,0.057820000574894365,1.0217995625100937,0.05658644091885995,0.07761361018486776,0.08070500457970392
2017,37,19,12.0,668.0,8529.0,ok,12.767964071856287,0.009600735864784845,0.6399815174887553,0.015001583018299484,0.457710260310473,0.5804510173292283
2017,37,20,18.0,410.0,2549.0,ok,6.217073170731707,0.005892667222397885,2.129371914791555,0.002767326450332525,0.19495114925754292,0.21525161909580698
2017,37,21,119.0,3083.0,27679.0,ok,8.977943561466104,0.044309983040616285,1.4218697517777306,0.03116318002068512,-0.30733775010484415,-0.26459782320533515
2017,37,22,29.0,666.0,12184.0,ok,18.294294294294293,0.009571991146626808,0.33428318602203466,0.02863437811674997,0.34981699607585925,0.41880787742439
2017,37,23,12.0,1034.0,130264.0,ok,125.98065764023211,0.014861019287705885,0.8162321315551401,0.01820685404701194,2.25199838179152,8.506714912300424
2017,37,24,230.0,6496.0,63851.0,ok,9.829279556650246,0.09336284457730892,1.1854582923985115,0.07875675186210891,0.0,0.0
2017,37,25,88.0,3974.0,42552.0,ok,10.707599396074484,0.05711575498002242,1.3419276174269992,0.042562470760930976,-0.010501428586040138,-0.01044648109545362
2017,37,26,118.0,3817.0,52259.0,ok,13.691118679591302,0.0548592946046164,0.6920705271215144,0.07926835843275862,0.20797174656114797,0.2311783840342756
2017,37,27,11.0,469.0,3835.0,ok,8.176972281449894,0.006740636408060019,0.2508671329796876,0.026869348439541498,-0.16867504730207591,-0.15521662657491483
2017,37,28,13.0,2480.0,21665.0,ok,8.735887096774194,0.03564345051596769,0.6743096884269306,0.05285917009307524,-0.2318342675120948,-0.2069224488688966
2017,37,29,71.0,5698.0,53525.0,ok,9.393646893646894,0.08189370203225158,1.2978986376198947,0.06309714769593212,-0.03639649162155779,-0.03574210249764926
2017,37,30,,,,nil_or_na,,0.0,0.0,0.016687104513375496,,
2017,37,31,87.0,4277.0,25928.0,ok,6.062193126022914,0.06147057978096525,0.436590005748689,0.14079703834619864,-0.7179601939503909,-0.5122538505132628
2017,37,32,65.0,1342.0,9388.0,ok,6.995529061102832,0.019287705884043806,0.9712775821573132,0.01985807789489356,-0.199268515711165,-0.1806701391471069
2017,38,09,372.0,13236.0,91795.0,ok,6.935252342097311,0.1713087595775523,1.1577258746083046,0.1479700534770474,-0.14656067016033597,-0.13632666845430652
2017,38,10,39.0,709.0,24848.0,ok,35.04654442877292,0.009176330503209774,0.6916072955311142,0.013268122766349488,0.6238230070706527,0.8660483386945999
2017,38,11,284.0,8669.0,62958.0,ok,7.262429345945322,0.11219973079312487,3.4281798169610034,0.03272865975058075,0.35285956872014956,0.4231312772535387
2017,38,12,73.0,1359.0,9516.0,ok,7.002207505518764,0.017589045351004348,1.4907511440363597,0.01179878038086238,-0.16690773445640378,-0.15372230999375075
2017,38,13,45.0,571.0,3418.0,ok,5.9859894921190895,0.007390246427831849,0.5956243026451503,0.012407563618562874,-0.1274652576113075,-0.11967600013848452
2017,38,14,224.0,10583.0,164614.0,ok,15.554568647831427,0.13697194036032304,5.6484192553521275,0.024249605804409092,0.3768371083520451,0.45766684827645143
2017,38,15,82.0,1832.0,10699.0,ok,5.840065502183406,0.023710913232553324,0.7065889412775576,0.0335568699811272,-0.2910779508169384,-0.25254258916866784
2017,38,16,46.0,3633.0,94768.0,ok,26.085328929259564,0.04702060468005798,0.9881851357956332,0.0475827888690104,0.0,0.0
2017,38,17,12.0,673.0,21755.0,ok,32.32540861812779,0.008710395527024229,2.621777281056961,0.003322324741296355,0.41019182646491126,0.5071068603670927
2017,38,18,87.0,3807.0,79224.0,ok,20.81008668242711,0.04927262373162145,0.8707496518869975,0.05658644091885995,0.792168410744992,1.2081794786790798
2017,38,19,13.0,433.0,1653.0,ok,3.8175519630484986,0.005604162352453924,0.37357139880622997,0.015001583018299484,-0.7414501009777004,-0.5235774464408594
2017,38,20,2.0,58.0,,suppressed,,0.0007506730171878235,0.27126290687447513,0.002767326450332525,,
2017,38,21,114.0,1913.0,16188.0,ok,8.462101411395713,0.0247592669289708,0.794503863615215,0.03116318002068512,-0.3583415718988085,-0.30116566793484906
2017,38,22,39.0,1028.0,12171.0,ok,11.839494163424124,0.013305032097742803,0.4646523854471241,0.02863437811674997,-0.07716182642354702,-0.07425996771426102
2017,38,23,16.0,1509.0,92107.0,ok,61.03843605036448,0.01953044108511079,1.0726971850645484,0.01820685404701194,1.5355432580220643,3.64384765230069
2017,38,24,170.0,3435.0,33384.0,ok,9.71877729257642,0.044457962311037484,0.5644971543376575,0.07875675186210891,-0.0031363279129597577,-0.0031314147743177465
2017,38,25,82.0,4490.0,78749.0,ok,17.538752783964366,0.05811244564091945,1.3653447415525073,0.042562470760930976,0.49112723123758,0.6341572552294137
2017,38,26,195.0,7321.0,85075.0,ok,11.620680234940583,0.09475305446262167,1.1953452340380977,0.07926835843275862,0.052180180906834295,0.05356555780992067
2017,38,27,10.0,274.0,,suppressed,,0.0035462828743010977,0.1319824662767897,0.026869348439541498,,
2017,38,28,16.0,2387.0,22186.0,ok,9.29451193967323,0.030894077448747153,0.5844601304626688,0.05285917009307524,-0.16168015489154614,-0.14928674249538154
2017,38,29,43.0,3133.0,57265.0,ok,18.278008298755186,0.04054928556636985,0.6426484721905118,0.06309714769593212,0.6374380105337926,0.8916283340085323
2017,38,30,,,,nil_or_na,,0.0,0.0,0.016687104513375496,,
2017,38,31,133.0,5329.0,124782.0,ok,23.415650215800337,0.06897131911368813,0.48986342272412065,0.14079703834619864,0.6415422765800839,0.8994080340105397
2017,38,32,55.0,882.0,5526.0,ok,6.26530612244898,0.011415406916545868,0.5748495386595952,0.01985807789489356,-0.3013428099981257,-0.26017588983166234
2017,39,09,294.0,6260.0,36020.0,ok,5.753993610223642,0.24013195749741073,1.6228415943274574,0.1479700534770474,-0.08208814970486364,-0.07880924757570253
2017,39,10,38.0,577.0,4994.0,ok,8.655112651646448,0.022133568606390732,1.6681763498997553,0.013268122766349488,-0.523508001781596,-0.40756137733740916
2017,39,11,62.0,1351.0,5310.0,ok,3.930421909696521,0.051824005523802216,1.5834441715225638,0.03272865975058075,-0.00991224284891748,-0.009863278485536786
2017,39,12,90.0,1067.0,7006.0,ok,6.566073102155577,0.040929840039894125,3.468989058079454,0.01179878038086238,0.019978566400043182,0.02017947367369644
2017,39,13,29.0,325.0,2176.0,ok,6.695384615384615,0.012466914726303272,1.004783461891874,0.012407563618562874,0.23572731968773497,0.26582909642923547
2017,39,14,62.0,2740.0,25150.0,ok,9.178832116788321,0.10510568107714144,4.334325346353919,0.024249605804409092,0.10057849097784177,0.10581043444011638
2017,39,15,53.0,780.0,4355.0,ok,5.583333333333333,0.029920595343127854,0.8916384442278307,0.0335568699811272,-0.08483818844603108,-0.08133907767312157
2017,39,16,14.0,277.0,3096.0,ok,11.176895306859207,0.010625647320572328,0.223308628458568,0.0475827888690104,-0.5963285121007927,-0.44916970515211296
2017,39,17,6.0,49.0,1203.0,ok,24.551020408163264,0.0018796271433503394,0.5657565980792468,0.003322324741296355,0.3862874844913835,0.47150764563955244
2017,39,18,23.0,639.0,4325.0,ok,6.768388106416276,0.024511872338793202,0.4331757209106171,0.05658644091885995,-0.0798106244127319,-0.07670882135919256
2017,39,19,,,,nil_or_na,,0.0,0.0,0.015001583018299484,,
2017,39,20,2.0,49.0,,suppressed,,0.0018796271433503394,0.67922132682412,0.002767326450332525,,
2017,39,21,98.0,1511.0,24704.0,ok,16.349437458636665,0.05796156354290537,1.8599373845811737,0.03116318002068512,0.551450187769924,0.7357683836315974
2017,39,22,22.0,953.0,12917.0,ok,13.554039874081846,0.036556829951283135,1.2766762317041154,0.02863437811674997,0.30927772196729253,0.36244069767698506
2017,39,23,2.0,205.0,,suppressed,,0.00786374621197591,0.43191131162313495,0.01820685404701194,,
2017,39,24,88.0,1077.0,8249.0,ok,7.659238625812442,0.041313437416088075,0.5245701027439732,0.07875675186210891,0.00991224284891748,0.009961531848299104
2017,39,25,34.0,775.0,2484.0,ok,3.2051612903225806,0.02972879665503088,0.6984744100504521,0.042562470760930976,-0.9573274268481805,-0.6160824361243944
2017,39,26,95.0,2953.0,23355.0,ok,7.908906197087707,0.1132763051900725,1.4290229724658923,0.07926835843275862,-0.08142081195087106,-0.07819429704094845
2017,39,27,13.0,580.0,4545.0,ok,7.836206896551724,0.022248647819248915,0.8280307901514775,0.026869348439541498,0.048123211762189665,0.049299933453880236
2017,39,28,13.0,1052.0,6401.0,ok,6.084600760456274,0.040354443975603206,0.7634331735543044,0.05285917009307524,-0.3341473473344997,-0.2840517186161362
2017,39,29,27.0,788.0,2547.0,ok,3.232233502538071,0.030227473244083012,0.47906243543290594,0.06309714769593212,-0.8438914035517815,-0.5699661719700655
2017,39,30,,,,nil_or_na,,0.0,0.0,0.016687104513375496,,
2017,39,31,35.0,961.0,11023.0,ok,11.470343392299688,0.03686370785223829,0.2618216141847814,0.14079703834619864,0.1790983397963861,0.19613836638771637
2017,39,32,46.0,1100.0,8691.0,ok,7.900909090909091,0.04219571138133415,2.124863826432297,0.01985807789489356,0.1818033738487746,0.19937834154609854
2017,40,09,883.0,43296.0,358611.0,ok,8.282774390243903,0.19720157411456055,1.3327127312632199,0.1479700534770474,0.07957851044693867,0.08283056970428815
2017,40,10,144.0,3700.0,165289.0,ok,44.6727027027027,0.016852499635621628,1.2701495104011857,0.013268122766349488,0.91508726240358,1.4969931360209756
2017,40,11,238.0,4492.0,19320.0,ok,4.300979519145147,0.020459845503570908,0.62513545190948,0.03272865975058075,-0.12243339598773997,-0.11523516813121402
2017,40,12,189.0,2776.0,18587.0,ok,6.6956051873198845,0.012643929456347472,1.0716302065301533,0.01179878038086238,-0.16310318584518976,-0.15049647284747358
2017,40,13,310.0,4919.0,29531.0,ok,6.003455986989225,0.022404715056114268,1.8057304193544268,0.012407563618562874,-0.07597297349305847,-0.07315874449748648
2017,40,14,120.0,3603.0,34037.0,ok,9.446849847349432,0.016410690861390468,0.6767405208049467,0.024249605804409092,-0.07325731749361142,-0.07063834175698709
2017,40,15,320.0,9381.0,78498.0,ok,8.367764630636392,0.042727918670747704,1.273298692481701,0.0335568699811272,0.11714545279277154,0.1242829478927954
2017,40,16,137.0,8147.0,177832.0,ok,21.827912114888917,0.03710738230578633,0.779848831642433,0.0475827888690104,-0.12960488633417985,-0.12155755302390936
2017,40,17,33.0,789.0,12876.0,ok,16.319391634980988,0.0035936816790555315,1.0816768253826068,0.003322324741296355,-0.22472903057105645,-0.20126737843887585
2017,40,18,258.0,11547.0,88735.0,ok,7.684680003464103,0.05259346305203323,0.9294357835200786,0.05658644091885995,-0.15546202115557944,-0.14398041305370762
2017,40,19,47.0,4875.0,97505.0,ok,20.00102564102564,0.022204306952339308,1.480130925199939,0.015001583018299484,0.9633027203954199,1.620336436469926
2017,40,20,11.0,200.0,1310.0,ok,6.55,0.0009109459262498178,0.3291790623908349,0.002767326450332525,0.3038650868039581,0.3550862247432759
2017,40,21,315.0,10450.0,142221.0,ok,13.609665071770335,0.047596924646552984,1.5273449184248742,0.03116318002068512,0.1654197358266459,0.17988825616320786
2017,40,22,158.0,10487.0,238322.0,ok,22.725469629064555,0.0477654496429092,1.668115488597544,0.02863437811674997,0.6234622102136915,0.8653751957602909
2017,40,23,48.0,2727.0,37032.0,ok,13.57975797579758,0.012420747704416266,0.682201750634384,0.01820685404701194,0.08119842985837229,0.08458608947983265
2017,40,24,723.0,20720.0,198333.0,ok,9.572055984555984,0.09437399795948112,1.1982972345623857,0.07875675186210891,0.030230510185918633,0.03069209159839574
2017,40,25,194.0,6612.0,67599.0,ok,10.223684210526315,0.030115872321818976,0.7075687050917869,0.042562470760930976,7.619014050692553e-10,7.619014053595022e-10
2017,40,26,409.0,15014.0,157238.0,ok,10.472758758492073,0.06838471068357382,0.8626987115115153,0.07926835843275862,-0.003249990002231947,-0.0032447145013804863
2017,40,27,44.0,1263.0,8352.0,ok,6.6128266033254155,0.005752623524267599,0.21409613028806895,0.026869348439541498,-0.3242376723082078,-0.2769216337487687
2017,40,28,55.0,7085.0,64494.0,ok,9.102893436838391,0.03227025943739979,0.6104950074051073,0.05285917009307524,-0.13393330687372254,-0.12535160430592657
2017,40,29,208.0,12764.0,117485.0,ok,9.204403008461297,0.058136569013263376,0.9213818870771466,0.06309714769593212,0.0,0.0
2017,40,30,10.0,944.0,5479.0,ok,5.804025423728813,0.00429966477189914,0.2576639205712865,0.016687104513375496,-0.46564866362326107,-0.37227221108368214
2017,40,31,157.0,31260.0,432247.0,ok,13.827479206653871,0.14238084827284653,1.011248886661618,0.14079703834619864,0.16337416115014208,0.17747717349086448
2017,40,32,208.0,2501.0,20699.0,ok,8.276289484206318,0.011391378807753972,0.5736395469917674,0.01985807789489356,0.025603115456736148,0.0259336904374299
2017,41,09,284.0,16668.0,131992.0,ok,7.918886489080873,0.27232179325894096,1.8403845025384313,0.1479700534770474,-0.06282546835105327,-0.060892636656586244
2017,41,10,48.0,1228.0,12657.0,ok,10.30700325732899,0.0200630646821442,1.5121253424808514,0.013268122766349488,-0.6489283791671775,-0.47739448825064795
2017,41,11,70.0,2597.0,10535.0,ok,4.056603773584905,0.042429787442612776,1.296410783880629,0.03272865975058075,-0.27840666968848515,-0.24301108553568498
2017,41,12,40.0,730.0,6411.0,ok,8.782191780821918,0.011926740405509173,1.0108451908177174,0.01179878038086238,0.010694858649861895,0.0107522530765744
2017,41,13,48.0,1067.0,7729.0,ok,7.243673851921274,0.017432646592709985,1.4050015884366789,0.012407563618562874,0.014343644707433845,0.014447008391880779
2017,41,14,38.0,1712.0,25131.0,ok,14.679322429906541,0.027970656951002336,1.153447902477519,0.024249605804409092,0.2700246158129811,0.30999669697006055
2017,41,15,46.0,986.0,7922.0,ok,8.03448275862069,0.01610926854771513,0.48005873482166783,0.0335568699811272,-0.020975299609093185,-0.020756848040614416
2017,41,16,36.0,2633.0,97101.0,ok,36.878465628560576,0.04301795546261049,0.9040654506618698,0.0475827888690104,0.2973567876288552,0.3462955553672554
2017,41,17,7.0,84.0,1116.0,ok,13.285714285714286,0.0013723920466613296,0.4130818488640063,0.003322324741296355,-0.527870354414049,-0.4101401746214206
2017,41,18,55.0,1987.0,15670.0,ok,7.886260694514343,0.03246360710376264,0.5736993982412261,0.05658644091885995,-0.22704526174225,-0.20311528691661832
2017,41,19,11.0,1965.0,23181.0,ok,11.796946564885497,0.03210417109154182,2.1400522233140307,0.015001583018299484,0.3378833020352471,0.40197688600936976
2017,41,20,7.0,458.0,1308.0,ok,2.8558951965065504,0.007482804254415345,2.703983208600562,0.002767326450332525,-0.6236912113083539,-0.4640375687441263
2017,41,21,189.0,3166.0,23107.0,ok,7.298483891345547,0.05172610975868773,1.6598469644097167,0.03116318002068512,-0.5551704274536132,-0.4260255681405905
2017,41,22,12.0,1074.0,8993.0,ok,8.373370577281191,0.017547012596598428,0.6127953093674532,0.02863437811674997,-0.4724441909041385,-0.37652349119320255
2017,41,23,5.0,1432.0,26690.0,ok,18.63826815642458,0.02339601679546457,1.2850114981453515,0.01820685404701194,0.30035842850272193,0.35034272216649887
2017,41,24,127.0,3582.0,38523.0,ok,10.754606365159129,0.05852271798977241,0.7430819149605965,0.07875675186210891,0.04924005688397783,0.05047249362802406
2017,41,25,32.0,902.0,6650.0,ok,7.37250554323725,0.0147368765010538,0.34624109544366727,0.042562470760930976,-0.4244259921002496,-0.34585483812456813
2017,41,26,105.0,4469.0,51212.0,ok,11.459386887446856,0.07301452448249383,0.9211055448364084,0.07926835843275862,-0.010694858649861895,-0.010637871984797655
2017,41,27,5.0,116.0,2105.0,ok,18.146551724137932,0.0018952080644370742,0.07053420252081909,0.026869348439541498,0.5877550985618695,0.7999431814843319
2017,41,28,12.0,3918.0,59716.0,ok,15.241449719244512,0.06401228617641773,1.2109968064898466,0.05285917009307524,0.2840164453508237,0.32845477747802476
2017,41,29,60.0,4673.0,49429.0,ok,10.577573293387545,0.0763474765958142,1.2099988570598466,0.06309714769593212,0.041577478954082266,0.04245392696257489
2017,41,30,4.0,445.0,2700.0,ok,6.067415730337078,0.007270410247193948,0.43569034048815203,0.016687104513375496,-0.5187442055581065,-0.4047323874484767
2017,41,31,44.0,3758.0,57635.0,ok,15.33661522086216,0.06139820608753901,0.43607597722737673,0.14079703834619864,0.16948282672574222,0.1846920018177663
2017,41,32,41.0,1557.0,16824.0,ok,10.80539499036609,0.025438266864901072,1.281003478762788,0.01985807789489356,0.19477732660699104,0.21504039919622148
2017,42,09,600.0,15376.0,98382.0,ok,6.398413111342352,0.2680707137626835,1.8116551792979225,0.1479700534770474,0.002716516636768751,0.0027202097114300957
2017,42,10,47.0,776.0,17599.0,ok,22.679123711340207,0.013529063077513163,1.0196667091312623,0.013268122766349488,0.41843544764336277,0.5195822288560739
2017,42,11,99.0,3735.0,13311.0,ok,3.563855421686747,0.06511733324035009,1.989611971177482,0.03272865975058075,-0.12916726393501604,-0.12117304280373038
2017,42,12,26.0,336.0,2496.0,ok,7.428571428571429,0.005857944837686112,0.4964873189086304,0.01179878038086238,0.12204499618006405,0.12980493754300948
2017,42,13,33.0,326.0,1892.0,ok,5.803680981595092,0.005683601241326406,0.45807552683616365,0.012407563618562874,0.07145007499634065,0.07406452668731021
2017,42,14,12.0,384.0,1975.0,ok,5.143229166666667,0.006694794100212699,0.2760784713042817,0.024249605804409092,-0.49999154771084653,-0.3934642136931845
2017,42,15,63.0,1053.0,6193.0,ok,5.881291547958215,0.018358380696677012,0.547082630382452,0.0335568699811272,-0.05419895653532573,-0.052756372557375635
2017,42,16,13.0,387.0,5132.0,ok,13.260981912144702,0.006747097179120611,0.14179700979054727,0.0475827888690104,-0.446702395207741,-0.36026573206866846
2017,42,17,5.0,54.0,584.0,ok,10.814814814814815,0.0009414554203424108,0.2833724857296941,0.003322324741296355,-0.4549001843991307,-0.36548870108597414
2017,42,18,26.0,870.0,7209.0,ok,8.286206896551723,0.015167892883294396,0.2680481867563263,0.05658644091885995,0.101167536064358,0.10646199852461333
2017,42,19,5.0,65.0,,suppressed,,0.0011332333763380872,0.07554091957866896,0.015001583018299484,,
2017,42,20,2.0,22.0,,suppressed,,0.00038355591199135255,0.13860161382306885,0.002767326450332525,,
2017,42,21,175.0,2845.0,20820.0,ok,7.318101933216169,0.04960075316433627,1.5916460749966108,0.03116318002068512,-0.273743494463725,-0.2394728703372085
2017,42,22,31.0,973.0,10201.0,ok,10.484069886947585,0.016963631925799364,0.5924218733381996,0.02863437811674997,0.031098837595578854,0.03158745847199135
2017,42,23,2.0,34.0,,suppressed,,0.0005927682276229994,0.03255742184192897,0.01820685404701194,,
2017,42,24,161.0,3793.0,29306.0,ok,7.726337991036119,0.06612852609923638,0.839655325235065,0.07875675186210891,-0.002716516636768751,-0.002712830244254214
2017,42,25,55.0,6206.0,108161.0,ok,17.428456332581373,0.10819763590083337,2.542090108174602,0.042562470760930976,0.7146632639492384,1.0434984467915034
2017,42,26,44.0,1623.0,18429.0,ok,11.354898336414047,0.028295965689180236,0.35696419414542313,0.07926835843275862,0.2588877318838745,0.2954883546264547
2017,42,27,7.0,600.0,11703.0,ok,19.505,0.010460615781582342,0.389314084229459,0.026869348439541498,0.9386879643592808,1.556624833929539
2017,42,28,18.0,4732.0,174002.0,ok,36.77134404057481,0.08249938979741274,1.5607394072238847,0.05285917009307524,1.4434591988159413,3.2353213246544072
2017,42,29,38.0,2267.0,13972.0,ok,6.1632112924569915,0.03952369329474528,0.6263942941638451,0.06309714769593212,-0.21981802054457997,-0.19733514681458206
2017,42,30,3.0,1277.0,-279.0,ok,-0.21848081440877057,0.02226367725513442,1.3341845637323742,0.016687104513375496,,
2017,42,31,136.0,8795.0,71916.0,ok,8.176918703808983,0.15333519299836118,1.0890512669828545,0.14079703834619864,-0.18070232341252426,-0.16531621246027403
2017,42,32,37.0,829.0,4301.0,ok,5.1881785283474064,0.014453084138219604,0.7278188863352262,0.01985807789489356,-0.2601429634441965,-0.22905863850758207
2017,43,09,499.0,18061.0,132207.0,ok,7.320026576601517,0.19446777354264919,1.3142373674468826,0.1479700534770474,0.031786017416229106,0.03229658817859628
2017,43,10,82.0,1675.0,25551.0,ok,15.254328358208955,0.018035187458276807,1.3592870503141192,0.013268122766349488,-0.08364055345619252,-0.08023819811439131
2017,43,11,128.0,3623.0,11186.0,ok,3.0874965498205906,0.039009841290350365,1.1919168578132247,0.03272865975058075,-0.37814407153124796,-0.3148682144304301
2017,43,12,132.0,2028.0,13567.0,ok,6.689842209072978,0.02183603591963305,1.850702802727907,0.01179878038086238,-0.08819273517440183,-0.0844156056012379
2017,43,13,50.0,599.0,3228.0,ok,5.3889816360601,0.006449598380601675,0.5198118324336031,0.012407563618562874,-0.10818031157697176,-0.10253424162593483
2017,43,14,26.0,1387.0,32577.0,ok,23.4873828406633,0.014934211943062645,0.615853802470772,0.024249605804409092,0.9132962545092501,1.4925250040264846
2017,43,15,92.0,2319.0,17001.0,ok,7.33117723156533,0.024969313263130694,0.7440894599875896,0.0335568699811272,0.0606663126401997,0.06254429742364179
2017,43,16,45.0,4097.0,71376.0,ok,17.421527947278495,0.04411353015914034,0.9270900509967899,0.0475827888690104,-0.2793161976948979,-0.24369927514263204
2017,43,17,18.0,198.0,4918.0,ok,24.838383838383837,0.002131920666709736,0.6416954490360478,0.003322324741296355,0.271078621815933,0.31137816926466677
2017,43,18,95.0,5001.0,52153.0,ok,10.428514297140572,0.05384714774856257,0.9515909973163839,0.05658644091885995,0.2256245874275105,0.2531051455379137
2017,43,19,16.0,2067.0,27962.0,ok,13.52781809385583,0.022255959687318302,1.4835740774936659,0.015001583018299484,0.6480388628492386,0.9117878719649046
2017,43,20,2.0,64.0,,suppressed,,0.0006891056700475914,0.24901495447520755,0.002767326450332525,,
2017,43,21,154.0,3116.0,33570.0,ok,10.773427471116817,0.033550832310442105,1.0766177356794826,0.03116318002068512,0.007493743308601964,0.0075218916712606245
2017,43,22,22.0,1174.0,12194.0,ok,10.386712095400341,0.012640782134935503,0.4414547465775466,0.02863437811674997,-0.08372525742380198,-0.08031610228882373
2017,43,23,15.0,1224.0,14084.0,ok,11.506535947712418,0.013179145939660184,0.7238562964052051,0.01820685404701194,-0.008695120926263077,-0.008657427690498178
2017,43,24,198.0,6914.0,73658.0,ok,10.653456754411339,0.07444494691732885,0.9452516153493814,0.07875675186210891,0.2130384406220022,0.23743221799349234
2017,43,25,27.0,502.0,3925.0,ok,7.818725099601593,0.005405172599435795,0.12699386343889887,0.042562470760930976,-0.19241396691642432,-0.17503471054168335
2017,43,26,149.0,9394.0,163949.0,ok,17.452522886949115,0.10114779163167302,1.2760172360258246,0.07926835843275862,0.5832282762105393,0.7918135729887255
2017,43,27,14.0,516.0,4342.0,ok,8.414728682170542,0.005555914464758705,0.2067751838962535,0.026869348439541498,-0.007493743245251138,-0.007465735156813922
2017,43,28,48.0,11112.0,195136.0,ok,17.560835133189343,0.11964597196201306,2.2634856308061324,0.05285917009307524,0.5989170478418977,0.8201466009948504
2017,43,29,55.0,4753.0,71073.0,ok,14.953292657269094,0.05117686327712815,0.8110804552331218,0.06309714769593212,0.5610210946534304,0.7524610155923672
2017,43,30,4.0,418.0,,suppressed,,0.004500721407498331,0.26971254383232224,0.016687104513375496,,
2017,43,31,94.0,11702.0,97358.0,ok,8.319774397538882,0.1259986648577643,0.8948957047516342,0.14079703834619864,-0.26887702730457985,-0.23576276981793445
2017,43,32,57.0,930.0,4998.0,ok,5.374193548387097,0.010013566767879062,0.5042565962768238,0.01985807789489356,-0.3304115654476282,-0.28137208985673645
2017,44,09,284.0,7637.0,52697.0,ok,6.900222600497577,0.11472134595162986,0.7753011048916397,0.1479700534770474,-0.15489590417159613,-0.14349566862883525
2017,44,10,59.0,1540.0,56583.0,ok,36.74220779220779,0.023133543638275498,1.7435430803328573,0.013268122766349488,0.6678006923429423,0.9499440743481935
2017,44,11,69.0,2000.0,9233.0,ok,4.6165,0.03004356316659156,0.9179588591634417,0.03272865975058075,-0.1034894487496058,-0.0983144633984627
2017,44,12,124.0,1561.0,9762.0,ok,6.253683536194747,0.023449001051524712,1.9874088926647866,0.01179878038086238,-0.28323400197942306,-0.24665651663357166
2017,44,13,56.0,870.0,4871.0,ok,5.598850574712643,0.013068949977467327,1.0533050951207663,0.012407563618562874,-0.19759705565589566,-0.17929951686150256
2017,44,14,21.0,604.0,10912.0,ok,18.066225165562916,0.009073156076310651,0.3741568481356905,0.024249605804409092,0.5232554251250527,0.6875122873405863
2017,44,15,63.0,1150.0,6756.0,ok,5.874782608695652,0.017275048820790145,0.5147991701998978,0.0335568699811272,-0.28842237333404985,-0.2505550201953835
2017,44,16,33.0,3097.0,162281.0,ok,52.39941879237972,0.046522457563467026,0.9777160748508807,0.0475827888690104,0.6942509870384838,1.0022088317942313
2017,44,17,11.0,630.0,53150.0,ok,84.36507936507937,0.00946372239747634,2.848524191462284,0.003322324741296355,1.3662203591563988,2.920504557456715
2017,44,18,77.0,3469.0,41221.0,ok,11.882675122513692,0.05211056031245306,0.9209018886198389,0.05658644091885995,0.2285406059917328,0.25676455626698763
2017,44,19,17.0,1013.0,8606.0,ok,8.495557749259625,0.015217064743878624,1.0143639324807447,0.015001583018299484,0.05521247217065163,0.0567651240034235
2017,44,20,4.0,122.0,662.0,ok,5.426229508196721,0.001832657353162085,0.6622483418759182,0.002767326450332525,0.06379444527631323,0.06587328095417494
2017,44,21,119.0,3891.0,47925.0,ok,12.316885119506553,0.058449752140603876,1.8756029423764458,0.03116318002068512,0.013760520292004351,0.013855632012888057
2017,44,22,14.0,2643.0,107057.0,ok,40.50586454786228,0.03970256872465074,1.3865350440918542,0.02863437811674997,1.1495725688144087,2.156843288005799
2017,44,23,12.0,1234.0,73791.0,ok,59.79821717990276,0.018536878473786992,1.0181263839388668,0.01820685404701194,1.5117438743756821,3.534631731270526
2017,44,24,142.0,3502.0,30416.0,ok,8.685322672758424,0.052606279104701816,0.667958973178673,0.07875675186210891,-0.11883305982846049,-0.1120439760796411
2017,44,25,35.0,2352.0,44226.0,ok,18.803571428571427,0.03533123028391167,0.8301028970419401,0.042562470760930976,0.5574897089951752,0.7462833142382468
2017,44,26,81.0,3011.0,24256.0,ok,8.055795416805049,0.04523058434730359,0.5706007446296693,0.07926835843275862,-0.3174858150382407,-0.272022992972921
2017,44,27,16.0,3385.0,32159.0,ok,9.500443131462333,0.050848730659456214,1.8924437551535918,0.026869348439541498,-0.013760520228653525,-0.013666277043831719
2017,44,28,29.0,6345.0,77985.0,ok,12.290780141843971,0.09531320414601172,1.8031536245874227,0.05285917009307524,0.11447366630314171,0.12128311314558081
2017,44,29,43.0,2199.0,13795.0,ok,6.273306048203729,0.03303289770166742,0.5235244208003565,0.06309714769593212,-0.43522856443218183,-0.3528832576972523
2017,44,30,15.0,4885.0,12426.0,ok,2.5437052200614123,0.07338140303439988,4.397491666429083,0.016687104513375496,-1.3424287159536556,-0.7387895085277383
2017,44,31,98.0,8944.0,71803.0,ok,8.02806350626118,0.13435481448099745,0.9542446066986101,0.14079703834619864,-0.43219045955371893,-0.35091425966877005
2017,44,32,37.0,486.0,2699.0,ok,5.553497942386831,0.007300585849481749,0.36763809106414425,0.01985807789489356,-0.4252137365401607,-0.34636993442996844
2017,45,09,391.0,14845.0,98050.0,ok,6.60491748063321,0.26477722683979593,1.7893973856059142,0.1479700534770474,0.0,0.0
2017,45,10,104.0,2666.0,51463.0,ok,19.30345086271568,0.04755110048870974,3.583860454570746,0.013268122766349488,0.22279353490561177,0.24956255604999872
2017,45,11,96.0,4231.0,42415.0,ok,10.024816828173009,0.07546463097064174,2.305766002816619,0.03272865975058075,0.8705725423110986,1.3882778522757095
2017,45,12,134.0,3003.0,20244.0,ok,6.741258741258742,0.05356187350622481,4.539611025653309,0.01179878038086238,-0.009522861790962941,-0.009477662930569643
2017,45,13,43.0,487.0,3090.0,ok,6.344969199178645,0.008686191274569257,0.7000722737841862,0.012407563618562874,0.12613900076487494,0.13443984533036155
2017,45,14,18.0,848.0,13491.0,ok,15.909198113207546,0.015125031213212998,0.6237227662671097,0.024249605804409092,0.5947438143930209,0.8125665320175459
2017,45,15,55.0,1001.0,8008.0,ok,8.0,0.01785395783540827,0.5320507498300514,0.0335568699811272,0.21898524354487334,0.24481290752618864
2017,45,16,20.0,1807.0,70957.0,ok,39.267847260653014,0.032229871936646094,0.6773430625382424,0.0475827888690104,0.604396667449137,0.8301476880495042
2017,45,17,13.0,119.0,1731.0,ok,14.546218487394958,0.002122498483929654,0.6388594280225195,0.003322324741296355,-0.19296701139395492,-0.17549082690123025
2017,45,18,56.0,2098.0,25021.0,ok,11.926120114394662,0.03742018335533122,0.6612924005768187,0.05658644091885995,0.4308252328043965,0.5385266424727799
2017,45,19,10.0,2118.0,52559.0,ok,24.815391879131255,0.03777690578960511,2.5181946294283373,0.015001583018299484,1.3257682957312282,2.7650769366009103
2017,45,20,,,,nil_or_na,,0.0,0.0,0.002767326450332525,,
2017,45,21,114.0,2264.0,18650.0,ok,8.237632508833922,0.04038097955980451,1.2957913644564167,0.03116318002068512,-0.18986245711891683,-0.17292711589223372
2017,45,22,10.0,437.0,5594.0,ok,12.800915331807781,0.007794385188884529,0.2722037530238914,0.02863437811674997,0.1962776119698284,0.21686467464708822
2017,45,23,4.0,173.0,1331.0,ok,7.69364161849711,0.003085649056469161,0.16947733246510918,0.01820685404701194,-0.34020261742456676,-0.28837387969761263
2017,45,24,108.0,2283.0,18529.0,ok,8.116075339465615,0.040719865872364716,0.517033332502831,0.07875675186210891,0.012014224811227603,0.012086685505730058
2017,45,25,16.0,599.0,4410.0,ok,7.362270450751252,0.01068383690650305,0.2510154301547263,0.042562470760930976,-0.18155361030872635,-0.16602646547364452
2017,45,26,69.0,2741.0,24537.0,ok,8.951842393287121,0.04888880961723683,0.6167506251401433,0.07926835843275862,-0.01338307812882461,-0.01329392290566372
2017,45,27,18.0,1566.0,11560.0,ok,7.381864623243934,0.027931366603645702,1.0395252667363275,0.026869348439541498,-0.06743756571927025,-0.06521391850921698
2017,45,28,27.0,5652.0,86681.0,ok,15.336341118188251,0.10080975992580174,1.9071385295738539,0.05285917009307524,0.5344846472011802,0.7065685307240954
2017,45,29,25.0,2339.0,8016.0,ok,3.4271056006840532,0.04171868868833161,0.6611818475436603,0.06309714769593212,-0.8411808720188582,-0.5687989705654777
2017,45,30,4.0,1194.0,5092.0,ok,4.264656616415411,0.02129632932615132,1.276214774653165,0.016687104513375496,-0.6270536846061797,-0.46583670164457675
2017,45,31,27.0,2635.0,16395.0,ok,6.222011385199241,0.0469981807155852,0.33380091845414944,0.14079703834619864,-0.48840544097931693,-0.38639595762070333
2017,45,32,49.0,960.0,5536.0,ok,5.766666666666667,0.017122676845146793,0.8622524765878692,0.01985807789489356,-0.18891238105256558,-0.17214096034526497
2017,46,09,666.0,25376.0,164797.0,ok,6.4942071248423705,0.36026008688492006,2.4346824132276357,0.1479700534770474,-4.524989781222473e-11,-4.524989781120096e-11
2017,46,10,345.0,5773.0,86129.0,ok,14.91927940412264,0.08195860189102473,6.177106086091358,0.013268122766349488,-0.01793217349309743,-0.017772348830423505
2017,46,11,82.0,2167.0,5884.0,ok,2.7152745731425934,0.030764644084159118,0.9399909534521412,0.03272865975058075,-0.4186942026180633,-0.34209464975641646
2017,46,12,85.0,1095.0,6998.0,ok,6.390867579908676,0.015545586189272835,1.3175587380614164,0.01179878038086238,-0.0459956190569328,-0.04495385381565731
2017,46,13,45.0,374.0,2099.0,ok,5.612299465240642,0.00530963400437264,0.4279352633283243,0.012407563618562874,0.020341152769411026,0.02054944391418922
2017,46,14,20.0,808.0,15482.0,ok,19.16089108910891,0.011471080950623243,0.4730419555330486,0.024249605804409092,0.7976215303973067,1.2202538371300191
2017,46,15,96.0,1658.0,8919.0,ok,5.379372738238842,0.02353843096056106,0.7014489424609436,0.0335568699811272,-0.1609806457563589,-0.1486914526192525
2017,46,16,21.0,459.0,9597.0,ok,20.908496732026144,0.006516369005366422,0.13694802596176506,0.0475827888690104,-0.008949885744318691,-0.008909954731694682
2017,46,17,18.0,211.0,2466.0,ok,11.687203791469194,0.0029955421789375053,0.9016403910499909,0.003322324741296355,-0.3948996468027752,-0.3262523514129373
2017,46,18,30.0,838.0,6387.0,ok,7.621718377088306,0.011896987421562226,0.21024449017073674,0.05658644091885995,0.0,0.0
2017,46,19,3.0,25.0,,suppressed,,0.00035492205911581817,0.023658973768493043,0.015001583018299484,,
2017,46,20,1.0,12.0,,suppressed,,0.00017036258837559273,0.06156215807322688,0.002767326450332525,,
2017,46,21,170.0,7323.0,94839.0,ok,12.950839819746006,0.10396376955620545,3.3361091354347545,0.03116318002068512,0.2794890705282844,0.322453958992807
2017,46,22,8.0,143.0,1722.0,ok,12.041958041958042,0.00203015417814248,0.07089918872569895,0.02863437811674997,0.15206186443891903,0.16423225877973915
2017,46,23,5.0,425.0,6598.0,ok,15.524705882352942,0.006033675004968909,0.33139580233846816,0.01820685404701194,0.3787397179498472,0.46044285920748845
2017,46,24,137.0,2630.0,21811.0,ok,8.293155893536122,0.03733780061898407,0.4740901540017404,0.07875675186210891,0.05050197996628749,0.051798945879395715
2017,46,25,21.0,380.0,2477.0,ok,6.518421052631579,0.005394815298560436,0.12675051993251424,0.042562470760930976,-0.28638592745760383,-0.2490272609851476
2017,46,26,93.0,3439.0,31287.0,ok,9.09770282058738,0.048823078451971945,0.6159214018969165,0.07926835843275862,0.019683377535569997,0.01987837249634757
2017,46,27,13.0,413.0,2497.0,ok,6.046004842615012,0.005863312416593316,0.21821565304370175,0.026869348439541498,-0.2501622576685135,-0.22132557307648862
2017,46,28,59.0,11964.0,187014.0,ok,15.631394182547643,0.16985150061046594,3.2132835288822887,0.05285917009307524,0.5704446147375262,0.7690534238281082
2017,46,29,32.0,2409.0,74697.0,ok,31.00747198007472,0.03420028961640024,0.5420259213809935,0.06309714769593212,1.3782351547053187,2.9678927276917677
2017,46,30,5.0,498.0,2859.0,ok,5.740963855421687,0.007070047417587098,0.4236832946015364,0.016687104513375496,-0.3128843586256341,-0.2686655197965591
2017,46,31,19.0,671.0,7949.0,ok,11.846497764530552,0.00952610806666856,0.06765844067859794,0.14079703834619864,0.1724374837264648,0.18819753661082042
2017,46,32,61.0,1347.0,7696.0,ok,5.71343726800297,0.01912320054516028,0.9629935307121416,0.01985807789489356,-0.18128190154537413,-0.16579983676880158
2017,47,09,374.0,11998.0,65971.0,ok,5.498499749958326,0.4607173028185239,3.1135847557829583,0.1479700534770474,0.034421420154377685,0.035020693414207424
2017,47,10,99.0,2051.0,23134.0,ok,11.2793759141882,0.07875739190538361,5.935835331967798,0.013268122766349488,-0.09675384612953133,-0.09222056794570109
2017,47,11,43.0,688.0,1951.0,ok,2.8357558139534884,0.026418861838568466,0.8072087900910663,0.03272865975058075,-0.17442207423421788,-0.16005769517365023
2017,47,12,10.0,81.0,499.0,ok,6.160493827160494,0.0031103601873896016,0.26361709320690513,0.01179878038086238,0.11814799722416196,0.12541065669614845
2017,47,13,46.0,454.0,2022.0,ok,4.453744493392071,0.017433376852776284,1.405060444477135,0.012407563618562874,-0.010017462218574273,-0.009967454566481683
2017,47,14,6.0,399.0,1946.0,ok,4.87719298245614,0.015321403886030259,0.6318207400816596,0.024249605804409092,-0.369823197111123,-0.30914353474098333
2017,47,15,75.0,1417.0,8629.0,ok,6.089625970359915,0.054412103525074876,1.6214892376934116,0.0335568699811272,0.163890946969348,0.17808583425664332
2017,47,16,30.0,752.0,3513.0,ok,4.67154255319149,0.028876430381691114,0.6068671271283488,0.0475827888690104,-1.3067594701063672,-0.7293041654303839
2017,47,17,11.0,100.0,1419.0,ok,14.19,0.0038399508486291374,1.1558023816572511,0.003322324741296355,0.0,0.0
2017,47,18,20.0,542.0,3477.0,ok,6.415129151291513,0.020812533599569926,0.36780071800969594,0.05658644091885995,0.028513983367756134,0.028924398562187578
2017,47,19,,,,nil_or_na,,0.0,0.0,0.015001583018299484,,
2017,47,20,3.0,13.0,,suppressed,,0.0004991936103217879,0.18038840710744636,0.002767326450332525,,
2017,47,21,150.0,2824.0,26845.0,ok,9.506019830028329,0.10844021196528685,3.479754373376135,0.03116318002068512,0.1711104036624158,0.1866217491771416
2017,47,22,7.0,599.0,3624.0,ok,6.05008347245409,0.023001305583288535,0.8032758905922839,0.02863437811674997,-0.33540641536238247,-0.2849525789656049
2017,47,23,,,,nil_or_na,,0.0,0.0,0.01820685404701194,,
2017,47,24,156.0,2658.0,19193.0,ok,7.22084273890143,0.10206589355656248,1.2959637255643088,0.07875675186210891,0.11289977127797948,0.1195197192944227
2017,47,25,7.0,106.0,662.0,ok,6.245283018867925,0.004070347899546886,0.09563232177966387,0.042562470760930976,-0.12833493652254402,-0.12044126653996047
2017,47,26,11.0,260.0,1528.0,ok,5.876923076923077,0.009983872206435757,0.12595028336438716,0.07926835843275862,-0.21644852223150116,-0.194626007288463
2017,47,27,10.0,121.0,1400.0,ok,11.570247933884298,0.004646340526841256,0.1729234535513933,0.026869348439541498,0.5997337208984019,0.8216336728258686
2017,47,28,1.0,60.0,,suppressed,,0.0023039705091774825,0.04358695955915721,0.05285917009307524,,
2017,47,29,10.0,313.0,2056.0,ok,6.568690095846645,0.0120190461562092,0.19048477776094574,0.06309714769593212,0.027178089562260973,0.027550782538674976
2017,47,30,,,,nil_or_na,,0.0,0.0,0.016687104513375496,,
2017,47,31,11.0,140.0,1279.0,ok,9.135714285714286,0.005375931188080793,0.03818213260183918,0.14079703834619864,0.11345329197361931,0.1201395681619912
2017,47,32,38.0,466.0,2402.0,ok,5.15450643776824,0.01789417095461178,0.9011028685315615,0.01985807789489356,-0.08337464308722282,-0.07999359139399735
2018,01,09,1747.0,79096.0,605311.0,ok,7.652864873065642,0.46346579789291115,3.1458654837138895,0.1473253704877937,-0.074048900408764,-0.07137371747382422
2018,01,10,172.0,3691.0,67639.0,ok,18.325386074234626,0.021627544503170008,1.6243732965225781,0.013314393033590105,2.1265173158302366e-10,2.1265173160563402e-10
2018,01,11,128.0,2616.0,14057.0,ok,5.3734709480122325,0.015328544139878825,0.4815494790176172,0.03183171160552339,0.08069558454682058,0.08404084754742706
2018,01,12,332.0,6389.0,55030.0,ok,8.613241508843325,0.03743657053122546,3.2586482209384444,0.011488374317508952,0.043803421332274224,0.04477695383871666
2018,01,13,194.0,3097.0,22630.0,ok,7.307071359380045,0.018146980581500275,1.5170021515234697,0.01196239607391191,0.007385002881536081,0.0074123392669776305
2018,01,14,97.0,6251.0,102011.0,ok,16.319148936170212,0.036627954670635524,1.5232270606815959,0.02404628673957885,0.4008185226243999,0.49304628979013054
2018,01,15,314.0,6881.0,49616.0,ok,7.21057985757884,0.04031946186028524,1.236314722025385,0.03261261970110016,-0.0770549134139743,-0.0741609887703533
2018,01,16,89.0,3432.0,66703.0,ok,19.435606060606062,0.020109924880758457,0.4174483768390748,0.04817344130795549,-0.2776362042928473,-0.24242762703377854
2018,01,17,46.0,795.0,67602.0,ok,85.03396226415094,0.004658330501224643,1.3873898097529263,0.0033576219664278946,1.374637604943776,2.953643682348297
2018,01,18,148.0,4282.0,33388.0,ok,7.797290985520784,0.025090529819174742,0.433613404431377,0.05786382423319556,-0.18186149913911426,-0.1662831970853384
2018,01,19,25.0,694.0,5596.0,ok,8.063400576368876,0.004066517443836355,0.26436880491397075,0.015381986710420148,0.0,0.0
2018,01,20,14.0,533.0,2303.0,ok,4.320825515947467,0.003123132273148094,1.181522864248431,0.0026433109063316554,-0.08424923547547375,-0.08079787023676241
2018,01,21,391.0,6203.0,81982.0,ok,13.21650814122199,0.03634669697999555,1.178077366812505,0.03085255519197174,0.038114289270157,0.03884995549722419
2018,01,22,84.0,6068.0,86441.0,ok,14.24538562953197,0.035555659725070604,1.2361882657259173,0.028762333950962983,0.08804555566335921,0.0920378694046056
2018,01,23,20.0,372.0,2977.0,ok,8.00268817204301,0.002179747102459833,0.1212488164396542,0.017977471174283156,-0.4712678201755828,-0.3757896201107007
2018,01,24,558.0,11345.0,121578.0,ok,10.716438959894226,0.06647642708980324,0.8442626289206957,0.07873903784511535,0.06537280768432448,0.06755694363794827
2018,01,25,111.0,2412.0,19559.0,ok,8.109038142620232,0.014133198954658916,0.33293690748135096,0.042450081793501876,-0.26454968016843095,-0.23244848416823308
2018,01,26,214.0,4596.0,39584.0,ok,8.612706701479548,0.026930423878777934,0.3366984335947427,0.07998381100635578,-0.2665214501320427,-0.2339604281000049
2018,01,27,26.0,426.0,3291.0,ok,7.725352112676056,0.0024961620044298086,0.09303804140511494,0.02682947713356074,-0.2775712529943684,-0.24237842012645372
2018,01,28,36.0,6651.0,89338.0,ok,13.432265824688017,0.038971768759302014,0.7319209323829049,0.05324587265515438,0.12968631736098063,0.13847120865462567
2018,01,29,57.0,1926.0,13136.0,ok,6.820353063343718,0.011285464836929136,0.17440839439553865,0.06470711960878998,-0.3443066590023922,-0.29128843805799165
2018,01,30,13.0,1202.0,17703.0,ok,14.727953410981698,0.007043161336442793,0.4347893000433163,0.01619902176925953,0.2517017488147434,0.286212365709869
2018,01,31,118.0,9701.0,107400.0,ok,11.071023605813833,0.05684335118538397,0.4043789817101335,0.1405694997919807,-0.11201703143529873,-0.10597096922690168
2018,01,32,129.0,2003.0,16795.0,ok,8.384922616075887,0.011736649048997433,0.5963022995818469,0.019682380995725963,0.013796329000828009,0.013891937524026891
2018,02,09,378.0,15674.0,93196.0,ok,5.945897664922802,0.2721842114402806,1.847504001103678,0.1473253704877937,-0.07112018444688684,-0.06865004837782082
2018,02,10,64.0,1376.0,14680.0,ok,10.668604651162791,0.023894696627652555,1.7946515900026399,0.013314393033590105,-0.28567475861244995,-0.2484930026181647
2018,02,11,123.0,4744.0,12670.0,ok,2.670741989881956,0.08238113430347654,2.5880208806987905,0.03183171160552339,-0.36311486834871015,-0.30449346277704165
2018,02,12,58.0,808.0,5300.0,ok,6.5594059405940595,0.014031188136005278,1.221338002072315,0.011488374317508952,0.026710006121453196,0.027069915584488707
2018,02,13,25.0,337.0,2399.0,ok,7.118694362017804,0.005852116833952697,0.4892094190657369,0.01196239607391191,0.23657404993601072,0.2669013661118531
2018,02,14,31.0,1968.0,36667.0,ok,18.63160569105691,0.03417497308373563,1.4212162340843055,0.02404628673957885,0.7886459655507386,1.2004149705417988
2018,02,15,76.0,1364.0,6970.0,ok,5.109970674486804,0.023686312645434655,0.7262928541933605,0.03261261970110016,-0.16610334697904017,-0.15304130095668678
2018,02,16,13.0,550.0,15097.0,ok,27.44909090909091,0.009550932518320425,0.19826137097544572,0.04817344130795549,0.32289737047424566,0.3811235995717862
2018,02,17,16.0,148.0,2708.0,ok,18.2972972972973,0.002570069114020769,0.7654432630350619,0.0033576219664278946,0.0936475056954591,0.09817257810477328
2018,02,18,26.0,986.0,5910.0,ok,5.9939148073022315,0.0171222172055708,0.29590538531582317,0.05786382423319556,-0.18958583394108264,-0.17269829671584658
2018,02,19,8.0,197.0,1270.0,ok,6.446700507614213,0.0034209703747438616,0.2224010746561372,0.015381986710420148,0.03154034865760339,0.0320430163058638
2018,02,20,1.0,26.0,,suppressed,,0.0004514986281387837,0.17080799199870372,0.0026433109063316554,,
2018,02,21,99.0,1776.0,16852.0,ok,9.48873873873874,0.030840829368249226,0.9996199399482618,0.03085255519197174,-0.037939402943351394,-0.0372287197706067
2018,02,22,23.0,1674.0,19830.0,ok,11.845878136200717,0.029069565519397076,1.0106817328857212,0.028762333950962983,0.15889976054563434,0.17222043805420895
2018,02,23,12.0,3941.0,126149.0,ok,32.0093884800812,0.06843677282672872,3.8068075405748836,0.017977471174283156,1.1702911960751436,2.222931006756923
2018,02,24,134.0,2672.0,20231.0,ok,7.571482035928144,0.046400166707185775,0.5892904965191196,0.07873903784511535,-0.026710007152718,-0.02635644974602188
2018,02,25,19.0,307.0,2167.0,ok,7.058631921824104,0.005331156878407946,0.12558649249114104,0.042450081793501876,-0.14797041268818856,-0.13754336766214717
2018,02,26,57.0,1712.0,11847.0,ok,6.919976635514018,0.02972944812975376,0.37169331838153297,0.07998381100635578,-0.2300404198810168,-0.2054985118013105
2018,02,27,35.0,4607.0,37628.0,ok,8.167571087475581,0.08000208383982219,2.9818726411089216,0.02682947713356074,0.03340018570910922,0.03396423416862984
2018,02,28,74.0,6700.0,57100.0,ok,8.522388059701493,0.11634772340499427,2.1851031376369305,0.05324587265515438,-0.06996952913448698,-0.0675777688145043
2018,02,29,33.0,3282.0,28893.0,ok,8.803473491773309,0.0569930191365957,0.8807843631607676,0.06470711960878998,0.1662357334639293,0.18085143511492535
2018,02,30,8.0,701.0,,suppressed,,0.012173097627895669,0.7514711567951743,0.01619902176925953,,
2018,02,31,26.0,1509.0,28715.0,ok,19.029158383035124,0.026204285763900947,0.18641515977988754,0.1405694997919807,0.6849314872211539,0.9836359264719179
2018,02,32,38.0,527.0,2940.0,ok,5.578747628083492,0.009151529885736117,0.46496050898127494,0.019682380995725963,-0.1383672523668596,-0.12922116257329072
2018,03,09,479.0,19091.0,119531.0,ok,6.261117804200932,0.21709119854446213,1.473549313507063,0.1473253704877937,-0.1445178521557918,-0.13456053769491094
2018,03,10,61.0,1028.0,23888.0,ok,23.237354085603112,0.011689788492153741,0.8779813291272276,0.013314393033590105,0.36772614530927,0.4444464163781665
2018,03,11,163.0,4859.0,14649.0,ok,3.014817863757975,0.055253581987718896,1.7358030467369334,0.03183171160552339,-0.36698666882939024,-0.30718111893046673
2018,03,12,119.0,2232.0,16419.0,ok,7.356182795698925,0.02538094155105754,2.209271812494437,0.011488374317508952,0.016296235246238203,0.016429743127178244
2018,03,13,34.0,487.0,2138.0,ok,4.3901437371663246,0.005537866727314078,0.46293958945158886,0.01196239607391191,-0.37184320021584444,-0.310537658404609
2018,03,14,30.0,1141.0,15962.0,ok,13.98948290972831,0.012974755515123948,0.5395741827268583,0.02404628673957885,0.37703753659567973,0.4579590351629301
2018,03,15,91.0,1996.0,19047.0,ok,9.542585170340681,0.022697293609279055,0.695966586471843,0.03261261970110016,0.3334125324700242,0.3957229607624187
2018,03,16,23.0,1622.0,26438.0,ok,16.299630086313194,0.018444393904935182,0.38287474185260717,0.04817344130795549,-0.3233481515699104,-0.2762781543948883
2018,03,17,20.0,164.0,3648.0,ok,22.24390243902439,0.0018649078917443711,0.5554252117692715,0.0033576219664278946,0.1639071826305085,0.1781049614143369
2018,03,18,96.0,4060.0,35032.0,ok,8.628571428571428,0.04616784171025699,0.797870557676885,0.05786382423319556,0.04969347997994125,0.05094891011926719
2018,03,19,15.0,592.0,3428.0,ok,5.79054054054054,0.006731862633613828,0.43764584902764825,0.015381986710420148,-0.20085734339030376,-0.1819708795086005
2018,03,20,15.0,450.0,1870.0,ok,4.155555555555556,0.005117125312713214,1.9358771987267585,0.0026433109063316554,0.007002803008551468,0.00702737996925014
2018,03,21,129.0,2770.0,46091.0,ok,16.639350180505414,0.03149874914714578,1.0209445846917142,0.03085255519197174,0.3986703943211415,0.48984247712927237
2018,03,22,49.0,2300.0,22160.0,ok,9.634782608695652,0.026154196042756424,0.9093210616129698,0.028762333950962983,-0.1727553571417308,-0.1586565816719337
2018,03,23,22.0,821.0,9093.0,ok,11.07551766138855,0.009335910848305663,0.5193116850417049,0.017977471174283156,-0.016055883590129064,-0.015927674975829465
2018,03,24,191.0,5794.0,49646.0,ok,8.568519157749396,0.06588583124857858,0.8367619550823082,0.07873903784511535,-0.028058795189578323,-0.027668803276443697
2018,03,25,46.0,4079.0,67829.0,ok,16.62883059573425,0.04638389811234933,1.092669228247509,0.042450081793501876,0.5838614189704168,0.7929484059972549
2018,03,26,173.0,7902.0,90910.0,ok,11.504682358896481,0.08985672049124403,1.123436347439155,0.07998381100635578,0.15324641484355603,0.16561216769744885
2018,03,27,46.0,3378.0,30784.0,ok,9.113084665482534,0.03841255401410052,1.4317295049351006,0.02682947713356074,0.017884987483948324,0.018045881637938594
2018,03,28,82.0,8021.0,62426.0,ok,7.782820097244732,0.09120991585171707,1.7129950417459754,0.05324587265515438,-0.285802252690644,-0.2485888092025364
2018,03,29,56.0,3094.0,23430.0,ok,7.572721396250808,0.035183079372299295,0.5437281026417367,0.06470711960878998,-0.10941301091310214,-0.10363986547958307
2018,03,30,24.0,1785.0,18110.0,ok,10.145658263305322,0.020297930407095748,1.2530343310985985,0.01619902176925953,0.00925271190293654,0.009295650572585822
2018,03,31,57.0,7931.0,85616.0,ok,10.795107804816542,0.09018649078917444,0.641579367662511,0.1405694997919807,-0.007002803008551457,-0.006978340518869221
2018,03,32,66.0,2343.0,13236.0,ok,5.649167733674776,0.026643165794860132,1.353655627367731,0.019682380995725963,-0.25087821979144076,-0.22188287494493733
2018,04,09,665.0,28544.0,219713.0,ok,7.697344450672646,0.24043126684636118,1.6319746290153165,0.1473253704877937,-0.10690388603740901,-0.10138796199639828
2018,04,10,72.0,1883.0,52881.0,ok,28.083377588953798,0.015860849056603774,1.1912558850102564,0.013314393033590105,0.3882402333976062,0.4743839380094665
2018,04,11,111.0,3054.0,11722.0,ok,3.8382449246889325,0.025724393530997303,0.808137301876461,0.03183171160552339,-0.29441357047417394,-0.2550316691812081
2018,04,12,79.0,1998.0,23904.0,ok,11.963963963963964,0.016829514824797845,1.4649169986695754,0.011488374317508952,0.3337515130807433,0.39619616398287966
2018,04,13,48.0,662.0,4467.0,ok,6.74773413897281,0.005576145552560647,0.4661395190484736,0.01196239607391191,-0.11090109788184868,-0.10497273535596052
2018,04,14,63.0,2738.0,53259.0,ok,19.451789627465303,0.02306266846361186,0.9590947955241668,0.02404628673957885,0.5377680929696006,0.7121811652929424
2018,04,15,179.0,4831.0,42410.0,ok,8.778720761747051,0.040692385444743934,1.2477496692291545,0.03261261970110016,0.08107610483839008,0.08445342557898719
2018,04,16,41.0,1818.0,34010.0,ok,18.707370737073706,0.0153133423180593,0.31787935223823033,0.04817344130795549,-0.354475656348794,-0.29845880454223406
2018,04,17,18.0,574.0,31860.0,ok,55.505226480836235,0.004834905660377358,1.4399791604654992,0.0033576219664278946,0.9094137518262447,1.4828665306677684
2018,04,18,120.0,4608.0,44511.0,ok,9.659505208333334,0.03881401617250674,0.6707820764850131,0.05786382423319556,-0.006345744241051754,-0.006325652527488326
2018,04,19,22.0,2695.0,22731.0,ok,8.434508348794063,0.022700471698113206,1.475782818271149,0.015381986710420148,0.006345744453703485,0.006365921346595945
2018,04,20,4.0,147.0,793.0,ok,5.394557823129252,0.0012382075471698113,0.4684305369466265,0.0026433109063316554,0.09904461620168238,0.10411555990247029
2018,04,21,147.0,4212.0,57044.0,ok,13.54320987654321,0.03547843665768194,1.1499351167813134,0.03085255519197174,0.023882622367011608,0.024170096173422934
2018,04,22,41.0,2236.0,25431.0,ok,11.373434704830053,0.01883423180592992,0.6548227914341193,0.028762333950962983,-0.1757574436628983,-0.16117857988521772
2018,04,23,27.0,1768.0,27761.0,ok,15.701923076923077,0.014892183288409704,0.8283803180123037,0.017977471174283156,0.16408755938676545,0.17831748333223793
2018,04,24,263.0,8211.0,71464.0,ok,8.703446596029716,0.0691627358490566,0.8783792352797613,0.07873903784511535,-0.1813373060463465,-0.16584605393222523
2018,04,25,51.0,1466.0,13757.0,ok,9.384038199181447,0.012348382749326146,0.2908918482040804,0.042450081793501876,-0.15716906536858843,-0.14544042982469602
2018,04,26,172.0,7224.0,142628.0,ok,19.743632336655594,0.060849056603773585,0.7607671582307864,0.07998381100635578,0.5244206321471583,0.6894797345267218
2018,04,27,42.0,2940.0,29504.0,ok,10.035374149659864,0.024764150943396228,0.923020259400396,0.02682947713356074,-0.05461269716885967,-0.05314820467188156
2018,04,28,92.0,14313.0,302939.0,ok,21.165304268846505,0.12056098382749326,2.264231532241073,0.05324587265515438,0.5457395497624902,0.7258842878356471
2018,04,29,100.0,5996.0,53707.0,ok,8.957138092061374,0.05050539083557951,0.7805229338120426,0.06470711960878998,-0.11041743926399372,-0.10453974300439982
2018,04,30,33.0,4551.0,44336.0,ok,9.742034717644474,0.0383338948787062,2.3664327034519737,0.01619902176925953,-0.20024584025337916,-0.18147049915884012
2018,04,31,101.0,10741.0,123420.0,ok,11.490550228097943,0.09047338274932615,0.6436202937565517,0.1405694997919807,-0.11347356977802052,-0.10727220890693683
2018,04,32,88.0,1510.0,13965.0,ok,9.248344370860927,0.01271900269541779,0.6462126049780119,0.019682380995725963,0.07315540366644528,0.07589772237452742
2018,05,09,302.0,7571.0,39507.0,ok,5.218201030246995,0.121060458274037,0.8217217297550742,0.1473253704877937,-0.11776160558246505,-0.11109206195240526
2018,05,10,48.0,990.0,10511.0,ok,10.617171717171717,0.015830122003869584,1.1889480777631163,0.013314393033590105,-0.2065999983186364,-0.18665507573466036
2018,05,11,265.0,6506.0,19470.0,ok,2.992622194897018,0.1040310846032076,3.2681586806396017,0.03183171160552339,-0.16541382937907254,-0.15245710664426618
2018,05,12,126.0,2528.0,22708.0,ok,8.98259493670886,0.0404227761876589,3.5185810516334097,0.011488374317508952,0.42500615440051676,0.5295998334044159
2018,05,13,39.0,820.0,3721.0,ok,4.537804878048781,0.013111818225427334,1.0960862810772611,0.01196239607391191,-0.1297995141886857,-0.12172850575604982
2018,05,14,18.0,593.0,4617.0,ok,7.785834738617201,0.00948208318009562,0.39432629589701423,0.02404628673957885,-2.769929336430915e-11,-2.7699293363925524e-11
2018,05,15,69.0,1068.0,6336.0,ok,5.932584269662922,0.017077343737507796,0.5236421941574876,0.03261261970110016,0.06707028191823185,0.069370632952943
2018,05,16,15.0,1733.0,17885.0,ok,10.320253894979803,0.02771070851788484,0.5752279215582761,0.04817344130795549,-0.5714199366151493,-0.43527700173556844
2018,05,17,18.0,124.0,2018.0,ok,16.274193548387096,0.0019827627560402307,0.5905259066879561,0.0033576219664278946,0.06038216101023828,0.06224241662161483
2018,05,18,41.0,1763.0,9426.0,ok,5.346568349404424,0.028190409184668766,0.4871853797816629,0.05786382423319556,-0.2199682843784727,-0.19745574925143347
2018,05,19,14.0,546.0,2816.0,ok,5.157509157509158,0.008730552135467468,0.5675828681839369,0.015381986710420148,-0.10766698024970442,-0.10207342607160068
2018,05,20,46.0,590.0,1651.0,ok,2.798305084745763,0.009434113113417228,3.5690516355148474,0.0026433109063316554,-0.17946715061411656,-0.16428459676997068
2018,05,21,89.0,1890.0,17128.0,ok,9.062433862433862,0.03022114200738739,0.9795344929891364,0.03085255519197174,0.0,0.0
2018,05,22,22.0,918.0,7148.0,ok,7.786492374727668,0.014678840403588161,0.5103494183960932,0.028762333950962983,-0.17678234398564585,-0.1620378478222119
2018,05,23,19.0,1390.0,18897.0,ok,13.594964028776978,0.022226130894321943,1.2363324451392537,0.017977471174283156,0.3978687587429237,0.48864864496676513
2018,05,24,136.0,3484.0,28878.0,ok,8.288748564867968,0.05570923743584003,0.7075173758844198,0.07873903784511535,0.14770754785948811,0.15917384391520503
2018,05,25,26.0,1003.0,8679.0,ok,8.653040877367896,0.016037992292809288,0.3778082777514067,0.042450081793501876,0.13959651931927122,0.14980977921961455
2018,05,26,136.0,5536.0,61108.0,ok,11.038294797687861,0.08852076304386063,1.1067334993180866,0.07998381100635578,0.32082513932833207,0.3782645555555212
2018,05,27,35.0,4152.0,33844.0,ok,8.151252408477841,0.06639057228289548,2.474538432202547,0.02682947713356074,0.11530758302616341,0.12221855987299904
2018,05,28,94.0,12706.0,138494.0,ok,10.899889815835039,0.20316922240521915,3.815680207197274,0.05324587265515438,0.2599939414197991,0.2969222291346295
2018,05,29,54.0,2054.0,11706.0,ok,5.6991236611489775,0.032843505652472856,0.5075717455983206,0.06470711960878998,-0.1846908254780333,-0.16863872015194994
2018,05,30,11.0,634.0,4374.0,ok,6.899053627760252,0.010137674091366986,0.6258201412263666,0.01619902176925953,-0.16744663152006004,-0.15417824369423275
2018,05,31,32.0,2924.0,25901.0,ok,8.858071135430917,0.04675482498920674,0.3326100260611018,0.1405694997919807,0.004195449076140245,0.004204262293439952
2018,05,32,56.0,1016.0,6015.0,ok,5.9202755905511815,0.01624586258174899,0.8254012858137837,0.019682380995725963,0.0049588163864399066,0.00497113166440309
2018,06,09,401.0,15039.0,105921.0,ok,7.043087971274685,0.14883025888686566,1.0102147267241839,0.1473253704877937,0.037185970124376744,0.03788601868366766
2018,06,10,70.0,1469.0,13814.0,ok,9.40367597004765,0.014537645475417624,1.0918744428485359,0.013314393033590105,-0.4729184068387177,-0.37681908359566146
2018,06,11,240.0,6644.0,24498.0,ok,3.6872366044551477,0.06575093025096984,2.0655794782823067,0.03183171160552339,-0.10163294919797938,-0.09663892977158023
2018,06,12,71.0,1041.0,8314.0,ok,7.98655139289145,0.010302034676589343,0.8967356382955282,0.011488374317508952,0.16252997827385834,0.17648358686720161
2018,06,13,71.0,1734.0,10834.0,ok,6.2479815455594006,0.017160161507402422,1.4345087222806487,0.01196239607391191,0.045069138299944196,0.04610018299676416
2018,06,14,38.0,1034.0,6327.0,ok,6.1189555125725335,0.010232760668197293,0.425544317050613,0.02404628673957885,-0.3858610277588568,-0.3201349985216574
2018,06,15,87.0,2211.0,12886.0,ok,5.828132066938037,0.021880690364975062,0.670927100169047,0.03261261970110016,-0.09563950151515199,-0.0912084249912588
2018,06,16,34.0,3528.0,87277.0,ok,24.738378684807255,0.034914100229593854,0.724758275133399,0.04817344130795549,0.15788111376081473,0.1710269674395869
2018,06,17,12.0,110.0,1692.0,ok,15.381818181818181,0.0010885915604465204,0.32421504604482043,0.0033576219664278946,-0.14095871822493042,-0.13147483478187288
2018,06,18,85.0,3792.0,25900.0,ok,6.830168776371308,0.03752671997466551,0.6485350816674337,0.05786382423319556,-0.12002024345196538,-0.11309751743237269
2018,06,19,12.0,431.0,2024.0,ok,4.696055684454756,0.0042652996595677305,0.2772918570185936,0.015381986710420148,-0.3463441997795276,-0.29273099662964536
2018,06,20,27.0,1178.0,9158.0,ok,7.774193548387097,0.011657825983690919,4.410312065737838,0.0026433109063316554,0.6973822530706258,1.0084881062072224
2018,06,21,104.0,4112.0,58436.0,ok,14.211089494163424,0.040693531786873564,1.318967960146866,0.03085255519197174,0.30493846960116955,0.3565415318967574
2018,06,22,42.0,1098.0,8904.0,ok,8.109289617486338,0.010866123030638905,0.377790030849534,0.028762333950962983,-0.28110897705897275,-0.24505394080403853
2018,06,23,41.0,1819.0,22446.0,ok,12.33974711379879,0.01800134589502019,1.0013280355454657,0.017977471174283156,0.1560484333352975,0.16888281461219917
2018,06,24,230.0,5160.0,44330.0,ok,8.59108527131783,0.05106484047185496,0.6485326957169926,0.07873903784511535,0.03858719826380437,0.03934135316825991
2018,06,25,69.0,3514.0,29454.0,ok,8.381900967558337,0.03477555221280976,0.8192104877906994,0.042450081793501876,-0.037185970124376744,-0.03650306295841409
2018,06,26,320.0,11645.0,98707.0,ok,8.476341777586947,0.11524226110363392,1.4408198315841239,0.07998381100635578,-0.08821288858607755,-0.08443405756452645
2018,06,27,51.0,2765.0,18188.0,ok,6.577938517179024,0.027363233314860264,1.0198943937163745,0.02682947713356074,-0.24408901948444084,-0.2165821082981359
2018,06,28,107.0,13198.0,217516.0,ok,16.48098196696469,0.13061119467975615,2.4529825161408554,0.05324587265515438,0.5285019506546365,0.6963891295652722
2018,06,29,138.0,6352.0,56461.0,ok,8.888696473551637,0.06286121447232998,0.9714729206365531,0.06470711960878998,0.11483074723682798,0.121683573460666
2018,06,30,34.0,3738.0,80453.0,ok,21.523006955591224,0.036992320481355395,2.2836144681004615,0.01619902176925953,0.825345157332193,1.2826685091466041
2018,06,31,90.0,6505.0,51889.0,ok,7.976787086856264,0.06437534637004196,0.4579609834658776,0.1405694997919807,-0.24554429564194546,-0.2177213685071193
2018,06,32,62.0,2931.0,65931.0,ok,22.49437052200614,0.029006016942443195,1.4737046777390328,0.019682380995725963,1.1948944766991123,2.3032091865732416
2018,07,09,462.0,16207.0,102045.0,ok,6.296353427531313,0.10094737432185813,0.68520020677784,0.1473253704877937,-0.19471306313864462,-0.17692920647341936
2018,07,10,80.0,1308.0,44125.0,ok,33.734709480122326,0.008147045450298663,0.6118976231019286,0.013314393033590105,0.6846852101347912,0.9831474625467469
2018,07,11,273.0,6083.0,21120.0,ok,3.4719710669077757,0.03788874424630487,1.1902829705120372,0.03183171160552339,-0.2816107472828366,-0.24543265523540805
2018,07,12,116.0,2340.0,17354.0,ok,7.4162393162393165,0.014574989567048066,1.2686729352851023,0.011488374317508952,-0.03137994669197195,-0.03089270599327447
2018,07,13,74.0,2389.0,16085.0,ok,6.7329426538300545,0.01488019234003326,1.2439140326146367,0.01196239607391191,0.0,0.0
2018,07,14,72.0,3403.0,43396.0,ok,12.752277402292096,0.021196021152420755,0.8814675372531962,0.02404628673957885,0.22863446183416508,0.256882516498697
2018,07,15,125.0,2755.0,20093.0,ok,7.293284936479129,0.01715987019539206,0.5261727010177347,0.03261261970110016,0.008795030971340597,0.008833820892356865
2018,07,16,98.0,8564.0,203948.0,ok,23.814572629612332,0.053341970364187884,1.1072900111742452,0.04817344130795549,0.0,0.0
2018,07,17,19.0,196.0,5139.0,ok,26.21938775510204,0.0012208110919407782,0.3635939674410619,0.0033576219664278946,0.27253126339312556,0.3132845160008021
2018,07,18,215.0,9290.0,72539.0,ok,7.808288482238966,0.05786395430678484,1.000002247925902,0.05786382423319556,-0.10600680409825458,-0.10058147167693432
2018,07,19,57.0,5846.0,94136.0,ok,16.102634279849468,0.036412559405539745,2.367220833760892,0.015381986710420148,0.7660927666195333,1.1513440075397847
2018,07,20,32.0,948.0,3722.0,ok,3.9261603375527425,0.005904739363060498,2.2338421670022166,0.0026433109063316554,-0.10558851275761322,-0.10020517399938103
2018,07,21,229.0,7417.0,89933.0,ok,12.125252797627073,0.04619773402512629,1.4973714085486045,0.03085255519197174,0.02638317360889583,0.02673429059297338
2018,07,22,61.0,3180.0,30715.0,ok,9.65880503144654,0.019807037103937115,0.6886449874932338,0.028762333950962983,-0.22607228189097647,-0.20233955682332286
2018,07,23,62.0,4008.0,55651.0,ok,13.88498003992016,0.024964341104584894,1.3886458702988485,0.017977471174283156,0.15420761973678793,0.16673309845240988
2018,07,24,356.0,11075.0,104816.0,ok,9.464198645598195,0.06898205532267407,0.8760845599658725,0.07873903784511535,0.015555273288730473,0.015676886308617403
2018,07,25,108.0,5975.0,84741.0,ok,14.182594142259415,0.03721605242013342,0.8767015479774726,0.042450081793501876,0.3689317716803187,0.44618892926799786
2018,07,26,297.0,8900.0,81658.0,ok,9.17505617977528,0.0554347893789435,0.69307511959562,0.07998381100635578,-0.1288263058719257,-0.12087334857793516
2018,07,27,134.0,11543.0,103865.0,ok,8.998094082994022,0.07189705323608368,2.679778397401131,0.02682947713356074,-0.05062060588893836,-0.04936073093595128
2018,07,28,160.0,13686.0,132326.0,ok,9.668712552973842,0.08524500308317087,1.6009692175627976,0.05324587265515438,-0.12463296685938235,-0.11717913235634396
2018,07,29,170.0,9932.0,75464.0,ok,7.598066854611357,0.061862733495692906,0.9560421460529563,0.06470711960878998,-0.16187878120937207,-0.14945569975701054
2018,07,30,80.0,11137.0,118806.0,ok,10.667684295591272,0.06936823025992064,4.28224810411447,0.01619902176925953,0.0036187439028943814,0.0036252994618562076
2018,07,31,116.0,12002.0,214804.0,ok,17.89735044159307,0.07475599349731235,0.5318080636833644,0.1405694997919807,0.44274970476254155,0.5569825802423762
2018,07,32,122.0,2365.0,17129.0,ok,7.242706131078224,0.014730705267550716,0.7484208984039835,0.019682380995725963,-0.058198662382268375,-0.0565375016896252
2018,08,09,702.0,42867.0,459953.0,ok,10.729768819838103,0.15659235284877754,1.0629014699253827,0.1473253704877937,0.0384998977363068,0.03925062208037182
2018,08,10,88.0,2913.0,122474.0,ok,42.0439409543426,0.010641134762136118,0.7992204177306633,0.013314393033590105,0.6050348269677843,0.8313159869580491
2018,08,11,146.0,3472.0,21528.0,ok,6.200460829493087,0.012683151353977549,0.39844390119998413,0.03183171160552339,-0.0015479996867701065,-0.001546802153261856
2018,08,12,125.0,3761.0,55604.0,ok,14.784365860143579,0.013738862973015426,1.1958926992896286,0.011488374317508952,0.3586798114020449,0.4314383979340724
2018,08,13,80.0,2338.0,21321.0,ok,9.119332763045337,0.008540670468202623,0.7139598467926064,0.01196239607391191,0.0035459415847320956,0.003552235873120654
2018,08,14,131.0,6042.0,67405.0,ok,11.156074147633234,0.022071313502515077,0.9178678496828753,0.02404628673957885,-0.20492970295966553,-0.1852954142804175
2018,08,15,177.0,5583.0,44256.0,ok,7.926921010209565,0.020394595048749038,0.6253589940234406,0.03261261970110016,-0.20773273850301532,-0.18757586260953396
2018,08,16,200.0,16265.0,607772.0,ok,37.36686135874577,0.05941574215796222,1.2333713462183185,0.04817344130795549,0.15064815751685812,0.16258753842681323
2018,08,17,24.0,886.0,39838.0,ok,44.963882618510155,0.0032365415033479574,0.9639386255240782,0.0033576219664278946,0.5120532891306092,0.6687140320903646
2018,08,18,465.0,21871.0,256657.0,ok,11.735037263956837,0.0798943557784686,1.3807306523068426,0.05786382423319556,0.0015479996867701065,0.0015491984567706186
2018,08,19,82.0,3589.0,29214.0,ok,8.13987183059348,0.013110550175525756,0.8523313940093535,0.015381986710420148,-0.21595408312083372,-0.19422770042662127
2018,08,20,23.0,269.0,1315.0,ok,4.888475836431227,0.0009826519914227997,0.3717504395979315,0.0026433109063316554,-0.18620828822570337,-0.16989932322297624
2018,08,21,367.0,9408.0,141778.0,ok,15.069940476190476,0.034367248830132716,1.113919045482351,0.03085255519197174,-0.05604345500794485,-0.05450195162753035
2018,08,22,104.0,9495.0,139072.0,ok,14.646866771985255,0.0346850582102583,1.205919459435837,0.028762333950962983,-0.10955418487600867,-0.10376639926011696
2018,08,23,105.0,8349.0,120099.0,ok,14.38483650736615,0.03049874154791433,1.6964978695970823,0.017977471174283156,-0.1102638375788888,-0.10440218823592913
2018,08,24,711.0,24030.0,298434.0,ok,12.419225967540575,0.08778114257951627,1.1148363630272866,0.07873903784511535,-0.012553495191322473,-0.012475028756433795
2018,08,25,178.0,15054.0,313537.0,ok,20.8274877109074,0.05499198170586925,1.295450547619139,0.042450081793501876,0.4533515568608092,0.5735772911773358
2018,08,26,392.0,22115.0,481398.0,ok,21.767940312005425,0.08078568323537255,1.0100254316333221,0.07998381100635578,0.43528503100979427,0.5454034840965563
2018,08,27,130.0,14130.0,80904.0,ok,5.725690021231422,0.051616626910052636,1.9238774819612823,0.02682947713356074,-0.80250872787032,-0.5517968671853466
2018,08,28,92.0,12720.0,132534.0,ok,10.419339622641509,0.046465923163189635,0.8726671354252201,0.05324587265515438,-0.34970287635570013,-0.2951024996790946
2018,08,29,318.0,23914.0,298212.0,ok,12.470184828970478,0.08735739673934882,1.3500430442198506,0.06470711960878998,0.033729541030330906,0.03430483187686112
2018,08,30,32.0,2394.0,25043.0,ok,10.460735171261486,0.008745237425524842,0.5398620700739137,0.01619902176925953,-0.31580993369441346,-0.27080196702658615
2018,08,31,212.0,16538.0,665058.0,ok,40.213931551578185,0.060413006074908036,0.4297732165534427,0.1405694997919807,0.952472108961388,1.592109722904059
2018,08,32,174.0,5746.0,70178.0,ok,12.21336581970066,0.020990031013811923,1.0664375930112275,0.019682380995725963,0.16449893155910897,0.17880231007034378
2018,09,09,415.0,24584.0,251797.0,ok,10.242312072892938,0.11877877790822958,0.806234374398337,0.1473253704877937,0.06974302260851695,0.07223260630923531
2018,09,10,61.0,2079.0,213996.0,ok,102.93217893217893,0.010044788450667478,0.7544308197396657,0.013314393033590105,1.5781276103416957,3.8458739472323673
2018,09,11,207.0,3541.0,23679.0,ok,6.6870940412312905,0.01710851173824605,0.5374675402398849,0.03183171160552339,0.15174554352513708,0.16386404600755805
2018,09,12,134.0,2970.0,24553.0,ok,8.267003367003367,0.014349697786667826,1.2490625209519897,0.011488374317508952,-0.1448806030979751,-0.13487441974131878
2018,09,13,104.0,2030.0,15138.0,ok,7.457142857142857,0.00980804259492784,0.8199061905597347,0.01196239607391191,-0.11994059847117976,-0.11302687728816074
2018,09,14,113.0,6234.0,104249.0,ok,16.722649983958934,0.03011987070777348,1.2525788714894532,0.02404628673957885,0.27758802139720673,0.319942297195838
2018,09,15,137.0,3367.0,23415.0,ok,6.954261954261955,0.016267822372966523,0.4988198593692779,0.03261261970110016,-0.26090497162677234,-0.22964587836412212
2018,09,16,85.0,6645.0,250241.0,ok,37.658540255831454,0.03210563696714064,0.6664592791264556,0.04817344130795549,0.2361614207273245,0.2663787134419654
2018,09,17,27.0,441.0,6891.0,ok,15.625850340136054,0.002130712701656738,0.6345898147442607,0.0033576219664278946,-0.46714190041536724,-0.37320885782179297
2018,09,18,456.0,19575.0,218418.0,ok,11.15800766283525,0.09457755359394704,1.6344850145540397,0.05786382423319556,0.028864164688429773,0.029284771761248177
2018,09,19,67.0,4915.0,68517.0,ok,13.940386571719227,0.02374705879510854,1.5438226051139206,0.015381986710420148,0.3997993722509826,0.4915254262323325
2018,09,20,11.0,198.0,903.0,ok,4.5606060606060606,0.0009566465191111884,0.36191222032175063,0.0026433109063316554,-0.1778955769394795,-0.16297017585864937
2018,09,21,233.0,5639.0,70695.0,ok,12.536797304486612,0.027245099602363595,0.8830743331577653,0.03085255519197174,-0.162339660024522,-0.14984760728846258
2018,09,22,74.0,3732.0,62707.0,ok,16.80251875669882,0.018031337420823006,0.6269080058511491,0.028762333950962983,0.10548592949348787,0.11125046855589492
2018,09,23,79.0,7148.0,82549.0,ok,11.548545047565753,0.034535905649529165,1.9210658337159743,0.017977471174283156,-0.2521412563246274,-0.2228650449121367
2018,09,24,562.0,15173.0,176470.0,ok,11.630527911421604,0.07330907896199021,0.9310385415960224,0.07873903784511535,-0.000428137014695405,-0.0004280453771220078
2018,09,25,116.0,5290.0,52837.0,ok,9.988090737240075,0.025558889323728216,0.6020928168774622,0.042450081793501876,-0.20379087138866805,-0.18436707446615225
2018,09,26,385.0,18090.0,260900.0,ok,14.422332780541735,0.08740270470061312,1.092754941292655,0.07998381100635578,0.10136241784825274,0.10667764882517268
2018,09,27,147.0,12822.0,151612.0,ok,11.824364373732648,0.06195010943456393,2.3090315598089357,0.02682947713356074,0.0004281359834306019,0.0004282276467217402
2018,09,28,97.0,6817.0,86071.0,ok,12.625935162094763,0.03293666323626753,0.6185768322285005,0.05324587265515438,-0.07987573648932902,-0.07676893680799558
2018,09,29,183.0,14575.0,496575.0,ok,34.07032590051458,0.07041981321235137,1.0882853948390767,0.06470711960878998,1.1165535103743174,2.054309396798072
2018,09,30,41.0,4003.0,51256.0,ok,12.804396702473145,0.01934068694950549,1.1939416604901303,0.01619902176925953,-0.03591231602071335,-0.03527511930894683
2018,09,31,278.0,33553.0,358464.0,ok,10.683515631985218,0.1621129326047359,1.1532582305879715,0.1405694997919807,-0.2953016706731783,-0.2556929820045693
2018,09,32,137.0,3552.0,37974.0,ok,10.690878378378379,0.01716165876708556,0.8719300155205929,0.019682380995725963,0.10909666397993764,0.115270151582673
2018,10,09,439.0,26847.0,277083.0,ok,10.320817968488099,0.12595296292299826,0.8549305697041081,0.1473253704877937,0.1749622132340493,0.19120120412082495
2018,10,10,51.0,2779.0,117029.0,ok,42.111910759265925,0.013037705664059752,0.9792189273042853,0.013314393033590105,0.7819714682255343,1.185777210891712
2018,10,11,271.0,4002.0,19902.0,ok,4.973013493253373,0.018775422118591983,0.5898338848776861,0.03183171160552339,-0.04682431401393598,-0.045744967899305995
2018,10,12,112.0,2376.0,21617.0,ok,9.098063973063972,0.011147027224831223,0.9702876069978417,0.011488374317508952,0.04849249971882173,0.04968749883940977
2018,10,13,111.0,2231.0,15834.0,ok,7.097265800089646,0.010466758307490933,0.8749717232918975,0.01196239607391191,-0.07181977731150627,-0.0693013862961939
2018,10,14,86.0,2197.0,25746.0,ok,11.718707328174784,0.010307246975149073,0.4286419390559757,0.02404628673957885,0.01959397196466299,0.019787193764202866
2018,10,15,146.0,3826.0,33037.0,ok,8.634866701515943,0.017949716398234117,0.5503917367799986,0.03261261970110016,0.05313215609152429,0.054569003628377334
2018,10,16,86.0,10418.0,355230.0,ok,34.097715492416974,0.0488761488334561,1.0145870319084835,0.04817344130795549,0.23441560276197088,0.26416977549592047
2018,10,17,16.0,153.0,2649.0,ok,17.313725490196077,0.0007178009955383742,0.21378255286494566,0.0033576219664278946,-0.26698539275198824,-0.23431574407648836
2018,10,18,462.0,18746.0,194093.0,ok,10.353835484903446,0.0879470422376625,1.5198968164155433,0.05786382423319556,0.05164733351813529,0.05300431769456264
2018,10,19,50.0,2441.0,25531.0,ok,10.459238017206063,0.011451975360190663,0.7445056074865026,0.015381986710420148,0.21007840056377172,0.23377478480374836
2018,10,20,5.0,78.0,374.0,ok,4.794871794871795,0.000365937762431328,0.1384391679218585,0.0026433109063316554,-0.030220573242882975,-0.029768497164275955
2018,10,21,154.0,3427.0,39590.0,ok,11.552378173329442,0.01607780399810463,0.5211174211686782,0.03085255519197174,-0.14653289032360636,-0.13630267541690871
2018,10,22,80.0,4254.0,50376.0,ok,11.842031029619182,0.01995768258183166,0.693882583237424,0.028762333950962983,-0.14680416156942155,-0.13653693989011126
2018,10,23,63.0,3120.0,36976.0,ok,11.851282051282052,0.014637510497253122,0.8142140991549545,0.017977471174283156,-0.12868110804508698,-0.12074569203113035
2018,10,24,699.0,18349.0,190898.0,ok,10.403727723581667,0.08608451285708253,1.0932888591605119,0.07873903784511535,-0.014313762147988048,-0.014211807286810511
2018,10,25,178.0,9851.0,92292.0,ok,9.368795046188204,0.04621606279116683,1.0887155180521098,0.042450081793501876,-0.17021628170700637,-0.15651763293933127
2018,10,26,436.0,11470.0,118031.0,ok,10.290409764603313,0.053811617116504264,0.6727813596207389,0.07998381100635578,-0.13861954850704622,-0.12944082900126852
2018,10,27,148.0,7491.0,169681.0,ok,22.651314911226805,0.035144099722731775,1.3099062478101875,0.02682947713356074,0.7480674152139558,1.1129126854176974
2018,10,28,102.0,7326.0,81517.0,ok,11.127081627081628,0.03437000060989627,0.6454960524826545,0.05324587265515438,-0.10866330236296425,-0.1029676046543738
2018,10,29,253.0,13384.0,137368.0,ok,10.263598326359833,0.06279116682539608,0.9703903867924043,0.06470711960878998,0.01431376115293902,0.014416693562383074
2018,10,30,47.0,2546.0,26958.0,ok,10.588373919874313,0.011944583886540528,0.7373645184678659,0.01619902176925953,-0.12836076547202765,-0.1204639843246654
2018,10,31,487.0,52387.0,1064758.0,ok,20.324851585316967,0.24577412257038436,1.7484171383841367,0.1405694997919807,0.4454242799633633,0.5611524210302905
2018,10,32,158.0,3452.0,32282.0,ok,9.351680185399768,0.016195091742473647,0.8228217788279995,0.019682380995725963,0.072845355912651,0.07556419440986278
2018,11,09,876.0,72701.0,737604.0,ok,10.145720141401082,0.18211992695262694,1.2361749123700052,0.1473253704877937,0.137533724904669,0.1474404026377402
2018,11,10,82.0,2938.0,51024.0,ok,17.36691626957114,0.007359848494337326,0.5527738647769819,0.013314393033590105,-0.12410954235329708,-0.11671692132399793
2018,11,11,316.0,5649.0,34777.0,ok,6.156310851478137,0.014151049742856213,0.4445582417378004,0.03183171160552339,0.14630997682549376,0.15755494765235026
2018,11,12,122.0,2002.0,21988.0,ok,10.983016983016983,0.0050151180005661425,0.43653852685865313,0.011488374317508952,0.21646360162607464,0.2416778894751897
2018,11,13,302.0,4909.0,35753.0,ok,7.283153391729477,0.01229730982256703,1.0279972128147064,0.01196239607391191,-0.06628288850570803,-0.06413391891589904
2018,11,14,443.0,14006.0,164251.0,ok,11.727188347850921,0.0350857855723923,1.4590937034217033,0.02404628673957885,0.0,0.0
2018,11,15,861.0,32375.0,318107.0,ok,9.825698841698841,0.08110112151265178,2.4868018042082003,0.03261261970110016,0.16200773924002512,0.1758693416208579
2018,11,16,360.0,24842.0,709732.0,ok,28.56984139763304,0.06223055013489716,1.291802047876954,0.04817344130795549,0.037219453418241545,0.03792077110803898
2018,11,17,38.0,557.0,11025.0,ok,19.793536804308797,0.001395315048109561,0.41556645210836773,0.0033576219664278946,-0.1534469267664747,-0.14225371364022552
2018,11,18,900.0,25390.0,259522.0,ok,10.22142575817251,0.06360331969748968,1.0991897016893235,0.05786382423319556,0.018458959395670688,0.018630379105361205
2018,11,19,226.0,6915.0,54755.0,ok,7.918293564714389,0.01732244803891852,1.1261515410869425,0.015381986710420148,-0.08854891102769,-0.08474165658497959
2018,11,20,81.0,1196.0,5096.0,ok,4.260869565217392,0.0029960445198187343,1.1334438611221096,0.0026433109063316554,-0.1686117077490158,-0.15516311667898092
2018,11,21,327.0,7266.0,105929.0,ok,14.578722818607211,0.01820172197408271,0.589958331192583,0.03085255519197174,0.06582148949669055,0.06803604449610687
2018,11,22,206.0,5960.0,93061.0,ok,15.614261744966443,0.014930121520166937,0.519085883142215,0.028762333950962983,0.10940796853650281,0.11561739430897898
2018,11,23,282.0,10384.0,129993.0,ok,12.518586286594761,0.02601248017876065,1.4469487908828693,0.017977471174283156,-0.0942201433880899,-0.08991760843468367
2018,11,24,1717.0,33085.0,316578.0,ok,9.568626265679312,0.08287970981455085,1.0525872817696917,0.07873903784511535,-0.11830571630010603,-0.11157559472888069
2018,11,25,385.0,13851.0,204989.0,ok,14.799581257670926,0.03469750221071011,0.8173718575972565,0.042450081793501876,0.26668068775019427,0.3056234781924593
2018,11,26,1021.0,22626.0,210641.0,ok,9.309687969592504,0.05667935058981495,0.7086352835239499,0.07998381100635578,-0.2590937706068401,-0.2282493478763549
2018,11,27,354.0,13620.0,197131.0,ok,14.473641703377385,0.03411883474910632,1.2716921235273493,0.02682947713356074,0.2798612666097943,0.32294626278540933
2018,11,28,229.0,12945.0,151090.0,ok,11.671687910390112,0.032427923335329026,0.6090222907106377,0.05324587265515438,-0.08119657943292846,-0.07798757505109011
2018,11,29,507.0,19459.0,202121.0,ok,10.387018860167531,0.04874584474176651,0.7533304686791336,0.06470711960878998,0.005949682294702779,0.0059674168085358265
2018,11,30,103.0,8297.0,95432.0,ok,11.501988670603833,0.020784432592755885,1.2830671437332082,0.01619902176925953,-0.06591484287800929,-0.06378941410378838
2018,11,31,534.0,46428.0,604082.0,ok,13.01115706039459,0.1163046446205219,0.8273817918725846,0.1405694997919807,-0.020930275087967937,-0.020712757094052837
2018,11,32,524.0,11792.0,104632.0,ok,8.873134328358208,0.02953959613520277,1.5008141617427946,0.019682380995725963,0.0,0.0
2018,12,09,825.0,52868.0,506352.0,ok,9.577665128243929,0.24935971511449662,1.69257823203748,0.1473253704877937,0.03649857459888643,0.03717282562939543
2018,12,10,84.0,3627.0,149477.0,ok,41.21229666390957,0.01710728014527274,1.2848711993189461,0.013314393033590105,0.696643066271613,1.0070040068940256
2018,12,11,126.0,2255.0,11399.0,ok,5.054988913525499,0.010636039902837064,0.33413345894323554,0.03183171160552339,-0.09420910766764941,-0.0899075649644142
2018,12,12,68.0,1743.0,15437.0,ok,8.856569133677567,0.008221116430441242,0.7156031134807108,0.011488374317508952,-0.04214414221716005,-0.04126842308292499
2018,12,13,86.0,2563.0,39151.0,ok,15.275458447132268,0.012088767304200174,1.0105640399722142,0.01196239607391191,0.6309836689801928,0.8794584352383485
2018,12,14,118.0,3976.0,39765.0,ok,10.00125754527163,0.0187533900903238,0.7798871523667212,0.02404628673957885,-0.2026161301778201,-0.18340835384154364
2018,12,15,201.0,5058.0,50769.0,ok,10.037366548042705,0.02385680258472278,0.7315205832396835,0.03261261970110016,0.1399042055347673,0.15016361427141556
2018,12,16,249.0,22734.0,755247.0,ok,33.22103457376617,0.10722826215126288,2.225879223902464,0.04817344130795549,0.14463400195144688,0.15561653946020063
2018,12,17,44.0,3095.0,131659.0,ok,42.53925686591276,0.014598023724736457,4.347727013552689,0.0033576219664278946,0.5682079199991377,0.7651010131589384
2018,12,18,332.0,10398.0,109256.0,ok,10.507405270244277,0.04904369973822607,0.8475710063782903,0.05786382423319556,0.002636116694692694,0.002639594305431217
2018,12,19,92.0,2384.0,20075.0,ok,8.420721476510067,0.011244487418343042,0.7310165864807139,0.015381986710420148,-0.07044615740863865,-0.06802208171887712
2018,12,20,51.0,821.0,4313.0,ok,5.253349573690621,0.0038723675211659553,1.4649686164008475,0.0026433109063316554,-0.0026361166946926827,-0.0026326451901789883
2018,12,21,227.0,7846.0,120648.0,ok,15.37700739230181,0.03700681555550315,1.1994732794492442,0.03085255519197174,0.0757146987995645,0.078654788747513
2018,12,22,231.0,17566.0,297943.0,ok,16.961345781623592,0.08285262835176756,2.8805947560800638,0.028762333950962983,0.14874320164716362,0.16037496856451805
2018,12,23,78.0,5422.0,67240.0,ok,12.401327923275543,0.02557366224087918,1.422539465809986,0.017977471174283156,-0.14704806221406458,-0.13674751340654542
2018,12,24,809.0,21069.0,280259.0,ok,13.301960225924343,0.09937504421856944,1.2620810075689064,0.07873903784511535,0.16769901082048044,0.18258061310633988
2018,12,25,180.0,6357.0,105397.0,ok,16.579675947774106,0.02998372756644577,0.7063290881817709,0.042450081793501876,0.33684237213114315,0.40051828562594244
2018,12,26,418.0,14215.0,198629.0,ok,13.9731973267675,0.06704714289083319,0.8382589182391597,0.07998381100635578,0.1035746388875935,0.10912857439867855
2018,12,27,111.0,3701.0,41083.0,ok,11.100513374763578,0.01745631205339245,0.6506392937325086,0.02682947713356074,-0.028893591200639578,-0.02848016277394427
2018,12,28,61.0,6573.0,61378.0,ok,9.33789745930321,0.031002523406362757,0.5822521420045054,0.05324587265515438,-0.34769856990511455,-0.29368825225302847
2018,12,29,146.0,6888.0,70367.0,ok,10.21588269454123,0.03248826733957503,0.5020818039188649,0.06470711960878998,-0.05408055495538247,-0.052644210775360176
2018,12,30,25.0,2179.0,21698.0,ok,9.957778797613583,0.010277574699903308,0.6344565027628274,0.01619902176925953,-0.2534977901373993,-0.22391854004336473
2018,12,31,107.0,4482.0,39097.0,ok,8.723114680946006,0.021140013678277482,0.15038833964381434,0.1405694997919807,-0.4641781709644521,-0.3713484629623902
2018,12,32,187.0,4195.0,38747.0,ok,9.236471990464839,0.019786335872461855,1.005281620996894,0.019682380995725963,-0.0032851366112255287,-0.003279746454031415
2018,13,09,677.0,30124.0,267020.0,ok,8.864028681450007,0.12201138135644707,0.8281763076683119,0.1473253704877937,0.002644698880905941,0.0026481991820585947
2018,13,10,37.0,1116.0,21939.0,ok,19.658602150537636,0.004520140140545576,0.33949276764941355,0.013314393033590105,0.0,0.0
2018,13,11,363.0,4206.0,22218.0,ok,5.282453637660485,0.017035581927540046,0.5351764347030606,0.03183171160552339,-0.006615475817448332,-0.006593641731456908
2018,13,12,47.0,557.0,4660.0,ok,8.366247755834829,0.002256019765487353,0.19637415208947773,0.011488374317508952,-0.055519516415394154,-0.05400643891302486
2018,13,13,201.0,3140.0,33175.0,ok,10.565286624203821,0.012717957026266227,1.0631613388894618,0.01196239607391191,0.3058885290366502,0.3578309393886479
2018,13,14,375.0,5636.0,47550.0,ok,8.436834634492548,0.022827517770712246,0.9493157100692566,0.02404628673957885,-0.32914117756644684,-0.2804585735314365
2018,13,15,1699.0,41305.0,356235.0,ok,8.624500665778962,0.16729783916239696,5.129849754349949,0.03261261970110016,0.031775086378442986,0.0322853041672575
2018,13,16,194.0,10802.0,178550.0,ok,16.529346417330125,0.04375139229226999,0.9082056648721247,0.04817344130795549,-0.5098332757073525,-0.39940429564067004
2018,13,17,16.0,314.0,9361.0,ok,29.812101910828027,0.0012717957026266227,0.37877870568605443,0.0033576219664278946,0.2562735921807626,0.292106189735534
2018,13,18,576.0,7961.0,59593.0,ok,7.485617384750659,0.03224447639684886,0.5572475864523091,0.05786382423319556,-0.2928820610460467,-0.2538898690432412
2018,13,19,184.0,2456.0,13067.0,ok,5.320439739413681,0.009947548553028615,0.6467011537781328,0.015381986710420148,-0.486007113045069,-0.38492256777552775
2018,13,20,219.0,3407.0,20510.0,ok,6.01995890813032,0.0137993884039774,5.220493877932797,0.0026433109063316554,0.17715702678653056,0.19381853989869247
2018,13,21,187.0,3702.0,67194.0,ok,18.150729335494326,0.014994228315680754,0.48599632096541745,0.03085255519197174,0.28513067247702534,0.32993580277307744
2018,13,22,102.0,2747.0,40184.0,ok,14.628321805606117,0.011126187245590231,0.38683186366444783,0.028762333950962983,0.04434432070568317,0.04534222590227072
2018,13,23,122.0,2522.0,26335.0,ok,10.442109436954798,0.010214868668867332,0.5682038685997028,0.017977471174283156,-0.27542640701420246,-0.2407516946121623
2018,13,24,1371.0,17523.0,137387.0,ok,7.840381213262569,0.07097349075517932,0.9013761495890851,0.07873903784511535,-0.31734634436289727,-0.27192145444745763
2018,13,25,323.0,7440.0,80319.0,ok,10.795564516129032,0.030134267603637174,0.7098753719774936,0.042450081793501876,-0.04862127852577643,-0.04745819056605833
2018,13,26,949.0,17071.0,191788.0,ok,11.234725557963799,0.06914275299216266,0.8644593464878579,0.07998381100635578,-0.07097830392283962,-0.06851789858409399
2018,13,27,495.0,12885.0,135566.0,ok,10.521226232052774,0.05218817716033131,1.9451805527380037,0.02682947713356074,-0.038911588658006,-0.038164257423869544
2018,13,28,256.0,9743.0,123316.0,ok,12.656881863902289,0.039462119524494216,0.7411301112495552,0.05324587265515438,0.0,0.0
2018,13,29,571.0,23863.0,319105.0,ok,13.372375644302895,0.09665242309483789,1.4936907048124635,0.06470711960878998,0.2587454661944717,0.2953040641919841
2018,13,30,105.0,7649.0,250020.0,ok,32.68662570270624,0.03098078130379311,1.9125093937823179,0.01619902176925953,0.9786927670186913,1.660975452449799
2018,13,31,265.0,21340.0,582106.0,ok,27.277694470477975,0.08643350412118513,0.6148809254432308,0.1405694997919807,0.7194933798387305,1.0533926569643866
2018,13,32,536.0,9386.0,87092.0,ok,9.278926060089494,0.038016160716093886,1.9314818021432016,0.019682380995725963,0.0448792809494848,0.04590159204027825
2018,14,09,600.0,50911.0,570476.0,ok,11.205358370489678,0.1430389633742035,0.9709051665751939,0.1473253704877937,0.10034142657418876,0.10554831721948145
2018,14,10,58.0,3230.0,159149.0,ok,49.27213622291022,0.009074971061237792,0.6815910449949222,0.013314393033590105,0.7821497256832312,1.1861668767098044
2018,14,11,129.0,2407.0,19792.0,ok,8.22268383880349,0.006762679673188658,0.21245102233256,0.03183171160552339,0.2991964907404244,0.3487746191610432
2018,14,12,63.0,786.0,6154.0,ok,7.8295165394402035,0.0022083366111866577,0.19222359492770216,0.011488374317508952,-0.258518236567323,-0.22780505126439035
2018,14,13,107.0,2775.0,30972.0,ok,11.16108108108108,0.0077966082646857195,0.6517597491767462,0.01196239607391191,0.22405357565231832,0.25113804816986296
2018,14,14,167.0,6851.0,70214.0,ok,10.24872281418771,0.019248491250941212,0.8004766581802115,0.02404628673957885,-0.2712892746068396,-0.23760407727738078
2018,14,15,301.0,8679.0,91205.0,ok,10.508699158889273,0.02438441914566031,0.7476988775862653,0.03261261970110016,0.09267742802412882,0.09710778195847192
2018,14,16,243.0,22023.0,745651.0,ok,33.85783044998411,0.06187556894168418,1.2844332325385666,0.04817344130795549,0.07050565653350672,0.07305063916044095
2018,14,17,47.0,3167.0,278055.0,ok,87.797600252605,0.008897966981715197,2.650080047927957,0.0033576219664278946,1.1996993485976293,2.3191188749674407
2018,14,18,456.0,14994.0,194706.0,ok,12.985594237695079,0.042126970926377544,0.7280364110848029,0.05786382423319556,0.12128105260241695,0.12894215991565366
2018,14,19,64.0,5783.0,38972.0,ok,6.739062770188483,0.016247850664748653,1.0562907750883666,0.015381986710420148,-0.3863362067924705,-0.3204579793731059
2018,14,20,5.0,145.0,1224.0,ok,8.441379310344828,0.0004073903417583529,0.1541212351458583,0.0026433109063316554,0.3785283176204662,0.46013415373737854
2018,14,21,212.0,8059.0,111904.0,ok,13.885593746122348,0.02264247423607287,0.7338929983330765,0.03085255519197174,-0.1194221860739907,-0.11256694021713438
2018,14,22,138.0,8440.0,75193.0,ok,8.909123222748816,0.02371292747889999,0.8244437853801522,0.028762333950962983,-0.5882333421323677,-0.4446925430471258
2018,14,23,104.0,6138.0,120616.0,ok,19.65070055392636,0.017245254604915657,0.9592703243816106,0.017977471174283156,0.22014597045994364,0.2462586342568279
2018,14,24,1178.0,25969.0,257785.0,ok,9.92664330547961,0.07296220541463908,0.9266331849032793,0.07873903784511535,-0.21810541288785287,-0.1959593190509279
2018,14,25,369.0,22804.0,245492.0,ok,10.765304332573233,0.06406985761005159,1.5092988023372713,0.042450081793501876,-0.18812223078354787,-0.17148656880259303
2018,14,26,1003.0,31834.0,395766.0,ok,12.43217943079726,0.08944044234162349,1.1182318173675951,0.07998381100635578,-0.10639355175620245,-0.10092925243024736
2018,14,27,282.0,13150.0,155161.0,ok,11.799315589353613,0.036946089614636836,1.3770708027858405,0.02682947713356074,-0.06095881868198927,-0.0591380150851787
2018,14,28,296.0,13159.0,179095.0,ok,13.610076753552702,0.03697137591171149,0.694351957590323,0.05324587265515438,-0.06408462837760547,-0.06207437895168315
2018,14,29,558.0,23956.0,237688.0,ok,9.921856737351812,0.0673065036356076,1.0401715304673291,0.06470711960878998,-0.17639951535097853,-0.1617169905028247
2018,14,30,158.0,15020.0,303481.0,ok,20.205126498002663,0.04220002022903766,2.605096828076345,0.01619902176925953,0.3609691355222146,0.43471917833697254
2018,14,31,568.0,60167.0,973943.0,ok,16.187328602057605,0.16904451512120566,1.2025689454068147,0.1405694997919807,0.06095881868198927,0.06285514351027013
2018,14,32,243.0,5477.0,47699.0,ok,8.708964761730874,0.015388116564210337,0.7818219029268803,0.019682380995725963,-0.15520760176829487,-0.1437625973678014
2018,15,09,687.0,34193.0,329130.0,ok,9.62565437370222,0.1805466085138289,1.2254957032589826,0.1473253704877937,0.3153955818017747,0.37080146783075
2018,15,10,117.0,2816.0,31322.0,ok,11.122869318181818,0.014869103312810873,1.1167691441358596,0.013314393033590105,-0.3391913393466437,-0.287653863795687
2018,15,11,355.0,9252.0,41063.0,ok,4.4382836143536535,0.048852607901323224,1.5347150824540141,0.03183171160552339,0.0495819425678686,0.05083169653458338
2018,15,12,117.0,1714.0,12040.0,ok,7.024504084014002,0.009050299388550368,0.7877789440371197,0.011488374317508952,0.0,0.0
2018,15,13,164.0,3320.0,17923.0,ok,5.398493975903614,0.01753033487163782,1.4654534729767643,0.01196239607391191,-0.13524484603768117,-0.12649798800368678
2018,15,14,98.0,3936.0,65224.0,ok,16.571138211382113,0.020782951221315196,0.8642894200836263,0.02404628673957885,0.576234531551905,0.7793258054128405
2018,15,15,202.0,5440.0,32646.0,ok,6.0011029411764705,0.028724404127021003,0.8807757362114644,0.03261261970110016,-0.1005683212736327,-0.09567667421926934
2018,15,16,72.0,7856.0,250543.0,ok,31.891929735234214,0.041481418901080334,0.8610848171693721,0.04817344130795549,0.3777027277536619,0.4589291792516832
2018,15,17,34.0,366.0,6218.0,ok,16.989071038251367,0.0019325610129576631,0.575574329772948,0.0033576219664278946,-0.07575018216268095,-0.0729522292970804
2018,15,18,219.0,7854.0,59361.0,ok,7.5580595874713525,0.04147085845838658,0.7166975050120418,0.05786382423319556,-0.052930685623418544,-0.051554248870083925
2018,15,19,26.0,1000.0,6353.0,ok,6.353,0.0052802213468788614,0.34327304049105084,0.015381986710420148,-0.07831554458007095,-0.07532739492425237
2018,15,20,14.0,253.0,1016.0,ok,4.015810276679842,0.001335896000760352,0.5053873903218925,0.0026433109063316554,0.0026361166946926827,0.0026395943054312054
2018,15,21,217.0,4616.0,34745.0,ok,7.52707972270364,0.024373501737192823,0.7899994533851492,0.03085255519197174,-0.36475253973707294,-0.3056315417794035
2018,15,22,152.0,5982.0,61704.0,ok,10.31494483450351,0.03158628409702935,1.0981822320428143,0.028762333950962983,-0.07470099630226718,-0.07197907346273018
2018,15,23,49.0,2349.0,22497.0,ok,9.577266922094509,0.012403239943818445,0.6899324061529483,0.017977471174283156,-0.13156037719352578,-0.1232736607361018
2018,15,24,1108.0,26042.0,226638.0,ok,8.702787804316104,0.1375075243154193,1.7463703910873951,0.07873903784511535,0.017329993828173837,0.017481029391547515
2018,15,25,191.0,9883.0,101280.0,ok,10.247900435090559,0.052184427571203784,1.229312768466609,0.042450081793501876,0.12963659755704668,0.13841460549650755
2018,15,26,646.0,18022.0,172649.0,ok,9.57990234158251,0.09516014911345083,1.1897426231151838,0.07998381100635578,0.0,0.0
2018,15,27,82.0,4058.0,56581.0,ok,13.943075406604239,0.02142713822563442,0.7986416626372272,0.02682947713356074,0.47299703114915964,0.6047966185673967
2018,15,28,171.0,16575.0,149755.0,ok,9.03499245852187,0.08751966882451713,1.6436892562797527,0.05324587265515438,-0.10677561485908477,-0.1012726885784567
2018,15,29,201.0,10267.0,95817.0,ok,9.332521671374305,0.05421203256840527,0.8378063016274482,0.06470711960878998,0.12938004402177009,0.13812257866671646
2018,15,30,30.0,2160.0,26328.0,ok,12.188888888888888,0.01140527810925834,0.7040720280345475,0.01619902176925953,0.22257194654368287,0.24928569820544683
2018,15,31,155.0,9193.0,77434.0,ok,8.423148047427391,0.04854107484185737,0.34531726237690274,0.1405694997919807,-0.2252719163706344,-0.20170088135484548
2018,15,32,122.0,2239.0,19499.0,ok,8.708798570790531,0.011822415595661771,0.6006598286167214,0.019682380995725963,0.2117876956211852,0.23588547332620638
2018,16,09,323.0,8851.0,51252.0,ok,5.7905321432606485,0.06948609650018056,0.47165058041335567,0.1473253704877937,-0.19159645696917632,-0.1743600174648421
2018,16,10,43.0,1337.0,15461.0,ok,11.56394913986537,0.010496318045502363,0.7883437133800854,0.013314393033590105,-0.29908656978498155,-0.2585047844249509
2018,16,11,151.0,4604.0,25392.0,ok,5.515204170286707,0.03614438914098196,1.135483683343947,0.03183171160552339,0.2680385184401178,0.30739749795731036
2018,16,12,76.0,1370.0,8724.0,ok,6.367883211678832,0.010755389470709227,0.936197687632565,0.011488374317508952,-0.09692187989628122,-0.09237309272803151
2018,16,13,72.0,1578.0,13802.0,ok,8.746514575411913,0.012388324514437344,1.0356056126125364,0.01196239607391191,0.34850605072543983,0.41694911646756105
2018,16,14,78.0,3857.0,45022.0,ok,11.672802696396163,0.030279954152208386,1.2592361756366013,0.02404628673957885,0.22704922265663996,0.2548916355201802
2018,16,15,99.0,2297.0,15653.0,ok,6.81454070526774,0.018032941324247515,0.5529436607522574,0.03261261970110016,0.027762702370956648,0.02815167751606849
2018,16,16,120.0,15209.0,272453.0,ok,17.913932539943456,0.11940052442336982,2.4785550125033664,0.04817344130795549,-0.1978558680919716,-0.1795118968683533
2018,16,17,13.0,99.0,1534.0,ok,15.494949494949495,0.0007772142756205939,0.23147760033493475,0.0033576219664278946,-0.16659067627794555,-0.1534539481899833
2018,16,18,214.0,9317.0,71150.0,ok,7.636578297735323,0.07314449905007143,1.2640799328314978,0.05786382423319556,-0.04137990716898302,-0.040535446762629095
2018,16,19,13.0,1092.0,7216.0,ok,6.608058608058608,0.008572908979572611,0.5573343119432749,0.015381986710420148,-0.03773715011740132,-0.03703397686544913
2018,16,20,4.0,165.0,1053.0,ok,6.381818181818182,0.001295357126034323,0.49005098981413386,0.0026433109063316554,0.4670656468266372,0.5953061267643223
2018,16,21,143.0,3316.0,49555.0,ok,14.944209891435465,0.02603275290866555,0.8437794777996096,0.03085255519197174,0.32227987059751484,0.380271019180535
2018,16,22,57.0,4437.0,74167.0,ok,16.715573585756143,0.03483333071645025,1.2110745524281072,0.028762333950962983,0.40926167149658343,0.5057056691966104
2018,16,23,69.0,6510.0,75598.0,ok,11.612596006144393,0.051107726608990565,2.8428762929738625,0.017977471174283156,0.06235336439395852,0.06433837757156928
2018,16,24,483.0,19248.0,157013.0,ok,8.157366999168746,0.1511092967388403,1.9191153571889183,0.07873903784511535,-0.046176341235746834,-0.04512643624085802
2018,16,25,90.0,3367.0,26459.0,ok,7.858330858330858,0.026433136020348882,0.6226875168093359,0.042450081793501876,-0.13464639523654903,-0.1259750835741359
2018,16,26,338.0,15490.0,222526.0,ok,14.36578437701743,0.12160655686225251,1.5203896305039686,0.07998381100635578,0.40639752765115916,0.5013992815718553
2018,16,27,13.0,847.0,10813.0,ok,12.766233766233766,0.006649499913642858,0.24784306755367444,0.02682947713356074,0.3860333623487014,0.4711337504732019
2018,16,28,77.0,9767.0,163902.0,ok,16.78120200675745,0.07667729121198323,1.4400607481556715,0.05324587265515438,0.513594258875035,0.6712874521979431
2018,16,29,84.0,2771.0,22073.0,ok,7.965716347888849,0.021754149068127934,0.33619405715554046,0.06470711960878998,-0.027762702334740874,-0.02738086032973743
2018,16,30,12.0,498.0,3004.0,ok,6.032128514056225,0.0039096233258490475,0.2413493469876212,0.01619902176925953,-0.47963727623245295,-0.3809921200395544
2018,16,31,69.0,5507.0,53099.0,ok,9.642091883057926,0.04323352541255162,0.30755978698458764,0.1405694997919807,-0.08890183540885659,-0.08506461657585723
2018,16,32,77.0,5844.0,66654.0,ok,11.405544147843942,0.04587919420936112,2.330977853712099,0.019682380995725963,0.48276904828299716,0.6205555916931862
2018,17,09,373.0,11998.0,68563.0,ok,5.714535755959327,0.11422424052018774,0.7753195538690434,0.1473253704877937,-0.33608083040989933,-0.28543465512805744
2018,17,10,32.0,618.0,6265.0,ok,10.137540453074434,0.0058835289749521605,0.4418923911971765,0.013314393033590105,-0.5620068260874711,-0.42993610394128634
2018,17,11,457.0,10289.0,77110.0,ok,7.4944115074351245,0.09795409324155789,3.077248702660433,0.03183171160552339,0.443414215792581,0.5580175561789045
2018,17,12,64.0,1083.0,6838.0,ok,6.3139427516158815,0.01031045611629966,0.8974686784522614,0.011488374317508952,-0.23670190537169028,-0.2107734828591219
2018,17,13,59.0,2674.0,30204.0,ok,11.295437546746447,0.025457211131103684,2.128103013293618,0.01196239607391191,0.4729764110378241,0.6047635278236196
2018,17,14,63.0,1303.0,9139.0,ok,7.013814274750575,0.012404916269195251,0.515876584336718,0.02404628673957885,-0.4136039253362005,-0.33873719115038975
2018,17,15,125.0,3809.0,29304.0,ok,7.693357836702547,0.036262721465360484,1.1119229855716617,0.03261261970110016,0.01778813197756246,0.017947283063533017
2018,17,16,33.0,2391.0,109477.0,ok,45.78711836051861,0.022762973752606174,0.472521230258197,0.04817344130795549,0.6092949205163327,0.8391342057271043
2018,17,17,11.0,141.0,1821.0,ok,12.914893617021276,0.0013423585525376288,0.3997944277109125,0.0033576219664278946,-0.4799968588954335,-0.3812146645274688
2018,17,18,118.0,3316.0,24407.0,ok,7.360373944511459,0.03156922666818991,0.5455779511040189,0.05786382423319556,-0.20949204428256663,-0.18900390853682986
2018,17,19,15.0,293.0,1722.0,ok,5.877133105802048,0.0027894401127200375,0.18134459255711097,0.015381986710420148,-0.2862312197587178,-0.24891107073323698
2018,17,20,3.0,45.0,148.0,ok,3.2888888888888888,0.00042841230400137093,0.1620741256638307,0.0026433109063316554,-0.3271108475872783,-0.2789961829366512
2018,17,21,158.0,3058.0,43029.0,ok,14.070961412688032,0.029112996125248716,0.9436170179131328,0.03085255519197174,0.1307959033108906,0.13973514140345827
2018,17,22,55.0,1670.0,21591.0,ok,12.92874251497006,0.015898856615161987,0.5527665676320986,0.028762333950962983,0.021100531174045048,0.02132472145001239
2018,17,23,18.0,942.0,14153.0,ok,15.024416135881104,0.008968097563762031,0.4988520063150445,0.017977471174283156,0.1886663727885044,0.20763798437285363
2018,17,24,302.0,7467.0,64232.0,ok,8.602115976965313,0.07108788164396082,0.9028289345342925,0.07873903784511535,-0.12436280981705866,-0.116940599862674
2018,17,25,105.0,4478.0,45100.0,ok,10.071460473425637,0.042631784384847535,1.0042803825968947,0.042450081793501876,-0.01778813197756246,-0.017630857080850302
2018,17,26,427.0,21092.0,235174.0,ok,11.149914659586573,0.2008016070221537,2.5105281243250253,0.07998381100635578,0.021706837221728864,0.0219441445662919
2018,17,27,24.0,1851.0,39191.0,ok,21.172879524581308,0.017622026104589725,0.6568158602892227,0.02682947713356074,0.7606775188889838,1.139725433905363
2018,17,28,44.0,11858.0,141756.0,ok,11.954461123292292,0.11289140224107236,2.1201906666496164,0.05324587265515438,0.04316621139739459,0.044111423647741316
2018,17,29,103.0,5124.0,44648.0,ok,8.713505074160812,0.048781881015622766,0.7538873822625866,0.06470711960878998,-0.06930868933564535,-0.06696138345125427
2018,17,30,14.0,2994.0,37330.0,ok,12.468269873079493,0.028503698626224545,1.7595938219130793,0.01619902176925953,0.11517655466291475,0.12207152704483738
2018,17,31,81.0,5132.0,65049.0,ok,12.675175370226032,0.048858043203000794,0.34757214954383786,0.1405694997919807,0.05333222431512474,0.05478001048277679
2018,17,32,115.0,1413.0,10153.0,ok,7.185421089879688,0.013452146345643047,0.6834613326794247,0.019682380995725963,-0.11054963321381098,-0.10465810960882957
2018,18,09,195.0,4722.0,26260.0,ok,5.561202880135536,0.06343619436570523,0.43058567682991905,0.1473253704877937,-0.3186160295826084,-0.27284529839592037
2018,18,10,20.0,259.0,3713.0,ok,14.335907335907336,0.0034794524228542257,0.2613301570770908,0.013314393033590105,-0.1708214114722617,-0.15702789482320997
2018,18,11,509.0,15137.0,103702.0,ok,6.850895157560943,0.20335317113800933,6.388383183979457,0.03183171160552339,0.3982993610236887,0.4892897984997255
2018,18,12,60.0,1584.0,39244.0,ok,24.775252525252526,0.021279739914289938,1.8522846946115235,0.011488374317508952,1.1750464763491086,2.2382934443972133
2018,18,13,41.0,872.0,7045.0,ok,8.079128440366972,0.01171460429625052,0.9792857738424342,0.01196239607391191,0.1825249562103425,0.20024410412414206
2018,18,14,83.0,1845.0,20568.0,ok,11.147967479674797,0.024786060695621802,1.0307645818273192,0.02404628673957885,0.09443502699768559,0.09903775303067956
2018,18,15,100.0,2235.0,15515.0,ok,6.941834451901566,0.03002539059876137,0.9206678541604092,0.03261261970110016,-0.0403397041575277,-0.039536889583913166
2018,18,16,53.0,4040.0,83214.0,ok,20.59752475247525,0.054274084124830396,1.1266391325019878,0.04817344130795549,-0.144873529599916,-0.13486830025556287
2018,18,17,9.0,81.0,1857.0,ok,22.925925925925927,0.0010881685183443718,0.32408905148486744,0.0033576219664278946,0.13855379044553878,0.14861146423091728
2018,18,18,117.0,5073.0,52920.0,ok,10.431697220579538,0.06815159127853083,1.1777927259676926,0.05786382423319556,0.18390962926147417,0.20190720094685438
2018,18,19,5.0,182.0,,suppressed,,0.0024450206214651315,0.15895349979783902,0.015381986710420148,,
2018,18,20,3.0,57.0,,suppressed,,0.0007657482166127061,0.2896928298439926,0.0026433109063316554,,
2018,18,21,76.0,2112.0,21031.0,ok,9.957859848484848,0.02837298655238658,0.9196316601929172,0.03085255519197174,-0.17029169029475355,-0.15658123635526894
2018,18,22,19.0,355.0,8269.0,ok,23.292957746478873,0.004769133629780889,0.1658117744516771,0.028762333950962983,0.6544621006658273,0.9241072629543718
2018,18,23,15.0,1438.0,12695.0,ok,8.828233657858137,0.019318349745422302,1.074586606655628,0.017977471174283156,-0.29839185950103997,-0.25798948110066283
2018,18,24,181.0,4384.0,48554.0,ok,11.075273722627736,0.05889544178298427,0.7479827464851083,0.07873903784511535,0.1730074363514685,0.18887494594311044
2018,18,25,29.0,753.0,5468.0,ok,7.2616201859229745,0.010115936966831012,0.2383019428805795,0.042450081793501876,-0.30022745825554065,-0.25935026537593237
2018,18,26,153.0,3800.0,41281.0,ok,10.86342105263158,0.05104988110751374,0.6382526721995924,0.07998381100635578,0.0403397041575277,0.041164402000598656
2018,18,27,13.0,652.0,4417.0,ok,6.774539877300613,0.008759084863710251,0.32647243999971937,0.02682947713356074,-0.33420869443907897,-0.2840956386230312
2018,18,28,47.0,9951.0,120849.0,ok,12.14440759722641,0.13368351760549188,2.510683193630612,0.05324587265515438,0.10359390269983539,0.10914994064908493
2018,18,29,66.0,3576.0,76263.0,ok,21.326342281879196,0.04804062495801819,0.7424318258711708,0.06470711960878998,0.870423648670311,1.3879222793630017
2018,18,30,5.0,342.0,2893.0,ok,8.45906432748538,0.004594489299676236,0.2836275773389651,0.01619902176925953,-0.22810845234246638,-0.20396207702361785
2018,18,31,28.0,4895.0,50876.0,ok,10.393462717058222,0.06576030737402098,0.46781348351765656,0.1405694997919807,-0.10047270536476667,-0.09559020238859062
2018,18,32,264.0,6092.0,41359.0,ok,6.789067629678266,0.08184101992288781,4.158085342452197,0.019682380995725963,-0.12262670889510417,-0.11540618806248353
2018,19,09,176.0,9953.0,78558.0,ok,7.892896614086205,0.1381747001332741,0.9378880207514716,0.1473253704877937,3.62157750048175e-11,3.6215775005473295e-11
2018,19,10,100.0,3166.0,86612.0,ok,27.356917245735943,0.04395268769435806,3.3011409219686088,0.013314393033590105,0.44384787630982686,0.5586933534008907
2018,19,11,90.0,1508.0,10021.0,ok,6.645225464190982,0.02093513993780542,0.6576818801717463,0.03183171160552339,0.3362859264623655,0.3997391900741374
2018,19,12,23.0,419.0,2770.0,ok,6.610978520286396,0.005816859173700577,0.5063257004809936,0.011488374317508952,-0.17759984968014628,-0.16272260671810845
2018,19,13,28.0,536.0,3242.0,ok,6.048507462686567,0.007441137272323412,0.6220440475592807,0.01196239607391191,-0.13848023536823065,-0.1293195402222679
2018,19,14,44.0,841.0,5923.0,ok,7.042806183115339,0.0116753665037761,0.4855371904286202,0.02404628673957885,-0.39634820154898653,-0.32722760524223315
2018,19,15,52.0,813.0,8456.0,ok,10.400984009840098,0.01128665037760995,0.3460822982346679,0.03261261970110016,0.33246191163033234,0.3943967878731439
2018,19,16,19.0,1279.0,27419.0,ok,21.437842064112587,0.017755997334517992,0.3685847814153505,0.04817344130795549,-0.13641949176640017,-0.12752344102119284
2018,19,17,6.0,44.0,468.0,ok,10.636363636363637,0.0006108396268325189,0.1819262659525601,0.0033576219664278946,-0.6609686866149342,-0.48364909006151924
2018,19,18,148.0,4606.0,39973.0,ok,8.678462874511506,0.06394380275433141,1.1050739145175243,0.05786382423319556,-0.031627658979943934,-0.031132736047938817
2018,19,19,9.0,271.0,10801.0,ok,39.85608856088561,0.0037622167925366505,0.24458588239372417,0.015381986710420148,1.64110558444,4.160872139219933
2018,19,20,6.0,122.0,1407.0,ok,11.532786885245901,0.0016936916925810752,0.6407463036315896,0.0026433109063316554,0.9406640804306121,1.5616820164963987
2018,19,21,71.0,1497.0,33538.0,ok,22.403473613894455,0.02078243003109729,0.6736048246825651,0.03085255519197174,0.609029422355555,0.8386459837919411
2018,19,22,13.0,382.0,3598.0,ok,9.418848167539267,0.005303198578409596,0.1843799806876257,0.028762333950962983,-0.2825088980566115,-0.24611006622583353
2018,19,23,26.0,1521.0,17869.0,ok,11.74819197896121,0.021115615282096847,1.1745598186413904,0.017977471174283156,-0.04418019311905011,-0.04321846351033381
2018,19,24,155.0,4222.0,48608.0,ok,11.513027001421127,0.058612838738338516,0.7443936367832391,0.07873903784511535,0.18023884997190956,0.19750335260829224
2018,19,25,45.0,3428.0,53446.0,ok,15.591015169194867,0.04758996001776988,1.1210805258107843,0.042450081793501876,0.4323316369604636,0.5408460319315742
2018,19,26,189.0,13648.0,355960.0,ok,26.08147713950762,0.18947134606841404,2.3688711963644495,0.07998381100635578,0.8846310670635216,1.4220906376167148
2018,19,27,42.0,3567.0,49042.0,ok,13.748808522567984,0.049519657929808975,1.8457183374574715,0.02682947713356074,0.3420392909653099,0.40781561086176715
2018,19,28,100.0,6764.0,66181.0,ok,9.784299231224129,0.09390270990670813,1.7635678640270727,0.05324587265515438,-0.14402863179305833,-0.134137043504694
2018,19,29,94.0,4488.0,41366.0,ok,9.217023172905526,0.06230564193691693,0.9628869638087424,0.06470711960878998,0.0,0.0
2018,19,30,22.0,2021.0,35744.0,ok,17.68629391390401,0.028056974677920923,1.7320166043090286,0.01619902176925953,0.4779102318297182,0.612700707693854
2018,19,31,66.0,3984.0,32851.0,ok,8.245732931726907,0.055308751665926255,0.39346196541763284,0.1405694997919807,-0.3634866152058801,-0.3047519670943346
2018,19,32,172.0,2952.0,19031.0,ok,6.446815718157182,0.040981785872945355,2.0821559079587253,0.019682380995725963,-0.20588673640328867,-0.186074740835353
2018,20,09,608.0,22620.0,228015.0,ok,10.080238726790451,0.11038615634622799,0.7492678007918112,0.1473253704877937,0.2654250580343319,0.3039851273517663
2018,20,10,118.0,3561.0,47316.0,ok,13.287278854254422,0.017377767583948624,1.3051866157253484,0.013314393033590105,-0.25750313130980323,-0.22702079412767134
2018,20,11,84.0,1878.0,7880.0,ok,4.195953141640042,0.009164686190018397,0.2879105686678864,0.03183171160552339,-0.10268086731260288,-0.0975850823693117
2018,20,12,99.0,1326.0,9644.0,ok,7.273001508295626,0.006470912613399571,0.5632574665971254,0.011488374317508952,-0.061351155752396504,-0.05950707771678778
2018,20,13,78.0,1310.0,13641.0,ok,10.412977099236642,0.006392832219874388,0.5344106799653743,0.01196239607391191,0.4255723543366157,0.5304661379599949
2018,20,14,93.0,2283.0,23475.0,ok,10.28252299605782,0.011141096151124602,0.46331877648231556,0.02404628673957885,0.0029020643254073276,0.002906279390558851
2018,20,15,209.0,4415.0,33703.0,ok,7.633748584371461,0.021545308588355284,0.6606432965465964,0.03261261970110016,0.0439518183716044,0.04493200714986834
2018,20,16,46.0,2010.0,56156.0,ok,27.938308457711443,0.009808849436601161,0.2036152944502493,0.04817344130795549,0.14923294176176102,0.16094338991260576
2018,20,17,22.0,191.0,2394.0,ok,12.534031413612565,0.0009320846977068764,0.27760263276407565,0.0033576219664278946,-0.4759885859112882,-0.37872942655556885
2018,20,18,309.0,9878.0,75640.0,ok,7.6574205304717555,0.04820488295261008,0.8330746125306336,0.05786382423319556,-0.13598559747675293,-0.12714479628444675
2018,20,19,23.0,1012.0,6272.0,ok,6.1976284584980235,0.004938584890467848,0.3210628759107122,0.015381986710420148,-0.1991915792841977,-0.1806071004101488
2018,20,20,11.0,331.0,1289.0,ok,3.894259818731118,0.001615288141052231,0.6110851875891898,0.0026433109063316554,-0.12421499975665304,-0.11681006515246388
2018,20,21,192.0,4357.0,78007.0,ok,17.90383291255451,0.021262267161826495,0.6891574143382208,0.03085255519197174,0.40563952721718677,0.5002616514813794
2018,20,22,43.0,1484.0,14265.0,ok,9.612533692722373,0.007241956499460757,0.25178612110573495,0.028762333950962983,-0.24134255940849755,-0.21442752495156892
2018,20,23,113.0,3740.0,33208.0,ok,8.879144385026738,0.01825129198651161,1.0152313309015428,0.017977471174283156,-0.30336304378237877,-0.26166899877104366
2018,20,24,520.0,15084.0,141622.0,ok,9.38888888888889,0.07361029099586662,0.934863988821691,0.07873903784511535,-0.0029020653566721307,-0.0028978584355755835
2018,20,25,215.0,14390.0,178472.0,ok,12.402501737317582,0.07022355392671178,1.6542619227052087,0.042450081793501876,0.22434634922373636,0.25150440195129825
2018,20,26,682.0,23299.0,257423.0,ok,11.048671616807589,0.11369969304645296,1.4215338281070153,0.07998381100635578,0.04652720251968299,0.04762657676350232
2018,20,27,221.0,11995.0,142307.0,ok,11.863859941642351,0.0585358950209109,2.181775467688444,0.02682947713356074,0.21539522758567614,0.2403520214391477
2018,20,28,338.0,29266.0,279765.0,ok,9.559386318594957,0.14281879980675102,2.682251086984968,0.05324587265515438,-0.14647277642223153,-0.13625075364052638
2018,20,29,288.0,14074.0,146930.0,ok,10.439818104305813,0.06868146615458942,1.0614205449080065,0.06470711960878998,0.14538634481850374,0.15648628645366533
2018,20,30,106.0,15341.0,325078.0,ok,21.19014405840558,0.07486445731686488,4.621541867357278,0.01619902176925953,0.6794677226678626,0.9728273614262544
2018,20,31,240.0,15475.0,146287.0,ok,9.453117932148627,0.07551838061263828,0.5372316236764934,0.1405694997919807,-0.20602652972202334,-0.18618851419597052
2018,20,32,167.0,5597.0,45707.0,ok,8.166339110237628,0.027313497660028208,1.3877130854218982,0.019682380995725963,0.0513589655594812,0.05270070876666239
2018,21,09,439.0,17455.0,132964.0,ok,7.61753079346892,0.0853007149524261,0.5789954212909547,0.1473253704877937,-0.046394194981410994,-0.04533443636573283
2018,21,10,74.0,1689.0,21889.0,ok,12.959739490822972,0.008253962048390013,0.6199277749700323,0.013314393033590105,-0.314157223765401,-0.2695958177643885
2018,21,11,430.0,7763.0,43972.0,ok,5.664305036712611,0.03793694930826032,1.1917973428006794,0.03183171160552339,0.16568823812365222,0.18020510140513257
2018,21,12,185.0,3247.0,25287.0,ok,7.787804126886357,0.015867741131511175,1.381199871536899,0.011488374317508952,-0.024655869518006815,-0.024354396344000356
2018,21,13,220.0,5794.0,49656.0,ok,8.570245081118399,0.028314657257768938,2.3669720583419505,0.01196239607391191,0.19912127602978305,0.2203299536978146
2018,21,14,196.0,6114.0,60649.0,ok,9.919692508995748,0.02987846297445621,1.2425395778583113,0.02404628673957885,-0.06471625125504281,-0.06266660717913433
2018,21,15,217.0,4910.0,43052.0,ok,8.768228105906314,0.023994643965420347,0.7357472102926742,0.03261261970110016,0.15081296208233202,0.1627791539500318
2018,21,16,85.0,5917.0,146119.0,ok,24.694777758999493,0.028915745080120608,0.6002424633787867,0.04817344130795549,-0.005868655531072996,-0.005851468610011168
2018,21,17,21.0,181.0,3760.0,ok,20.773480662983424,0.0008845276085012388,0.26343871267981656,0.0033576219664278946,-0.002453420637565115,-0.00245041346094515
2018,21,18,415.0,18559.0,168471.0,ok,9.077590387413116,0.0906958446749972,1.5674014961314364,0.05786382423319556,0.0024534206375651166,0.0024564327367892864
2018,21,19,90.0,3045.0,24963.0,ok,8.198029556650246,0.014880588772852333,0.9674035645065174,0.015381986710420148,0.048840954184409015,0.050053330870052246
2018,21,20,8.0,67.0,179.0,ok,2.671641791044776,0.0003274218219313978,0.12386807058795386,0.0026433109063316554,-0.5327200226420915,-0.4129938737355175
2018,21,21,711.0,17503.0,159750.0,ok,9.127006798834486,0.0855352858099292,2.77238903804592,0.03085255519197174,-0.2998320752242852,-0.2590573671390774
2018,21,22,81.0,4479.0,56896.0,ok,12.702835454342488,0.021888393140757176,0.7610089354387854,0.028762333950962983,0.00572025156440162,0.005736643443701384
2018,21,23,66.0,3785.0,31761.0,ok,8.391281373844121,0.01849688949269165,1.0288927354338648,0.017977471174283156,-0.39156958973983796,-0.3240049934588067
2018,21,24,701.0,19351.0,210198.0,ok,10.862384372900625,0.0945662638237982,1.201008628144733,0.07873903784511535,0.11118224176603214,0.11759856143226004
2018,21,25,180.0,10490.0,118564.0,ok,11.302573879885605,0.05126350615015467,1.207618548287507,0.042450081793501876,0.09978403894164566,0.1049322699647944
2018,21,26,573.0,16927.0,208703.0,ok,12.329591776451823,0.0827204355198921,1.0342147301948248,0.07998381100635578,0.12452462415623033,0.13260990968023356
2018,21,27,50.0,2149.0,22247.0,ok,10.352256863657516,0.010501932766127969,0.3914326288897818,0.02682947713356074,0.047408396770719355,0.04855014614242991
2018,21,28,59.0,5480.0,63235.0,ok,11.539233576642335,0.02678017289826955,0.5029530283353735,0.05324587265515438,0.010061953789396266,0.010112745457962933
2018,21,29,210.0,11915.0,106269.0,ok,8.918925723877466,0.058227328482277685,0.8998596883049625,0.06470711960878998,-0.04375989150188531,-0.04281624216205336
2018,21,30,9.0,1190.0,6752.0,ok,5.673949579831933,0.005815402508930797,0.3589971414179181,0.01619902176925953,-0.66987757960673,-0.48822877481354393
2018,21,31,319.0,33896.0,379181.0,ok,11.18660018881284,0.1656461205400994,1.178393042482387,0.1405694997919807,-0.0693490881764275,-0.06699907636838759
2018,21,32,148.0,2723.0,22193.0,ok,8.150201983106868,0.013307009270435764,0.6760873734394932,0.019682380995725963,0.017686374807656717,0.017843704898895058
2018,22,09,1095.0,46551.0,452253.0,ok,9.715215570019978,0.11263001773491504,0.7644984523846606,0.1473253704877937,-0.012996475060892188,-0.012912385562109819
2018,22,10,513.0,11586.0,373796.0,ok,32.262730882099085,0.02803229544965147,2.1054129451436823,0.013314393033590105,0.3880646301803214,0.47412505417752115
2018,22,11,235.0,5384.0,43419.0,ok,8.064450222882614,0.013026573338591708,0.40923257599290885,0.03183171160552339,0.30912629108260803,0.36223439769729415
2018,22,12,248.0,4453.0,56955.0,ok,12.790253761509096,0.010774021373838944,0.9378194926516894,0.011488374317508952,0.2616253722024368,0.29903979484319737
2018,22,13,241.0,4369.0,37090.0,ok,8.489356832227054,0.010570783602583055,0.8836677482729617,0.01196239607391191,-0.02020508993132985,-0.02000233495875254
2018,22,14,467.0,18709.0,249271.0,ok,13.323587578170933,0.04526637455269544,1.8824683845339625,0.02404628673957885,0.020454513824392423,0.02066514103346186
2018,22,15,276.0,7684.0,54785.0,ok,7.129750130140552,0.01859141707536008,0.57006818973003,0.03261261970110016,-0.2658888722913646,-0.23347569514223862
2018,22,16,184.0,23040.0,793664.0,ok,34.44722222222222,0.05574521725875797,1.1571773937095098,0.04817344130795549,0.11712463427343435,0.12425954223014068
2018,22,17,31.0,448.0,7822.0,ok,17.459821428571427,0.001083934780031405,0.3228281178969594,0.0033576219664278946,-0.3860715805843259,-0.32027813094965885
2018,22,18,663.0,27615.0,259235.0,ok,9.387470577584645,0.06681441730037332,1.1546837456008128,0.05786382423319556,-0.17382275577748008,-0.15955415137129766
2018,22,19,98.0,7882.0,96438.0,ok,12.235219487439736,0.019070477536177532,1.2397928756016092,0.015381986710420148,0.2394224850729932,0.2705151969160723
2018,22,20,12.0,319.0,1924.0,ok,6.031347962382445,0.0007718196313170049,0.2919897275300558,0.0026433109063316554,0.07171404161980648,0.07434808129663421
2018,22,21,214.0,5295.0,56036.0,ok,10.582813975448536,0.01281123808095154,0.4152407475243801,0.03085255519197174,-0.3616817891218542,-0.30349603227864447
2018,22,22,130.0,3656.0,41757.0,ok,11.421498905908097,0.00884568204418486,0.30754395868102696,0.028762333950962983,-0.3104508105095258,-0.26688361485369977
2018,22,23,105.0,7231.0,112166.0,ok,15.51182409072051,0.017495384808944397,0.9731838610299993,0.017977471174283156,0.012996475060892188,0.01308129630363455
2018,22,24,1047.0,24784.0,222176.0,ok,8.964493221433182,0.059964820509594514,0.7615640494305899,0.07873903784511535,-0.2906953049894542,-0.25225652298166507
2018,22,25,255.0,11451.0,99212.0,ok,8.664046808139027,0.027705663317275937,0.6526645449601237,0.042450081793501876,-0.3759078032640064,-0.31333436154543554
2018,22,26,1009.0,30816.0,372297.0,ok,12.08128894080997,0.0745592280835888,0.9321789890414708,0.07998381100635578,-0.1056629748335348,-0.1002721720955889
2018,22,27,127.0,8585.0,109402.0,ok,12.743389633080955,0.020771384121807172,0.7742001090220444,0.02682947713356074,0.04537324564796141,0.04641835812642097
2018,22,28,135.0,12512.0,132761.0,ok,10.610693734015346,0.030272749928019958,0.5685464134296511,0.05324587265515438,-0.2836718329020157,-0.2469862815100252
2018,22,29,544.0,47484.0,838805.0,ok,17.665002948361554,0.11488740869422151,1.7754987301059666,0.06470711960878998,0.429806773688013,0.5369605136424205
2018,22,30,40.0,4190.0,100782.0,ok,24.052983293556085,0.010137693590025865,0.6258213449199697,0.01619902176925953,0.5646527268228058,0.758836879781444
2018,22,31,1004.0,89357.0,1509548.0,ok,16.893449869624092,0.21619901816800505,1.5380222486950823,0.1405694997919807,0.13301694889918503,0.1422693583750253
2018,22,32,329.0,9908.0,93138.0,ok,9.400282599919256,0.023972379019087414,1.217961334266064,0.019682380995725963,-0.04945986042518538,-0.04825664005644431
2018,23,09,1132.0,64164.0,595043.0,ok,9.273782806558195,0.0743371074982419,0.5045777740256959,0.1473253704877937,-0.014058990847701857,-0.01396062475145428
2018,23,10,129.0,4157.0,114642.0,ok,27.578061101756074,0.004816086214546967,0.3617202979059386,0.013314393033590105,0.2766118679239978,0.3186544596038265
2018,23,11,898.0,18363.0,130547.0,ok,7.10924140935577,0.0212744265474443,0.6683406412790193,0.03183171160552339,0.22849568485323307,0.2567081022402931
2018,23,12,244.0,4548.0,44554.0,ok,9.796394019349165,0.005269078687457206,0.45864441232793246,0.011488374317508952,0.04039566705350068,0.041222670206132135
2018,23,13,351.0,6112.0,50594.0,ok,8.277814136125654,0.007081048579098163,0.5919423278870366,0.01196239607391191,-1.0312648030843757e-09,-1.0312648025526222e-09
2018,23,14,414.0,12867.0,137156.0,ok,10.659516592834382,0.014907043859171475,0.6199312193443701,0.02404628673957885,-0.15718899266917474,-0.1454574587204493
2018,23,15,635.0,14440.0,119887.0,ok,8.302423822714681,0.016729440687529035,0.5129744510210164,0.03261261970110016,-0.06817817212931962,-0.06590597077239047
2018,23,16,218.0,14525.0,417229.0,ok,28.72488812392427,0.01682791731207474,0.34931939374021287,0.04817344130795549,-0.019100408671451415,-0.018919151727501134
2018,23,17,43.0,1118.0,219532.0,ok,196.3613595706619,0.0012952572499070265,0.38576625446759993,0.0033576219664278946,2.079422119657763,6.9998446253322655
2018,23,18,1415.0,57733.0,573054.0,ok,9.925934907245423,0.06688648193996634,1.1559291634512228,0.05786382423319556,-0.07260822920127316,-0.07003490816562014
2018,23,19,222.0,12579.0,163189.0,ok,12.973129819540503,0.014573381884240148,0.9474317042783407,0.015381986710420148,0.34342352058060016,0.4097657002975856
2018,23,20,36.0,887.0,4289.0,ok,4.835400225479143,0.0010276325408475246,0.38876718526980114,0.0026433109063316554,-0.10385319450471867,-0.0986423880406342
2018,23,21,692.0,25956.0,333241.0,ok,12.838688549853599,0.03007128549068585,0.9746773096612371,0.03085255519197174,-0.12301060610985112,-0.11574571598698656
2018,23,22,492.0,29753.0,442942.0,ok,14.887305481800155,0.03447029423656866,1.1984526115070218,0.028762333950962983,0.0,0.0
2018,23,23,184.0,8910.0,122456.0,ok,13.743658810325478,0.01032266734943793,0.5742001891903766,0.017977471174283156,-0.06258917219322932,-0.06067070297483853
2018,23,24,2179.0,57298.0,656415.0,ok,11.456159028238332,0.06638251333199714,0.8430699072368109,0.07873903784511535,0.0,0.0
2018,23,25,624.0,30643.0,335891.0,ok,10.96142675325523,0.03550140242298838,0.8363093997247097,0.042450081793501876,-0.09526787417643909,-0.09087063043383503
2018,23,26,2165.0,69489.0,947477.0,ok,13.634920634920634,0.08050637838889925,1.0065334143993456,0.07998381100635578,0.06075272365540692,0.0626361169221357
2018,23,27,269.0,15290.0,306358.0,ok,20.036494440810987,0.017714206932986077,0.6602516644212773,0.02682947713356074,0.5433552915616718,0.7217742357284624
2018,23,28,112.0,8471.0,114560.0,ok,13.523787038130092,0.00981406454737247,0.18431596775459055,0.05324587265515438,0.0043553595601627595,0.004364857923200992
2018,23,29,698.0,60375.0,1064497.0,ok,17.631420289855072,0.06994736714055164,1.080984095157433,0.06470711960878998,0.47334327021407163,0.6053523580517914
2018,23,30,40.0,3894.0,50703.0,ok,13.02080123266564,0.004511387952717318,0.2784975547892938,0.01619902176925953,-0.0036187439028943814,-0.003612204140130877
2018,23,31,1708.0,330346.0,6653773.0,ok,20.141830081187603,0.3827218707314728,2.7226522915556863,0.1405694997919807,0.35432912503304526,0.42522418625326935
2018,23,32,422.0,11231.0,104029.0,ok,9.262665835633515,0.013011658473797687,0.6610815264994196,0.019682380995725963,-0.01876832851749531,-0.018593300146936397
2018,24,09,458.0,17090.0,183901.0,ok,10.760737273259215,0.08356110130500047,0.5671874506633175,0.1473253704877937,0.05858726860440222,0.06033751583225259
2018,24,10,75.0,1733.0,25929.0,ok,14.961915753029428,0.00847345749336254,0.6364133514750052,0.013314393033590105,-0.4109671250522156,-0.336991272380245
2018,24,11,129.0,2749.0,13789.0,ok,5.0160058202982905,0.013441162521208092,0.42225698346914536,0.03183171160552339,-0.19633234277952807,-0.17826090976138723
2018,24,12,114.0,1803.0,20708.0,ok,11.485302273987799,0.008815720635044813,0.7673601496087346,0.011488374317508952,0.12338301445112047,0.13131764898426238
2018,24,13,64.0,1848.0,14506.0,ok,7.8495670995671,0.009035746940411987,0.7553459093464995,0.01196239607391191,-0.1291870042992834,-0.12119039099676303
2018,24,14,66.0,2215.0,22285.0,ok,10.060948081264108,0.010830183697517615,0.45038902741235864,0.02404628673957885,-0.2910471063795451,-0.25251953390979387
2018,24,15,92.0,1855.0,12578.0,ok,6.780592991913746,0.009069973254580215,0.27811237912525766,0.03261261970110016,-0.34672755773797914,-0.29300208186619214
2018,24,16,117.0,15245.0,383907.0,ok,25.18248606100361,0.07454002278494629,1.547326094236007,0.04817344130795549,-0.22678202902128328,-0.2029054931742192
2018,24,17,16.0,1571.0,70897.0,ok,45.12858052196054,0.00768136279404071,2.2877390220950797,0.0033576219664278946,0.5329148002100248,0.7038915810014323
2018,24,18,234.0,12751.0,181714.0,ok,14.250960708964003,0.06234567599415219,1.0774551599440512,0.05786382423319556,0.21299862740678832,0.2373829528189938
2018,24,19,60.0,7338.0,80269.0,ok,10.938811665303897,0.03587895619520734,2.332530697800046,0.015381986710420148,0.09679396065165535,0.10163337041426242
2018,24,20,,,,nil_or_na,,0.0,0.0,0.0026433109063316554,,
2018,24,21,245.0,6877.0,118950.0,ok,17.296786389413988,0.03362490893355694,1.0898581567826384,0.03085255519197174,0.09898051845143473,0.10404479084715995
2018,24,22,105.0,2526.0,28239.0,ok,11.179334916864608,0.012350809941277423,0.42940916972643345,0.028762333950962983,-0.36250833808358285,-0.30407148905564174
2018,24,23,52.0,3872.0,67081.0,ok,17.324638429752067,0.01893204120848226,1.0530981262573025,0.017977471174283156,0.09289651583622782,0.09734817123427669
2018,24,24,430.0,14561.0,172722.0,ok,11.861960030217706,0.07119562294336523,0.9041972684935713,0.07873903784511535,-0.04125729459761855,-0.04041779713410926
2018,24,25,143.0,11122.0,144697.0,ok,13.009980219385003,0.054380723739860456,1.2810510944217988,0.042450081793501876,0.0,0.0
2018,24,26,299.0,10821.0,141081.0,ok,13.037704463543111,0.052908992230626686,0.6614962648681789,0.07998381100635578,-0.060102415673638804,-0.05833191292596599
2018,24,27,55.0,4856.0,56131.0,ok,11.559102141680395,0.023743283085844485,0.8849700263500192,0.02682947713356074,-0.08279329709350858,-0.07945859385989372
2018,24,28,80.0,19612.0,899674.0,ok,45.873648786457274,0.09589235335246747,1.8009349564709363,0.05324587265515438,1.1497296268255652,2.1573391344714565
2018,24,29,186.0,17459.0,221949.0,ok,12.712583767684288,0.0853653170090113,1.319256946146233,0.06470711960878998,0.0701866201632976,0.07270835158346897
2018,24,30,6.0,1644.0,74227.0,ok,45.150243309002434,0.008038294356080793,0.49622097374638136,0.01619902176925953,1.1637623046886332,2.201957382029002
2018,24,31,275.0,42325.0,550963.0,ok,13.017436503248671,0.2069469638814596,1.4722038862463511,0.1405694997919807,-0.15824634453528197,-0.14636053335317922
2018,24,32,104.0,2648.0,33135.0,ok,12.51321752265861,0.012947325702495098,0.6578129803150653,0.019682380995725963,0.20595881783751388,0.22870260232316003
2018,25,09,221.0,11430.0,119582.0,ok,10.462117235345582,0.07058387624664217,0.47910197688924344,0.1473253704877937,-0.034211007014005146,-0.033632427213227276
2018,25,10,50.0,1354.0,63446.0,ok,46.85819793205317,0.008361379565875196,0.6279955492361357,0.013314393033590105,0.6659957740369981,0.9464277588785159
2018,25,11,247.0,7199.0,75923.0,ok,10.54632587859425,0.04445610893259641,1.3965981309306177,0.03183171160552339,0.4821561807334436,0.6195627100423398
2018,25,12,49.0,972.0,8541.0,ok,8.787037037037036,0.0060024083737302,0.5224767410809534,0.011488374317508952,-0.2090626230052191,-0.1886555747736979
2018,25,13,60.0,1913.0,14838.0,ok,7.7564035546262415,0.011813381912495754,0.9875431175748199,0.01196239607391191,-0.20578167483536614,-0.18598922407926985
2018,25,14,89.0,4121.0,58104.0,ok,14.099490414947828,0.02544848241578411,1.0583123578035574,0.02404628673957885,-0.018224907457351197,-0.018059838143553893
2018,25,15,73.0,3726.0,38268.0,ok,10.270531400966183,0.0230092320992991,0.7055315491420919,0.03261261970110016,0.003831593713058856,0.0038389436525790503
2018,25,16,105.0,7515.0,584267.0,ok,77.74677312042581,0.04640750918578442,0.9633422052852296,0.04817344130795549,0.8358712084635561,1.306822896728625
2018,25,17,13.0,141.0,2623.0,ok,18.602836879432623,0.0008707197332262945,0.25932631544957263,0.0033576219664278946,-0.41794192467714886,-0.3415995358659392
2018,25,18,258.0,16028.0,246994.0,ok,15.410157224856501,0.09897798499397907,1.710533071493691,0.05786382423319556,0.2265461027292066,0.2542604333300953
2018,25,19,18.0,2297.0,44229.0,ok,19.255115367871138,0.014184703739154599,0.9221633073928949,0.015381986710420148,0.5975984971785234,0.8177482270229457
2018,25,20,9.0,96.0,206.0,ok,2.1458333333333335,0.0005928304566647112,0.22427571998612597,0.0026433109063316554,-1.0570106201803102,-0.6525069520860067
2018,25,21,217.0,9272.0,180304.0,ok,19.44607420189819,0.057257541606200016,1.855844394408513,0.03085255519197174,0.15144994708913725,0.1635200627861817
2018,25,22,32.0,1751.0,30811.0,ok,17.59623072529983,0.010812980516874054,0.3759423882397425,0.028762333950962983,0.026454346260577813,0.02680736859555447
2018,25,23,46.0,2539.0,37491.0,ok,14.766049625836944,0.015679130515330226,0.8721543960954466,0.017977471174283156,-0.13155761184073778,-0.12327123627512296
2018,25,24,305.0,11567.0,148620.0,ok,12.848621077202386,0.07142989471084077,0.9071725622473045,0.07873903784511535,-0.026012496150799633,-0.025677085753387056
2018,25,25,149.0,13895.0,255533.0,ok,18.390284274919036,0.08580603328496002,2.021339645524427,0.042450081793501876,0.2814506703911568,0.32505063048000016
2018,25,26,227.0,11620.0,169508.0,ok,14.587607573149741,0.07175718652545775,0.8971463802813258,0.07998381100635578,-0.012430600804267028,-0.012353660022775558
2018,25,27,43.0,3784.0,80514.0,ok,21.277484143763214,0.023367400500200697,0.870959966304026,0.02682947713356074,0.46272788911716534,0.5884010623893152
2018,25,28,77.0,13697.0,150015.0,ok,10.952398335401913,0.08458332046808904,1.58854228976377,0.05324587265515438,-0.3472578206488889,-0.2933768772614382
2018,25,29,172.0,18055.0,290875.0,ok,16.110495707560233,0.11149535307376417,1.7230770547020045,0.06470711960878998,0.24241018218476365,0.27431678767336637
2018,25,30,7.0,1551.0,10363.0,ok,6.6814958091553835,0.009577917065489239,0.5912651518047225,0.01619902176925953,-0.8115465321794443,-0.5558293893686417
2018,25,31,99.0,15133.0,245240.0,ok,16.205643296107844,0.09345107604903202,0.6648033619478191,0.1405694997919807,-0.003831593713058856,-0.003824262524235839
2018,25,32,90.0,2279.0,29066.0,ok,12.753839403247039,0.014073548028529967,0.7150328017522902,0.019682380995725963,0.16035063218894438,0.17392241382312162
2018,26,09,495.0,22189.0,239508.0,ok,10.793997025553201,0.1532304845036186,1.040082125680547,0.1473253704877937,0.15837407810871995,0.1716043842962389
2018,26,10,119.0,3857.0,214570.0,ok,55.631319678506614,0.026635268769681232,2.000486894331921,0.013314393033590105,0.9989719315521715,1.7154886846963988
2018,26,11,616.0,7701.0,45742.0,ok,5.93974808466433,0.053180763493729626,1.6706850122536856,0.03183171160552339,0.0694011491086606,0.07186610104824412
2018,26,12,69.0,1406.0,10435.0,ok,7.42176386913229,0.009709408319982321,0.8451507629921683,0.011488374317508952,-0.2165676601480338,-0.19472195215253513
2018,26,13,106.0,1173.0,7816.0,ok,6.663256606990623,0.008100381194409149,0.6771537361210432,0.01196239607391191,-0.19633630987323886,-0.1782641696708978
2018,26,14,143.0,3737.0,41476.0,ok,11.098742306663098,0.02580658527153196,1.0732045887590518,0.02404628673957885,-0.09617598000965102,-0.09169584137133975
2018,26,15,294.0,8203.0,80036.0,ok,9.756918200658296,0.05664742279432076,1.7369786086951429,0.03261261970110016,0.11388520771237087,0.12062347856781612
2018,26,16,110.0,5688.0,111211.0,ok,19.55186357243319,0.039279597812275566,0.8153786971782899,0.04817344130795549,-0.38315944597152846,-0.3182958043677266
2018,26,17,12.0,199.0,3814.0,ok,19.165829145728644,0.001374233467764212,0.40928772848905054,0.0033576219664278946,-0.22677126552777963,-0.2028969136065002
2018,26,18,225.0,6964.0,62620.0,ok,8.991958644457208,0.04809126567592951,0.8311110838806314,0.05786382423319556,-0.15079426813733426,-0.13997538507410798
2018,26,19,12.0,902.0,6314.0,ok,7.0,0.006228937627755372,0.40495013713252864,0.015381986710420148,-0.252912325392792,-0.22346403867533549
2018,26,20,33.0,605.0,4470.0,ok,7.3884297520661155,0.0041779459698359205,1.580573045655839,0.0026433109063316554,0.34073241927692066,0.4059769781876385
2018,26,21,161.0,4349.0,133580.0,ok,30.715106921131294,0.030032871112093254,0.9734322141301354,0.03085255519197174,0.7699151408007854,1.159582985526237
2018,26,22,53.0,1545.0,19147.0,ok,12.392880258899677,0.010669300038671897,0.37094694946738427,0.028762333950962983,-0.16275244726848737,-0.150198466931426
2018,26,23,31.0,1756.0,18579.0,ok,10.580296127562642,0.012126401856251036,0.6745332387793174,0.017977471174283156,-0.30353901067664185,-0.26179890915396953
2018,26,24,404.0,9569.0,91763.0,ok,9.589612289685443,0.06608060328158666,0.8392355950751058,0.07873903784511535,-0.15721274589079615,-0.145477756617746
2018,26,25,77.0,5021.0,70121.0,ok,13.965544712208724,0.034673498701729186,0.816806405000541,0.042450081793501876,0.16757716513676435,0.1824365295411451
2018,26,26,441.0,14613.0,192332.0,ok,13.161705330869774,0.10091293298712778,1.2616669763223574,0.07998381100635578,0.04606431638928437,0.04714175716807134
2018,26,27,128.0,8839.0,138802.0,ok,15.703360108609571,0.0610394453345119,2.275088889382724,0.02682947713356074,0.3203089542741075,0.37755329957682165
2018,26,28,82.0,9196.0,244933.0,ok,26.634732492387993,0.063504778741506,1.1926704470183664,0.05324587265515438,0.7027556050658736,1.0193094672340703
2018,26,29,237.0,14217.0,146069.0,ok,10.27424913835549,0.09817827744323518,1.5172716393003898,0.06470711960878998,-0.046064316353068596,-0.04501946065005322
2018,26,30,13.0,1142.0,15983.0,ok,13.995621716287216,0.00788630462405392,0.48683832495487844,0.01619902176925953,0.08921191516777813,0.09331232124279847
2018,26,31,101.0,9117.0,100018.0,ok,10.970494680267631,0.06295922877189106,0.4478868379346883,0.1405694997919807,-0.23262597251318495,-0.2075500838487199
2018,26,32,156.0,2820.0,275089.0,ok,97.54929078014185,0.01947406220650793,0.9894159761838128,0.019682380995725963,2.3562318601719485,9.551118361908435
2018,27,09,768.0,49124.0,537961.0,ok,10.95108297369921,0.10979785607638734,0.7452745967164182,0.1473253704877937,0.11793819592889007,0.12517456884929484
2018,27,10,59.0,1420.0,83277.0,ok,58.64577464788732,0.003173865231423948,0.23837851439542068,0.013314393033590105,0.9968570276832175,1.7097517558359088
2018,27,11,868.0,13875.0,94779.0,ok,6.830918918918919,0.031012239497188225,0.9742561091753241,0.03183171160552339,0.1543095460967896,0.16685202537101962
2018,27,12,163.0,2907.0,28782.0,ok,9.90092879256966,0.006497483258978462,0.5655702956227601,0.011488374317508952,0.016760076254520494,0.016901314282643767
2018,27,13,368.0,9967.0,50451.0,ok,5.0618039530450485,0.022277404761691894,1.8622861694301682,0.01196239607391191,-0.5261058093469766,-0.409098421536453
2018,27,14,563.0,12710.0,123150.0,ok,9.689221085759245,0.02840832893760449,1.1814019039723902,0.02404628673957885,-0.2868778234651493,-0.24939657063882584
2018,27,15,1084.0,23632.0,191806.0,ok,8.116367637102234,0.052820269823247,1.619626706083509,0.03261261970110016,-0.12509275259220945,-0.11758494749477394
2018,27,16,523.0,31193.0,746493.0,ok,23.93142692270702,0.06971998462239944,1.447270170646615,0.04817344130795549,-0.23592160871269108,-0.21015741171673483
2018,27,17,50.0,1769.0,104477.0,ok,59.05992085924251,0.003953920841118988,1.177595596125279,0.0033576219664278946,0.8437682227171763,1.3251120297499979
2018,27,18,1342.0,32790.0,307055.0,ok,9.364287892650198,0.07328946544957131,1.2665852356078169,0.05786382423319556,-0.16510575497854554,-0.15219596015126546
2018,27,19,225.0,5888.0,59328.0,ok,10.076086956521738,0.013160365128608595,0.8555699193065502,0.015381986710420148,0.05645842744071195,0.05808262668315366
2018,27,20,129.0,1582.0,9922.0,ok,6.2718078381795195,0.003535954081769497,1.3376988962212688,0.0026433109063316554,0.12199774760554484,0.12975155713130992
2018,27,21,295.0,6877.0,107908.0,ok,15.691144394358005,0.01537089520880457,0.4982049335351092,0.03085255519197174,0.043372940393498094,0.0443272940667409
2018,27,22,584.0,19685.0,300499.0,ok,15.265379730759461,0.04399826554970452,1.529718194104739,0.028762333950962983,-0.009171167150842041,-0.009129240268102195
2018,27,23,270.0,10416.0,130471.0,ok,12.526017665130569,0.023280972007402704,1.295008167817631,0.017977471174283156,-0.18960861833645207,-0.17271714607020766
2018,27,24,3379.0,63874.0,679879.0,ok,10.644064877728027,0.14276582238871355,1.8131517262065473,0.07873903784511535,-0.10777484365640051,-0.10217027426754548
2018,27,25,819.0,27795.0,349998.0,ok,12.592120885051267,0.06212505923058354,1.4634850300828737,0.042450081793501876,0.009171166119577238,0.009213350123791635
2018,27,26,1772.0,46264.0,582552.0,ok,12.591907314542626,0.10340542328633628,1.2928294111682093,0.07998381100635578,-0.05307694116730566,-0.05169295417580563
2018,27,27,271.0,8388.0,82114.0,ok,9.789461134954697,0.01874815602900287,0.6987894671100757,0.02682947713356074,-0.20714342883316464,-0.18709695210991537
2018,27,28,172.0,7938.0,69512.0,ok,8.75686570924666,0.0177423536669319,0.333215567370636,0.05324587265515438,-0.464506533242558,-0.37155485452577025
2018,27,29,773.0,27415.0,416254.0,ok,15.1834397227795,0.061275715013723614,0.9469702157071408,0.06470711960878998,0.289616257868013,0.3359147428792211
2018,27,30,49.0,3611.0,58393.0,ok,16.17086679590141,0.00807100517652949,0.49824028212898824,0.01619902176925953,0.17879455972809902,0.19577505857872377
2018,27,31,428.0,28310.0,419143.0,ok,14.805475097138821,0.06327614415606476,0.4501413482277653,0.1405694997919807,0.012277625026924525,0.012353304469201002
2018,27,32,546.0,9974.0,74617.0,ok,7.48115099258071,0.022293050576213,1.132639927103024,0.019682380995725963,-0.2666233670151324,-0.2340384964871854
2018,28,09,1071.0,55585.0,573434.0,ok,10.316344337501125,0.15267919926166829,1.0363401684051299,0.1473253704877937,0.0,0.0
2018,28,10,126.0,5773.0,162427.0,ok,28.135631387493504,0.015857102047991564,1.190974459593209,0.013314393033590105,0.20414898339497542,0.22648086512852925
2018,28,11,313.0,7151.0,44373.0,ok,6.205146133407915,0.019642150830623185,0.6170623519727702,0.03183171160552339,0.0,0.0
2018,28,12,145.0,2349.0,20251.0,ok,8.621115368241805,0.00645216225718555,0.5616253508864242,0.011488374317508952,-0.17988333382987914,-0.16463233512749606
2018,28,13,104.0,2139.0,20580.0,ok,9.621318373071528,0.005875340599455041,0.4911508165381873,0.01196239607391191,0.05792324944956285,0.0596336651221839
2018,28,14,189.0,7104.0,101985.0,ok,14.355996621621621,0.0195130526500835,0.8114788308652289,0.02404628673957885,0.04804656584063824,0.04921951197552536
2018,28,15,264.0,6548.0,56873.0,ok,8.685552840562003,0.01798584864199701,0.5514996589308118,0.03261261970110016,-0.11554372832618842,-0.1091183853765308
2018,28,16,278.0,23663.0,763768.0,ok,32.27688796855851,0.06499681374703349,1.3492250497848437,0.04817344130795549,0.0050079841648883495,0.005020545077115757
2018,28,17,32.0,1202.0,32442.0,ok,26.990016638935106,0.0033016172980574843,0.9833201387975214,0.0033576219664278946,0.002453420637565115,0.0024564327367892847
2018,28,18,388.0,14361.0,184306.0,ok,12.833785948053757,0.03944636107937066,0.6817102326385975,0.05786382423319556,0.09184286263987618,0.09619255574203589
2018,28,19,190.0,5667.0,45001.0,ok,7.940885830245279,0.01556594444932759,1.0119592964400903,0.015381986710420148,-0.239911035803645,-0.21330215410493053
2018,28,20,249.0,3814.0,21341.0,ok,5.595437860513896,0.010476180012305528,3.9632795322000933,0.0026433109063316554,-0.05034460825993576,-0.04909832054099517
2018,28,21,309.0,8074.0,116412.0,ok,14.418132276442902,0.02217741935483871,0.7188195342928867,0.03085255519197174,-0.09946627045849545,-0.0946795146015825
2018,28,22,251.0,18724.0,314893.0,ok,16.817613757744073,0.051430517711171665,1.7881204563877104,0.028762333950962983,0.029438796919407942,0.029876401934560603
2018,28,23,135.0,6920.0,111059.0,ok,16.04898843930636,0.019007647007119627,1.0573037121210986,0.017977471174283156,0.0,0.0
2018,28,24,1133.0,30239.0,311191.0,ok,10.291047984391017,0.08305957194339457,1.0548715632870442,0.07873903784511535,-0.1997322116822719,-0.1810499710325287
2018,28,25,408.0,27304.0,443502.0,ok,16.24311456196894,0.07499780258416103,1.7667292833259383,0.042450081793501876,0.20553966477582297,0.22818769578535322
2018,28,26,743.0,29092.0,355873.0,ok,12.232675649663138,0.0799090269842665,0.999065010517149,0.07998381100635578,-0.14024987809954878,-0.13085897104618568
2018,28,27,114.0,7542.0,145463.0,ok,19.28705913550782,0.02071613782192142,0.7721409447822521,0.02682947713356074,0.41275520915257835,0.5109751077824849
2018,28,28,100.0,11856.0,121097.0,ok,10.213984480431849,0.032565702733585306,0.6116098978130436,0.05324587265515438,-0.368816078920766,-0.30844741014686367
2018,28,29,398.0,38750.0,402729.0,ok,10.393006451612903,0.10643732970027248,1.6449090972334635,0.06470711960878998,-0.1476852700484493,-0.13729740943641935
2018,28,30,46.0,6186.0,113909.0,ok,18.413999353378596,0.016991517974861564,1.048922473028954,0.01619902176925953,0.2504651828512945,0.28462286224215044
2018,28,31,386.0,37386.0,579546.0,ok,15.50168512277323,0.10269073569482288,0.7305335499293087,0.1405694997919807,0.0,0.0
2018,28,32,241.0,6635.0,73405.0,ok,11.063300678221552,0.018224817614485366,0.9259457795498874,0.019682380995725963,0.06639405294427822,0.06864773799585011
2018,29,09,205.0,8953.0,109174.0,ok,12.194124874343796,0.14466455532574973,0.9819391924606466,0.1473253704877937,0.276973504534346,0.31913141957071295
2018,29,10,35.0,630.0,5642.0,ok,8.955555555555556,0.010179679420889348,0.7645620341240963,0.013314393033590105,-0.8308650355166771,-0.5643277487003009
2018,29,11,263.0,5254.0,25642.0,ok,4.880472021317091,0.08489529472595657,2.6670037658680497,0.03183171160552339,-0.13038832552454577,-0.12224548974986892
2018,29,12,119.0,1679.0,12902.0,ok,7.684335914234664,0.027129653567735265,2.3614876063350487,0.011488374317508952,-0.18516514028839104,-0.16903295361696322
2018,29,13,41.0,1182.0,9887.0,ok,8.364636209813876,0.01909901758014478,1.5965879629915205,0.01196239607391191,0.027703495974394768,0.02809080616212825
2018,29,14,56.0,2206.0,21773.0,ok,9.869900271985495,0.03564503619441572,1.482350958401655,0.02404628673957885,-0.21688271997777714,-0.19497562295434784
2018,29,15,76.0,3258.0,24281.0,ok,7.452731737262124,0.05264348500517063,1.6142059573151908,0.03261261970110016,-0.15887543641080787,-0.14689738212496953
2018,29,16,71.0,3508.0,40264.0,ok,11.477765108323831,0.05668304033092037,1.176645030787111,0.04817344130795549,-0.9191830493082244,-0.6011552554854795
2018,29,17,7.0,137.0,2040.0,ok,14.89051094890511,0.0022136763185108582,0.6592988551554966,0.0033576219664278946,-0.48254075896782683,-0.3827867920716609
2018,29,18,252.0,7033.0,55906.0,ok,7.94909711360728,0.11364077042399173,1.9639346678161278,0.05786382423319556,-0.2774313035427902,-0.24227238398216955
2018,29,19,37.0,2533.0,29723.0,ok,11.734307145677063,0.04092877456049638,2.660824985160739,0.015381986710420148,0.26032961839980284,0.2973576491479542
2018,29,20,17.0,289.0,2364.0,ok,8.179930795847751,0.004669725956566701,1.7666200163518684,0.0026433109063316554,0.4391361870993917,0.5513665491122437
2018,29,21,80.0,1366.0,13033.0,ok,9.54099560761347,0.02207213029989659,0.7154068816199723,0.03085255519197174,-0.4026063264955315,-0.3314247521163109
2018,29,22,27.0,720.0,10431.0,ok,14.4875,0.011633919338159255,0.4044845372421435,0.028762333950962983,-0.009953066658289407,-0.009903698813246547
2018,29,23,16.0,647.0,11504.0,ok,17.780525502318394,0.010454369183040331,0.5815261268779197,0.017977471174283156,0.21220666635786473,0.23640338166005945
2018,29,24,190.0,4552.0,60024.0,ok,13.186291739894552,0.0735522233712513,0.9341265195027294,0.07873903784511535,0.1579198870404297,0.17107237287588523
2018,29,25,51.0,2002.0,25736.0,ok,12.855144855144855,0.03234875904860393,0.7620423255239941,0.042450081793501876,0.08136337700097312,0.08476500361147872
2018,29,26,101.0,4874.0,59684.0,ok,12.24538366844481,0.07875517063081695,0.9846388867937139,0.07998381100635578,-0.02946285596430056,-0.029033057397829985
2018,29,27,18.0,2683.0,61524.0,ok,22.93104733507268,0.04335250775594623,1.615853620259971,0.02682947713356074,0.6955613232938881,1.0048341182458005
2018,29,28,13.0,1296.0,34410.0,ok,26.550925925925927,0.02094105480868666,0.39328972865767264,0.05324587265515438,0.6962394370744023,1.0061940849429933
2018,29,29,39.0,1235.0,13465.0,ok,10.902834008097166,0.01995540330920372,0.3083957906000336,0.06470711960878998,0.00995306566324038,0.010002762161950013
2018,29,30,3.0,135.0,1395.0,ok,10.333333333333334,0.0021813598759048603,0.1346599755822522,0.01619902176925953,-0.2175224081821959,-0.19549042287933896
2018,29,31,36.0,3495.0,50573.0,ok,14.470100143061517,0.056472983453981385,0.40174421576196784,0.1405694997919807,0.040884428641478635,0.04173170423986856
2018,29,32,82.0,2221.0,23590.0,ok,10.621341737955875,0.0358874095139607,1.8233266352152042,0.019682380995725963,0.13537471894369563,0.1449657443308633
2018,30,09,374.0,8703.0,55031.0,ok,6.323221877513501,0.16483891130177852,1.11887661138063,0.1473253704877937,-0.18613883838262482,-0.16984167085928403
2018,30,10,28.0,1470.0,22430.0,ok,15.258503401360544,0.027842491050627877,2.091157364844622,0.013314393033590105,-0.10438910380243654,-0.09912530455416946
2018,30,11,221.0,4306.0,26950.0,ok,6.258708778448677,0.08155766426122696,2.5621513939286635,0.03183171160552339,0.31195668817026023,0.3660955236513935
2018,30,12,80.0,1318.0,12002.0,ok,9.106221547799697,0.02496353959505275,2.17293926060599,0.011488374317508952,0.17822182233309994,0.19509038957315572
2018,30,13,81.0,1065.0,5937.0,ok,5.574647887323944,0.02017160065912836,1.6862508593173424,0.01196239607391191,-0.18446713568041304,-0.1684527323144961
2018,30,14,30.0,994.0,12125.0,ok,12.198189134808853,0.018826827281853135,0.7829411453729871,0.02404628673957885,0.18852809608159363,0.20747100771399152
2018,30,15,55.0,963.0,7207.0,ok,7.483904465212876,0.01823967270867663,0.5592826603887123,0.03261261970110016,0.03891162153987214,0.039678594396501614
2018,30,16,75.0,5729.0,171184.0,ok,29.88025833478792,0.10850995321703885,2.252484984898084,0.04817344130795549,0.23121631784659522,0.2601317989656032
2018,30,17,12.0,892.0,10698.0,ok,11.993273542600896,0.016894899331401404,5.031805099064068,0.0033576219664278946,-0.5053059093176467,-0.3966790143164336
2018,30,18,80.0,1677.0,16308.0,ok,9.724508050089446,0.03176316836183874,0.5489296427044086,0.05786382423319556,0.1177727031211031,0.12498837595786262
2018,30,19,15.0,1153.0,8265.0,ok,7.168256721595837,0.021838362028145538,1.4197361133690019,0.015381986710420148,-0.03891162132722041,-0.03816428884628712
2018,30,20,9.0,90.0,488.0,ok,5.4222222222222225,0.0017046423092221148,0.6448890689093362,0.0026433109063316554,0.22157128835784906,0.24803621550190083
2018,30,21,81.0,1289.0,13333.0,ok,10.343677269200931,0.02441426596208118,0.7913207126660974,0.03085255519197174,-0.128215670570113,-0.12033635887406334
2018,30,22,29.0,4310.0,120202.0,ok,27.889095127610208,0.08163342614163684,2.8382059077964255,0.028762333950962983,0.8386095376071054,1.3131483937896022
2018,30,23,12.0,588.0,5492.0,ok,9.34013605442177,0.011136996420251151,0.6194973871621426,0.017977471174283156,-0.23796324396369609,-0.211768337167061
2018,30,24,153.0,3573.0,40753.0,ok,11.405821438567031,0.06767429967611796,0.8594758270889412,0.07873903784511535,0.20647903533787226,0.22934196120804592
2018,30,25,67.0,4368.0,222514.0,ok,50.94184981684982,0.08273197340757997,1.9489237690996468,0.042450081793501876,1.6519171066389489,4.216971737493937
2018,30,26,105.0,4985.0,63032.0,ok,12.64433299899699,0.0944182434608027,1.180466925404441,0.07998381100635578,0.19621030813925575,0.21678277774921428
2018,30,27,10.0,849.0,5042.0,ok,5.9387514723203765,0.016080459116995283,0.5993579016446947,0.02682947713356074,-0.4618184702665389,-0.36986328188943834
2018,30,28,9.0,850.0,,suppressed,,0.016099399587097753,0.30235957801584223,0.05324587265515438,,
2018,30,29,31.0,1121.0,7136.0,ok,6.365744870651204,0.021232266984866563,0.32812876099622146,0.06470711960878998,-0.3345253831835641,-0.28432232158054194
2018,30,30,5.0,328.0,,suppressed,,0.006212474193609485,0.3835092193899473,0.01619902176925953,,
2018,30,31,20.0,896.0,9774.0,ok,10.908482142857142,0.01697066121181128,0.12072790496462614,0.1405694997919807,-0.048046311710465264,-0.0469103531563643
2018,30,32,78.0,1280.0,7257.0,ok,5.66953125,0.02424380173115897,1.2317514703339765,0.019682380995725963,-0.2987711310499913,-0.25827085121829096
2018,31,09,176.0,7671.0,48328.0,ok,6.300091252770174,0.2261297644665861,1.5349003618173256,0.1473253704877937,0.14738034963943017,0.1587946263397793
2018,31,10,37.0,832.0,11416.0,ok,13.721153846153847,0.024526132712319074,1.8420766647374405,0.013314393033590105,0.12659660595974634,0.13495908969225162
2018,31,11,69.0,2799.0,8292.0,ok,2.962486602357985,0.08251039118002536,2.592081513006303,0.03183171160552339,-0.09880428703416717,-0.0940800090370637
2018,31,12,30.0,721.0,3923.0,ok,5.441054091539528,0.02125401644901689,1.8500456079868959,0.011488374317508952,0.00042070393888879855,0.0004207924472023938
2018,31,13,15.0,187.0,910.0,ok,4.866310160427807,0.0055124841552928695,0.46081772591652637,0.01196239607391191,0.01682363001693705,0.01696594424088952
2018,31,14,37.0,1771.0,28816.0,ok,16.271033314511577,0.05220646758836188,2.1710823028003294,0.02404628673957885,0.8138109557335784,1.2564910088778132
2018,31,15,31.0,699.0,5163.0,ok,7.386266094420601,0.020605488901335376,0.6318256273242676,0.03261261970110016,0.36296326022758635,0.4375830417971837
2018,31,16,4.0,182.0,1388.0,ok,7.626373626373627,0.005365091530819798,0.11137031910431094,0.04817344130795549,-0.7971852949650694,-0.5494045257951445
2018,31,17,7.0,57.0,961.0,ok,16.859649122807017,0.0016802759189930136,0.5004363015829995,0.0033576219664278946,0.17245521647510062,0.18821860680588248
2018,31,18,35.0,1193.0,9938.0,ok,8.330259849119866,0.03516788019927483,0.6077697190829564,0.05786382423319556,0.3002019902377087,0.35013149341643035
2018,31,19,8.0,484.0,2527.0,ok,5.221074380165289,0.014267606048993308,0.9275528784151185,0.015381986710420148,-0.018686971473532515,-0.01851345255087292
2018,31,20,3.0,56.0,,suppressed,,0.0016507973940983994,0.6245188146971896,0.0026433109063316554,,
2018,31,21,36.0,527.0,2955.0,ok,5.6072106261859584,0.015535182619461721,0.5035298542632277,0.03085255519197174,-0.4033537912793567,-0.33192430184826666
2018,31,22,7.0,730.0,4004.0,ok,5.484931506849315,0.02151932317306842,0.7481772240652236,0.028762333950962983,-0.4504376737141623,-0.36265086039703426
2018,31,23,1.0,67.0,,suppressed,,0.0019750611679391562,0.10986312528563467,0.017977471174283156,,
2018,31,24,73.0,2173.0,15773.0,ok,7.258628624022089,0.06405683459599681,0.8135333672987044,0.07873903784511535,0.09173001316939866,0.09606885797232419
2018,31,25,14.0,208.0,1381.0,ok,6.639423076923077,0.006131533178079769,0.1444410215251544,0.042450081793501876,-0.04855866301742633,-0.047398544809080685
2018,31,26,55.0,1475.0,10352.0,ok,7.018305084745763,0.043480824219556055,0.5436203110664597,0.07998381100635578,-0.055293135255376956,-0.05379225955112569
2018,31,27,8.0,594.0,2893.0,ok,4.87037037037037,0.01751024378740088,0.65264946089827,0.02682947713356074,-0.3229634669213756,-0.2759996961552036
2018,31,28,57.0,5428.0,42232.0,ok,7.780397936624908,0.16000943312796628,3.0051049057691954,0.05324587265515438,-0.00042070393888879855,-0.0004206154553955867
2018,31,29,75.0,3509.0,24169.0,ok,6.887717298375605,0.10344014385520149,1.5985898380361518,0.06470711960878998,0.08146702845170292,0.08487744690515855
2018,31,30,8.0,566.0,5435.0,ok,9.602473498233216,0.016684845090351678,1.0299909048837803,0.01619902176925953,0.23992039267021711,0.27114795359911265
2018,31,31,21.0,1548.0,9845.0,ok,6.359819121447028,0.0456327565368629,0.32462772226117137,0.1405694997919807,-0.25040310047389064,-0.2215130886281521
2018,31,32,27.0,446.0,2260.0,ok,5.067264573991031,0.013147422102997967,0.667979250368791,0.019682380995725963,-0.07389249400000727,-0.07122846301282901
2018,32,09,257.0,5759.0,27064.0,ok,4.699426983851363,0.13576143328618576,0.9215074962084276,0.1473253704877937,-0.37952250374043595,-0.3158119715491586
2018,32,10,48.0,727.0,6318.0,ok,8.690508940852819,0.01713814238566714,1.2871891600638736,0.013314393033590105,-0.563889927021664,-0.4310085816876577
2018,32,11,111.0,2903.0,12614.0,ok,4.345160179125043,0.06843470061291844,2.149890695825598,0.03183171160552339,0.050450033650125334,0.051744310217886995
2018,32,12,65.0,994.0,13178.0,ok,13.257545271629779,0.023432343234323433,2.0396570120988464,0.011488374317508952,0.6572354213570188,0.9294508357343514
2018,32,13,39.0,548.0,3476.0,ok,6.343065693430657,0.012918434700612918,1.079920328736312,0.01196239607391191,0.04807052832343771,0.049244654181267576
2018,32,14,38.0,1316.0,11169.0,ok,8.4870820668693,0.031023102310231022,1.290141078587769,0.02404628673957885,-0.07080954171821888,-0.06836068634572544
2018,32,15,39.0,718.0,3358.0,ok,4.676880222841226,0.016925978312116927,0.5190008796363558,0.03261261970110016,-0.3278071323034477,-0.279498032139532
2018,32,16,9.0,925.0,14402.0,ok,15.56972972972973,0.021805752003771807,0.4526509091259533,0.04817344130795549,-0.31724844013309406,-0.27185016898870207
2018,32,17,7.0,53.0,804.0,ok,15.169811320754716,0.0012494106553512495,0.37211177072458573,0.0033576219664278946,-0.1669398875082545,-0.15374951996675346
2018,32,18,29.0,1175.0,9292.0,ok,7.908085106382979,0.0276991984912777,0.47869629873835934,0.05786382423319556,0.014413689010941748,0.014518067114629584
2018,32,19,10.0,612.0,3173.0,ok,5.184640522875817,0.014427157001414427,0.9379254626218799,0.015381986710420148,-0.2594689815486827,-0.22853886284741678
2018,32,20,4.0,84.0,393.0,ok,4.678571428571429,0.0019801980198019802,0.7491354933158685,0.0026433109063316554,0.17746298655464804,0.19418385622553375
2018,32,21,105.0,1855.0,14035.0,ok,7.566037735849057,0.04372937293729373,1.4173663304449,0.03085255519197174,-0.33751697729820296,-0.286460139375323
2018,32,22,32.0,4811.0,67478.0,ok,14.025774267304095,0.11341348420556341,3.9431252136534716,0.028762333950962983,0.2546750576285496,0.2900423633344962
2018,32,23,6.0,421.0,7706.0,ok,18.304038004750595,0.009924563884959924,0.5520556138706011,0.017977471174283156,0.5382422492445239,0.7129931992365526
2018,32,24,89.0,2038.0,16807.0,ok,8.246810598626103,0.04804337576614804,0.6101595483126475,0.07873903784511535,-0.01441369004220655,-0.014310310103382318
2018,32,25,28.0,1538.0,26639.0,ok,17.320546163849155,0.03625648279113625,0.8540968888471324,0.042450081793501876,0.6765303811467899,0.9670409961295339
2018,32,26,88.0,2829.0,23465.0,ok,8.294450335807706,0.06669024045261669,0.8337967347832084,0.07998381100635578,-0.1220075447696449,-0.114858309712722
2018,32,27,7.0,916.0,11930.0,ok,13.024017467248909,0.021593587930221595,0.8048456487886743,0.02682947713356074,0.4268823794085084,0.532472400812801
2018,32,28,27.0,6403.0,109736.0,ok,17.138216461033892,0.15094295143800093,2.834829140947306,0.05324587265515438,0.5555033426774021,0.742817998713984
2018,32,29,26.0,1636.0,10878.0,ok,6.6491442542787285,0.03856671381423857,0.5960196350480043,0.06470711960878998,-0.1875638508573023,-0.17102381434961234
2018,32,30,8.0,1138.0,15216.0,ok,13.370826010544816,0.026826968411126827,1.656085706486035,0.01619902176925953,0.3371955229425281,0.4010129671383182
2018,32,31,34.0,2754.0,31020.0,ok,11.263616557734204,0.06492220650636492,0.46185130204232716,0.1405694997919807,0.08739540157002812,0.09132810726612084
2018,32,32,24.0,267.0,1320.0,ok,4.943820224719101,0.006294200848656294,0.3197885890951447,0.019682380995725963,-0.3323345955405651,-0.28275270504582395
2018,33,09,328.0,19850.0,194347.0,ok,9.790780856423174,0.13197085338935724,0.8957781877785359,0.1473253704877937,0.04457053828757591,0.045578727442259374
2018,33,10,65.0,1233.0,54308.0,ok,44.04541768045418,0.008197484243278461,0.6156859139276951,0.013314393033590105,0.7491923017105887,1.1152908096752534
2018,33,11,439.0,12112.0,93919.0,ok,7.7542107001321,0.080525489987501,2.529725419274292,0.03183171160552339,0.3197158334246499,0.37673648625205575
2018,33,12,91.0,2127.0,20745.0,ok,9.753173483779971,0.01414115895008377,1.230910358529302,0.011488374317508952,0.04035370511149524,0.041178979397512194
2018,33,13,87.0,1670.0,12796.0,ok,7.662275449101797,0.011102837539558014,0.928144952813554,0.01196239607391191,-0.07289026445028518,-0.07029715411882845
2018,33,14,68.0,3684.0,44736.0,ok,12.143322475570033,0.024492726644150732,1.018565856317311,0.02404628673957885,-0.022482953150562222,-0.022232095086469946
2018,33,15,153.0,4803.0,45742.0,ok,9.523631063918385,0.03193229263622583,0.9791391470200912,0.03261261970110016,0.07343020047270638,0.07619341625850627
2018,33,16,109.0,11936.0,271118.0,ok,22.71430965147453,0.0793553705821344,1.6472846536921464,0.04817344130795549,-0.24948954942168078,-0.22080157613912949
2018,33,17,22.0,1338.0,54222.0,ok,40.52466367713004,0.008895566843071032,2.64936521502891,0.0033576219664278946,0.5057559363116741,0.6582385695366637
2018,33,18,179.0,8282.0,108089.0,ok,13.051074619657088,0.055062096109352976,0.9515806609575024,0.05786382423319556,0.20549090941614329,0.22812781651222064
2018,33,19,67.0,4891.0,39097.0,ok,7.993661827847066,0.03251735233890913,2.1139891062889196,0.015381986710420148,-0.13642812346684396,-0.12753097194499177
2018,33,20,6.0,96.0,342.0,ok,3.5625,0.000638246948381778,0.24145738847933212,0.0026433109063316554,-0.4049748698715944,-0.3330064277180177
2018,33,21,242.0,5749.0,90076.0,ok,15.668116194120717,0.03822168444007127,1.2388498846285858,0.03085255519197174,0.080533751743225,0.08386542837252761
2018,33,22,81.0,8643.0,95331.0,ok,11.029850746268657,0.057462170571496954,1.9978271119953073,0.028762333950962983,-0.29552388591912204,-0.2558583599961947
2018,33,23,40.0,1840.0,23657.0,ok,12.857065217391304,0.012233066510650746,0.6804664789645274,0.017977471174283156,-0.12489354864488539,-0.11740914942388324
2018,33,24,309.0,8435.0,98398.0,ok,11.665441612329579,0.056079302183336434,0.7122172650070725,0.07873903784511535,0.02248295211929742,0.022737598507256446
2018,33,25,93.0,5893.0,84231.0,ok,14.293398947904294,0.03917905486264394,0.9229441548129442,0.042450081793501876,0.17452717446064098,0.19068309811637335
2018,33,26,306.0,10447.0,125246.0,ok,11.98870489135637,0.06945589447650453,0.8683744073033146,0.07998381100635578,-0.0635368432197701,-0.061560456470616656
2018,33,27,23.0,1131.0,12425.0,ok,10.985853227232537,0.007519346860622823,0.28026438320771235,0.02682947713356074,-0.05321198515567798,-0.05182100869478421
2018,33,28,42.0,8156.0,90556.0,ok,11.102991662579695,0.054224396989601895,1.0183774682553313,0.05324587265515438,-0.18850050580125188,-0.17179991546610346
2018,33,29,101.0,5393.0,53193.0,ok,9.86334136844057,0.035854852006488844,0.5541098448402921,0.06470711960878998,-0.10313461028470886,-0.0979944539143559
2018,33,30,9.0,929.0,14823.0,ok,15.955866523143165,0.006176368906736164,0.3812803633894056,0.01619902176925953,0.20403933254858983,0.2263463878365014
2018,33,31,219.0,20176.0,304301.0,ok,15.082325535289453,0.13413823365157035,0.9542484952288545,0.1405694997919807,0.06943361903869,0.07190090503058441
2018,33,32,82.0,1598.0,9392.0,ok,5.877346683354193,0.01062415232827168,0.5397798330689118,0.019682380995725963,-0.4692751259741381,-0.3745445195659027
2018,34,09,548.0,28438.0,230679.0,ok,8.111646388634925,0.12912277515437703,0.8764462952093862,0.1473253704877937,-0.19192774848834898,-0.17463349968527436
2018,34,10,74.0,1536.0,17995.0,ok,11.715494791666666,0.006974209952778787,0.5238098300976964,0.013314393033590105,-0.6234746405927987,-0.46392148240688164
2018,34,11,316.0,6813.0,42315.0,ok,6.210920299427565,0.030934435161641845,0.9718118694024028,0.03183171160552339,0.04943097523356012,0.05067306724877218
2018,34,12,149.0,3381.0,44897.0,ok,13.279207335107957,0.015351434798401743,1.3362582358589468,0.011488374317508952,0.3006025136371532,0.35067236097969756
2018,34,13,169.0,2929.0,16602.0,ok,5.668146124957324,0.013299128223755903,1.1117445151945098,0.01196239607391191,-0.4226950854747188,-0.34472159344239167
2018,34,14,96.0,2574.0,31785.0,ok,12.348484848484848,0.011687250272430076,0.48603139432723774,0.02404628673957885,-0.054086937707482644,-0.05265025749321609
2018,34,15,209.0,4580.0,34646.0,ok,7.564628820960698,0.02079549582273883,0.6376518051396316,0.03261261970110016,-0.20522063671019158,-0.18553240486516018
2018,34,16,89.0,6502.0,191358.0,ok,29.430636727160874,0.029522339266254995,0.6128343432541863,0.04817344130795549,-0.03880638665669878,-0.038063065056095226
2018,34,17,20.0,272.0,5106.0,ok,18.772058823529413,0.0012350163458045768,0.3678247158713003,0.0033576219664278946,-0.31214322817780416,-0.2681233046444719
2018,34,18,237.0,14152.0,197100.0,ok,13.92736009044658,0.06425717399200871,1.1104895821100151,0.05786382423319556,0.22211776245195464,0.24871842134911187
2018,34,19,65.0,4140.0,44544.0,ok,10.759420289855072,0.018797675263349075,1.2220576975674444,0.015381986710420148,0.11234666970704187,0.11890068238990888
2018,34,20,3.0,178.0,979.0,ok,5.5,0.0008082092262985833,0.30575639981004094,0.0026433109063316554,-0.019047250781011278,-0.01886699815308103
2018,34,21,178.0,4833.0,57771.0,ok,11.95344506517691,0.02194424264438794,0.7112617579920296,0.03085255519197174,-0.23843248079787385,-0.2121381177330114
2018,34,22,142.0,10510.0,167264.0,ok,15.914747859181732,0.04772066836178714,1.6591375527155168,0.028762333950962983,0.022759102612220437,0.023020066999326724
2018,34,23,50.0,5181.0,98837.0,ok,19.07681914688284,0.023524337086814385,1.3085453932178204,0.017977471174283156,0.2213289819356133,0.247733844946345
2018,34,24,641.0,14183.0,132235.0,ok,9.32348586335754,0.06439792953142028,0.8178653345764151,0.07873903784511535,-0.24996915964110697,-0.22117519806256575
2018,34,25,206.0,10938.0,140789.0,ok,12.871548729200951,0.049664002905920816,1.1699389213785503,0.042450081793501876,0.021390778999449314,0.021621201753745208
2018,34,26,565.0,23597.0,271440.0,ok,11.503157180997585,0.10714220849981838,1.3395486805611765,0.07998381100635578,-0.15323818307599524,-0.14207464582592774
2018,34,27,42.0,2540.0,33385.0,ok,13.143700787401574,0.011532873229204503,0.42985829249643265,0.02682947713356074,0.07776432872192682,0.08086789913229255
2018,34,28,33.0,6176.0,146512.0,ok,23.72279792746114,0.028042135851798038,0.5266537001546066,0.05324587265515438,0.522363499132726,0.6860078223046089
2018,34,29,176.0,8889.0,103978.0,ok,11.697378782765215,0.04036051580094442,0.6237414993119512,0.06470711960878998,0.019047250817227062,0.019229806920958648
2018,34,30,10.0,806.0,17236.0,ok,21.384615384615383,0.003659644024700327,0.22591759408862208,0.01619902176925953,0.448526592524596,0.5660031241041881
2018,34,31,484.0,53024.0,847612.0,ok,15.985440555220277,0.24075553941155103,1.7127153455609425,0.1405694997919807,0.0792304702512546,0.08245376671601201
2018,34,32,186.0,4068.0,37396.0,ok,9.192723697148477,0.018470759171812567,0.9384412981246273,0.019682380995725963,-0.07032620062611322,-0.06791027794073869
2018,35,09,340.0,12933.0,82858.0,ok,6.406711513183329,0.13404295012644585,0.9098429529322084,0.1473253704877937,-0.39644700576840197,-0.3272940747097554
2018,35,10,28.0,1068.0,11004.0,ok,10.303370786516854,0.011069192819534845,0.8313704418676108,0.013314393033590105,-0.7204803622260673,-0.5134815052877129
2018,35,11,68.0,2519.0,14010.0,ok,5.56173084557364,0.026107955723228722,0.8201869898412409,0.03183171160552339,-0.029533260470615774,-0.029101415439686956
2018,35,12,60.0,1558.0,12855.0,ok,8.250962772785623,0.016147755068197836,1.4055735495654695,0.011488374317508952,-0.14383156409109282,-0.13396639306734792
2018,35,13,32.0,270.0,1598.0,ok,5.9185185185185185,0.0027983914431408317,0.23393235149968658,0.01196239607391191,-0.34803553768620127,-0.29392621646003514
2018,35,14,39.0,2135.0,24768.0,ok,11.600936768149882,0.022128021226317317,0.9202261233080875,0.02404628673957885,-0.08509897554727144,-0.08157862135576908
2018,35,15,71.0,1973.0,11499.0,ok,5.82818043588444,0.020448986360432818,0.6270267935495838,0.03261261970110016,-0.43456358676687756,-0.3524527964090676
2018,35,16,86.0,14767.0,772929.0,ok,52.34164014356335,0.15305128311429875,3.177088432107163,0.04817344130795549,0.5683851316123064,0.7654138372741004
2018,35,17,18.0,1210.0,38311.0,ok,31.66198347107438,0.012540939430371875,3.7350659352857174,0.0033576219664278946,0.24203942457312835,0.2738444125984402
2018,35,18,85.0,4928.0,38642.0,ok,7.841314935064935,0.051075826043696364,0.8826901215145571,0.05786382423319556,-0.32089547059334245,-0.27450091698458795
2018,35,19,21.0,2924.0,111303.0,ok,38.06532147742818,0.03030554288793997,1.9701969230938305,0.015381986710420148,1.4073041456888373,3.084928175615951
2018,35,20,,,,nil_or_na,,0.0,0.0,0.0026433109063316554,,
2018,35,21,132.0,4223.0,97917.0,ok,23.186597205777883,0.04376891505327308,1.4186479784553583,0.03085255519197174,0.45555788013510945,0.5770529441759062
2018,35,22,52.0,6832.0,108988.0,ok,15.952576112412178,0.07080966792421542,2.461888803771596,0.028762333950962983,0.056568695557703906,0.058199305894900175
2018,35,23,14.0,1670.0,25047.0,ok,14.998203592814372,0.017308569296463662,0.9627922152490301,0.017977471174283156,0.01222095729189454,0.01229593832580667
2018,35,24,191.0,5952.0,69448.0,ok,11.668010752688172,0.061688984702126776,0.7834612460400252,0.07873903784511535,0.005780718122395958,0.00579745871540575
2018,35,25,75.0,3766.0,45980.0,ok,12.209240573552842,0.03903237842543841,0.9194888861536509,0.042450081793501876,0.0,0.0
2018,35,26,138.0,6167.0,94256.0,ok,15.283930598346036,0.06391733344388707,0.7991283816022219,0.07998381100635578,0.16237775317316264,0.17630451016505425
2018,35,27,11.0,720.0,,suppressed,,0.007462377181708884,0.27814098443142105,0.02682947713356074,,
2018,35,28,16.0,2266.0,31444.0,ok,13.876434245366283,0.02348575929687824,0.44108131063947803,0.05324587265515438,0.017554481463439374,0.017709466941506533
2018,35,29,66.0,2278.0,12442.0,ok,5.46180860403863,0.02361013224990672,0.36487688515035455,0.06470711960878998,-0.7111020665098956,-0.5088973286901142
2018,35,30,1.0,89.0,,suppressed,,0.0009224327349612371,0.05694373080674008,0.01619902176925953,,
2018,35,31,113.0,15118.0,304848.0,ok,20.164572033337745,0.15668919199038184,1.114674180545962,0.1405694997919807,0.342914815086625,0.4090487271201852
2018,35,32,46.0,1118.0,6571.0,ok,5.877459749552773,0.011587413457153518,0.5887201075758939,0.019682380995725963,-0.4861783334381259,-0.3850278725598131
2018,36,09,252.0,6845.0,46030.0,ok,6.724616508400292,0.1450488440592486,0.9845476280086211,0.1473253704877937,-0.1421902913396001,-0.13254382861761727
2018,36,10,18.0,596.0,11193.0,ok,18.780201342281877,0.012629526816554004,0.9485619648369781,0.013314393033590105,0.08567966023971287,0.08945727591782394
2018,36,11,101.0,1917.0,7761.0,ok,4.048513302034428,0.04062215252908394,1.2761535739107177,0.03183171160552339,-0.1412649654743768,-0.1317407775006043
2018,36,12,78.0,1413.0,11842.0,ok,8.38075017692852,0.02994214998622619,2.6063000002178383,0.011488374317508952,0.07760390321299189,0.08069451425753307
2018,36,13,74.0,1533.0,10484.0,ok,6.838878016960209,0.03248500773452565,2.7155937266924566,0.01196239607391191,0.0023299107236236997,0.0023326270748226584
2018,36,14,36.0,2362.0,28370.0,ok,12.011007620660457,0.05005191667902778,2.0814821523626397,0.02404628673957885,0.15546663493777693,0.16820295825261575
2018,36,15,43.0,994.0,5734.0,ok,5.768611670020121,0.021063338348413892,0.6458646542799301,0.03261261970110016,-0.23900906483999856,-0.21259225538488194
2018,36,16,43.0,7043.0,377939.0,ok,53.6616498651143,0.1492445593439427,3.0980672190279264,0.04817344130795549,0.7991194200089748,1.2235820242941315
2018,36,17,4.0,27.0,437.0,ok,16.185185185185187,0.0005721429933673793,0.17040125394940472,0.0033576219664278946,-0.22315301777786758,-0.20000757313508077
2018,36,18,36.0,1794.0,18938.0,ok,10.556298773690077,0.038015723337076986,0.6569860157163268,0.05786382423319556,0.18224863988957568,0.1999125029047927
2018,36,19,12.0,466.0,3384.0,ok,7.261802575107296,0.009874764255896252,0.6419693659731767,0.015381986710420148,-0.043543507753114274,-0.042609100742059376
2018,36,20,2.0,37.0,,suppressed,,0.000784047805725668,0.2966158100613889,0.0026433109063316554,,
2018,36,21,55.0,937.0,7120.0,ok,7.59871931696905,0.01985548091797165,0.6435603402838517,0.03085255519197174,-0.4542088726190811,-0.3650499042952406
2018,36,22,10.0,549.0,6721.0,ok,12.242258652094717,0.011633574198470047,0.4044725375313482,0.028762333950962983,-0.002329911754888503,-0.0023271996172517426
2018,36,23,1.0,43.0,,suppressed,,0.0009111906931406412,0.05068514277158754,0.017977471174283156,,
2018,36,24,97.0,3006.0,29844.0,ok,9.928143712574851,0.06369858659490157,0.8089835529893152,0.07873903784511535,0.0501311980083523,0.05140903009822388
2018,36,25,32.0,2240.0,22031.0,ok,9.835267857142858,0.04746667796825666,1.1181763606288908,0.042450081793501876,-0.010390472370407864,-0.010336677890268965
2018,36,26,74.0,2274.0,26310.0,ok,11.569920844327177,0.04818715433027484,0.6024613446644312,0.07998381100635578,0.08981239429323146,0.09396902961940881
2018,36,27,5.0,39.0,,suppressed,,0.0008264287681973258,0.030803014314563507,0.02682947713356074,,
2018,36,28,10.0,9064.0,179881.0,ok,19.845653133274492,0.19207052192155283,3.607237750904994,0.05324587265515438,0.5811753857270107,0.7881389490472548
2018,36,29,39.0,2515.0,13481.0,ok,5.3602385685884695,0.0532940603081096,0.8236197288693715,0.06470711960878998,-0.5240456342543212,-0.4078798059725917
2018,36,30,1.0,62.0,,suppressed,,0.0013138098366213898,0.0811042700809609,0.01619902176925953,,
2018,36,31,24.0,580.0,5096.0,ok,8.786206896551723,0.012290479116780741,0.08743346981364088,0.1405694997919807,-0.2820013658943971,-0.24572734572440705
2018,36,32,43.0,855.0,20361.0,ok,23.814035087719297,0.01811786145663368,0.9205116728798199,0.019682380995725963,1.1188000599803463,2.0611787676722204
2018,37,09,391.0,14564.0,119961.0,ok,8.236816808569074,0.2066783033192842,1.4028697340788838,0.1473253704877937,1.5771516887141956e-05,1.5771641258168255e-05
2018,37,10,21.0,310.0,5620.0,ok,18.129032258064516,0.004399222331020194,0.3304110311241115,0.013314393033590105,-0.010241886875348253,-0.01018961735034995
2018,37,11,120.0,2837.0,17324.0,ok,6.106450475854776,0.040259979848723516,1.2647758420171684,0.03183171160552339,0.20909797654310644,0.23256575514634098
2018,37,12,39.0,1491.0,17110.0,ok,11.47551978537894,0.021158840308229385,1.8417610467289596,0.011488374317508952,0.33124952722761053,0.3927072673374427
2018,37,13,57.0,758.0,3822.0,ok,5.04221635883905,0.010756808151333248,0.899218524856583,0.01196239607391191,-0.3630810333897008,-0.30446992994374994
2018,37,14,69.0,3467.0,32295.0,ok,9.314969714450534,0.04920033490853875,2.0460678790608338,0.02404628673957885,-0.15936714102595131,-0.1473167535074981
2018,37,15,111.0,3255.0,25337.0,ok,7.784024577572965,0.04619183447571203,1.4163791470623193,0.03261261970110016,0.0,0.0
2018,37,16,41.0,3424.0,65230.0,ok,19.050817757009344,0.04859012019810691,1.0086495562458937,0.04817344130795549,-0.2971021413346907,-0.2570318792693145
2018,37,17,7.0,932.0,23028.0,ok,24.70815450643777,0.01322604907261555,3.9391120277565,0.0033576219664278946,0.13925098654129167,0.14941255088411007
2018,37,18,94.0,4052.0,37876.0,ok,9.347482724580454,0.05750209317836718,0.9937485802291501,0.05786382423319556,0.0,0.0
2018,37,19,13.0,690.0,9041.0,ok,13.102898550724637,0.009791817446464303,0.6365769019830889,0.015381986710420148,0.48602887709279063,0.625846945266564
2018,37,20,18.0,404.0,2716.0,ok,6.7227722772277225,0.005733180070103736,2.1689389834433634,0.0026433109063316554,0.35833568281241884,0.4309458838060114
2018,37,21,117.0,3097.0,30987.0,ok,10.0054891830804,0.04394965019086949,1.4245060066307178,0.03085255519197174,-0.23968773178482852,-0.21312646169866775
2018,37,22,28.0,677.0,9141.0,ok,13.50221565731167,0.009607333929357004,0.33402483768308183,0.028762333950962983,0.03499709482653153,0.03561670014909216
2018,37,23,11.0,1001.0,43053.0,ok,43.00999000999001,0.014205230817261981,0.7901684658286434,0.017977471174283156,1.2109178708309054,2.356564131359173
2018,37,24,237.0,6853.0,69296.0,ok,10.111775864584853,0.09725119559510126,1.2351077465081615,0.07873903784511535,0.007825348898763029,0.007856046963567882
2018,37,25,90.0,4143.0,42969.0,ok,10.371469949312093,0.05879347779811827,1.3850026976183163,0.042450081793501876,-0.01793939426300306,-0.01777944124468117
2018,37,26,118.0,3782.0,50766.0,ok,13.423056583818086,0.053670512438446366,0.6710171941442191,0.07998381100635578,0.17774456580383916,0.1945201609651619
2018,37,27,10.0,371.0,3558.0,ok,9.590296495956874,0.005264875757446748,0.1962347507272501,0.02682947713356074,-0.06079606682469607,-0.0589848755881465
2018,37,28,13.0,2570.0,18030.0,ok,7.01556420233463,0.036470972228135154,0.6849539768901626,0.05324587265515438,-0.5193114710876593,-0.40506996648840743
2018,37,29,70.0,5877.0,45802.0,ok,7.793432023141058,0.08340074077227638,1.288895893937257,0.06470711960878998,-0.21040578445276234,-0.18974460978769234
2018,37,30,,,,nil_or_na,,0.0,0.0,0.01619902176925953,,
2018,37,31,87.0,4590.0,125020.0,ok,27.237472766884533,0.06513687257865383,0.46337841903859295,0.1405694997919807,0.7887762431255929,1.2007016539416373
2018,37,32,63.0,1322.0,9953.0,ok,7.52874432677761,0.018760554585834505,0.9531648935110222,0.019682380995725963,-0.09337978232001812,-0.08915248918088556
2018,38,09,361.0,13217.0,97064.0,ok,7.3438753120980556,0.17253217763621648,1.1710961734897603,0.1473253704877937,-0.0731787393061393,-0.0705653113331147
2018,38,10,41.0,769.0,11251.0,ok,14.630689206762028,0.010038378194919458,0.7539493666436179,0.013314393033590105,-0.1830824353704805,-0.16730049098485372
2018,38,11,264.0,8019.0,61644.0,ok,7.68724279835391,0.10467848471399108,3.2884968930111644,0.03183171160552339,0.4808672583136649,0.61747656408409
2018,38,12,77.0,1401.0,11074.0,ok,7.90435403283369,0.018288384721823356,1.5919036250369027,0.011488374317508952,0.0,0.0
2018,38,13,45.0,573.0,3329.0,ok,5.80977312390925,0.007479831866955591,0.6252787335196097,0.01196239607391191,-0.1798324778392775,-0.1645898505970951
2018,38,14,217.0,10235.0,132414.0,ok,12.937371763556424,0.13360572278933766,5.55618937078672,0.02404628673957885,0.21068303902130853,0.23452099805846174
2018,38,15,68.0,1529.0,8602.0,ok,5.625899280575539,0.01995927211967731,0.6120106971659195,0.03261261970110016,-0.2831399210638241,-0.2465856380547875
2018,38,16,45.0,4114.0,107417.0,ok,26.11011181332037,0.05370336527164974,1.1147919644839868,0.04817344130795549,0.05966327008115233,0.061479054603706076
2018,38,17,12.0,670.0,-4283.0,ok,-6.392537313432836,0.008746051223141791,2.6048350024486338,0.0033576219664278946,,
2018,38,18,81.0,3737.0,77595.0,ok,20.763981803585764,0.04878207973265802,0.8430497012444695,0.05786382423319556,0.8396655357334094,1.315592364346359
2018,38,19,13.0,440.0,1754.0,ok,3.9863636363636363,0.005743675430122967,0.3734027039713963,0.015381986710420148,-0.6623723721854644,-0.48437337592939556
2018,38,20,2.0,65.0,,suppressed,,0.000848497506722711,0.3209979971293813,0.0026433109063316554,,
2018,38,21,112.0,1941.0,15881.0,ok,8.181865018031942,0.025337440931519725,0.8212428686656357,0.03085255519197174,-0.39934869669674783,-0.3292432300997318
2018,38,22,37.0,1065.0,11183.0,ok,10.500469483568075,0.013902305302456727,0.4833510843090419,0.028762333950962983,-0.1748839571823649,-0.16044556062056334
2018,38,23,16.0,1605.0,111436.0,ok,69.43052959501557,0.020951361512153096,1.1654231737622867,0.017977471174283156,1.731364908645957,4.648358142308436
2018,38,24,163.0,3423.0,33096.0,ok,9.668711656441717,0.04468318408479754,0.5674845071474226,0.07873903784511535,0.0045725204892254475,0.004582990412935333
2018,38,25,78.0,4535.0,85516.0,ok,18.85689084895259,0.05919901835365376,1.3945560491880078,0.042450081793501876,0.6214330265854703,0.8615938447778202
2018,38,26,191.0,7265.0,83459.0,ok,11.487818306951135,0.09483591363600763,1.1856888593176893,0.07998381100635578,0.06361066699936589,0.06567741459769902
2018,38,27,10.0,248.0,1274.0,ok,5.137096774193548,0.003237344333342036,0.12066371316988778,0.02682947713356074,-0.6435070086279304,-0.47455355621118117
2018,38,28,18.0,2381.0,21486.0,ok,9.023939521209575,0.03108111636164269,0.5837281804533244,0.05324587265515438,-0.22600884280814723,-0.2022889523712655
2018,38,29,45.0,3395.0,59932.0,ok,17.653019145802652,0.044317677466516985,0.6848964647855652,0.06470711960878998,0.6487724839069892,0.913190914393539
2018,38,30,1.0,11.0,,suppressed,,0.00014359188575307417,0.008864231914643441,0.01619902176925953,,
2018,38,31,130.0,5093.0,84000.0,ok,16.49322599646574,0.06648304310367334,0.4729549667748488,0.1405694997919807,0.3286850674832112,0.3891403012399389
2018,38,32,51.0,875.0,5078.0,ok,5.803428571428571,0.011422081821267263,0.5803201260938691,0.019682380995725963,-0.3121064043994562,-0.268096353683049
2018,39,09,293.0,6169.0,41425.0,ok,6.715026746636408,0.24141979415332837,1.6386844530170765,0.1473253704877937,0.0538398258685777,0.05531555436460317
2018,39,10,41.0,581.0,5652.0,ok,9.728055077452668,0.022737056314327084,1.7077050569984746,0.013314393033590105,-0.37465234441990747,-0.31247173971690073
2018,39,11,62.0,1346.0,5599.0,ok,4.159732540861813,0.05267483270066137,1.654791088630035,0.03183171160552339,0.0832932890731399,0.08686052612410151
2018,39,12,88.0,1068.0,6684.0,ok,6.258426966292135,0.04179548389621571,3.6380677318736865,0.011488374317508952,-0.01694745378726724,-0.016804653530585682
2018,39,13,25.0,283.0,1612.0,ok,5.696113074204947,0.011075020545532815,0.9258195830587552,0.01196239607391191,0.01694745378726724,0.017091876594951365
2018,39,14,61.0,2779.0,25673.0,ok,9.23821518531846,0.10875435369623919,4.522708843741582,0.02404628673957885,0.09044901233736344,0.09466569177370636
2018,39,15,50.0,766.0,4344.0,ok,5.671018276762402,0.029976910734551717,0.9191813172107873,0.03261261970110016,-0.05861460954176901,-0.05692985063202196
2018,39,16,14.0,292.0,3543.0,ok,12.133561643835616,0.011427229679489687,0.23721015915054763,0.04817344130795549,-0.49014666535453044,-0.3874634502941845
2018,39,17,6.0,47.0,895.0,ok,19.04255319148936,0.0018393143662192306,0.5478026962564936,0.0033576219664278946,0.13688397290745827,0.1466950931038462
2018,39,18,23.0,655.0,4636.0,ok,7.077862595419847,0.02563299808241694,0.4429883164844762,0.05786382423319556,-0.020044909998947272,-0.019845346426160544
2018,39,19,,,,nil_or_na,,0.0,0.0,0.015381986710420148,,
2018,39,20,1.0,47.0,,suppressed,,0.0018393143662192306,0.6958373159258068,0.0026433109063316554,,
2018,39,21,97.0,1443.0,22220.0,ok,15.398475398475398,0.056470864477752125,1.8303464373170175,0.03085255519197174,0.4495371128448605,0.5675864019151629
2018,39,22,22.0,983.0,12282.0,ok,12.49440488301119,0.03846906429773412,1.3374806218201964,0.028762333950962983,0.21551443573864454,0.24049989032606742
2018,39,23,2.0,206.0,,suppressed,,0.008061675732790671,0.4484321323414458,0.017977471174283156,,
2018,39,24,85.0,1036.0,7719.0,ok,7.4507722007722,0.04054318475325793,0.5149057680004794,0.07873903784511535,-0.039467443927916734,-0.0386987503260587
2018,39,25,36.0,797.0,3385.0,ok,4.247176913425345,0.03119007552929206,0.7347471244228918,0.042450081793501876,-0.6526534491659367,-0.47933760898635497
2018,39,26,96.0,2974.0,30124.0,ok,10.129119031607264,0.11638555159863813,1.455113855344924,0.07998381100635578,0.15427524598230702,0.16681200289935674
2018,39,27,13.0,612.0,3391.0,ok,5.540849673202614,0.02395022110906743,0.892683110812783,0.02682947713356074,-0.35130981191825,-0.29623431491968094
2018,39,28,10.0,764.0,2688.0,ok,3.518324607329843,0.029898642038116856,0.5615203685693104,0.05324587265515438,-0.9513674960077579,-0.6137874819042641
2018,39,29,26.0,771.0,3671.0,ok,4.761348897535668,0.03017258247563887,0.46629463122540454,0.06470711960878998,-0.44506590426625037,-0.35921795562974995
2018,39,30,,,,nil_or_na,,0.0,0.0,0.01619902176925953,,
2018,39,31,32.0,826.0,10118.0,ok,12.249394673123486,0.032324971627597544,0.22995722169768754,0.1405694997919807,0.24774926493676225,0.281138665534977
2018,39,32,42.0,1108.0,8457.0,ok,7.632671480144404,0.043360857824912925,2.2030290864874913,0.019682380995725963,0.1784200592320218,0.19532732406972003
2018,40,09,871.0,43861.0,389455.0,ok,8.87930051754406,0.19709442881665154,1.337817296261144,0.1473253704877937,0.12752507761798956,0.13601335639293555
2018,40,10,147.0,3763.0,143497.0,ok,38.133669944193464,0.016909471640798427,1.270014457147127,0.013314393033590105,0.785741567553945,1.1940333615614311
2018,40,11,230.0,4845.0,22612.0,ok,4.667079463364293,0.021771562609531857,0.6839582765557002,0.03183171160552339,-0.007313715120905007,-0.007287034989719627
2018,40,12,185.0,2809.0,19907.0,ok,7.086863652545389,0.012622563337497417,1.0987249360651397,0.011488374317508952,-0.0983231619528611,-0.09364404333914876
2018,40,13,306.0,4820.0,30062.0,ok,6.236929460580913,0.021659222245189586,1.8106090210827341,0.01196239607391191,-0.09803830250768258,-0.09338582250762482
2018,40,14,116.0,3601.0,30999.0,ok,8.608442099416829,0.01618150607986052,0.6729315945994547,0.02404628673957885,-0.1858460501825721,-0.16959857471023082
2018,40,15,311.0,9228.0,72524.0,ok,7.859124403987863,0.04146707528601857,1.2715039658289,0.03261261970110016,0.06200218131696671,0.06396466556967942
2018,40,16,141.0,8842.0,216727.0,ok,24.51108346527935,0.039732540060573925,0.8247810200350455,0.04817344130795549,0.007313715120905007,0.007340525657025305
2018,40,17,34.0,853.0,10719.0,ok,12.566236811254397,0.0038330532313582398,1.141597615718528,0.0033576219664278946,-0.48446826297763684,-0.38397532718377575
2018,40,18,253.0,11381.0,96482.0,ok,8.47746243739566,0.051141827463174826,0.8838307550684762,0.05786382423319556,-0.04529543319430269,-0.04428490984071231
2018,40,19,46.0,5014.0,114707.0,ok,22.877343438372556,0.022530983472485597,1.4647642009222734,0.015381986710420148,1.0957429416458182,1.9914042968582097
2018,40,20,10.0,196.0,1173.0,ok,5.98469387755102,0.0008807484564433939,0.3331989643494804,0.0026433109063316554,0.29444074390928,0.34237541709347713
2018,40,21,308.0,10427.0,124846.0,ok,11.973338448259327,0.04685491915987382,1.518672241839668,0.03085255519197174,-0.007738728136080088,-0.0077088612730020194
2018,40,22,155.0,10570.0,216231.0,ok,20.45704824976348,0.0474975060439116,1.6513787137333946,0.028762333950962983,0.5028712632744656,0.6534619861987412
2018,40,23,49.0,2851.0,39270.0,ok,13.774114345843564,0.012811295149592429,0.7126305488348683,0.017977471174283156,0.1246769973578073,0.13278250222721485
2018,40,24,725.0,20432.0,209768.0,ok,10.266640563821456,0.09181353296965013,1.1660484491854362,0.07873903784511535,0.07542501824478232,0.07834236868308367
2018,40,25,190.0,6247.0,69811.0,ok,11.175124059548583,0.028071610241846335,0.6612851861723256,0.042450081793501876,0.10909256772137482,0.11526558315712145
2018,40,26,412.0,15719.0,163501.0,ok,10.401488644315796,0.07063512748384546,0.8831178034043984,0.07998381100635578,-0.024879885958520226,-0.024572932520571824
2018,40,27,42.0,1321.0,9813.0,ok,7.4284632853898565,0.005936064851845528,0.22125160405829006,0.02682947713356074,-0.2638283783675334,-0.23189464816013933
2018,40,28,53.0,7353.0,72418.0,ok,9.84876920984632,0.03304154796034835,0.6205466510867639,0.05324587265515438,-0.12769563294282976,-0.11987878171296654
2018,40,29,211.0,12920.0,95623.0,ok,7.401160990712074,0.058057500292084945,0.8972351210051122,0.06470711960878998,-0.2096497541790527,-0.18913180056128104
2018,40,30,10.0,841.0,5966.0,ok,7.093935790725327,0.0037791298564739504,0.23329370812041927,0.01619902176925953,-0.4258739610970001,-0.3468013346241748
2018,40,31,151.0,31936.0,435207.0,ok,13.62747369739479,0.14350807502538893,1.020904785446038,0.1405694997919807,0.1486709049278677,0.16029108029359768
2018,40,32,203.0,2708.0,22361.0,ok,8.25738552437223,0.012168708265554646,0.6182538722422397,0.019682380995725963,0.05140044319286954,0.052744373206270824
2018,41,09,278.0,16629.0,131546.0,ok,7.910638041974863,0.2691909217470133,1.827186457130386,0.1473253704877937,-0.10730953149893814,-0.10175240596877082
2018,41,10,49.0,1429.0,21199.0,ok,14.834849545136459,0.023132709554181372,1.7374212625255399,0.013314393033590105,-0.27769720507717993,-0.24247383813324722
2018,41,11,65.0,2392.0,10537.0,ok,4.405100334448161,0.038721792339819344,1.216453353802703,0.03183171160552339,-0.18440443905322612,-0.1684005954710807
2018,41,12,42.0,747.0,7914.0,ok,10.594377510040161,0.012092466086055622,1.052582876554257,0.011488374317508952,0.18443712731899028,0.20254137190793847
2018,41,13,48.0,1081.0,4931.0,ok,4.561517113783534,0.01749927153818759,1.4628567245278499,0.01196239607391191,-0.5301912885623016,-0.41150761295183014
2018,41,14,37.0,1710.0,26613.0,ok,15.563157894736841,0.027681548871693593,1.151177692068826,0.02404628673957885,0.2869967692848179,0.3324199087994939
2018,41,15,46.0,1005.0,8508.0,ok,8.465671641791046,0.016268980477223426,0.49885537029319377,0.03261261970110016,0.017026068900851607,0.017171838531422793
2018,41,16,35.0,2692.0,96172.0,ok,35.725111441307575,0.043578204422572604,0.9046105746108692,0.04817344130795549,0.26472188976898,0.3030685286910341
2018,41,17,7.0,54.0,1132.0,ok,20.962962962962962,0.0008741541748955871,0.2603491946490873,0.0033576219664278946,-0.09204491696963511,-0.08793581853412787
2018,41,18,57.0,2274.0,19483.0,ok,8.567722075637644,0.036811603587269724,0.6361764725213493,0.05786382423319556,-0.15402496919908257,-0.14274938411706756
2018,41,19,12.0,1948.0,25280.0,ok,12.97741273100616,0.03153430245734452,2.0500799442234845,0.015381986710420148,0.4094859874053709,0.5060434608167632
2018,41,20,7.0,453.0,1619.0,ok,3.573951434878587,0.007333182244957426,2.7742412848189315,0.0026433109063316554,-0.34041288431008865,-0.2885234953754221
2018,41,21,183.0,3175.0,23250.0,ok,7.322834645669292,0.05139702787580536,1.6658920972995965,0.03085255519197174,-0.6187438773973302,-0.46137941366432883
2018,41,22,13.0,1138.0,10001.0,ok,8.788224956063269,0.018421989833910708,0.640490089062954,0.028762333950962983,-0.46136373222444443,-0.36957666959017405
2018,41,23,5.0,1496.0,35076.0,ok,23.446524064171122,0.024217308252662932,1.347092036354139,0.017977471174283156,0.5372879280722359,0.7113592333466661
2018,41,24,120.0,3549.0,40249.0,ok,11.34094111017188,0.05745135493897109,0.7296425827806218,0.07873903784511535,0.05562417760158778,0.057200289518055725
2018,41,25,32.0,823.0,6209.0,ok,7.544349939246659,0.013322757147019781,0.3138452644644653,0.042450081793501876,-0.4031190105454251,-0.3317674321312596
2018,41,26,111.0,4800.0,56698.0,ok,11.812083333333334,0.07770259332405219,0.9714790073941049,0.07998381100635578,-0.017026068900851607,-0.016881944506264776
2018,41,27,5.0,111.0,2266.0,ok,20.414414414414413,0.001796872470618707,0.06697381621243062,0.02682947713356074,0.6277735832329043,0.8734348857305272
2018,41,28,12.0,3919.0,92356.0,ok,23.566215871395766,0.06344092984103344,1.1914713136904922,0.05324587265515438,0.6254517615438342,0.8690901497826762
2018,41,29,54.0,4537.0,48206.0,ok,10.62508265373595,0.07344513873150517,1.135039531593185,0.06470711960878998,0.032610594244464844,0.033148147064688015
2018,41,30,4.0,394.0,3763.0,ok,9.550761421319796,0.006378087868682617,0.39373290310567716,0.01619902176925953,-0.2478136518942539,-0.21949462457465402
2018,41,31,45.0,3808.0,82981.0,ok,21.79122899159664,0.061644057370414736,0.43853081544458516,0.1405694997919807,0.49877030709434705,0.6466950958918651
2018,41,32,44.0,1610.0,16547.0,ok,10.277639751552796,0.026062744844109174,1.3241662606657554,0.019682380995725963,0.15094279875921357,0.16293013513256324
2018,42,09,584.0,15460.0,98508.0,ok,6.371798188874515,0.2753584468786179,1.869049749998301,0.1473253704877937,0.021271891328304097,0.02149975080792923
2018,42,10,47.0,782.0,7101.0,ok,9.080562659846548,0.013928221569151305,1.0461026299894114,0.013314393033590105,-0.42363201518563387,-0.34533525572631213
2018,42,11,103.0,3790.0,13924.0,ok,3.6738786279683375,0.0675037848428177,2.120645778629904,0.03183171160552339,-0.021011380666225318,-0.020792179531323913
2018,42,12,25.0,311.0,1930.0,ok,6.205787781350482,0.00553922878261644,0.4821594970294737,0.011488374317508952,-0.005495795712716495,-0.005480721455114542
2018,42,13,35.0,345.0,2029.0,ok,5.881159420289855,0.006144803633449105,0.5136766577099005,0.01196239607391191,0.06881550970838414,0.07123855780261046
2018,42,14,14.0,418.0,1919.0,ok,4.590909090909091,0.007445008460236886,0.3096115645989872,0.02404628673957885,-0.5889234708630808,-0.4450756444676945
2018,42,15,64.0,1044.0,5937.0,ok,5.686781609195402,0.018594710125567727,0.5701691644520188,0.03261261970110016,-0.03594067703685999,-0.03530247949888195
2018,42,16,15.0,417.0,9340.0,ok,22.39808153477218,0.0074271974352123965,0.15417618574793096,0.04817344130795549,0.14275150002236414,0.1534431354558472
2018,42,17,6.0,67.0,763.0,ok,11.388059701492537,0.0011933386766408407,0.35541186249457657,0.0033576219664278946,-0.3573285732138497,-0.3004573909942258
2018,42,18,30.0,915.0,8933.0,ok,9.762841530054645,0.016297087897408497,0.28164553783604085,0.05786382423319556,0.3214647781529778,0.3791464290860946
2018,42,19,7.0,104.0,622.0,ok,5.980769230769231,0.0018523466025469767,0.12042310511763413,0.015381986710420148,-0.020267038993987053,-0.020063043015085085
2018,42,20,1.0,7.0,,suppressed,,0.0001246771751714311,0.04716704904927589,0.0026433109063316554,,
2018,42,21,175.0,2855.0,21247.0,ok,7.442031523642732,0.050850476444919405,1.6481771486515775,0.03085255519197174,-0.2576893671993636,-0.22716473719359012
2018,42,22,28.0,939.0,10471.0,ok,11.15122470713525,0.01672455249799626,0.5814741086905539,0.028762333950962983,0.1216809906256636,0.12939375711087547
2018,42,23,3.0,42.0,,suppressed,,0.0007480630510285867,0.04161113895143906,0.017977471174283156,,
2018,42,24,168.0,4391.0,36308.0,ok,8.268731496242314,0.0782082108825363,0.9932584017139856,0.07873903784511535,0.08459414757645584,0.08827529789085972
2018,42,25,54.0,5086.0,151801.0,ok,29.84683444750295,0.09058687327455694,2.133962278688087,0.042450081793501876,1.3170689883830877,2.732465429565486
2018,42,26,42.0,1365.0,15409.0,ok,11.28864468864469,0.024312049158429067,0.30396212499173303,0.07998381100635578,0.28255638199395583,0.3265165646372674
2018,42,27,7.0,613.0,6106.0,ok,9.960848287112562,0.010918158340012469,0.40694637042907733,0.02682947713356074,0.25510272437704695,0.29059418954789784
2018,42,28,17.0,4601.0,181899.0,ok,39.53466637687459,0.08194852613767922,1.5390587486173226,0.05324587265515438,1.4877236668752396,3.4270066986104863
2018,42,29,38.0,2230.0,14001.0,ok,6.27847533632287,0.03971858580461306,0.6138209526980333,0.06470711960878998,-0.14857158548599664,-0.1380616973103447
2018,42,30,4.0,1321.0,8102.0,ok,6.133232399697199,0.0235283640573515,1.4524558576741147,0.01619902176925953,-0.345804469888298,-0.2923491593721649
2018,42,31,138.0,8294.0,67360.0,ok,8.121533638775018,0.14772464155312137,1.0509010971208483,0.1405694997919807,-0.1433100897342614,-0.1335146609760643
2018,42,32,35.0,748.0,4708.0,ok,6.294117647058823,0.01332264671831864,0.6768818630841288,0.019682380995725963,0.005495795712716495,0.005510925301652845
2018,43,09,497.0,18939.0,131585.0,ok,6.9478325149163105,0.19912732625381138,1.3516159884377117,0.1473253704877937,-0.04140923167274974,-0.04056358217200406
2018,43,10,81.0,1902.0,22558.0,ok,11.860147213459516,0.019997897171695932,1.501975878377963,0.013314393033590105,-0.30581351231237625,-0.26347604070034353
2018,43,11,126.0,3727.0,13101.0,ok,3.5151596458277434,0.039186205446325305,1.2310429904600473,0.03183171160552339,-0.21440353443115664,-0.1929773421231345
2018,43,12,127.0,1970.0,14773.0,ok,7.498984771573604,0.02071285879507938,1.80294080107677,0.011488374317508952,0.03456033657267416,0.03516448476905802
2018,43,13,47.0,531.0,3405.0,ok,6.4124293785310735,0.005583009147303123,0.46671328325926115,0.01196239607391191,0.006070638671116957,0.006089102341235908
2018,43,14,25.0,1460.0,29959.0,ok,20.51986301369863,0.015350646619703501,0.6383790888776683,0.02404628673957885,0.7591626646040948,1.1364865155274018
2018,43,15,88.0,2290.0,15577.0,ok,6.802183406113537,0.02407738408158974,0.7382842685519528,0.03261261970110016,-0.006070638671116957,-0.006052249574184
2018,43,16,41.0,3722.0,71342.0,ok,19.167651800107468,0.03913363473872358,0.8123487481111495,0.04817344130795549,-0.162228898905383,-0.149753438242969
2018,43,17,18.0,197.0,4411.0,ok,22.390862944162436,0.0020712858795079382,0.6168907340428014,0.0033576219664278946,0.16952984067512442,0.1847477001768629
2018,43,18,98.0,5274.0,58176.0,ok,11.030716723549489,0.055451582378298815,0.9583117450866152,0.05786382423319556,0.2943359447660925,0.34223474467123316
2018,43,19,16.0,2132.0,15569.0,ok,7.302532833020638,0.02241614972137525,1.457298731521461,0.015381986710420148,0.0301758732276592,0.030635779255990304
2018,43,20,2.0,57.0,,suppressed,,0.0005993060666596573,0.22672553017660893,0.0026433109063316554,,
2018,43,21,149.0,3211.0,36529.0,ok,11.376206789162255,0.03376090842182736,1.094266202969549,0.03085255519197174,0.01746167195526996,0.017615018209358315
2018,43,22,25.0,1234.0,12875.0,ok,10.43354943273906,0.012974450636105563,0.4510917180165474,0.028762333950962983,-0.09407096497141774,-0.0897818336573874
2018,43,23,14.0,1235.0,13625.0,ok,11.03238866396761,0.012984964777625906,0.7222909524783969,0.017977471174283156,-0.02091995934655816,-0.020702654967983753
2018,43,24,190.0,6882.0,77015.0,ok,11.190787561755304,0.07235832194301335,0.9189637557592046,0.07873903784511535,0.2379747916083019,0.26867721110973264
2018,43,25,28.0,530.0,4071.0,ok,7.681132075471698,0.005572495005782778,0.13127171421930683,0.042450081793501876,-0.18947200079977397,-0.1726041170038672
2018,43,26,154.0,9561.0,187344.0,ok,19.594603074992154,0.10052570707601724,1.2568256727355631,0.07998381100635578,0.6847840857497364,0.9833435571659614
2018,43,27,14.0,706.0,5210.0,ok,7.379603399433428,0.007422983913363474,0.2766727013132184,0.02682947713356074,-0.1940687613118802,-0.17639872958232994
2018,43,28,46.0,11426.0,139161.0,ok,12.179327848765972,0.12013458101146042,2.256223346915716,0.05324587265515438,0.161056680409866,0.17475155232634
2018,43,29,53.0,4741.0,61591.0,ok,12.991141109470576,0.049847544947955,0.7703564190358981,0.06470711960878998,0.42933977081493147,0.5362429162398028
2018,43,30,4.0,507.0,,suppressed,,0.005330669750814846,0.3290735593016315,0.01619902176925953,,
2018,43,31,93.0,12020.0,84326.0,ok,7.015474209650582,0.12637998107454526,0.8990569167676236,0.1405694997919807,-0.4389399327789567,-0.355280495024256
2018,43,32,51.0,856.0,4980.0,ok,5.817757009345795,0.009000105141415204,0.45726709300920354,0.019682380995725963,-0.22243404640050324,-0.1994321946625156
2018,44,09,270.0,7281.0,53072.0,ok,7.289108638923225,0.10986043002640514,0.7456993297397299,0.1473253704877937,-0.04483608270935905,-0.043845800805826736
2018,44,10,61.0,1579.0,52987.0,ok,33.5573147561748,0.023824971708789135,1.7894147820845083,0.013314393033590105,0.6828791715156004,0.9795690539865285
2018,44,11,62.0,1891.0,8663.0,ok,4.581173982020095,0.028532629196529612,0.8963586234419979,0.03183171160552339,-0.000911559124331864,-0.0009111437805263523
2018,44,12,117.0,1478.0,9880.0,ok,6.684709066305818,0.022301018483591097,1.9411813949692642,0.011488374317508952,-0.1317629970335793,-0.12345128489103753
2018,44,13,51.0,842.0,4712.0,ok,5.596199524940618,0.012704639758581666,1.0620480780007338,0.01196239607391191,-0.18145822283190702,-0.16594691104826434
2018,44,14,16.0,562.0,11818.0,ok,21.02846975088968,0.008479818936250471,0.3526456715786043,0.02404628673957885,0.7322681668309723,1.0797925784278362
2018,44,15,60.0,1129.0,7091.0,ok,6.280779450841453,0.017035081101471145,0.5223462959308504,0.03261261970110016,-0.13719857454554868,-0.12820290776871499
2018,44,16,34.0,3072.0,206480.0,ok,67.21354166666667,0.04635231987929083,0.9621965676684194,0.04817344130795549,1.0410434098882775,1.832170587986421
2018,44,17,11.0,656.0,48844.0,ok,74.45731707317073,0.00989815164089023,2.947964881055586,0.0033576219664278946,1.3197245300665514,2.7423903192424604
2018,44,18,79.0,3459.0,37580.0,ok,10.864411679676207,0.05219162580158431,0.9019733225935455,0.05786382423319556,0.22776622292201562,0.25579171579620413
2018,44,19,15.0,1024.0,7645.0,ok,7.4658203125,0.015450773293096945,1.0044718919585465,0.015381986710420148,0.0009115593369835956,0.0009119749334667083
2018,44,20,4.0,91.0,458.0,ok,5.032967032967033,0.0013730667672576385,0.5194495902728138,0.0026433109063316554,0.14622558831886184,0.15745726744057503
2018,44,21,121.0,3681.0,55751.0,ok,15.145612605270307,0.05554130516786118,1.8002173506301284,0.03085255519197174,0.25227013914238094,0.28694364418394436
2018,44,22,13.0,2694.0,124173.0,ok,46.0924276169265,0.04064881176914372,1.4132654129684343,0.028762333950962983,1.340172815285476,2.8197035514913478
2018,44,23,12.0,1176.0,74310.0,ok,63.18877551020408,0.017744247453791023,0.9870268894756589,0.017977471174283156,1.6729929776265717,4.328090813275767
2018,44,24,142.0,3595.0,29166.0,ok,8.112934631432545,0.05424368162957375,0.6889045524822704,0.07873903784511535,-0.1350348282249132,-0.12631451775634325
2018,44,25,33.0,2513.0,26717.0,ok,10.631516116195781,0.037917766880422483,0.8932318921050186,0.042450081793501876,0.08420549034749668,0.08785241401299805
2018,44,26,77.0,3166.0,26281.0,ok,8.301010739102969,0.047770652583930595,0.5972540190681159,0.07998381100635578,-0.22547118131974933,-0.2018599385403135
2018,44,27,14.0,3069.0,27910.0,ok,9.094167481264256,0.04630705394190871,1.7259767572579212,0.02682947713356074,-0.03653376190586503,-0.03587445736898166
2018,44,28,28.0,6296.0,98629.0,ok,15.665343074968234,0.09499811391927575,1.7841404259543037,0.05324587265515438,0.3613890541272181,0.4353217701238082
2018,44,29,44.0,2521.0,15010.0,ok,5.953986513288378,0.0380384760467748,0.5878561165564161,0.06470711960878998,-0.40224527904510177,-0.3311833211462466
2018,44,30,15.0,4561.0,12238.0,ok,2.683183512387634,0.06881931346661638,4.248362305260496,0.01619902176925953,-1.3731299426527555,-0.7466871372712227
2018,44,31,95.0,9444.0,78714.0,ok,8.334815756035578,0.14249717087891361,1.0137132954857602,0.1405694997919807,-0.31799520757539335,-0.2723937245955419
2018,44,32,30.0,495.0,1973.0,ok,3.985858585858586,0.007468879668049793,0.3794703328663165,0.019682380995725963,-0.6519744720739805,-0.47898397110779023
2018,45,09,379.0,14599.0,97735.0,ok,6.694636618946503,0.2596300906989152,1.762290431303726,0.1473253704877937,-0.0559219039009561,-0.054387018308100374
2018,45,10,104.0,2710.0,49695.0,ok,18.337638376383765,0.04819491374711008,3.619760482173085,0.013314393033590105,0.1525687402843941,0.16482252957460375
2018,45,11,97.0,4389.0,47760.0,ok,10.88174982911825,0.0780544193491019,2.452096208849732,0.03183171160552339,0.9382089504356184,1.5554004683040081
2018,45,12,130.0,2972.0,20469.0,ok,6.887281292059219,0.05285434821269785,4.600681241047721,0.011488374317508952,-0.027920522208078932,-0.027534346847236414
2018,45,13,44.0,503.0,3223.0,ok,6.407554671968191,0.00894540280988796,0.7477935653206189,0.01196239607391191,0.027920522208078932,0.028313953051163517
2018,45,14,16.0,831.0,11470.0,ok,13.802647412755716,0.014778587942379512,0.6145891921871987,0.02404628673957885,0.38524010450039486,0.4699672248187162
2018,45,15,55.0,1019.0,7894.0,ok,7.746810598626104,0.01812199893295394,0.5556744321383851,0.03261261970110016,0.14657730371356742,0.1578644345795259
2018,45,16,19.0,1801.0,74188.0,ok,41.192670738478625,0.032029165925662455,0.6648718683166418,0.04817344130795549,0.6254177600099502,0.8690265989310355
2018,45,17,14.0,121.0,1878.0,ok,15.520661157024794,0.0021518762226569446,0.6408929427353853,0.0033576219664278946,-0.17434064735742236,-0.15998929851045426
2018,45,18,56.0,2145.0,24160.0,ok,11.263403263403264,0.03814689667437311,0.6592529474138842,0.05786382423319556,0.3378213239917451,0.4018899969175756
2018,45,19,10.0,2130.0,52546.0,ok,24.66948356807512,0.0378801351591677,2.462629559646332,0.015381986710420148,1.2701319877082888,2.561322582142515
2018,45,20,1.0,47.0,,suppressed,,0.0008358527476436066,0.3162143150249358,0.0026433109063316554,,
2018,45,21,112.0,2221.0,19940.0,ok,8.977937865826204,0.039498488351413834,1.2802339419100004,0.03085255519197174,-0.19668178982503876,-0.17854801389188507
2018,45,22,10.0,463.0,6509.0,ok,14.058315334773217,0.00823403876934021,0.28627853300703815,0.028762333950962983,0.2267269426110689,0.25448727414899847
2018,45,23,4.0,191.0,,suppressed,,0.003396763293615508,0.18894555639586236,0.017977471174283156,,
2018,45,24,105.0,2275.0,17241.0,ok,7.578461538461538,0.0404588298061533,0.5138344449387148,0.07873903784511535,-0.12919552413909285,-0.12119787828195946
2018,45,25,19.0,612.0,4866.0,ok,7.950980392156863,0.01088386982038058,0.2563921990380393,0.042450081793501876,-0.1323333327625062,-0.12395106940537888
2018,45,26,68.0,2780.0,29676.0,ok,10.674820143884892,0.04943980081806865,0.6181225950103827,0.07998381100635578,0.10002799053434752,0.10520185283312808
2018,45,27,18.0,1483.0,12575.0,ok,8.479433580579906,0.026373821803307843,0.9830166153449587,0.02682947713356074,-0.032534636573105534,-0.03201107856838755
2018,45,28,26.0,5615.0,87827.0,ok,15.641495992876225,0.09985772719189046,1.875407843132117,0.05324587265515438,0.4338543559054309,0.5431940946417613
2018,45,29,23.0,2253.0,10065.0,ok,4.467376830892144,0.040067579583852035,0.619214389793502,0.06470711960878998,-0.6155161344296587,-0.4596380760712738
2018,45,30,5.0,1257.0,5333.0,ok,4.242641209228322,0.022354614974213052,1.3799978352171138,0.01619902176925953,-0.8409591635398028,-0.5687033590425237
2018,45,31,27.0,2702.0,19038.0,ok,7.045891931902295,0.04805264093900053,0.3418425832780965,0.1405694997919807,-0.41200313197458543,-0.33767779832742917
2018,45,32,54.0,1111.0,5870.0,ok,5.283528352835283,0.019758136226213766,1.003848885483126,0.019682380995725963,-0.2961443479320102,-0.2563199284083847
2018,46,09,663.0,25678.0,161701.0,ok,6.2972583534543185,0.35957038634422306,2.4406548930010286,0.1473253704877937,5.064454354295913e-09,5.064454367120262e-09
2018,46,10,337.0,5797.0,83867.0,ok,14.467310677936863,0.08117569630179379,6.096837917958435,0.013314393033590105,0.03261897257712167,0.03315680315980967
2018,46,11,80.0,2097.0,6411.0,ok,3.0572246065808297,0.029364401439513813,0.9224889256165084,0.03183171160552339,-0.2142563413916865,-0.1928585452623793
2018,46,12,84.0,1126.0,6045.0,ok,5.368561278863233,0.01576743730133169,1.3724689730296475,0.011488374317508952,-0.1599227340390975,-0.14779036678138013
2018,46,13,46.0,379.0,2169.0,ok,5.722955145118734,0.005307156960217327,0.4436533389653763,0.01196239607391191,0.032042369702435965,0.03256125369137463
2018,46,14,20.0,828.0,11864.0,ok,14.328502415458937,0.01159452760701833,0.4821753866859777,0.02404628673957885,0.5397446721305429,0.7155687737392378
2018,46,15,96.0,1674.0,9125.0,ok,5.451015531660693,0.02344111016201532,0.7187742161426104,0.03261261970110016,-0.08778773841962091,-0.08404472179447871
2018,46,16,21.0,462.0,9057.0,ok,19.603896103896105,0.006469410331452256,0.1342941287938232,0.04817344130795549,-5.064454354295913e-09,-5.0644543414715635e-09
2018,46,17,15.0,144.0,2080.0,ok,14.444444444444445,0.002016439583829275,0.6005558707892669,0.0033576219664278946,-0.12908863494391867,-0.12110393880998382
2018,46,18,34.0,835.0,5707.0,ok,6.834730538922155,0.011692548975676698,0.20207010391423227,0.05786382423319556,-0.04460619754342871,-0.04362596987212278
2018,46,19,3.0,26.0,,suppressed,,0.00036407936930250796,0.023669203215204403,0.015381986710420148,,
2018,46,20,1.0,13.0,,suppressed,,0.00018203968465125398,0.06886805642696256,0.0026433109063316554,,
2018,46,21,171.0,7412.0,92136.0,ok,12.430652995143012,0.10379062635654572,3.364085266543935,0.03085255519197174,0.24582768196265986,0.27867921506368587
2018,46,22,7.0,134.0,1574.0,ok,11.746268656716419,0.001876409057174464,0.06523841425294488,0.028762333950962983,0.16416276561696067,0.17840610348048433
2018,46,23,4.0,434.0,5352.0,ok,12.331797235023041,0.006077324856818786,0.33805226541052247,0.017977471174283156,0.2301503605202792,0.25878926790990187
2018,46,24,139.0,2729.0,22157.0,ok,8.119091242213266,0.038214330724097856,0.48532890126582257,0.07873903784511535,0.0568267454626521,0.058472409360848826
2018,46,25,20.0,382.0,2855.0,ok,7.473821989528796,0.00534916611821377,0.12601073760551867,0.042450081793501876,-0.0771078066445053,-0.07420995809152464
2018,46,26,96.0,3841.0,32195.0,ok,8.38193178859672,0.05378572528811281,0.6724576462584262,0.07998381100635578,-0.024667054998399305,-0.024365309347736362
2018,46,27,18.0,488.0,3011.0,ok,6.170081967213115,0.006833489700754765,0.25470081532848127,0.02682947713356074,-0.2333519133089193,-0.20812514681534222
2018,46,28,58.0,12023.0,173069.0,ok,14.394826582383764,0.16835870219707896,3.1619108449484914,0.05324587265515438,0.46791010402832345,0.5966538634848622
2018,46,29,31.0,2527.0,65672.0,ok,25.98812821527503,0.03538571408567068,0.5468596701507911,0.06470711960878998,1.2624365480342095,2.534021819466473
2018,46,30,4.0,453.0,2479.0,ok,5.472406181015453,0.006343382857462927,0.39159048909364413,0.01619902176925953,-0.46931250553239345,-0.3745678983785221
2018,46,31,20.0,668.0,7717.0,ok,11.552395209580839,0.009354039180541358,0.06654387469816546,0.1405694997919807,0.1995591721208731,0.2208644484324156
2018,46,32,59.0,1263.0,7762.0,ok,6.145684877276326,0.017685855516502598,0.8985628070274165,0.019682380995725963,-0.027874028070554255,-0.02748913184431257
2018,47,09,364.0,12317.0,66458.0,ok,5.395632053259722,0.4612072193514566,3.1305349365448825,0.1473253704877937,0.0,0.0
2018,47,10,102.0,2094.0,23389.0,ok,11.169531996179561,0.07840934621433386,5.889066517453668,0.013314393033590105,-0.07155837746054752,-0.06905807001725016
2018,47,11,47.0,744.0,2236.0,ok,3.0053763440860215,0.027858908110536956,0.8751935320280712,0.03183171160552339,-0.07683645063772748,-0.07395870531470433
2018,47,12,11.0,82.0,391.0,ok,4.7682926829268295,0.0030704710551935892,0.26726767167692406,0.011488374317508952,-0.12396977126984363,-0.11659345526280372
2018,47,13,43.0,429.0,2243.0,ok,5.228438228438228,0.016063805886317683,1.3428585533420263,0.01196239607391191,0.09619428394757769,0.10097294458637372
2018,47,14,6.0,390.0,1795.0,ok,4.602564102564102,0.014603459896652437,0.6073062362936875,0.02404628673957885,-0.44136789110587993,-0.3568439483470907
2018,47,15,77.0,1432.0,9349.0,ok,6.528631284916201,0.05362090915899049,1.6441766914291045,0.03261261970110016,0.24713225574723063,0.2803484350200925
2018,47,16,28.0,722.0,3304.0,ok,4.576177285318559,0.027035123193289896,0.5612039011384732,0.04817344130795549,-1.3003397322122232,-0.7275607790691829
2018,47,17,11.0,114.0,1735.0,ok,15.219298245614034,0.004268703662098405,1.2713473121096452,0.0033576219664278946,0.07769034032058095,0.08078793040278538
2018,47,18,20.0,550.0,3158.0,ok,5.741818181818182,0.020594622931176514,0.3559153444158588,0.05786382423319556,-0.06432272224281177,-0.06229766670529758
2018,47,19,,,,nil_or_na,,0.0,0.0,0.015381986710420148,,
2018,47,20,4.0,21.0,,suppressed,,0.0007863401482812851,0.29748303402287074,0.0026433109063316554,,
2018,47,21,147.0,2847.0,28885.0,ok,10.145767474534598,0.1066052572455628,3.4553137197953365,0.03085255519197174,0.19724346935389356,0.21804056015594153
2018,47,22,6.0,618.0,2066.0,ok,3.343042071197411,0.023140867220849248,0.8045545698865121,0.028762333950962983,-0.9379670667901853,-0.6085772365982656
2018,47,23,1.0,6.0,,suppressed,,0.00022466861379465288,0.012497231207693006,0.017977471174283156,,
2018,47,24,154.0,2736.0,18306.0,ok,6.690789473684211,0.10244888789036172,1.3011193773015761,0.07873903784511535,0.017864993135396315,0.018025526677231958
2018,47,25,9.0,138.0,732.0,ok,5.304347826086956,0.0051673781172770165,0.12172834300799916,0.042450081793501876,-0.2654628869265352,-0.23314909744860313
2018,47,26,12.0,294.0,1812.0,ok,6.163265306122449,0.011008762075937992,0.13763737858231334,0.07998381100635578,-0.17761414296313713,-0.16273457407530587
2018,47,27,12.0,176.0,1175.0,ok,6.676136363636363,0.006590279337976485,0.245635772369666,0.02682947713356074,0.0,0.0
2018,47,28,1.0,65.0,,suppressed,,0.0024339099827754064,0.04571077271169103,0.05324587265515438,,
2018,47,29,10.0,307.0,2232.0,ok,7.270358306188925,0.011495544072493072,0.1776550114113175,0.06470711960878998,0.1431269017057041,0.1538762212360136
2018,47,30,,,,nil_or_na,,0.0,0.0,0.01619902176925953,,
2018,47,31,9.0,131.0,1145.0,ok,8.740458015267176,0.004905264734516588,0.034895654759926995,0.1405694997919807,0.0751535763845026,0.07804970114741706
2018,47,32,39.0,493.0,2896.0,ok,5.874239350912779,0.018460271100127313,0.9379084321219048,0.019682380995725963,0.08147696621140063,0.08488822821009827
2019,01,09,1699.0,77269.0,618296.0,ok,8.00186361930399,0.45801793684759606,3.109034864510522,0.14731836624794659,4.895315428879443e-05,4.8954352514004064e-05
2019,01,10,174.0,3937.0,67953.0,ok,17.26009652019304,0.02333687012086329,1.7407908443757139,0.013405901229468156,0.0,0.0
2019,01,11,132.0,2502.0,14007.0,ok,5.59832134292566,0.014830797318364225,0.47862892962203735,0.03098600272673818,0.08717954051700252,0.09109255745561963
2019,01,12,318.0,6137.0,56295.0,ok,9.17304872087339,0.036377539225739906,3.2065807398334134,0.011344650946674672,0.055381343570411024,0.05694359647815505
2019,01,13,179.0,3099.0,21721.0,ok,7.0090351726363345,0.018369560707278472,1.5877985229012608,0.011569201282359932,-0.0017562638051566715,-0.0017547224763387363
2019,01,14,101.0,6121.0,113199.0,ok,18.49354680607744,0.036282697995886265,1.49070505561674,0.024339286875816796,0.5140546851313822,0.6720571340000967
2019,01,15,305.0,6861.0,48668.0,ok,7.093426614196181,0.040669104876617485,1.2468359514827512,0.03261784746281444,-0.03376426642723848,-0.03320061514992262
2019,01,16,93.0,3497.0,71553.0,ok,20.461252502144696,0.02072873629988797,0.4196020258928581,0.049400944277568574,-0.1477569001046682,-0.13735920265832918
2019,01,17,47.0,857.0,85224.0,ok,99.44457409568261,0.005079933374036028,1.4520417586813206,0.0034984760897299513,1.6886781436827496,4.412321662979877
2019,01,18,145.0,4458.0,36263.0,ok,8.134365186182144,0.02642513766797271,0.4515440230768934,0.058521730589871576,-0.0794604331977958,-0.07638543627960244
2019,01,19,24.0,672.0,6106.0,ok,9.086309523809524,0.003983331653853221,0.26187203329869496,0.015210985318580303,0.10115680620870622,0.10645012641077811
2019,01,20,13.0,520.0,2837.0,ok,5.4557692307692305,0.0030823399702435642,1.2209828436067527,0.002524474431711431,0.1281305835076384,0.13670142746547198
2019,01,21,392.0,6172.0,71781.0,ok,11.630103694102399,0.036585004416044765,1.188592351048075,0.030780110930198147,-0.014887416286733929,-0.014777146593367308
2019,01,22,83.0,6093.0,95092.0,ok,15.606761857869687,0.03611672584364238,1.2470075013881428,0.02896271738817769,0.27953684835899195,0.322517144483599
2019,01,23,18.0,356.0,4760.0,ok,13.370786516853933,0.002110217364243671,0.11615701610691205,0.018166938468025095,0.0896142780011555,0.09375231799937479
2019,01,24,558.0,11513.0,124199.0,ok,10.787718231564318,0.06824419245656568,0.8599955895733603,0.07935411911870537,0.09937623386790265,0.10448176484434074
2019,01,25,110.0,2589.0,25347.0,ok,9.790266512166859,0.015346496505693438,0.361600005407503,0.04244053173726808,-0.11968208677154182,-0.11279755471866885
2019,01,26,216.0,4702.0,43286.0,ok,9.205869842620162,0.027871466423240843,0.34581999426928195,0.08059530069142845,-0.15241816274288109,-0.1413708410635415
2019,01,27,28.0,475.0,3664.0,ok,7.713684210526316,0.002815599011280179,0.10289947411867137,0.02736261808328602,-0.3319854662927929,-0.2825022493191042
2019,01,28,36.0,6886.0,74870.0,ok,10.872785361603253,0.04081729429826381,0.7673821158181614,0.053190312175500146,0.06027684919631529,0.06213055583612896
2019,01,29,59.0,2010.0,13956.0,ok,6.943283582089553,0.011914429500364546,0.18286984944189305,0.06515250893860641,-0.2307002078921538,-0.2060225414647997
2019,01,30,12.0,587.0,5764.0,ok,9.819420783645656,0.0034794876202557156,0.21974643389237528,0.01583410278211776,-0.14025561354742605,-0.13086395594495992
2019,01,31,108.0,9335.0,109066.0,ok,11.68355650776647,0.05533393004273783,0.40114947382826277,0.13793843355862656,0.0,0.0
2019,01,32,132.0,2055.0,16020.0,ok,7.795620437956204,0.012181170459327931,0.62517430852907,0.019484438648779693,-0.03433595575421611,-0.03375316608078593
2019,02,09,365.0,15554.0,96203.0,ok,6.185097081136685,0.27346730664416197,1.8563015162949768,0.14731836624794659,0.0,0.0
2019,02,10,61.0,1356.0,15617.0,ok,11.516961651917404,0.023840919879740494,1.778389939747924,0.013405901229468156,-0.14709359091834098,-0.13678681527903494
2019,02,11,119.0,4561.0,11328.0,ok,2.483665862749397,0.08019058670464335,2.587961648742965,0.03098600272673818,-0.46806880100789305,-0.37378956173389205
2019,02,12,52.0,774.0,6469.0,ok,8.357881136950905,0.01360831267471913,1.199535599524812,0.011344650946674672,0.21979940004202977,0.2458267927171986
2019,02,13,26.0,360.0,2437.0,ok,6.769444444444445,0.0063294477556833165,0.5470946179607146,0.011569201282359932,0.2209455145194429,0.24725547139895118
2019,02,14,32.0,1979.0,32077.0,ok,16.208691258211218,0.034794380856936896,1.4295562986074233,0.024339286875816796,0.6396632428535027,0.8958423333391432
2019,02,15,77.0,1432.0,7237.0,ok,5.05377094972067,0.025177136628162525,0.7718822235852749,0.03261784746281444,-0.11531529343265645,-0.10891485368375949
2019,02,16,12.0,545.0,16906.0,ok,31.020183486238533,0.009582080630131688,0.1939655358871877,0.049400944277568574,0.5258310088230439,0.6918642184536767
2019,02,17,14.0,122.0,2873.0,ok,23.549180327868854,0.0021449795172037906,0.6131182441122136,0.0034984760897299513,0.5056515251010231,0.6580654398785659
2019,02,18,26.0,953.0,5445.0,ok,5.713536201469045,0.016755454753239446,0.28631167575449884,0.058521730589871576,-0.1752371923570748,-0.16074206840806285
2019,02,19,7.0,175.0,1138.0,ok,6.502857142857143,0.0030768148812349455,0.2022758432010712,0.015210985318580303,0.024112426065288996,0.024405481294338463
2019,02,20,,,,absent_from_source,,0.0,0.0,0.002524474431711431,,
2019,02,21,97.0,1760.0,15509.0,ok,8.811931818181819,0.03094396680556288,1.0053234335553993,0.030780110930198147,-0.0348947954727199,-0.03429299233723286
2019,02,22,20.0,1664.0,20249.0,ok,12.168870192307692,0.029256114070713997,1.010130150379331,0.02896271738817769,0.28819645467293287,0.33401935271783045
2019,02,23,15.0,4152.0,148724.0,ok,35.81984585741811,0.07299963078221425,4.018268180447575,0.018166938468025095,1.3325269668618613,2.790610041129987
2019,02,24,133.0,2713.0,20211.0,ok,7.449686693697014,0.04769942155880233,0.6010957224217818,0.07935411911870537,-0.013377263542411866,-0.013288185601234466
2019,02,25,20.0,327.0,2306.0,ok,7.051987767584098,0.005749248378079013,0.13546598364201115,0.04244053173726808,-0.1902784240437136,-0.17327107931275604
2019,02,26,57.0,1674.0,11487.0,ok,6.862007168458781,0.029431932063927423,0.3651817390273425,0.08059530069142845,-0.18877666875586308,-0.17202860206962015
2019,02,27,32.0,4205.0,34947.0,ok,8.310820451843044,0.0739314661462454,2.7019149235359596,0.02736261808328602,5.975847415995439e-05,5.976025973313888e-05
2019,02,28,71.0,6813.0,58664.0,ok,8.610597387347717,0.11978479877630677,2.252004056322883,0.053190312175500146,0.08449044873551481,0.08816245085499823
2019,02,29,36.0,3175.0,20656.0,ok,6.505826771653544,0.055822212845262585,0.856792988553429,0.06515250893860641,-0.03829399552057111,-0.03757005079983524
2019,02,30,8.0,637.0,3157.0,ok,4.956043956043956,0.011199606167695202,0.707309174495411,0.01583410278211776,-0.5665271059874197,-0.4325071370398978
2019,02,31,24.0,1369.0,26572.0,ok,19.409788166544924,0.024069483270917947,0.17449439325906177,0.13793843355862656,0.7650778687834994,1.1491617207483555
2019,02,32,38.0,577.0,2962.0,ok,5.133448873483536,0.010144698208414649,0.5206564269712748,0.019484438648779693,-0.1946375092610926,-0.17686701793420553
2019,03,09,475.0,19197.0,122202.0,ok,6.365682137834036,0.219046314996748,1.4868907426524032,0.14731836624794659,-0.09610501947406613,-0.09163138533487909
2019,03,10,61.0,957.0,22921.0,ok,23.950888192267502,0.010919795981241228,0.8145514273399166,0.013405901229468156,0.46020722861510976,0.5844022844679713
2019,03,11,150.0,4644.0,13710.0,ok,2.952196382428941,0.05299010714407969,1.7101304615310677,0.03098600272673818,-0.4201387244115723,-0.34304432229643345
2019,03,12,117.0,2183.0,17249.0,ok,7.901511681172698,0.024909001700156322,2.195660476222727,0.011344650946674672,0.03876483688199958,0.03952599672949786
2019,03,13,34.0,479.0,2247.0,ok,4.691022964509394,0.005465603213181346,0.4724270137399192,0.011569201282359932,-0.2707065468016505,-0.23715967850546252
2019,03,14,28.0,1159.0,16288.0,ok,14.053494391716997,0.013224705895776994,0.5433481253272417,0.024339286875816796,0.37210300914804806,0.4507824174572061
2019,03,15,86.0,1880.0,17940.0,ok,9.542553191489361,0.021451636828352674,0.6576656185791641,0.03261784746281444,0.3954273850901423,0.485018730178807
2019,03,16,21.0,1522.0,18472.0,ok,12.136662286465178,0.017366697474868496,0.3515458606882171,0.049400944277568574,-0.537459965310341,-0.41576966537631715
2019,03,17,22.0,201.0,3234.0,ok,16.08955223880597,0.0022934994694143018,0.655571000226941,0.0034984760897299513,-0.0001530709874901781,-0.00015305927272431038
2019,03,18,100.0,4191.0,30897.0,ok,7.372226198997852,0.047821175504056415,0.8171524495608966,0.058521730589871576,-0.04523931512155033,-0.04423127544683689
2019,03,19,14.0,581.0,2502.0,ok,4.306368330464716,0.006629468615570694,0.43583426561281086,0.015210985318580303,-0.5129179944429848,-0.4012541099172455
2019,03,20,15.0,470.0,1919.0,ok,4.082978723404255,0.005362909207088169,2.1243666165604465,0.002524474431711431,-0.029117140477106812,-0.02869732105693684
2019,03,21,131.0,2693.0,41205.0,ok,15.300779799480134,0.03072832871210306,0.9983176727916115,0.030780110930198147,0.3920185934654531,0.47996522882881937
2019,03,22,49.0,2168.0,22407.0,ok,10.335332103321033,0.02473784502333436,0.8541272109167531,0.02896271738817769,0.0,0.0
2019,03,23,25.0,972.0,10362.0,ok,10.660493827160494,0.011090952658063192,0.6105020214376757,0.018166938468025095,-0.004314097512947691,-0.0043048051617777215
2019,03,24,182.0,5524.0,45057.0,ok,8.15658942795076,0.06303129885096817,0.7943040582011882,0.07935411911870537,-0.04760683508819896,-0.04649140048444293
2019,03,25,42.0,3921.0,63546.0,ok,16.206579954093343,0.04474035532126108,1.0541893206765238,0.04244053173726808,0.5169456618834715,0.6768980063558112
2019,03,26,167.0,7768.0,84792.0,ok,10.915550978372812,0.08863633770353381,1.099770544226787,0.08059530069142845,0.15052809596362682,0.16244796474006679
2019,03,27,43.0,3356.0,35124.0,ok,10.466030989272944,0.038293453827633814,1.399480623932865,0.02736261808328602,0.10575257878565403,0.11154682221624561
2019,03,28,85.0,8379.0,59136.0,ok,7.057644110275689,0.09560811967274843,1.7974724298908373,0.053190312175500146,-0.23927566379683962,-0.21280214948818718
2019,03,29,56.0,3243.0,24838.0,ok,7.658957755164971,0.03700407352890836,0.5679608372991056,0.06515250893860641,0.0,0.0
2019,03,30,26.0,1673.0,17078.0,ok,10.208009563658099,0.019089674688209587,1.2056050760115382,0.01583410278211776,0.03115401058702235,0.031644375808146254
2019,03,31,57.0,8166.0,84038.0,ok,10.291207445505755,0.09317769486187656,0.6755020515893723,0.13793843355862656,0.0057065559712567715,0.005722869378144129
2019,03,32,69.0,2312.0,16326.0,ok,7.061418685121107,0.026380949120825205,1.3539496618999305,0.019484438648779693,-0.0006529732821606571,-0.0006527601415012922
2019,04,09,649.0,28319.0,210303.0,ok,7.4262156149581555,0.24235966691485447,1.645142239134984,0.14731836624794659,-0.160550516012646,-0.14832520072967806
2019,04,10,76.0,1851.0,48362.0,ok,26.127498649378715,0.01584122827286965,1.1816608224778118,0.013405901229468156,0.3286496773438808,0.38909114024104097
2019,04,11,102.0,2696.0,10419.0,ok,3.8646142433234423,0.023072907306135374,0.744623548561993,0.03098600272673818,-0.3693667753930255,-0.30882814087532134
2019,04,12,76.0,1952.0,22308.0,ok,11.42827868852459,0.01670560647684579,1.4725535898257418,0.011344650946674672,0.1892611235808598,0.20835644165127748
2019,04,13,47.0,665.0,4071.0,ok,6.121804511278196,0.005691203026179534,0.49192704727656184,0.011569201282359932,-0.22304080435180104,-0.19991779820715308
2019,04,14,61.0,2594.0,59500.0,ok,22.937548188126446,0.022199970902119868,0.9121044102642742,0.024339286875816796,0.6434666691720213,0.9030667600437838
2019,04,15,175.0,4880.0,42473.0,ok,8.703483606557377,0.04176401619211447,1.2804038108194296,0.03261784746281444,0.08484917474134039,0.08855287304779295
2019,04,16,42.0,1607.0,30118.0,ok,18.7417548226509,0.013753027463263926,0.2783960441320703,0.049400944277568574,-0.3214773556366511,-0.2749229512503072
2019,04,17,18.0,584.0,24342.0,ok,41.68150684931507,0.0049979888229907486,1.4286188313999726,0.0034984760897299513,0.7331938559179472,1.081718711083306
2019,04,18,124.0,4615.0,43338.0,ok,9.39068255687974,0.03949609318168203,0.6748961929795982,0.058521730589871576,-0.02178154827130246,-0.021546043335283486
2019,04,19,20.0,2693.0,22596.0,ok,8.390642406238396,0.02304723270601727,1.5151702682839978,0.015210985318580303,-0.06443633360723758,-0.06240419429532146
2019,04,20,4.0,136.0,581.0,ok,4.272058823529412,0.00116391520535401,0.46105248313604447,0.002524474431711431,-0.2023885612877044,-0.18322250184068495
2019,04,21,145.0,4059.0,52734.0,ok,12.991869918699187,0.03473773395979358,1.128577282861987,0.030780110930198147,0.00989807941050919,0.0099472274216482
2019,04,22,37.0,2228.0,32614.0,ok,14.638240574506284,0.01906766968771128,0.6583522337408341,0.02896271738817769,0.12952850488554726,0.1382915578709186
2019,04,23,29.0,1861.0,24978.0,ok,13.421816227834498,0.015926810273263328,0.8766920359913958,0.018166938468025095,0.007482128730676121,0.007510189797694109
2019,04,24,259.0,8208.0,80815.0,ok,9.845882066276802,0.07024570592313024,0.8852181424640364,0.07935411911870537,-0.07792014162220957,-0.07496170434834878
2019,04,25,51.0,1456.0,13995.0,ok,9.61195054945055,0.0124607392573194,0.29360469219515734,0.04244053173726808,-0.22400498532585997,-0.20068885046711166
2019,04,26,168.0,7743.0,119264.0,ok,15.40281544620948,0.06626614290482426,0.8222085200542202,0.08059530069142845,0.27634945149709683,0.31830846841109195
2019,04,27,44.0,2742.0,13054.0,ok,4.760758570386579,0.023466584507946288,0.8576147368836918,0.02736261808328602,-0.9005157616570937,-0.593639979234313
2019,04,28,86.0,13627.0,246488.0,ok,18.088207235635135,0.11662259193646392,2.192553252022107,0.053190312175500146,0.48333273718072395,0.6214693383986143
2019,04,29,98.0,6332.0,56294.0,ok,8.890397978521793,0.0541905226492764,0.8317488233698022,0.06515250893860641,-0.06944458631189128,-0.06708817196268113
2019,04,30,28.0,3776.0,47383.0,ok,12.548463983050848,0.032315763348652514,2.0408963989515287,0.01583410278211776,0.0190391227819632,0.01922152261881361
2019,04,31,100.0,10654.0,134626.0,ok,12.636192979162756,0.09117906321942369,0.6610127494355719,0.13793843355862656,-0.007558664261489514,-0.007530169398348099
2019,04,32,89.0,1569.0,17160.0,ok,10.936902485659656,0.013427815861767953,0.6891559004502773,0.019484438648779693,0.21830317818486558,0.24396415324812493
2019,05,09,302.0,7957.0,40176.0,ok,5.049139122784969,0.1288520395770246,0.8746502072943034,0.14731836624794659,-0.09218611438513179,-0.08806459054796624
2019,05,10,44.0,942.0,10151.0,ok,10.776008492569002,0.0152543196281962,1.13788095011956,0.013405901229468156,-0.10285340915888998,-0.09774077327333244
2019,05,11,243.0,5947.0,17372.0,ok,2.921136707583656,0.09630301361877155,3.1079521443296905,0.03098600272673818,-0.1950927867426867,-0.17724168654973393
2019,05,12,115.0,2395.0,23792.0,ok,9.934029227557412,0.03878354088060499,3.4186632151933387,0.011344650946674672,0.5032994459815799,0.6541701216229547
2019,05,13,38.0,800.0,4349.0,ok,5.43625,0.012954836202289767,1.119769281051629,0.011569201282359932,0.11235480681299138,0.11890978704035118
2019,05,14,18.0,584.0,5934.0,ok,10.16095890410959,0.00945703042767153,0.38855002103894487,0.024339286875816796,0.28340729461943565,0.3276457946999489
2019,05,15,67.0,1069.0,6594.0,ok,6.168381665107577,0.0173108998753097,0.5307186470549528,0.03261784746281444,0.194725361367326,0.21497726097118525
2019,05,16,15.0,1853.0,23415.0,ok,12.636265515380463,0.030006639353553674,0.6074102386577002,0.049400944277568574,-0.26149733913141465,-0.2301020759811845
2019,05,17,15.0,92.0,1557.0,ok,16.92391304347826,0.0014898061632633232,0.4258443176549827,0.0034984760897299513,0.2860269351788361,0.331128308948482
2019,05,18,44.0,1787.0,8157.0,ok,4.564633463905988,0.028937865366864768,0.4944806839303053,0.058521730589871576,-0.2889982763898931,-0.25098650359121066
2019,05,19,12.0,490.0,2106.0,ok,4.297959183673469,0.007934837173902483,0.5216517541575716,0.015210985318580303,-0.27925008356933684,-0.24364927132858588
2019,05,20,38.0,496.0,1380.0,ok,2.782258064516129,0.008031998445419656,3.181651730960285,0.002524474431711431,-0.17705854689503486,-0.16226926344629575
2019,05,21,87.0,1575.0,12812.0,ok,8.134603174603175,0.02550483377325798,0.8286140953519232,0.030780110930198147,-0.004135697991771811,-0.004127157770147813
2019,05,22,22.0,892.0,7266.0,ok,8.145739910313901,0.01444464236555309,0.49873228992833585,0.02896271738817769,-0.0024507028051565655,-0.0024477022846654596
2019,05,23,21.0,1682.0,22696.0,ok,13.49346016646849,0.027237543115314237,1.4992918682062997,0.018166938468025095,0.46696883898789604,0.5951516961012295
2019,05,24,139.0,3734.0,30724.0,ok,8.228173540439208,0.06046669797418749,0.7619856240069366,0.07935411911870537,0.19675365204354278,0.21744408889776698
2019,05,25,28.0,1063.0,9079.0,ok,8.540921919096895,0.01721373860379253,0.4055966760820935,0.04244053173726808,0.11201983059323267,0.11853504163854056
2019,05,26,131.0,5444.0,35974.0,ok,6.608008817046289,0.08815766035658186,1.093831273042917,0.08059530069142845,-0.11575545779639927,-0.10930699130139475
2019,05,27,33.0,4022.0,35277.0,ok,8.771009448035803,0.0651304390070118,2.3802707331867343,0.02736261808328602,0.1646921555111377,0.1790301049183578
2019,05,28,94.0,12739.0,151946.0,ok,11.927623832325928,0.20628957297621167,3.8783298036598137,0.053190312175500146,0.5210926197142614,0.6838664706519575
2019,05,29,48.0,2060.0,12253.0,ok,5.9480582524271846,0.03335870322089615,0.5120094953262698,0.06515250893860641,-0.017188545575495193,-0.017041665282901765
2019,05,30,11.0,549.0,4211.0,ok,7.6703096539162114,0.008890256343821352,0.5614625890809274,0.01583410278211776,-0.0190391227819632,-0.01885902347256693
2019,05,31,30.0,2726.0,22091.0,ok,8.103815113719737,0.04414360435930238,0.32002396446339576,0.13793843355862656,0.0023741673114114764,0.0023769878783470055
2019,05,32,53.0,855.0,4873.0,ok,5.699415204678362,0.013845481191197188,0.7105917414800312,0.019484438648779693,0.020687165864896703,0.020902628486093904
2019,06,09,371.0,14681.0,105168.0,ok,7.163544717662284,0.14918654160781245,1.0126812114975643,0.14731836624794659,0.026661222780409832,0.027019812904619363
2019,06,10,72.0,1495.0,15801.0,ok,10.569230769230769,0.015192008698568191,1.1332329276881368,0.013405901229468156,-0.3531684496187695,-0.2975411455157884
2019,06,11,220.0,6212.0,21804.0,ok,3.5099806825499034,0.06312559065920108,2.0372292359197814,0.03098600272673818,-0.24239491235373578,-0.21525378962210076
2019,06,12,69.0,1086.0,8405.0,ok,7.739410681399631,0.011035800298759234,0.9727756588221899,0.011344650946674672,0.022718996896970628,0.02297903887056153
2019,06,13,70.0,1710.0,11217.0,ok,6.559649122807017,0.017376812625118133,1.501988961987663,0.011569201282359932,0.06926260045327415,0.07171760572834056
2019,06,14,37.0,996.0,7034.0,ok,7.062248995983936,0.010121231213226702,0.41583926697881307,0.024339286875816796,-0.3113218035322992,-0.26752187610914274
2019,06,15,83.0,2117.0,13262.0,ok,6.26452527161077,0.02151269726747081,0.6595376133264492,0.03261784746281444,-0.02074817602388135,-0.020534413566045785
2019,06,16,33.0,3525.0,151567.0,ok,42.9977304964539,0.03582062251669089,0.725099955892056,0.049400944277568574,0.7321392651062381,1.0795245068552028
2019,06,17,12.0,108.0,1276.0,ok,11.814814814814815,0.00109748290263904,0.3137031308748362,0.0034984760897299513,-0.30428625840413015,-0.2623503221948046
2019,06,18,82.0,3692.0,25567.0,ok,6.924972914409534,0.03751765626429014,0.6410893165005508,0.058521730589871576,-0.10314218932041797,-0.09800129022069316
2019,06,19,12.0,374.0,1823.0,ok,4.874331550802139,0.0038005426443240824,0.24985512540609048,0.015210985318580303,-0.3843472434729782,-0.3191050502027914
2019,06,20,26.0,998.0,7750.0,ok,7.765531062124248,0.01014155497068298,4.017293597149907,0.002524474431711431,0.6184336121360468,0.8560185188372906
2019,06,21,102.0,3888.0,53290.0,ok,13.706275720164609,0.039509384495005434,1.2836011080207985,0.030780110930198147,0.28665131667088717,0.33195970035382777
2019,06,22,41.0,1136.0,9898.0,ok,8.713028169014084,0.011543894235166198,0.3985777328987199,0.02896271738817769,-0.16606622235408408,-0.15300985734896905
2019,06,23,40.0,1728.0,23121.0,ok,13.380208333333334,0.01755972644222464,0.9665759848931517,0.018166938468025095,0.22760049253568046,0.25558361019517584
2019,06,24,225.0,5313.0,46185.0,ok,8.692828910220214,0.05399006168260388,0.6803687355137855,0.07935411911870537,0.02074817602388135,0.020964915817826366
2019,06,25,66.0,3090.0,24830.0,ok,8.035598705501618,0.031400205269950306,0.7398636158551476,0.04244053173726808,-0.17990745140467929,-0.16465248192669235
2019,06,26,311.0,11437.0,93759.0,ok,8.197866573402116,0.1162214070137287,1.4420370172536523,0.08059530069142845,-0.13110371744774718,-0.12287320367954653
2019,06,27,51.0,2753.0,17624.0,ok,6.4017435524881945,0.02797565213856738,1.0224040716211955,0.02736261808328602,-0.3811291988867428,-0.316910370501209
2019,06,28,102.0,12902.0,211645.0,ok,16.404045884359014,0.1311085593504527,2.464895466638045,0.053190312175500146,0.6088237483663514,0.8382678610240635
2019,06,29,138.0,6280.0,55636.0,ok,8.85923566878981,0.06381659841271455,0.9794956395746678,0.06515250893860641,0.15026728994493754,0.1621448308457398
2019,06,30,35.0,3595.0,73736.0,ok,20.510709318497913,0.036531954027660636,2.3071691860506296,0.01583410278211776,0.7336112105054688,1.0825877072644636
2019,06,31,88.0,6134.0,49455.0,ok,8.062438865340724,0.06233296411840621,0.4518897490010532,0.13793843355862656,-0.23368452125307518,-0.20838848688536132
2019,06,32,53.0,3157.0,48687.0,ok,15.421919543870763,0.03208105114473564,1.6464960434846745,0.019484438648779693,0.7851736008056265,1.192787577382847
2019,07,09,442.0,16115.0,98767.0,ok,6.128886130933912,0.10155147207098206,0.689333412101952,0.14731836624794659,-0.22243460442464902,-0.19943264139855665
2019,07,10,81.0,1379.0,44638.0,ok,32.369833212472805,0.008690008066142367,0.6482225937216696,0.013405901229468156,0.6730075214080586,0.9601235783002919
2019,07,11,264.0,5736.0,20324.0,ok,3.5432357043235703,0.03614640048396854,1.1665396405835011,0.03098600272673818,-0.3260690178724519,-0.27824462830753754
2019,07,12,114.0,2299.0,17520.0,ok,7.6207046541974774,0.014487547892720307,1.2770377829003965,0.011344650946674672,-0.08584163076195207,-0.0822604385730002
2019,07,13,77.0,2541.0,16743.0,ok,6.58913813459268,0.016012552934059288,1.384067278566095,0.011569201282359932,-0.01935587959615291,-0.01916975734642865
2019,07,14,73.0,3408.0,46979.0,ok,13.784917840375586,0.02147610405323654,0.8823637341065618,0.024339286875816796,0.2643858033647682,0.30263065865998856
2019,07,15,124.0,2731.0,19568.0,ok,7.165140974002197,0.017209870941722123,0.5276212957137045,0.03261784746281444,0.020472827598131196,0.020683833435081487
2019,07,16,101.0,8883.0,219849.0,ok,24.749408983451538,0.055977767695099816,1.1331315324779647,0.049400944277568574,0.08668961719356788,0.09055813668698524
2019,07,17,21.0,202.0,5609.0,ok,27.76732673267327,0.00127293809235733,0.36385502136034,0.0034984760897299513,0.4571156148851982,0.5795114887327784
2019,07,18,213.0,9011.0,74877.0,ok,8.309510598157807,0.0567843819318411,0.9703127600547896,0.058521730589871576,-0.013979538135573163,-0.013882278136440792
2019,07,19,57.0,5842.0,99896.0,ok,17.09962341663814,0.036814377898769915,2.420249387381957,0.015210985318580303,0.7776222980728973,1.1762915362443267
2019,07,20,31.0,970.0,5541.0,ok,5.712371134020619,0.006112623512805001,2.421344988097596,0.002524474431711431,0.21826904143275105,0.24392168907698475
2019,07,21,221.0,7308.0,88520.0,ok,12.112753147235907,0.046052631578947366,1.4961814687212662,0.030780110930198147,0.06995246159018899,0.07245719713263198
2019,07,22,61.0,3046.0,31275.0,ok,10.267564018384768,0.019194898164952613,0.6627450700737006,0.02896271738817769,-0.09499973874210187,-0.09062682795087607
2019,07,23,60.0,3923.0,48587.0,ok,12.385164414988528,0.024721466021375278,1.3607942837967193,0.018166938468025095,0.05721928360163417,0.058887981709245155
2019,07,24,364.0,10921.0,99806.0,ok,9.138906693526234,0.06882057874571486,0.8672590598953855,0.07935411911870537,-0.02231340805401548,-0.022066305278603725
2019,07,25,106.0,5886.0,82432.0,ok,14.00475705062861,0.03709165154264973,0.8739676442385059,0.04244053173726808,0.282504179178164,0.3264473185448351
2019,07,26,297.0,8743.0,67699.0,ok,7.7432231499485304,0.055095533373664046,0.6836072686744579,0.08059530069142845,-0.281263557367133,-0.24517063157923308
2019,07,27,135.0,11725.0,97019.0,ok,8.27454157782516,0.07388712442024602,2.7002944014841432,0.02736261808328602,-0.21761998298515906,-0.19556891891312872
2019,07,28,158.0,13809.0,127744.0,ok,9.25077847780433,0.08701981246218995,1.6360086809618675,0.053190312175500146,-0.0571004705956467,-0.05550082979490278
2019,07,29,172.0,9490.0,72281.0,ok,7.61654373024236,0.05980288364589635,0.9178907247033105,0.06515250893860641,-0.09397443726486242,-0.08969396814466536
2019,07,30,78.0,10500.0,109627.0,ok,10.440666666666667,0.066167574107683,4.178801604244311,0.01583410278211776,-0.034731429674040214,-0.034135215953353885
2019,07,31,116.0,11994.0,202244.0,ok,16.862097715524428,0.0755822746521476,0.5479420978057116,0.13793843355862656,0.4110638217074879,0.5084216235296894
2019,07,32,119.0,2226.0,17425.0,ok,7.827942497753819,0.014027525710828796,0.719934813811397,0.019484438648779693,0.013979538135573163,0.014077708805604008
2019,08,09,664.0,42824.0,463183.0,ok,10.815967681673827,0.1573306979290278,1.0679639065792366,0.14731836624794659,0.05036254670627888,0.05165230034736801
2019,08,10,86.0,2786.0,111597.0,ok,40.05635319454415,0.010235459658842504,0.7635040333091108,0.013405901229468156,0.5908545439669123,0.8055306616793909
2019,08,11,136.0,3258.0,19347.0,ok,5.9383057090239415,0.011969536097813668,0.38628848655864273,0.03098600272673818,-0.10489886434828516,-0.09958441790178384
2019,08,12,122.0,3868.0,51729.0,ok,13.373578076525336,0.014210609461738265,1.252626416496636,0.011344650946674672,0.18135715004773925,0.19884326977341293
2019,08,13,74.0,2306.0,23654.0,ok,10.257588898525585,0.008471992093787083,0.7322884170668463,0.011569201282359932,0.12802602169136162,0.13658257811331215
2019,08,14,128.0,6098.0,67311.0,ok,11.038209248934077,0.022403385857724906,0.9204618841969698,0.024339286875816796,-0.25303981359739425,-0.22356303154050844
2019,08,15,175.0,5555.0,44924.0,ok,8.087128712871287,0.02040846317475596,0.6256839357049042,0.03261784746281444,-0.15369451340408508,-0.14246605387180147
2019,08,16,197.0,16787.0,598682.0,ok,35.66343003514624,0.061673604197052805,1.2484296626098474,0.049400944277568574,0.15680044836025164,0.16976216265122576
2019,08,17,25.0,904.0,31128.0,ok,34.43362831858407,0.0033211972475210424,0.949326838983029,0.0034984760897299513,0.377075882492115,0.45801494298101014
2019,08,18,469.0,21945.0,281125.0,ok,12.810435178856231,0.08062353273987752,1.377668293935093,0.058521730589871576,0.12366648043426037,0.13163838451053317
2019,08,19,82.0,3409.0,28528.0,ok,8.368436491639777,0.01252429360265402,0.8233716186258838,0.015210985318580303,-0.23218042936754293,-0.20719693455453234
2019,08,20,22.0,252.0,1217.0,ok,4.829365079365079,0.0009258204716540958,0.36673790790839944,0.002524474431711431,-0.24486350501923013,-0.2171886192256672
2019,08,21,349.0,9208.0,140480.0,ok,15.25629887054735,0.03382918612297982,1.0990599156610006,0.030780110930198147,0.005472688832161399,0.005487691349238171
2019,08,22,107.0,9275.0,94220.0,ok,10.158490566037736,0.03407533680393547,1.1765241619850457,0.02896271738817769,-0.40089303040187474,-0.3302783029327813
2019,08,23,99.0,8428.0,108035.0,ok,12.81858092074039,0.03096355132976476,1.7043901692220995,0.018166938468025095,-0.2035976563861832,-0.18420946672281857
2019,08,24,697.0,23835.0,291616.0,ok,12.23478078456052,0.08756718627728323,1.103498939308897,0.07935411911870537,-0.025784743490410655,-0.025455155845985348
2019,08,25,171.0,14524.0,278687.0,ok,19.18803359955935,0.053359589405968605,1.257279002447376,0.04244053173726808,0.30218059809920067,0.3528055187547541
2019,08,26,389.0,22385.0,442316.0,ok,19.75948179584543,0.08224004467451165,1.0204074427289547,0.08059530069142845,0.36033852658230003,0.4338147168075824
2019,08,27,136.0,13815.0,79008.0,ok,5.7190010857763305,0.050754800856751325,1.8548956354346084,0.02736261808328602,-0.8822227040343776,-0.5861380041288187
2019,08,28,87.0,12289.0,152380.0,ok,12.399707055089918,0.0451484435561793,0.8488095239451332,0.053190312175500146,-0.05934868515713715,-0.0576218813997227
2019,08,29,316.0,24928.0,278649.0,ok,11.178153080872914,0.09158274887854484,1.4056672624049489,0.06515250893860641,-0.005549224325906488,-0.005533855821497514
2019,08,30,34.0,2122.0,19246.0,ok,9.069745523091424,0.007795996193849172,0.4923547801302376,0.01583410278211776,-0.4707090148659189,-0.37544071055889544
2019,08,31,195.0,15954.0,535216.0,ok,33.547448915632444,0.058613253193529544,0.4249232913654754,0.13793843355862656,0.8037429248961697,1.2338865698524
2019,08,32,167.0,5436.0,69602.0,ok,12.803899926416483,0.01997127017425264,1.0249856582603387,0.019484438648779693,0.21081628605497463,0.23468550527925772
2019,09,09,395.0,23742.0,256970.0,ok,10.823435262404178,0.11670041878846267,0.7921647637067066,0.14731836624794659,0.09659702122303376,0.10141643672984162
2019,09,10,64.0,2169.0,197365.0,ok,90.99354541263254,0.01066141051100057,0.7952774176468801,0.013405901229468156,1.4569001167980469,3.292632223950652
2019,09,11,194.0,3381.0,22641.0,ok,6.696539485359361,0.016618823853247085,0.5363332598853259,0.03098600272673818,0.06081246624956965,0.06269960345681791
2019,09,12,130.0,3023.0,25784.0,ok,8.529275554085345,0.014859125852814533,1.309791365345623,0.011344650946674672,-0.22287510546224185,-0.19978521449057599
2019,09,13,96.0,1943.0,15111.0,ok,7.777148739063304,0.009550539706258233,0.8255141796884767,0.011569201282359932,-0.10325771438511627,-0.09810548766117429
2019,09,14,111.0,6206.0,103550.0,ok,16.685465678375767,0.030504708912526296,1.2533115316059398,0.024339286875816796,0.20567967710758323,0.22835966924740114
2019,09,15,132.0,3325.0,21867.0,ok,6.576541353383458,0.016343563830833054,0.501061998326693,0.03261784746281444,-0.31491499558365393,-0.27014908781691915
2019,09,16,90.0,7495.0,237565.0,ok,31.696464309539692,0.036840604785592104,0.7457469755759359,0.049400944277568574,0.08442408291755576,0.08809023646018511
2019,09,17,26.0,480.0,8321.0,ok,17.335416666666667,0.0023593716206916893,0.6743998129979532,0.0034984760897299513,-0.26366186591234525,-0.23176673840317297
2019,09,18,448.0,19655.0,209457.0,ok,10.656677690155178,0.09661135250978156,1.6508628766781925,0.058521730589871576,-0.014862607010838913,-0.014752703624574143
2019,09,19,65.0,4792.0,77158.0,ok,16.101419031719534,0.02355439334657203,1.5485120032165314,0.015210985318580303,0.4678042002592555,0.5964847807762284
2019,09,20,10.0,180.0,611.0,ok,3.3944444444444444,0.0008847643577593834,0.3504746756969807,0.002524474431711431,-0.5518941113446897,-0.424141962504559
2019,09,21,227.0,5593.0,69319.0,ok,12.393885213659932,0.027491594738601285,0.8931610026015039,0.030780110930198147,-0.1567722557130285,-0.14510126504852064
2019,09,22,71.0,3771.0,60129.0,ok,15.94510739856802,0.018535813295059083,0.6399887499031851,0.02896271738817769,0.09549343169232799,0.10020159554762166
2019,09,23,76.0,7157.0,60940.0,ok,8.514740813189883,0.035179213936021705,1.9364415197386857,0.018166938468025095,-0.5671502434715123,-0.432860652958814
2019,09,24,564.0,15193.0,169519.0,ok,11.157704205884288,0.07467902715243507,0.9410857052136531,0.07935411911870537,-0.07239301280603022,-0.06983474289220208
2019,09,25,109.0,6907.0,95804.0,ok,13.87056609237006,0.033950374550244786,0.7999516773356571,0.04244053173726808,0.02320710191047092,0.023478481948559247
2019,09,26,380.0,17019.0,227453.0,ok,13.364651272107645,0.0836544700261497,1.0379571675826826,0.08059530069142845,0.014862607010838913,0.014973604778056315
2019,09,27,143.0,11200.0,136111.0,ok,12.152767857142857,0.05505200448280608,2.011942143666203,0.02736261808328602,-0.08291561693781208,-0.07957118745501181
2019,09,28,91.0,6235.0,85640.0,ok,13.735364875701684,0.03064725428127642,0.5761811320105915,0.053190312175500146,0.08849664255920114,0.0925305844975633
2019,09,29,180.0,14577.0,440825.0,ok,30.241133292172602,0.07165116690588073,1.0997453217557291,0.06515250893860641,1.0352368381560795,1.8157730391532194
2019,09,30,42.0,3705.0,44051.0,ok,11.889608636977059,0.018211399697213974,1.1501377721117874,0.01583410278211776,-0.15444413588701728,-0.14310863971920662
2019,09,31,268.0,32127.0,340822.0,ok,10.608584679553024,0.15791569178742063,1.144827353141598,0.13793843355862656,-0.302010057703608,-0.2606693711161963
2019,09,32,127.0,3569.0,36798.0,ok,10.310451106752591,0.01754291107135133,0.9003549646758768,0.019484438648779693,0.03976882201731238,0.04057018946726808
2019,10,09,415.0,27000.0,282948.0,ok,10.479555555555555,0.1281260380581787,0.869722094545456,0.14731836624794659,0.21248961675039946,0.2367532719806989
2019,10,10,50.0,2727.0,119369.0,ok,43.773010634396776,0.01294072984387605,0.9653009985953358,0.013405901229468156,0.8733090155099955,1.3948222608254146
2019,10,11,242.0,3781.0,19599.0,ok,5.183549325575244,0.01794239073696199,0.5790482526963472,0.03098600272673818,-0.04710837109009758,-0.046015992298615416
2019,10,12,107.0,2148.0,19099.0,ok,8.891527001862197,0.010193138138850663,0.8984972906406133,0.011344650946674672,-0.03310069187616063,-0.03255885877908933
2019,10,13,100.0,2185.0,16217.0,ok,7.421967963386727,0.010368718265078536,0.8962345811104675,0.011569201282359932,-0.0018232119442551653,-0.0018215509029884424
2019,10,14,86.0,2280.0,26666.0,ok,11.695614035087718,0.010819532102690647,0.44452954426700136,0.024339286875816796,-0.0014644006934064757,-0.0014633289819132366
2019,10,15,133.0,3759.0,36544.0,ok,9.721734503857409,0.017837991742988658,0.5468782623784305,0.03261784746281444,0.2241201181949798,0.25122130484683347
2019,10,16,85.0,10521.0,421248.0,ok,40.03877958368977,0.04992644616333697,1.010637486660493,0.049400944277568574,0.4662474595737533,0.5940014014545496
2019,10,17,16.0,153.0,2977.0,ok,19.45751633986928,0.0007260475489963461,0.20753251712301682,0.0034984760897299513,0.0,0.0
2019,10,18,448.0,18174.0,189002.0,ok,10.399581820182679,0.08624305983960519,1.4736929166365318,0.058521730589871576,0.10889632119281545,0.11504673763254472
2019,10,19,47.0,2387.0,24219.0,ok,10.146208630079597,0.011327290846106392,0.7446783103702062,0.015210985318580303,0.15417693654849077,0.16669729991026705
2019,10,20,3.0,46.0,221.0,ok,4.804347826086956,0.00021828880558060076,0.08646901027736495,0.002524474431711431,-0.05633287330991901,-0.05477555647217558
2019,10,21,152.0,3315.0,38169.0,ok,11.514027149321267,0.015731030228254166,0.5110777626477156,0.030780110930198147,-0.08222939328745926,-0.07893935066949906
2019,10,22,80.0,4168.0,52079.0,ok,12.494961612284069,0.019778863949129217,0.6829077425311881,0.02896271738817769,-0.0001530709874901781,-0.00015305927272431038
2019,10,23,66.0,3132.0,30867.0,ok,9.85536398467433,0.01486262041474873,0.8181136541474964,0.018166938468025095,-0.27275320305189044,-0.2387193538133449
2019,10,24,684.0,18483.0,179120.0,ok,9.691067467402478,0.08770939116404879,1.1052909683597498,0.07935411911870537,-0.06513860940062466,-0.06306241398072085
2019,10,25,166.0,8986.0,102009.0,ok,11.351991987536167,0.042642243629288666,1.0047528125535585,0.04244053173726808,-0.028988670415879776,-0.02857252972649974
2019,10,26,429.0,11509.0,126050.0,ok,10.952298201407594,0.05461491007450292,0.6776438527551939,0.08059530069142845,-0.0360212926826029,-0.035380246077800125
2019,10,27,150.0,7068.0,168522.0,ok,23.84295415959253,0.033540549518341005,1.225779982611703,0.02736261808328602,0.7391962239454656,1.094251528580405
2019,10,28,108.0,7352.0,79700.0,ok,10.840587595212186,0.03488824562236036,0.6559135337887743,0.053190312175500146,0.0,0.0
2019,10,29,254.0,14268.0,143112.0,ok,10.030277544154751,0.06770749300052199,1.0392154362669772,0.06515250893860641,0.079822125233735,0.08309439537727593
2019,10,30,41.0,2607.0,23325.0,ok,8.947065592635212,0.0123712807858397,0.7813060806837255,0.01583410278211776,-0.29060327766953653,-0.252187706987062
2019,10,31,468.0,51347.0,930744.0,ok,18.126550723508675,0.24366250652493712,1.7664584136470982,0.13793843355862656,0.3818841890485183,0.46504240735272034
2019,10,32,150.0,3334.0,31564.0,ok,9.467306538692261,0.015821192995776587,0.8119912141665659,0.019484438648779693,0.10263525827111794,0.10808716972897066
2019,11,09,855.0,71454.0,765920.0,ok,10.719064013211296,0.18345670073712345,1.245307733241853,0.14731836624794659,0.17531057745289647,0.19161624828685925
2019,11,10,74.0,2532.0,38881.0,ok,15.355845181674566,0.006500858821988924,0.48492516174138844,0.013405901229468156,-0.23398883099522352,-0.20862934533115443
2019,11,11,293.0,5125.0,32413.0,ok,6.324487804878049,0.013158333911016286,0.4246541261568343,0.03098600272673818,0.09205405140541756,0.09642408374187444
2019,11,12,115.0,2015.0,22841.0,ok,11.335483870967742,0.005173471771843476,0.4560274085259465,0.011344650946674672,0.14996186862208424,0.16178994123234208
2019,11,13,291.0,4995.0,37346.0,ok,7.476676676676677,0.012824561538639288,1.1085088093499988,0.011569201282359932,-0.05425566919277369,-0.05281009173744543
2019,11,14,436.0,13681.0,170113.0,ok,12.434251882172356,0.035125690972997815,1.443168452396124,0.024339286875816796,0.0,0.0
2019,11,15,814.0,31419.0,316765.0,ok,10.08195677774595,0.0806676474439455,2.4731137619031918,0.03261784746281444,0.20072682756809956,0.22229083005502553
2019,11,16,355.0,25130.0,719191.0,ok,28.61882212495026,0.06452076706026132,1.3060634367177102,0.049400944277568574,0.07068699338314938,0.07324524042651036
2019,11,17,38.0,533.0,10614.0,ok,19.913696060037523,0.0013684667267456936,0.3911608059185924,0.0034984760897299513,-0.03660231015655169,-0.03594054422327635
2019,11,18,863.0,24995.0,247478.0,ok,9.90110022004401,0.06417415728894674,1.096586800186894,0.058521730589871576,0.0,0.0
2019,11,19,224.0,6940.0,51899.0,ok,7.4782420749279535,0.01781830972535669,1.171410618850018,0.015210985318580303,-0.21070202728624385,-0.18998460658991095
2019,11,20,68.0,1105.0,4504.0,ok,4.076018099547511,0.002837065165204487,1.1238240837642945,0.002524474431711431,-0.28051023222611016,-0.24460178540265787
2019,11,21,322.0,7421.0,113936.0,ok,15.353186902034766,0.01905326750315158,0.6190123078620408,0.030780110930198147,0.14575102101825954,0.15690810638684927
2019,11,22,206.0,6044.0,103088.0,ok,17.056254136333553,0.015517847835742914,0.5357870129298418,0.02896271738817769,0.25126177520707327,0.28564659068726334
2019,11,23,279.0,10054.0,118791.0,ok,11.815297394072012,0.025813441783679558,1.4209021420484673,0.018166938468025095,-0.15115060552766982,-0.1402817894061128
2019,11,24,1699.0,33184.0,325468.0,ok,9.80797974927676,0.08519924926891013,1.073658812108557,0.07935411911870537,-0.11292348626891235,-0.10678099898008019
2019,11,25,384.0,13593.0,189360.0,ok,13.930699624806886,0.03489975275169646,0.8223212887092582,0.04244053173726808,0.11593649664361566,0.12292456039045999
2019,11,26,981.0,21318.0,194726.0,ok,9.134346561591144,0.05473353411025272,0.6791157008000814,0.08059530069142845,-0.27730556211207735,-0.24217710023720915
2019,11,27,360.0,14018.0,213733.0,ok,15.247039520616351,0.035990931661390495,1.3153321641899074,0.02736261808328602,0.2323162179919278,0.26151858063529526
2019,11,28,221.0,12711.0,132203.0,ok,10.400676579340729,0.032635235579107906,0.6135560075569539,0.053190312175500146,-0.10120295076085417,-0.09625040239612666
2019,11,29,485.0,18631.0,178933.0,ok,9.604047018410176,0.04783471592119891,0.7341960685853839,0.06515250893860641,-0.023378183455537438,-0.023107030853240156
2019,11,30,96.0,7998.0,126478.0,ok,15.813703425856463,0.020534703340547952,1.296865608560961,0.01583410278211776,0.21917137036805712,0.24504462216161024
2019,11,31,521.0,43260.0,524198.0,ok,12.117383263985205,0.11106917560791503,0.8052083291253879,0.13793843355862656,-0.08062911992726343,-0.07746422185938363
2019,11,32,510.0,11331.0,117208.0,ok,10.344012002471096,0.02909211347233669,1.493094771511866,0.019484438648779693,0.1314220039863074,0.14044895378117514
2019,12,09,800.0,50798.0,508689.0,ok,10.013957242411118,0.2436518519229109,1.6539136166690083,0.14731836624794659,0.021053123400838106,0.021276303866941213
2019,12,10,85.0,3846.0,150066.0,ok,39.018720748829956,0.018447281831873604,1.3760568212544895,0.013405901229468156,0.6123430654794535,0.8447487059509693
2019,12,11,121.0,2116.0,11251.0,ok,5.31710775047259,0.010149362547125467,0.3275466873423936,0.03098600272673818,-0.16765895940956554,-0.15435781617784913
2019,12,12,70.0,1892.0,19703.0,ok,10.41384778012685,0.009074949876730331,0.7999320489794679,0.011344650946674672,-0.021053123400838106,-0.020833053490403156
2019,12,13,79.0,2428.0,37429.0,ok,15.415568369028007,0.011645865909461546,1.0066266136469169,0.011569201282359932,0.5831204053962945,0.7916202990241297
2019,12,14,115.0,4621.0,48474.0,ok,10.489937243020991,0.02216455781203534,0.9106494337785123,0.024339286875816796,-0.25625193187724926,-0.22605303768200194
2019,12,15,191.0,4791.0,50527.0,ok,10.546232519307035,0.022979960285103077,0.7045210543491899,0.03261784746281444,0.1595346894184887,0.1729649509870466
2019,12,16,247.0,22430.0,753492.0,ok,33.59304502897905,0.10758516159358422,2.177795650809762,0.049400944277568574,0.1447279695826264,0.15572513511112374
2019,12,17,42.0,3184.0,143814.0,ok,45.16771356783919,0.015272008672045125,4.365331727399051,0.0034984760897299513,0.6961590220890079,1.006032763361378
2019,12,18,327.0,9842.0,101536.0,ok,10.316602316602317,0.04720700670548622,0.8066577360180868,0.058521730589871576,-0.0451048698856885,-0.044102768256838815
2019,12,19,95.0,2376.0,19260.0,ok,8.106060606060606,0.011396448682405533,0.7492248821307261,0.015210985318580303,-0.21630122860064585,-0.19450737209199015
2019,12,20,45.0,762.0,3895.0,ok,5.111548556430447,0.003654921673397734,1.4477950845871441,0.002524474431711431,-0.1403418440147971,-0.1309388987210261
2019,12,21,231.0,7892.0,119845.0,ok,15.185631018753167,0.03785386069088572,1.22981560322278,0.030780110930198147,0.048564147261855775,0.049762709063936886
2019,12,22,228.0,17652.0,230422.0,ok,13.053591661001587,0.08466755561524515,2.9233291365749285,0.02896271738817769,-0.10240531235089832,-0.09733638319767066
2019,12,23,76.0,5293.0,86407.0,ok,16.324768562252032,0.025387795823220743,1.3974724397236657,0.018166938468025095,0.08592435289131557,0.08972389072548796
2019,12,24,804.0,21269.0,279381.0,ok,13.135596407917626,0.10201644235104515,1.2855847117203751,0.07935411911870537,0.09299256882987218,0.09745357987352055
2019,12,25,178.0,6417.0,90937.0,ok,14.171263830450366,0.030779045115739187,0.7252276033269242,0.04244053173726808,0.046844267552312586,0.047958795182886295
2019,12,26,412.0,14111.0,192621.0,ok,13.650414570193465,0.06768320174975778,0.8397909204271521,0.08059530069142845,0.038209215987910175,0.03894857479446662
2019,12,27,100.0,3760.0,59317.0,ok,15.775797872340426,0.018034784110204042,0.6591030162139447,0.02736261808328602,0.18019439046712227,0.19745011338575766
2019,12,28,59.0,5742.0,39994.0,ok,6.965168930686172,0.027541417649146704,0.5177901110689944,0.053190312175500146,-0.5883654078732672,-0.44476587529540995
2019,12,29,140.0,6903.0,65673.0,ok,9.513689700130378,0.03311013689168577,0.5081943493977438,0.06515250893860641,-0.11904443365459304,-0.11223164690680545
2019,12,30,25.0,2058.0,23807.0,ok,11.568027210884354,0.009871166409255297,0.6234117932089779,0.01583410278211776,-0.1796739400774881,-0.16445739604258577
2019,12,31,110.0,4249.0,38515.0,ok,9.064485761355613,0.020380265341557707,0.1477489979824636,0.13793843355862656,-0.45711951881368273,-0.3668953323781015
2019,12,32,173.0,4054.0,36475.0,ok,8.997286630488407,0.019444950740097656,0.9979733617481195,0.019484438648779693,-0.09427620997444998,-0.08996863221730714
2019,13,09,681.0,29400.0,258349.0,ok,8.787380952380952,0.11958462646074249,0.8117428227480722,0.14731836624794659,0.010823781335474347,0.010882570371777207
2019,13,10,40.0,1175.0,22478.0,ok,19.130212765957445,0.0047793175541283135,0.35650848624952314,0.013405901229468156,0.020004213210384675,0.02020563835869095
2019,13,11,365.0,4148.0,22873.0,ok,5.514223722275796,0.016872007842148293,0.5445041747056081,0.03098600272673818,-0.010823781335474347,-0.01076541498561487
2019,13,12,55.0,555.0,4233.0,ok,7.627027027027027,0.0022574648872691182,0.19898936493333214,0.011344650946674672,-0.21205764202146218,-0.19108193145005117
2019,13,13,202.0,3236.0,39294.0,ok,12.142768850432633,0.013162443919284445,1.1377141427519115,0.011569201282359932,0.46491010222839624,0.5918710767919844
2019,13,14,371.0,5635.0,48683.0,ok,8.639396628216504,0.022920386738308977,0.9417032986731579,0.024339286875816796,-0.32990183364547065,-0.2810056889818627
2019,13,15,1698.0,41599.0,359039.0,ok,8.630952667131421,0.16920411143334785,5.187470191779113,0.03261784746281444,0.07955468200674076,0.08280476784822369
2019,13,16,199.0,10713.0,175289.0,ok,16.362270139083357,0.043575173580746064,0.8820716732844354,0.049400944277568574,-0.45417920728053857,-0.36503106800630286
2019,13,17,16.0,318.0,9553.0,ok,30.040880503144653,0.001293466367840684,0.36972279777408085,0.0034984760897299513,0.4087694219610992,0.5049646686739164
2019,13,18,578.0,7779.0,56813.0,ok,7.303380897287569,0.03164111596048013,0.540672937070598,0.058521730589871576,-0.27008817289923504,-0.23668781207903455
2019,13,19,184.0,2470.0,13993.0,ok,5.6651821862348175,0.010046735624422922,0.6604920992298099,0.015210985318580303,-0.4541403871475054,-0.3650064179494347
2019,13,20,208.0,3376.0,23183.0,ok,6.8670023696682465,0.013731894521478456,5.43950627860751,0.002524474431711431,0.27531722047507745,0.3169483716012326
2019,13,21,181.0,3643.0,56426.0,ok,15.488882788910239,0.014817918169948464,0.4814121106825093,0.030780110930198147,0.18877081377710425,0.20776411786445093
2019,13,22,102.0,2681.0,35496.0,ok,13.239835882133532,0.010904979032015327,0.3765178137762252,0.02896271738817769,0.032195315893880916,0.032719192080290005
2019,13,23,118.0,2461.0,24473.0,ok,9.94433157253149,0.010010128085710451,0.5510079809720763,0.018166938468025095,-0.2893226552585624,-0.2512294283398361
2019,13,24,1392.0,17552.0,135216.0,ok,7.703737465815862,0.07139283549792354,0.8996739714434661,0.07935411911870537,-0.3201938706267202,-0.27399172824964724
2019,13,25,336.0,7392.0,75520.0,ok,10.216450216450216,0.030066991795843823,0.7084499313527982,0.04244053173726808,-0.1599389928613248,-0.14780422259366713
2019,13,26,943.0,16754.0,174470.0,ok,10.413632565357526,0.06814696706541767,0.8455451680282062,0.08059530069142845,-0.11201111287537657,-0.10596567784685225
2019,13,27,488.0,13083.0,138015.0,ok,10.54918596652144,0.053215158775030406,1.9448123937941437,0.02736261808328602,-0.1018001051967059,-0.09678991937372448
2019,13,28,246.0,9760.0,106688.0,ok,10.931147540983607,0.039698841981525394,0.7463547469046624,0.053190312175500146,-0.017237189944847242,-0.017089479508237575
2019,13,29,570.0,23903.0,329798.0,ok,13.7973476132703,0.09722555531602475,1.4922764587261093,0.06515250893860641,0.3731339480891393,0.452278856782661
2019,13,30,113.0,8092.0,180298.0,ok,22.281018289668808,0.03291424480681388,2.0786933910764795,0.01583410278211776,0.5962499528618728,0.8152985650923696
2019,13,31,267.0,20539.0,434269.0,ok,21.143629193242123,0.08354247084616293,0.6056504245472363,0.13793843355862656,0.5102887988417938,0.6657721985675373
2019,13,32,534.0,9587.0,91623.0,ok,9.557004276624596,0.03899516373738565,2.001349099160622,0.019484438648779693,0.08650885380557602,0.0903610215195351
2019,14,09,599.0,53144.0,599101.0,ok,11.273163480355262,0.14895453781041537,1.0111063651066765,0.14731836624794659,0.06854480567020245,0.07094860844615884
2019,14,10,57.0,3183.0,157166.0,ok,49.376688658498274,0.008921464207634957,0.6654878366569088,0.013405901229468156,0.7768264771271413,1.1745602868293563
2019,14,11,122.0,2289.0,18571.0,ok,8.113149847094801,0.006415718369863782,0.2070521463011292,0.03098600272673818,0.18394426272887784,0.20194882788155896
2019,14,12,57.0,712.0,5919.0,ok,8.313202247191011,0.00199562755759852,0.17590911937078818,0.011344650946674672,-0.3172981394153945,-0.27188635661345356
2019,14,13,108.0,2701.0,26931.0,ok,9.970751573491299,0.007570491619485397,0.6543659700197677,0.011569201282359932,0.07644497669466006,0.07944279419263253
2019,14,14,166.0,6660.0,71785.0,ok,10.778528528528529,0.01866696563708728,0.7669479279458487,0.024339286875816796,-0.3000657771965481,-0.25923050666139874
2019,14,15,299.0,8322.0,89504.0,ok,10.755106945445807,0.023325298503279333,0.7151084549607709,0.03261784746281444,0.10819324539869175,0.11426305078990569
2019,14,16,245.0,22685.0,712177.0,ok,31.3941811769892,0.06358259992152027,1.2870725621006225,0.049400944277568574,0.006078018622424075,0.006096527257219534
2019,14,17,47.0,3233.0,121603.0,ok,37.613052892050725,0.009061606592297775,2.5901582174303908,0.0034984760897299513,0.44217417211015203,0.5560867437445509
2019,14,18,440.0,14499.0,178320.0,ok,12.298779226153528,0.040638488704523794,0.6944170702900769,0.058521730589871576,0.05968720319470839,0.06150445940646409
2019,14,19,67.0,5819.0,41143.0,ok,7.070458841725382,0.016309770727058692,1.0722363072125392,0.015210985318580303,-0.4239413173570943,-0.34553771364134406
2019,14,20,5.0,146.0,1617.0,ok,11.075342465753424,0.0004092157632154269,0.16209938911443242,0.002524474431711431,0.5619235297266097,0.7540432116844633
2019,14,21,219.0,8003.0,109751.0,ok,13.713732350368613,0.022431190089130557,0.7287559859676619,0.030780110930198147,-0.12434127513571695,-0.11692158325512866
2019,14,22,134.0,8188.0,73695.0,ok,9.000366389838788,0.02294971691238298,0.7923882488233248,0.02896271738817769,-0.5451568063374194,-0.4202491323982136
2019,14,23,98.0,5731.0,100422.0,ok,17.522596405513873,0.016063120130052132,0.8841952186013174,0.018166938468025095,0.08577866440125505,0.08956514206147267
2019,14,24,1181.0,27089.0,241735.0,ok,8.923732880505002,0.07592634116262122,0.9568040324289082,0.07935411911870537,-0.36457237738085785,-0.30550643145214174
2019,14,25,364.0,22125.0,233022.0,ok,10.53206779661017,0.06201300521329671,1.461174087007057,0.04244053173726808,-0.3209007554421581,-0.27450475112742617
2019,14,26,983.0,32105.0,413169.0,ok,12.869303846752842,0.08998542519199507,1.1165095783502088,0.08059530069142845,-0.09166920915010117,-0.08759308450933934
2019,14,27,273.0,14845.0,208684.0,ok,14.057527787133715,0.04160827400639049,1.5206247399186625,0.02736261808328602,-0.006078018609555972,-0.006059584820326874
2019,14,28,298.0,13440.0,169320.0,ok,12.598214285714286,0.03767027299736532,0.7082168059678455,0.053190312175500146,-0.06668564998864783,-0.06451077383013311
2019,14,29,562.0,25190.0,242982.0,ok,9.6459706232632,0.07060373339312742,1.083668680505577,0.06515250893860641,-0.17618940140378206,-0.16154083704533045
2019,14,30,156.0,13903.0,231966.0,ok,16.684600445946916,0.03896799147934301,2.4610167065071415,0.01583410278211776,0.11561374575984933,0.12256219397637683
2019,14,31,554.0,57061.0,965390.0,ok,16.91856083840101,0.1599332922249005,1.1594541716825113,0.13793843355862656,0.09597419873335004,0.10073066338223889
2019,14,32,233.0,5707.0,53558.0,ok,9.384615384615385,0.015995851785413982,0.8209552286185982,0.019484438648779693,-0.12308103059093208,-0.11580798694335616
2019,15,09,648.0,33854.0,337704.0,ok,9.975305724582029,0.1811342964151953,1.2295432065159768,0.14731836624794659,0.3746372250575408,0.4544636759224599
2019,15,10,117.0,2737.0,30211.0,ok,11.03799780781878,0.014644194756554306,1.0923692861740766,0.013405901229468156,-0.2929034838774407,-0.25390585266357013
2019,15,11,325.0,8571.0,39543.0,ok,4.6135806790339515,0.04585874799357945,1.4799827005116544,0.03098600272673818,0.04786715086623243,0.049031283169676296
2019,15,12,108.0,1605.0,10622.0,ok,6.618068535825545,0.008587479935794543,0.7569629049108552,0.011344650946674672,-0.11693466137976714,-0.11035668066856666
2019,15,13,155.0,3327.0,18041.0,ok,5.422602945596633,0.017800963081861958,1.538650996504302,0.011569201282359932,-0.10423024360704809,-0.09898218005593855
2019,15,14,94.0,3862.0,64612.0,ok,16.730191610564475,0.020663456393793474,0.8489754239399848,0.024339286875816796,0.5679979307174295,0.7647303997788235
2019,15,15,195.0,5389.0,33091.0,ok,6.140471330488031,0.028833600856072766,0.8839823317263392,0.03261784746281444,-0.023881162027975588,-0.02359826353417386
2019,15,16,71.0,8237.0,265192.0,ok,32.195216705111086,0.04407169609416801,0.8921225441874719,0.049400944277568574,0.4596781435967252,0.5835642226786837
2019,15,17,34.0,388.0,5787.0,ok,14.914948453608247,0.00207597645799893,0.5933944965618374,0.0034984760897299513,-0.05440821158021088,-0.05295456732780231
2019,15,18,213.0,7700.0,62303.0,ok,8.091298701298701,0.04119850187265917,0.7039863903100201,0.058521730589871576,0.06938124141179595,0.0718447628752226
2019,15,19,24.0,938.0,6445.0,ok,6.871002132196162,0.0050187265917603,0.32994092668210634,0.015210985318580303,-0.02415193271617658,-0.023862608714239113
2019,15,20,11.0,226.0,919.0,ok,4.066371681415929,0.0012092027822364901,0.47899189116236307,0.002524474431711431,-0.011641789162611143,-0.011574285742622103
2019,15,21,211.0,4675.0,35682.0,ok,7.6325133689839575,0.025013376136971643,0.8126473680909057,0.030780110930198147,-0.2819169741738806,-0.24566368867134786
2019,15,22,154.0,5942.0,60094.0,ok,10.113429821608886,0.031792402354200104,1.0977009487092348,0.02896271738817769,-0.00015307102455848135,-0.00015305930978693998
2019,15,23,49.0,2444.0,25609.0,ok,10.478314238952537,0.013076511503477795,0.7197972033919332,0.018166938468025095,0.0,0.0
2019,15,24,1086.0,26098.0,234852.0,ok,8.998850486627328,0.13963616907437132,1.7596587376326411,0.07935411911870537,0.07221492057276084,0.07488633442728179
2019,15,25,191.0,9205.0,86481.0,ok,9.395002715915263,0.04925093632958801,1.1604693511966429,0.04244053173726808,-0.0067427164149223215,-0.00672003530864979
2019,15,26,623.0,17713.0,169055.0,ok,9.544120137751934,0.09477260567148207,1.1759073402348064,0.08059530069142845,0.03781593025664014,0.03854005148293692
2019,15,27,71.0,3796.0,45105.0,ok,11.882244467860906,0.02031032637774211,0.7422654628998502,0.02736261808328602,0.2542139637884756,0.28944766986261283
2019,15,28,162.0,16780.0,136112.0,ok,8.111561382598332,0.08978063135366506,1.6879132248262811,0.053190312175500146,-0.07854555945575044,-0.07554005891967425
2019,15,29,203.0,10418.0,98213.0,ok,9.42724131311192,0.055741037988229,0.8555470678919533,0.06515250893860641,0.22927862850166594,0.2576924191489298
2019,15,30,29.0,1587.0,19328.0,ok,12.178954001260239,0.008491171749598715,0.5362584711265244,0.01583410278211776,0.22924175684911752,0.25764604680595593
2019,15,31,153.0,9154.0,74911.0,ok,8.183417085427136,0.048978063135366505,0.3550719105023754,0.13793843355862656,-0.20192249910715399,-0.18284174401734973
2019,15,32,126.0,2254.0,17970.0,ok,7.972493345164152,0.012059925093632958,0.618951631659569,0.019484438648779693,0.1422493632113794,0.15286409458919092
2019,16,09,305.0,8504.0,52886.0,ok,6.2189557855127,0.06715203967213633,0.45582938083303876,0.14731836624794659,-0.1703638881296903,-0.1566421271658303
2019,16,10,42.0,1308.0,17195.0,ok,13.146024464831804,0.01032865332680554,0.7704557231931286,0.013405901229468156,-0.19061827375744908,-0.17355199516249914
2019,16,11,135.0,4561.0,22933.0,ok,5.028064021048015,0.03601604573666672,1.1623327492186675,0.03098600272673818,0.06140738462175194,0.06333201107182743
2019,16,12,75.0,1476.0,11401.0,ok,7.7242547425474255,0.01165526935043194,1.0273801640277276,0.011344650946674672,-0.03486339643975275,-0.03426266959501275
2019,16,13,73.0,1586.0,13264.0,ok,8.363177805800756,0.012523886984949226,1.0825195862090278,0.011569201282359932,0.2565417688238492,0.29245274890346884
2019,16,14,77.0,3875.0,49453.0,ok,12.762064516129032,0.03059903030685892,1.2571868051426653,0.024339286875816796,0.22476950912115165,0.25203410049132857
2019,16,15,93.0,2170.0,14047.0,ok,6.473271889400921,0.017135456971840997,0.5253399075882017,0.03261784746281444,-0.0435914971826144,-0.042655044282712405
2019,16,16,116.0,15830.0,286061.0,ok,18.07081490840177,0.12500197413098754,2.530355967056829,0.049400944277568574,-0.19033206180556972,-0.17331542201249125
2019,16,17,13.0,106.0,2076.0,ok,19.58490566037736,0.0008370315387166569,0.2392560409870538,0.0034984760897299513,0.14549646232787658,0.1566136428551096
2019,16,18,205.0,8909.0,71910.0,ok,8.071612975642608,0.07035013187194997,1.202119813663295,0.058521730589871576,-0.005545187394863361,-0.0055298412221454155
2019,16,19,13.0,916.0,6971.0,ok,7.610262008733624,0.007233215938343941,0.475525798418103,0.015210985318580303,0.005545187413969352,0.005560590423394159
2019,16,20,4.0,163.0,1118.0,ok,6.858895705521473,0.001287133403875614,0.50986192916322,0.002524474431711431,0.43866302634721055,0.5506326769823933
2019,16,21,142.0,3360.0,42057.0,ok,12.516964285714286,0.026532320472527994,0.8619956092002685,0.030780110930198147,0.1402601813785946,0.15057311761687045
2019,16,22,57.0,4323.0,53606.0,ok,12.400185056673607,0.03413667303652932,1.1786419271025856,0.02896271738817769,0.13120358517891315,0.1401998854823868
2019,16,23,70.0,6400.0,68675.0,ok,10.73046875,0.0505377532810057,2.781853055205487,0.018166938468025095,-0.04871108359190022,-0.0475437298052542
2019,16,24,474.0,19176.0,151369.0,ok,7.893669169795578,0.15142374326821334,1.9082026862613073,0.07935411911870537,-0.13131137192137013,-0.1230553240730254
2019,16,25,97.0,3378.0,26153.0,ok,7.742155121373594,0.02667445790363082,0.6285137535213142,0.04244053173726808,-0.2727310643777723,-0.23870249988264533
2019,16,26,334.0,14972.0,209164.0,ok,13.970344643334224,0.11822675658175272,1.4669187355526112,0.08059530069142845,0.3463369866577209,0.4138789939032167
2019,16,27,12.0,880.0,11350.0,ok,12.897727272727273,0.006948941076138284,0.2539574632437283,0.02736261808328602,0.2637293405497922,0.3017758106895824
2019,16,28,75.0,10182.0,156425.0,ok,15.362895305440974,0.08040240686050001,1.511598702320344,0.053190312175500146,0.4876287574390044,0.6284501877231938
2019,16,29,85.0,2999.0,23409.0,ok,7.805601867289097,0.023681675326521264,0.36348063508707923,0.06515250893860641,-0.031973731945166894,-0.03146797680265525
2019,16,30,11.0,456.0,2933.0,ok,6.432017543859649,0.003600814921271656,0.22740883843057,0.01583410278211776,-0.48166987821100915,-0.3822490388405394
2019,16,31,65.0,5425.0,53526.0,ok,9.866543778801843,0.04283864242960249,0.3105634979637145,0.13793843355862656,-0.0873731956808312,-0.08366494047248647
2019,16,32,72.0,5683.0,63062.0,ok,11.096603906387472,0.04487594560874303,2.303168513995326,0.019484438648779693,0.4004006708436284,0.49242254806403846
2019,17,09,365.0,12500.0,72353.0,ok,5.78824,0.12081263410202385,0.8200785630400501,0.14731836624794659,-0.2939555624161363,-0.254690389534262
2019,17,10,38.0,673.0,7146.0,ok,10.618127786032689,0.006504552220052964,0.4852006671326949,0.013405901229468156,-0.4559928904492946,-0.36618165675382003
2019,17,11,437.0,10179.0,73621.0,ok,7.232635818842716,0.09838014420196006,3.174986624430479,0.03098600272673818,0.3731579629420679,0.45231373346459536
2019,17,12,61.0,1022.0,8609.0,ok,8.423679060665362,0.00987764096418147,0.8706870762803672,0.011344650946674672,0.0,0.0
2019,17,13,62.0,2864.0,33150.0,ok,11.574720670391061,0.027680590725455704,2.3926103496584084,0.011569201282359932,0.5297088263957884,0.6984376963874461
2019,17,14,61.0,1264.0,9113.0,ok,7.209651898734177,0.012216573560396652,0.5019281634144706,0.024339286875816796,-0.39810481663474495,-0.32840837000192813
2019,17,15,119.0,3741.0,32933.0,ok,8.803261160117616,0.0361568051340537,1.1084975848045706,0.03261784746281444,0.21203112495072166,0.23618636071928437
2019,17,16,33.0,2496.0,98207.0,ok,39.345753205128204,0.024123866777492124,0.48832804980300787,0.049400944277568574,0.5359398479237821,0.7090537382825344
2019,17,17,10.0,151.0,1833.0,ok,12.139072847682119,0.0014594166199524482,0.417157808863316,0.0034984760897299513,-0.38465121160230564,-0.3193119891139395
2019,17,18,108.0,3133.0,24095.0,ok,7.6907117778487075,0.03028047861133126,0.5174228155271255,0.058521730589871576,-0.10570311942976837,-0.10030829058097439
2019,17,19,15.0,299.0,1615.0,ok,5.40133779264214,0.0028898382077204104,0.18998363006704483,0.015210985318580303,-0.389123685913479,-0.3223495509844664
2019,17,20,3.0,41.0,191.0,ok,4.658536585365853,0.00039626543985463826,0.15696948041022377,0.002524474431711431,0.0,0.0
2019,17,21,155.0,2884.0,37727.0,ok,13.081484049930651,0.027873890940018943,0.9055812372876171,0.030780110930198147,0.1325551785857824,0.1417420140607634
2019,17,22,55.0,1649.0,19362.0,ok,11.741661613098847,0.015937602690738985,0.5502799505009349,0.02896271738817769,0.024817592693159224,0.0251281126109543
2019,17,23,18.0,973.0,14268.0,ok,14.663926002055499,0.009404055438501537,0.5176466830144903,0.018166938468025095,0.2117742043039151,0.23586879971565095
2019,17,24,297.0,7215.0,61770.0,ok,8.56133056133056,0.06973305240368817,0.8787578159537617,0.07935411911870537,-0.10193475651235248,-0.09691152961171307
2019,17,25,103.0,4421.0,42615.0,ok,9.639221895498755,0.042729012429203794,1.0067972921197497,0.04244053173726808,-0.1053886983273861,-0.10002536404518889
2019,17,26,421.0,20177.0,214633.0,ok,10.637508053724538,0.19501092146212282,2.4196314150964238,0.08059530069142845,0.021968459672172674,0.02221154307481136
2019,17,27,26.0,1959.0,43874.0,ok,22.396120469627363,0.01893375601646918,0.6919570327239459,0.02736261808328602,0.7637480408723375,1.1463056049986307
2019,17,28,44.0,11142.0,99868.0,ok,8.963202297612638,0.10768754953317998,2.024570737202435,0.053190312175500146,-0.10301682132447651,-0.09788820136139263
2019,17,29,105.0,5147.0,47873.0,ok,9.301146298814844,0.049745810217849344,0.7635286964117546,0.06515250893860641,0.0915043197383755,0.09582151034454812
2019,17,30,14.0,2931.0,38686.0,ok,13.198908222449676,0.028328146444242554,1.7890591487277032,0.01583410278211776,0.18535804329582622,0.20364932155609788
2019,17,31,85.0,4809.0,50622.0,ok,10.526512788521522,0.04647903659173062,0.3369549399151043,0.13793843355862656,-0.07444364607924048,-0.0717402163366633
2019,17,32,113.0,1796.0,14064.0,ok,7.830734966592428,0.017358359267778786,0.8908832109908353,0.019484438648779693,0.0,0.0
2019,18,09,189.0,4576.0,25958.0,ok,5.67263986013986,0.0627890064353243,0.4262130244483314,0.14731836624794659,-0.3458679898446794,-0.2923941078951156
2019,18,10,20.0,259.0,3454.0,ok,13.335907335907336,0.0035538358100413014,0.2650948824111462,0.013405901229468156,-0.2598341499876581,-0.22882052467646585
2019,18,11,488.0,14611.0,104498.0,ok,7.152008760522894,0.2004829923571948,6.470114720031175,0.03098600272673818,0.3302089414571968,0.39125878973599326
2019,18,12,57.0,1508.0,45725.0,ok,30.321618037135277,0.02069183166618642,1.8239284543392302,0.011344650946674672,1.2490755011900396,2.4871176306864204
2019,18,13,38.0,926.0,7474.0,ok,8.071274298056155,0.012705992123931448,1.0982600971170613,0.011569201282359932,0.13745798665474357,0.14735350080068874
2019,18,14,81.0,1952.0,28725.0,ok,14.715676229508198,0.02678412162625722,1.1004480847329008,0.024339286875816796,0.28364910171302743,0.3279668676881833
2019,18,15,97.0,2136.0,15408.0,ok,7.213483146067416,0.02930885440250278,0.8985526845668147,0.03261784746281444,-0.018877927909270495,-0.018700855830197986
2019,18,16,52.0,4129.0,87216.0,ok,21.122790021797044,0.05665555235390167,1.1468516074423942,0.049400944277568574,-0.11783439167351195,-0.1111567597319385
2019,18,17,9.0,86.0,1577.0,ok,18.337209302325583,0.0011800381454191195,0.33730061751264023,0.0034984760897299513,-0.003887079524377765,-0.0038795346098234582
2019,18,18,116.0,5149.0,56846.0,ok,11.040201980967177,0.07065135361352379,1.2072669912764251,0.058521730589871576,0.22408813090022056,0.2511812823022562
2019,18,19,5.0,189.0,,suppressed,,0.002593339645165274,0.1704912332008825,0.015210985318580303,,
2019,18,20,3.0,62.0,,suppressed,,0.0008507251746044814,0.33699100451088526,0.002524474431711431,,
2019,18,21,71.0,1997.0,20140.0,ok,10.085127691537306,0.027401583446534667,0.8902366696687622,0.030780110930198147,-0.1593195352321361,-0.1472761598784376
2019,18,22,19.0,349.0,7853.0,ok,22.501432664756447,0.004788759450596194,0.16534220136923067,0.02896271738817769,0.6435144875383659,0.9031577637631012
2019,18,23,15.0,1383.0,14173.0,ok,10.248011569052784,0.018976659943193513,1.0445711574679233,0.018166938468025095,-0.1782713140935371,-0.16328461998476368
2019,18,24,179.0,4481.0,47051.0,ok,10.500111582236109,0.06148547592584969,0.7748239991659907,0.07935411911870537,0.07045676238549377,0.07299817454628119
2019,18,25,28.0,751.0,6388.0,ok,8.505992010652463,0.01030475171174138,0.24280449112970287,0.04244053173726808,-0.26219697749359466,-0.23064053771758267
2019,18,26,151.0,3797.0,37846.0,ok,9.967342638925468,0.05210005625763251,0.646440373206195,0.08059530069142845,-0.07484252620855196,-0.07211040688347073
2019,18,27,12.0,617.0,4236.0,ok,6.86547811993517,0.008466087624692984,0.3094034203497635,0.02736261808328602,-0.4503727744596679,-0.36260949557076266
2019,18,28,48.0,9980.0,120976.0,ok,12.12184368737475,0.13693931036375362,2.5745160117114123,0.053190312175500146,0.16712595713919026,0.18190312506962372
2019,18,29,65.0,3399.0,75317.0,ok,22.158576051779935,0.0466389494916231,0.7158427242697784,0.06515250893860641,0.9278525238542157,1.5290722195759465
2019,18,30,4.0,302.0,4074.0,ok,13.490066225165563,0.004143854882750861,0.26170443250063546,0.01583410278211776,0.17543875934973474,0.1917690017077704
2019,18,31,26.0,4404.0,41781.0,ok,9.487057220708447,0.06042893014448607,0.43808624315573785,0.13793843355862656,-0.21015102392345106,-0.18953816239939814
2019,18,32,259.0,5836.0,47354.0,ok,8.114119259766964,0.0800779374030928,4.109840619304065,0.019484438648779693,0.003810544030632676,0.003817813384001633
2019,19,09,170.0,9990.0,84308.0,ok,8.439239239239239,0.1350985854542504,0.9170518849419665,0.14731836624794659,-0.02771188496010351,-0.027331433122667528
2019,19,10,99.0,3148.0,92236.0,ok,29.29987293519695,0.04257160630730533,3.1755870477194503,0.013405901229468156,0.44820736339448386,0.5655032900741634
2019,19,11,87.0,1715.0,16947.0,ok,9.881632653061224,0.023192600005409354,0.748486347527369,0.03098600272673818,0.5744119561330474,0.7760858034086424
2019,19,12,24.0,455.0,2672.0,ok,5.872527472527472,0.006153138776945339,0.5423823796666867,0.011344650946674672,-0.47158177673723345,-0.3759855642947268
2019,19,13,27.0,532.0,3277.0,ok,6.159774436090226,0.007194439185351472,0.6218613549684843,0.011569201282359932,-0.21189469832902813,-0.19095011261385272
2019,19,14,43.0,994.0,7011.0,ok,7.053319919517103,0.013442241635788279,0.5522857635218688,0.024339286875816796,-0.5308472864221894,-0.411893536102074
2019,19,15,51.0,864.0,9148.0,ok,10.587962962962964,0.011684201985232467,0.3582149925298686,0.03261784746281444,0.2858064555298325,0.33083485459769124
2019,19,16,19.0,1196.0,29965.0,ok,25.054347826086957,0.016173964785113463,0.32740193576537674,0.049400944277568574,-0.02622103565146694,-0.02588024938285556
2019,19,17,6.0,45.0,969.0,ok,21.533333333333335,0.0006085521867308576,0.17394779073017247,0.0034984760897299513,0.07770128294484585,0.0807997571237254
2019,19,18,147.0,4445.0,31952.0,ok,7.18830146231721,0.06011143266708138,1.027164303946352,0.058521730589871576,-0.2840817663929327,-0.2472949037907279
2019,19,19,10.0,281.0,10492.0,ok,37.338078291814945,0.003800070321586022,0.24982407398317683,0.015210985318580303,1.4334231069249548,3.193027836313827
2019,19,20,6.0,116.0,1131.0,ok,9.75,0.0015687123035728774,0.6214015415911309,0.002524474431711431,0.6277457071189196,0.8733826623740053
2019,19,21,69.0,1472.0,43999.0,ok,29.890625,0.019906418197062722,0.6467299043270399,0.030780110930198147,0.8480820490500152,1.3351638245113029
2019,19,22,13.0,363.0,3140.0,ok,8.650137741046832,0.0049089876396289185,0.16949333772226502,0.02896271738817769,-0.3915707179383251,-0.32400575611492016
2019,19,23,27.0,1515.0,15883.0,ok,10.483828382838285,0.020487923619938873,1.1277587390962351,0.018166938468025095,-0.23460256064569093,-0.2091148839564687
2019,19,24,153.0,4061.0,44153.0,ok,10.872445210539276,0.05491845400697806,0.6920680944718933,0.07935411911870537,0.026221035664335042,0.02656783150051878
2019,19,25,40.0,3264.0,47967.0,ok,14.695772058823529,0.04414031861087821,1.0400510267904468,0.04244053173726808,0.20551053336347702,0.2281519174642881
2019,19,26,192.0,14214.0,307500.0,ok,21.63360067539046,0.1922213507153869,2.385019338178736,0.08059530069142845,0.6210096849594322,0.8608059214046981
2019,19,27,46.0,4644.0,57101.0,ok,12.295650301464255,0.06280258567062451,2.295196515167764,0.02736261808328602,0.05328563959054828,0.054730874990990254
2019,19,28,100.0,7403.0,65990.0,ok,8.913953802512495,0.10011359640818976,1.8821772671284083,0.053190312175500146,-0.2193467083606741,-0.1969567519256266
2019,19,29,89.0,4308.0,37249.0,ok,8.646471680594244,0.0582587293430341,0.8941901131993496,0.06515250893860641,-0.09230220777730186,-0.08817045407794248
2019,19,30,27.0,2255.0,38396.0,ok,17.027050997782705,0.030495226246179643,1.9259206957163004,0.01583410278211776,0.32920702554280984,0.38986556347785367
2019,19,31,61.0,3712.0,34102.0,ok,9.186961206896552,0.05019879371433208,0.3639217324662209,0.13793843355862656,-0.32137574607176855,-0.2748492727437204
2019,19,32,168.0,2954.0,20648.0,ok,6.989844278943805,0.03994807021339897,2.0502551258206716,0.019484438648779693,-0.2244183093042032,-0.20101915666493245
2019,20,09,592.0,22195.0,234996.0,ok,10.587790042802434,0.10975561511606056,0.7450232982582401,0.14731836624794659,0.3852385689955755,0.4699649676786911
2019,20,10,120.0,3649.0,48841.0,ok,13.384762948753083,0.018044525323654203,1.3460135961608954,0.013405901229468156,-0.14911768280406182,-0.13853227100457038
2019,20,11,80.0,1862.0,7267.0,ok,3.9027926960257786,0.009207702426046621,0.29715683262691994,0.03098600272673818,-0.16843225094734438,-0.1550114913492746
2019,20,12,100.0,1288.0,9278.0,ok,7.203416149068323,0.006369237768393152,0.5614309156210834,0.011344650946674672,-0.08117034726211306,-0.07796338834643143
2019,20,13,76.0,1335.0,13396.0,ok,10.034456928838951,0.006601655606214952,0.5706232820307816,0.011569201282359932,0.46223117192686336,0.587612272195575
2019,20,14,95.0,2271.0,20864.0,ok,9.18714222809335,0.0112302321211342,0.4614034987316089,0.024339286875816796,-0.08039961381844618,-0.07725246996445062
2019,20,15,201.0,4313.0,32633.0,ok,7.566195223742175,0.021328045415434524,0.6538765453406847,0.03261784746281444,0.13592016437041665,0.14559043101061947
2019,20,16,48.0,1967.0,50859.0,ok,25.856126080325367,0.00972693376586128,0.1968977295496349,0.049400944277568574,0.19142031107714447,0.21096832853315678
2019,20,17,21.0,192.0,2903.0,ok,15.119791666666666,0.0009494515928039481,0.2713900476813711,0.0034984760897299513,-0.0897550806454358,-0.085844947879216
2019,20,18,303.0,9752.0,73481.0,ok,7.5349671862182115,0.048224228817833864,0.8240396914403636,0.058521730589871576,-0.05084103034651122,-0.04957025198855166
2019,20,19,22.0,977.0,6406.0,ok,6.556806550665302,0.004831323990465924,0.31762071222068927,0.015210985318580303,-0.11994572006842681,-0.11303141999563127
2019,20,20,12.0,332.0,1173.0,ok,3.533132530120482,0.0016417600458901603,0.6503373634000931,0.002524474431711431,-0.20119553162053297,-0.18224748055488998
2019,20,21,190.0,4362.0,74511.0,ok,17.0818431911967,0.021570353374014698,0.7007886821113494,0.030780110930198147,0.4746944272162017,0.6075229071773665
2019,20,22,44.0,1469.0,15375.0,ok,10.466303607896528,0.007264293697026041,0.25081533613248796,0.02896271738817769,-0.014843879541615368,-0.014734252263380581
2019,20,23,107.0,3660.0,31746.0,ok,8.673770491803278,0.01809892098782526,0.9962559745375067,0.018166938468025095,-0.23799172426728502,-0.21179078592444167
2019,20,24,517.0,14816.0,139247.0,ok,9.398420626349893,0.073266014578038,0.9232792877259439,0.07935411911870537,0.0666722326763336,0.0689450554892004
2019,20,25,216.0,14142.0,149685.0,ok,10.584429359355113,0.06993304388246581,1.6477890596515754,0.04244053173726808,0.06347585534959782,0.06553375855078844
2019,20,26,688.0,23557.0,230739.0,ok,9.794922952837798,0.11649078735251357,1.445379399954304,0.08059530069142845,0.014767344047870279,0.014876919990442994
2019,20,27,219.0,11858.0,130025.0,ok,10.96517119244392,0.05863852597640217,2.1430159130942408,0.02736261808328602,0.1249052346900077,0.13304107499034284
2019,20,28,332.0,28806.0,252690.0,ok,8.772130806082066,0.14244740928286734,2.678070563166946,0.053190312175500146,-0.04924369154320318,-0.048050880519788085
2019,20,29,283.0,14112.0,131805.0,ok,9.339923469387756,0.06978469207109018,1.071097540339524,0.06515250893860641,0.17098567757400362,0.18647375571745647
2019,20,30,98.0,14763.0,335119.0,ok,22.699925489399174,0.07300392637794108,4.6105502397261215,0.01583410278211776,0.8029065196061246,1.2320189164744773
2019,20,31,234.0,15040.0,139063.0,ok,9.246210106382978,0.07437370810297594,0.5391804603273652,0.13793843355862656,-0.12880604887243777,-0.1208555399294332
2019,20,32,169.0,5504.0,43585.0,ok,7.918786337209302,0.027217612327046514,1.3968897342983575,0.019484438648779693,0.08650253275448525,0.0903541293135937
2019,21,09,426.0,17544.0,132104.0,ok,7.529867761057911,0.0861956302785243,0.5850976526134652,0.14731836624794659,-0.10948243623813819,-0.10370209341314926
2019,21,10,73.0,1725.0,21532.0,ok,12.48231884057971,0.008475117546195532,0.6321930470117122,0.013405901229468156,-0.3728185300298447,-0.31120978375676916
2019,21,11,401.0,7617.0,44695.0,ok,5.867795720099777,0.03742317121702688,1.2077443982386924,0.03098600272673818,0.08545739258008428,0.08921515170802788
2019,21,12,180.0,3212.0,24507.0,ok,7.629825653798257,0.01578091452659713,1.3910445196396994,0.011344650946674672,-0.1775577618082887,-0.16268736675288836
2019,21,13,218.0,5725.0,48718.0,ok,8.509694323144105,0.0281275640301272,2.4312451087712104,0.011569201282359932,0.14351530022061249,0.1543244720910779
2019,21,14,198.0,6115.0,67846.0,ok,11.095012264922323,0.03004367756231054,1.2343696721928838,0.024339286875816796,-0.0456059054515277,-0.0445815868046516
2019,21,15,206.0,4779.0,39116.0,ok,8.184975936388366,0.02347976043667736,0.7198439585397277,0.03261784746281444,0.060633075736427684,0.06250898232796029
2019,21,16,92.0,6108.0,152113.0,ok,24.90389652914211,0.03000928578096366,0.6074638090387664,0.049400944277568574,0.0,0.0
2019,21,17,22.0,181.0,4565.0,ok,25.22099447513812,0.000889273203397908,0.25418873263374264,0.0034984760897299513,0.2680200582788462,0.3073733634114164
2019,21,18,427.0,19443.0,188065.0,ok,9.672632824152652,0.09552562924677085,1.6323103962223493,0.058521730589871576,0.04500800123187205,0.04603622945365198
2019,21,19,90.0,2761.0,20736.0,ok,7.510322346975734,0.013565101185533834,0.8917963499027238,0.015210985318580303,-0.1380680418150133,-0.12896057737383165
2019,21,20,7.0,59.0,166.0,ok,2.8135593220338984,0.0002898735856379921,0.11482532046936854,0.002524474431711431,-0.5828270977488089,-0.4416822854646015
2019,21,21,690.0,17185.0,160943.0,ok,9.36531859179517,0.08443182320659143,2.7430642923302777,0.030780110930198147,-0.2802053466097661,-0.244371440239736
2019,21,22,78.0,4343.0,50816.0,ok,11.700667741192724,0.021337643769928808,0.7367279625025321,0.02896271738817769,-0.0572559148125839,-0.05564763531848271
2019,21,23,66.0,3608.0,30992.0,ok,8.58980044345898,0.017726506728506366,0.9757564137571162,0.018166938468025095,-0.40161683638190987,-0.33076287611243976
2019,21,24,714.0,19258.0,197491.0,ok,10.255010904559144,0.09461670359688902,1.1923351257337056,0.07935411911870537,1.2868103492711399e-11,1.2868103492794194e-11
2019,21,25,181.0,10251.0,118769.0,ok,11.586089162032973,0.05036430722669588,1.1867030210290637,0.04244053173726808,0.0,0.0
2019,21,26,555.0,16596.0,187028.0,ok,11.26946252108942,0.08153800046183249,1.0116967088939008,0.08059530069142845,0.0011027636042425038,0.0011033718715970759
2019,21,27,50.0,2385.0,28216.0,ok,11.830607966457023,0.011717771216044257,0.4282401333226902,0.02736261808328602,0.04697427806738092,0.048095049702686646
2019,21,28,57.0,5501.0,67228.0,ok,12.221050718051263,0.02702702702702703,0.5081193533486326,0.053190312175500146,0.12843946891715957,0.13705259218343474
2019,21,29,213.0,11439.0,107466.0,ok,9.394702334120115,0.05620108383242359,0.8626081289575847,0.06515250893860641,0.022936537308050182,0.02320160235860183
2019,21,30,8.0,1219.0,16832.0,ok,13.808039376538146,0.005989083065978176,0.3782394966351959,0.01583410278211776,0.15189883274352994,0.1640424674921817
2019,21,31,317.0,33866.0,293153.0,ok,8.656262918561389,0.16638743815620746,1.2062442197119014,0.13793843355862656,-0.34863373326908825,-0.2943484603737278
2019,21,32,146.0,2617.0,22185.0,ok,8.477264042797096,0.012857613112112294,0.659891380187007,0.019484438648779693,0.0007553093627396336,0.0007555946806862718
2019,22,09,1062.0,45644.0,453511.0,ok,9.935829462799054,0.1105181598062954,0.7501994667812566,0.14731836624794659,0.010819933175655095,0.010878680341572656
2019,22,10,490.0,11600.0,365434.0,ok,31.50293103448276,0.028087167070217918,2.09513456719181,0.013405901229468156,0.39598139795331877,0.485841677598063
2019,22,11,227.0,5213.0,44559.0,ok,8.547669288317667,0.01262227602905569,0.407354125034133,0.03098600272673818,0.30466948134244465,0.35617668722387097
2019,22,12,235.0,4393.0,58339.0,ok,13.279990894605053,0.010636803874092009,0.9376052136015568,0.011344650946674672,0.21966818963121623,0.24566333799563875
2019,22,13,240.0,4511.0,40484.0,ok,8.974506761250277,0.010922518159806296,0.9441030450788628,0.011569201282359932,0.03972974188739019,0.040529524643669
2019,22,14,463.0,18930.0,263654.0,ok,13.92783940834654,0.045835351089588375,1.883183814030714,0.024339286875816796,0.02482059296982241,0.02513118828352127
2019,22,15,264.0,8129.0,57070.0,ok,7.020543732316398,0.019682808716707023,0.6034367761130209,0.03261784746281444,-0.2497940373514098,-0.22103879653685235
2019,22,16,185.0,23960.0,748548.0,ok,31.241569282136894,0.05801452784503632,1.1743607069344808,0.049400944277568574,0.06975776645283573,0.0722484152563983
2019,22,17,30.0,453.0,7598.0,ok,16.77262693156733,0.0010968523002421308,0.3135228802797956,0.0034984760897299513,-0.296876007237871,-0.25686384984649235
2019,22,18,648.0,28391.0,263317.0,ok,9.274664506357649,0.06874334140435835,1.1746635089471507,0.058521730589871576,-0.15397361440932647,-0.14270535906148152
2019,22,19,87.0,7234.0,89676.0,ok,12.396461155653856,0.017515738498789346,1.1515189931446306,0.015210985318580303,0.20609710015137567,0.22887252191022334
2019,22,20,11.0,287.0,2289.0,ok,7.975609756097561,0.0006949152542372882,0.2752712586461731,0.002524474431711431,0.3021431499753017,0.35275485967462616
2019,22,21,204.0,4916.0,65336.0,ok,13.290480065093572,0.011903147699757869,0.38671555559859194,0.030780110930198147,-0.08713821900518727,-0.08344959780716173
2019,22,22,129.0,3623.0,41943.0,ok,11.576869997239857,0.008772397094430992,0.30288584378521755,0.02896271738817769,-0.2248601971417236,-0.20137213858706113
2019,22,23,110.0,7167.0,106458.0,ok,14.85391377145249,0.017353510895883776,0.9552248402463078,0.018166938468025095,-0.010896468706468487,-0.010837317233671696
2019,22,24,1032.0,24427.0,216236.0,ok,8.852335530355754,0.059145278450363194,0.7453334383548271,0.07935411911870537,-0.3040526409306339,-0.26217797420978384
2019,22,25,244.0,10721.0,93859.0,ok,8.754687062773995,0.025958837772397093,0.6116520389776832,0.04244053173726808,-0.4371834590632286,-0.3541470670329155
2019,22,26,997.0,29942.0,312240.0,ok,10.428161111482199,0.07249878934624697,0.8995411484823387,0.08059530069142845,-0.23345143836453022,-0.20820395428241847
2019,22,27,124.0,11305.0,89990.0,ok,7.9601946041574525,0.027372881355932202,1.0003750837224328,0.02736261808328602,-0.5062298552281526,-0.397236192832835
2019,22,28,134.0,12656.0,134047.0,ok,10.591577117572692,0.03064406779661017,0.5761212247730528,0.053190312175500146,-0.1716289029246735,-0.15770831283992373
2019,22,29,542.0,47682.0,850990.0,ok,17.847196006878907,0.11545278450363196,1.772038964952582,0.06515250893860641,0.5076694857993176,0.6614147290017787
2019,22,30,37.0,4007.0,68011.0,ok,16.97304716745695,0.009702179176755447,0.6127394340090176,0.01583410278211776,0.20130695981483623,0.22300012610329306
2019,22,31,983.0,88549.0,1427397.0,ok,16.1198545438119,0.2144043583535109,1.5543482176951415,0.13793843355862656,0.11616737263045936,0.12318384663682343
2019,22,32,308.0,9260.0,89003.0,ok,9.611555075593952,0.02242130750605327,1.1507289437593067,0.019484438648779693,-0.030633935567012476,-0.030169471433694344
2019,23,09,1100.0,63360.0,576501.0,ok,9.098816287878789,0.07466723232751764,0.506842658042024,0.14731836624794659,-0.023921292429732233,-0.023637446141921963
2019,23,10,127.0,4173.0,108492.0,ok,25.99856218547807,0.004917714023086033,0.36683203455774904,0.013405901229468156,0.25720385273527124,0.2933087444139497
2019,23,11,862.0,17782.0,126202.0,ok,7.0971769204813855,0.02095537760807952,0.6762852825155432,0.03098600272673818,0.17196973062073756,0.1876418834872214
2019,23,12,235.0,4542.0,44104.0,ok,9.710259797446058,0.005352565802266179,0.4718140582223127,0.011344650946674672,-0.04014542210091007,-0.03935027070775364
2019,23,13,340.0,6024.0,50255.0,ok,8.34246347941567,0.007099043679623836,0.6136157117819412,0.011569201282359932,0.019962129030805575,0.02016270474481795
2019,23,14,409.0,12947.0,145544.0,ok,11.241523132772071,0.015257522994702823,0.6268681195365055,0.024339286875816796,-0.1361929249166977,-0.12732574436087668
2019,23,15,624.0,14560.0,120152.0,ok,8.252197802197802,0.01715837914596996,0.5260426570309752,0.03261784746281444,-0.034893332936150656,-0.03429157995438615
2019,23,16,226.0,15040.0,463082.0,ok,30.79002659574468,0.017724039996936003,0.3587793767129252,0.049400944277568574,0.10846084441940562,0.11456126639043646
2019,23,17,46.0,1192.0,222856.0,ok,186.95973154362417,0.0014047244465656727,0.40152466689406585,0.0034984760897299513,2.1675308478891218,7.7366851816217626
2019,23,18,1407.0,57630.0,579450.0,ok,10.054659031754294,0.0679146559191105,1.1605032051267563,0.058521730589871576,-0.019962129030805575,-0.01976420491656909
2019,23,19,209.0,12222.0,165494.0,ok,13.540664375715922,0.014403139417722862,0.9468906264822534,0.015210985318580303,0.34764520192060433,0.4157298623861418
2019,23,20,35.0,950.0,5535.0,ok,5.826315789473684,0.0011195371008702927,0.44347333718540327,0.002524474431711431,0.04140171539520779,0.042270717651641185
2019,23,21,671.0,26364.0,322707.0,ok,12.24044151115157,0.031068922239309894,1.0093830496506884,0.030780110930198147,-0.11617905668652745,-0.1096842079714025
2019,23,22,484.0,29527.0,424263.0,ok,14.368645646357571,0.034796391555154876,1.2014201253560013,0.02896271738817769,0.04444091712365478,0.045443207093979525
2019,23,23,189.0,9184.0,103530.0,ok,11.272865853658537,0.010822977615150282,0.5957513223375185,0.018166938468025095,-0.2334994575986716,-0.20824197480926443
2019,23,24,2153.0,57591.0,632620.0,ok,10.984702470872184,0.0678686959749695,0.8552636804328344,0.07935411911870537,-0.03496853737184907,-0.034364202780351336
2019,23,25,627.0,31260.0,353595.0,ok,11.311420345489443,0.03683866291916353,0.8680066297759081,0.04244053173726808,-0.12769800586947155,-0.11988087017357554
2019,23,26,2131.0,68445.0,903377.0,ok,13.198582803711009,0.08065970196743914,1.0007990698645974,0.08059530069142845,0.05540988532869723,0.056973763937322
2019,23,27,253.0,13589.0,290195.0,ok,21.35514018691589,0.016014094382869905,0.5852544641059708,0.02736261808328602,0.5338709753870232,0.7055215789931033
2019,23,28,108.0,8090.0,68467.0,ok,8.463164400494438,0.009533742258990178,0.17923832121033292,0.053190312175500146,-0.34270302126388047,-0.29015100968376495
2019,23,29,699.0,60956.0,901412.0,ok,14.787912592689809,0.0718342142322627,1.1025548425150058,0.06515250893860641,0.372895015792227,0.45193190191066557
2019,23,30,37.0,4945.0,54912.0,ok,11.104550050556117,0.005827485225056419,0.3680338131717629,0.01583410278211776,-0.16970291747512362,-0.1560845080959695
2019,23,31,1675.0,317202.0,6050363.0,ok,19.074164097325994,0.37380990260027225,2.709976421773672,0.13793843355862656,0.33771222230802367,0.40173705670168897
2019,23,32,416.0,10990.0,97031.0,ok,8.829026387625113,0.012951276566910018,0.6646984704237889,0.019484438648779693,-0.06229340821396387,-0.06039284211551855
2019,24,09,439.0,17557.0,186189.0,ok,10.604829982343224,0.08453301491617475,0.5738117864672765,0.14731836624794659,0.09836720681595112,0.10336787493226031
2019,24,10,74.0,1888.0,27406.0,ok,14.515889830508474,0.009090296301289397,0.6780817004162003,0.013405901229468156,-0.35647021339408347,-0.299856673947636
2019,24,11,124.0,2804.0,15725.0,ok,5.608059914407988,0.013500630735601414,0.4357009471231849,0.03098600272673818,-0.09439925410447114,-0.09008059934665764
2019,24,12,109.0,1755.0,19940.0,ok,11.361823361823362,0.008449931148709159,0.7448383549593468,0.011344650946674672,0.08605371791469649,0.0898648720009168
2019,24,13,65.0,1820.0,15261.0,ok,8.385164835164835,0.008762891561624313,0.7574327170697149,0.011569201282359932,-0.005809101524511973,-0.0057922613188519335
2019,24,14,69.0,2325.0,25012.0,ok,10.757849462365591,0.011194353231195895,0.4599293844684686,0.024339286875816796,-0.2110483295651988,-0.19026506820158695
2019,24,15,91.0,1824.0,12094.0,ok,6.630482456140351,0.008782150663957553,0.269243722289447,0.03261784746281444,-0.2845720578682496,-0.24766385822782824
2019,24,16,120.0,16075.0,451200.0,ok,28.06842923794712,0.07739751750170924,1.5667214186602711,0.049400944277568574,-0.0149612812313566,-0.01484991733723861
2019,24,17,17.0,1662.0,45563.0,ok,27.414560770156438,0.008002157019461323,2.2873264856525037,0.0034984760897299513,0.21683515077835913,0.24213931955910456
2019,24,18,237.0,13733.0,168448.0,ok,12.26592878467924,0.06612131308559709,1.1298591552082498,0.058521730589871576,0.14795042991572616,0.15945542063553472
2019,24,19,59.0,7294.0,81726.0,ok,11.20455168631752,0.035118973104663595,2.308790151928263,0.015210985318580303,0.12739123432036006,0.13586131879399854
2019,24,20,,,,absent_from_source,,0.0,0.0,0.002524474431711431,,
2019,24,21,244.0,6827.0,120544.0,ok,17.656950344221475,0.032870472907257794,1.0679127499507746,0.030780110930198147,0.21932835878457402,0.24524009508842742
2019,24,22,99.0,2510.0,23516.0,ok,9.368924302788844,0.012085086714108255,0.4172635651598518,0.02896271738817769,-0.41408597243780465,-0.33905587415451416
2019,24,23,55.0,4192.0,88742.0,ok,21.169370229007633,0.02018353924523578,1.1110038865800105,0.018166938468025095,0.3657805626330598,0.44163885850734397
2019,24,24,436.0,14522.0,170377.0,ok,11.732337143644125,0.06992017102082872,0.8811158361702124,0.07935411911870537,0.0,0.0
2019,24,25,141.0,11078.0,118194.0,ok,10.66925437804658,0.05333808391190887,1.2567722817919216,0.04244053173726808,-0.2170214186130412,-0.19508727099390405
2019,24,26,308.0,11121.0,142337.0,ok,12.798938944339538,0.0535451192619912,0.6643702399845489,0.08059530069142845,-0.0062140326246648,-0.006194765453535652
2019,24,27,53.0,4746.0,61289.0,ok,12.913822166034555,0.022850924918389554,0.8351147119342226,0.02736261808328602,0.0,0.0
2019,24,28,78.0,19039.0,331025.0,ok,17.38667997268764,0.09166851233064027,1.723406172691415,0.053190312175500146,0.3464014966968908,0.4139702062345188
2019,24,29,184.0,18045.0,204263.0,ok,11.319645331116654,0.08688262540083007,1.3335269326726937,0.06515250893860641,0.07474789654162384,0.07761244681267179
2019,24,30,7.0,1595.0,73049.0,ok,45.7987460815047,0.007679567055379549,0.4850017181934973,0.01583410278211776,1.21632212635008,2.374752965877665
2019,24,31,288.0,42742.0,571480.0,ok,13.370455289878807,0.20579313798183865,1.4919202188443912,0.13793843355862656,-0.0484518183731634,-0.04729675900793943
2019,24,32,101.0,2540.0,36671.0,ok,14.43740157480315,0.012229529981607557,0.627656264676298,0.019484438648779693,0.3986072860594472,0.4897484587270426
2019,25,09,206.0,11930.0,185938.0,ok,15.585750209555743,0.0726486618153031,0.4931405612592159,0.14731836624794659,0.32591100664026873,0.38529208159044137
2019,25,10,50.0,1341.0,65249.0,ok,48.65697240865026,0.008166123679322838,0.6091439538113625,0.013405901229468156,0.6955773100914592,1.0048661693792091
2019,25,11,244.0,6966.0,72715.0,ok,10.438558713752512,0.042419998173126694,1.3690051778289554,0.03098600272673818,0.3693987383381513,0.44686440897986984
2019,25,12,46.0,968.0,9787.0,ok,10.110537190082646,0.005894711201778157,0.5196026946519678,0.011344650946674672,-0.18813071638100523,-0.17149359920422957
2019,25,13,66.0,1992.0,18297.0,ok,9.185240963855422,0.012130438754072406,1.0485113412771387,0.011569201282359932,-0.07217889495360419,-0.06963555658103726
2019,25,14,88.0,4338.0,67197.0,ok,15.490318118948824,0.026416588009621534,1.0853476580642434,0.024339286875816796,-0.003972501789255456,-0.003964621841844331
2019,25,15,73.0,3623.0,36670.0,ok,10.121446315208392,0.022062539962853577,0.6763947249433211,0.03261784746281444,-0.019096750725917766,-0.01891556298063033
2019,25,16,102.0,7417.0,614272.0,ok,82.81946878791965,0.04516639771031879,0.9142820723535732,0.049400944277568574,0.9095527599207008,1.4832116932026227
2019,25,17,13.0,145.0,2558.0,ok,17.641379310344828,0.0008829887647291661,0.252392396598407,0.0034984760897299513,-0.3814955895448151,-0.31716060231598453
2019,25,18,263.0,16229.0,257297.0,ok,15.854149978433668,0.09882775629510093,1.688736052385388,0.058521730589871576,0.2470526301566368,0.2802464905785352
2019,25,19,18.0,2239.0,46776.0,ok,20.891469405984815,0.01363456444295588,0.8963630006467224,0.015210985318580303,0.5929083584412594,0.8092426972976388
2019,25,20,7.0,76.0,233.0,ok,3.0657894736842106,0.00046280790427183875,0.18332841816824613,0.002524474431711431,-0.7890584546988951,-0.5457276880516442
2019,25,21,210.0,9196.0,149202.0,ok,16.2246628969117,0.05599975641689249,1.8193487523123748,0.030780110930198147,-0.022772341513375705,-0.022515008801741603
2019,25,22,31.0,1712.0,26229.0,ok,15.320677570093459,0.010425357001491947,0.3599578334368404,0.02896271738817769,-0.07978456151588831,-0.07668475740286021
2019,25,23,41.0,2472.0,33001.0,ok,13.349919093851133,0.015053436044210333,0.8286171096305129,0.018166938468025095,-0.25276814218259336,-0.22335206715558442
2019,25,24,302.0,11293.0,155712.0,ok,13.788364473567697,0.06876960082818256,0.8666166494181672,0.07935411911870537,0.003972501789255456,0.0039804026330627065
2019,25,25,145.0,14025.0,223604.0,ok,15.943244206773619,0.0854063270712176,2.0123764612548483,0.04244053173726808,0.027143884706349368,0.027515635913312443
2019,25,26,235.0,12925.0,188986.0,ok,14.62174081237911,0.07870779161465152,0.9765804077832833,0.08059530069142845,-0.030570480122410038,-0.030107928453717223
2019,25,27,43.0,4223.0,73401.0,ok,17.381245560028415,0.025716286575525986,0.9398328221828427,0.02736261808328602,0.13958986724936195,0.14980213063002035
2019,25,28,77.0,15566.0,135276.0,ok,8.690479249646666,0.09479036628809792,1.782098326013568,0.053190312175500146,-0.5045785030692731,-0.3962399952084091
2019,25,29,169.0,16166.0,249410.0,ok,15.428058889026351,0.09844411290077033,1.5109796154363724,0.06515250893860641,0.22689231996318315,0.2546947550885096
2019,25,30,7.0,1536.0,12352.0,ok,8.041666666666666,0.009353591328441373,0.5907244292366758,0.01583410278211776,-0.6808019205343274,-0.4937891113504101
2019,25,31,104.0,15666.0,259906.0,ok,16.590450657474786,0.09539932405687665,0.6916079992769386,0.13793843355862656,0.009824313406954194,0.00987273039858747
2019,25,32,82.0,2171.0,36418.0,ok,16.774758175955782,0.013220473160186342,0.6785144493251458,0.019484438648779693,0.39115668931474057,0.4786901902146518
2019,26,09,500.0,22328.0,248943.0,ok,11.149364027230384,0.15376245601228558,1.0437426094821955,0.14731836624794659,0.16517909220799615,0.17960435774418387
2019,26,10,122.0,3891.0,186996.0,ok,48.058596761757904,0.02679549069974038,1.9987832403866979,0.013405901229468156,0.8574459021322165,1.3571326513987247
2019,26,11,609.0,7671.0,45963.0,ok,5.991787250684395,0.05282657649902556,1.7048528964802838,0.03098600272673818,-0.011475364416125775,-0.01140977355463732
2019,26,12,69.0,1414.0,14579.0,ok,10.31046676096181,0.009737554317510382,0.8583388209369843,0.011344650946674672,0.00569336302507599,0.005709601017980214
2019,26,13,109.0,1261.0,8307.0,ok,6.587628865979381,0.008683915130396458,0.7506062794185459,0.011569201282359932,-0.23034069599245482,-0.2057370458038948
2019,26,14,143.0,3687.0,43537.0,ok,11.808245185787904,0.025390638450255146,1.043195660571426,0.024339286875816796,-0.10114698513139479,-0.09619982206565629
2019,26,15,291.0,8182.0,81971.0,ok,10.018455145441212,0.05634559365337337,1.7274467212347304,0.03261784746281444,0.14491826167934013,0.155945081396665
2019,26,16,106.0,5595.0,104920.0,ok,18.752457551385167,0.038530138901322904,0.7799474172970057,0.049400944277568574,-0.4015429149787996,-0.33071340333670257
2019,26,17,12.0,202.0,4359.0,ok,21.57920792079208,0.0013910791882157689,0.39762432343024723,0.0034984760897299513,-0.005769898518821079,-0.005753284623217666
2019,26,18,232.0,7007.0,60606.0,ok,8.64935064935065,0.04825392015756382,0.8245470472453045,0.058521730589871576,-0.18465173959422748,-0.16860622502651892
2019,26,19,14.0,793.0,6360.0,ok,8.02017654476671,0.005461018793342102,0.35901808324483997,0.015210985318580303,-0.1902294442091522,-0.17323058527530613
2019,26,20,30.0,573.0,4375.0,ok,7.635253054101222,0.003945982053701166,1.563090520598398,0.002524474431711431,0.2976551900057303,0.3466973531066722
2019,26,21,155.0,4357.0,133003.0,ok,30.526279550149184,0.03000461397552527,0.9748052579657196,0.030780110930198147,0.78352578601206,1.189177244970192
2019,26,22,53.0,1572.0,17865.0,ok,11.364503816793894,0.010825626157797964,0.37377798542538976,0.02896271738817769,-0.2042504792878233,-0.18474185966782167
2019,26,23,34.0,1833.0,18189.0,ok,9.923076923076923,0.012623010653462892,0.6948342273344598,0.018166938468025095,-0.3751727438176496,-0.31282943592896356
2019,26,24,423.0,9965.0,89256.0,ok,8.956949322629201,0.06862427777509968,0.8647853260452053,0.07935411911870537,-0.2531802130971283,-0.22367203525024296
2019,26,25,78.0,4888.0,71396.0,ok,14.606382978723405,0.03366136174256771,0.7931418473018056,0.04244053173726808,0.11381000531150354,0.12053920816046769
2019,26,26,425.0,14445.0,188358.0,ok,13.039667705088267,0.09947593501869693,1.234264704831314,0.08059530069142845,0.029158751372340544,0.029588030014689713
2019,26,27,133.0,9188.0,141521.0,ok,15.40280801044841,0.06327344347191328,2.312404583484019,0.02736261808328602,0.19299059074109698,0.21287138124458688
2019,26,28,83.0,9036.0,219585.0,ok,24.301128818061088,0.06222669081543409,1.1698876782320553,0.053190312175500146,0.6979588882102762,1.00964660501029
2019,26,29,231.0,13894.0,132713.0,ok,9.551820929897797,0.09568145663895986,1.4685767010004334,0.06515250893860641,-0.07832105188667664,-0.07533248736577557
2019,26,30,15.0,1810.0,31444.0,ok,17.372375690607736,0.012464620448864067,0.7872009308251418,0.01583410278211776,0.2636857374695283,0.301719050491892
2019,26,31,102.0,8722.0,80301.0,ok,9.206718642513184,0.060064320196128396,0.43544296282442463,0.13793843355862656,-0.40482677416945856,-0.33290764152188557
2019,26,32,157.0,2897.0,277490.0,ok,95.7852951328961,0.01995027924881724,1.0239083408269871,0.019484438648779693,2.307633275922193,9.050609464721155
2019,27,09,753.0,48255.0,549212.0,ok,11.381452699202155,0.10859389416736805,0.7371375133538837,0.14731836624794659,0.2115865437073687,0.23563689759956855
2019,27,10,61.0,1469.0,81120.0,ok,55.2212389380531,0.0033058632376305806,0.24659761257704957,0.013405901229468156,1.0221773481369136,1.7792395528336886
2019,27,11,837.0,13340.0,95722.0,ok,7.175562218890555,0.030020568815515278,0.9688429023989655,0.03098600272673818,0.19462084777131425,0.21485028596399153
2019,27,12,156.0,2816.0,28134.0,ok,9.990767045454545,0.0063371755460637945,0.5586047182810273,0.011344650946674672,1.9105990956871027e-11,1.9105990957053547e-11
2019,27,13,370.0,6288.0,51569.0,ok,8.201176844783715,0.014150624940926542,1.2231289434390444,0.011569201282359932,0.01454832536510361,0.014654667323887965
2019,27,14,574.0,12873.0,123802.0,ok,9.617183251767266,0.028969623865227,1.190241275885977,0.024339286875816796,-0.2805887610190063,-0.24466110358348309
2019,27,15,1090.0,23920.0,195114.0,ok,8.156939799331104,0.053829985462303255,1.6503230485601923,0.03261784746281444,-0.03483673534163615,-0.03423692163405903
2019,27,16,523.0,30793.0,564325.0,ok,18.326405351865684,0.0692971046129057,1.4027485835806452,0.049400944277568574,-0.39871995736321264,-0.3288213663279845
2019,27,17,51.0,1855.0,81623.0,ok,44.00161725067385,0.004174524374271427,1.1932407903332733,0.0034984760897299513,0.732531071186537,1.0803394368379555
2019,27,18,1368.0,33378.0,323274.0,ok,9.685241776020133,0.07511443372745644,1.2835306299102607,0.058521730589871576,-0.045727892163969254,-0.04469812804749737
2019,27,19,231.0,6000.0,56721.0,ok,9.4535,0.013502504714624563,0.8876811351682247,0.015210985318580303,0.0,0.0
2019,27,20,130.0,1556.0,9310.0,ok,5.9832904884318765,0.003501649555992637,1.3870806184472797,0.002524474431711431,0.07965460906415671,0.08291297474873927
2019,27,21,284.0,6745.0,104291.0,ok,15.461971830985915,0.015179065716690447,0.49314525704968704,0.030780110930198147,0.12912626346612496,0.13783378193335788
2019,27,22,579.0,19094.0,293735.0,ok,15.383628364931392,0.04296947083684023,1.4836132349369942,0.02896271738817769,0.12436340959538236,0.13242733118858352
2019,27,23,280.0,10574.0,125513.0,ok,11.869964062795535,0.023795914142073354,1.3098472361733153,0.018166938468025095,-0.1702197740638322,-0.15652057867558958
2019,27,24,3387.0,63138.0,673034.0,ok,10.659729481453324,0.14208685711199429,1.7905416718122393,0.07935411911870537,-0.053332027679285056,-0.05193482366227707
2019,27,25,824.0,28163.0,356971.0,ok,12.675176650214821,0.06337850671299526,1.4933485542863978,0.04244053173726808,-0.0021982963031308266,-0.0021958818193869405
2019,27,26,1800.0,49780.0,543168.0,ok,10.911370028123745,0.11202578078233512,1.3899790660406257,0.08059530069142845,-0.12322711905245402,-0.11593714775955143
2019,27,27,279.0,8131.0,84418.0,ok,10.382240806788833,0.01829814430576872,0.6687278333554575,0.02736261808328602,-0.17565767301550464,-0.16109488595405577
2019,27,28,170.0,8126.0,68703.0,ok,8.454713266059562,0.01828689221850653,0.34380118240647606,0.053190312175500146,-0.33203501004121116,-0.2825377959665903
2019,27,29,774.0,26572.0,393477.0,ok,14.80795574288725,0.05979809254616732,0.9178171880152061,0.06515250893860641,0.3859165606482274,0.47096192958420324
2019,27,30,48.0,3599.0,93859.0,ok,26.079188663517645,0.0080992524113223,0.5115068736619033,0.01583410278211776,0.6957468594652215,1.0052061220012676
2019,27,31,426.0,28253.0,405871.0,ok,14.365589494920894,0.06358104428371462,0.46093784482981986,0.13793843355862656,0.06588028515743076,0.06809884222713634
2019,27,32,527.0,9644.0,73031.0,ok,7.572687681459975,0.02170302591130655,1.1138645717497129,0.019484438648779693,-0.20412301796688945,-0.18463793916557128
2019,28,09,1042.0,55718.0,559638.0,ok,10.044115007717433,0.15347450997675213,1.041788026066243,0.14731836624794659,-0.033015885054884876,-0.03247680969201904
2019,28,10,126.0,5720.0,148248.0,ok,25.91748251748252,0.015755665979881227,1.1752783874946013,0.013405901229468156,0.1461432010333112,0.15736191160627785
2019,28,11,296.0,7009.0,41942.0,ok,5.984020545013554,0.01930619979947334,0.6230619667122729,0.03098600272673818,-0.10657184096979813,-0.10108953275824707
2019,28,12,132.0,2137.0,19458.0,ok,9.105287786616753,0.005886338845980102,0.5188646943523191,0.011344650946674672,-0.2124102969268477,-0.1913671500801498
2019,28,13,100.0,2061.0,22914.0,ok,11.117903930131005,0.0056769978294641974,0.49069920134591877,0.011569201282359932,0.19922319317666032,0.22045433258300726
2019,28,14,191.0,7304.0,110672.0,ok,15.152245345016429,0.02011877348200218,0.8265966700113937,0.024339286875816796,0.05440430089272449,0.05591142179795565
2019,28,15,253.0,6548.0,60297.0,ok,9.208460598656078,0.018036381265080816,0.5529605007087902,0.03261784746281444,-0.03318736376620161,-0.0326427050976904
2019,28,16,287.0,23715.0,746112.0,ok,31.461606578115116,0.06532266061414044,1.3222957894714054,0.049400944277568574,0.02210082492005551,0.022346857314353014
2019,28,17,34.0,1241.0,35462.0,ok,28.575342465753426,0.0034183184407399654,0.9770878385519641,0.0034984760897299513,0.1812446305364725,0.19870838410338976
2019,28,18,388.0,14539.0,188893.0,ok,12.992159020565376,0.040047487356904395,0.684318234495879,0.058521730589871576,0.12841062442705603,0.13701979495420427
2019,28,19,180.0,5760.0,46596.0,ok,8.089583333333334,0.01586584546225802,1.043051789871745,0.015210985318580303,-0.27541206359858694,-0.24074080432006092
2019,28,20,220.0,3372.0,20539.0,ok,6.091043890865955,0.009288130364363548,3.6792332882004253,0.002524474431711431,-0.022100824907187407,-0.02185839095763334
2019,28,21,303.0,8065.0,120323.0,ok,14.919156850588964,0.022214938134220645,0.7217302817588526,0.030780110930198147,-0.026215479906658658,-0.025874837407074663
2019,28,22,256.0,20149.0,295483.0,ok,14.664896520919152,0.05550015976024945,1.916262173068888,0.02896271738817769,-0.04308804106522394,-0.04217294175975457
2019,28,23,128.0,6788.0,121970.0,ok,17.968473777253976,0.018697458159341568,1.0292024818738843,0.018166938468025095,0.12478356424553673,0.1329032257654032
2019,28,24,1150.0,30757.0,327953.0,ok,10.662710927593718,0.08471975848657463,1.0676163937985732,0.07935411911870537,-0.17265662043163282,-0.15857350608950804
2019,28,25,413.0,26723.0,440327.0,ok,16.477453878681285,0.07360815768887517,1.7343834932265478,0.04244053173726808,0.14054498618619038,0.15090085304035497
2019,28,26,738.0,29565.0,334413.0,ok,11.311111111111112,0.08143640991174624,1.010436206740367,0.08059530069142845,-0.20685120580248811,-0.18685936840559036
2019,28,27,106.0,7487.0,145766.0,ok,19.469213303058634,0.020622844613876003,0.7536868201392289,0.02736261808328602,0.33347576205491236,0.3958112145359419
2019,28,28,97.0,10705.0,100960.0,ok,9.431106959364783,0.029486783971088903,0.554363807337659,0.053190312175500146,-0.3423498482440397,-0.2899002658968601
2019,28,29,400.0,37945.0,412534.0,ok,10.871893530109368,0.10451901146968412,1.604220822381115,0.06515250893860641,-0.0426713882464547,-0.04177377726531401
2019,28,30,49.0,6691.0,132088.0,ok,19.741144821401882,0.01843027291457785,1.1639606719865476,0.01583410278211776,0.29771001362475885,0.3467711859531791
2019,28,31,382.0,36860.0,572733.0,ok,15.538062940857298,0.10153039301021363,0.7360558648584421,0.13793843355862656,0.02473299784554899,0.025041395722439713
2019,28,32,239.0,6185.0,73284.0,ok,11.848666127728375,0.01703650246251143,0.8743645516099292,0.019484438648779693,0.12393998587296512,0.13194793609343494
2019,29,09,193.0,8686.0,106482.0,ok,12.259037531660143,0.14109811565951916,0.9577768152956684,0.14731836624794659,0.29911109145493575,0.34865943969047386
2019,29,10,33.0,889.0,9072.0,ok,10.204724409448819,0.014441195581546459,1.077226762629175,0.013405901229468156,-0.653073304721283,-0.4795561660992622
2019,29,11,252.0,5037.0,23479.0,ok,4.661306333134802,0.08182261208576998,2.6406314104905277,0.03098600272673818,-0.22351833164715273,-0.20029976808925345
2019,29,12,112.0,1677.0,14669.0,ok,8.74716756112105,0.027241715399610136,2.4012828184542063,0.011344650946674672,-0.11968523101674092,-0.11280034429631247
2019,29,13,38.0,1109.0,9919.0,ok,8.944093778178539,0.018014944769330733,1.5571468012056207,0.011569201282359932,0.11451026447095314,0.12132415080406683
2019,29,14,55.0,2162.0,22856.0,ok,10.571692876965772,0.03512020792722547,1.4429431768652377,0.024339286875816796,-0.17271403649960337,-0.15862181610337586
2019,29,15,72.0,3117.0,23770.0,ok,7.625922361244787,0.05063352826510721,1.552325864630746,0.03261784746281444,-0.08890632946035626,-0.08506872833335
2019,29,16,72.0,3616.0,40732.0,ok,11.264380530973451,0.05873944119558155,1.189034785763261,0.049400944277568574,-0.8721711114921619,-0.5819570545785782
2019,29,17,7.0,135.0,,suppressed,,0.0021929824561403508,0.6268393437296946,0.0034984760897299513,,
2019,29,18,251.0,7094.0,58809.0,ok,8.289963349309275,0.11523716699155295,1.9691346416111828,0.058521730589871576,-0.1880394052740324,-0.17141794391360726
2019,29,19,36.0,2489.0,24589.0,ok,9.87906789875452,0.0404320987654321,2.6580854506541445,0.015210985318580303,0.05727932111140536,0.05895155661521404
2019,29,20,16.0,293.0,2287.0,ok,7.805460750853243,0.004759584145549058,1.8853762532751686,0.002524474431711431,0.35875372787640236,0.43154420872423965
2019,29,21,79.0,1338.0,13009.0,ok,9.72272047832586,0.021734892787524367,0.7061343228038993,0.030780110930198147,-0.3215456523556559,-0.27497246994276114
2019,29,22,28.0,740.0,9509.0,ok,12.85,0.012020792722547108,0.41504367706373724,0.02896271738817769,-0.04235043047301967,-0.041466177749830815
2019,29,23,17.0,659.0,11137.0,ok,16.899848254931715,0.010705003248862898,0.5892574176823656,0.018166938468025095,0.19631988711474144,0.2169161188649467
2019,29,24,187.0,4592.0,63033.0,ok,13.726698606271777,0.07459389213775179,0.9400128558691102,0.07935411911870537,0.21278386997644083,0.23711724416816535
2019,29,25,51.0,1960.0,25681.0,ok,13.102551020408164,0.03183885640025991,0.7501992811343932,0.04244053173726808,0.044209362386599386,0.04520115779196728
2019,29,26,101.0,4742.0,60251.0,ok,12.705820328975117,0.07703053931124107,0.9557696125009122,0.08059530069142845,0.042273894979274584,0.04318016143414662
2019,29,27,17.0,2911.0,49537.0,ok,17.017176228100308,0.04728719948018194,1.7281679456347967,0.02736261808328602,0.3317149948827709,0.3933556784189809
2019,29,28,10.0,264.0,1035.0,ok,3.9204545454545454,0.0042884990253411305,0.08062556600892531,0.053190312175500146,-1.0873052769803675,-0.6628762741474123
2019,29,29,37.0,1227.0,13023.0,ok,10.613691931540343,0.0199317738791423,0.30592488614558383,0.06515250893860641,0.06614303270752286,0.06837951945319976
2019,29,30,2.0,132.0,,suppressed,,0.0021442495126705653,0.1354197040511934,0.01583410278211776,,
2019,29,31,37.0,3380.0,41626.0,ok,12.315384615384616,0.05490578297595841,0.39804557409753655,0.13793843355862656,-0.07485998144111697,-0.07212660327075696
2019,29,32,80.0,3311.0,61169.0,ok,18.47447900936273,0.05378492527615335,2.76040414844191,0.019484438648779693,0.700965399822984,1.0156977226854118
2019,30,09,368.0,8671.0,59952.0,ok,6.914081420828047,0.16208385516944876,1.100228432459337,0.14731836624794659,-0.14545336666485742,-0.1353697902758292
2019,30,10,29.0,1526.0,21554.0,ok,14.124508519003932,0.028524964016673832,2.1277915992676224,0.013405901229468156,-0.19987376697078565,-0.18116588953552543
2019,30,11,219.0,4249.0,26375.0,ok,6.207342904212756,0.07942501448679365,2.5632546149057456,0.03098600272673818,0.1910577080565481,0.2105293073593962
2019,30,12,79.0,1316.0,13751.0,ok,10.449088145896656,0.024599510252911377,2.168379650333971,0.011344650946674672,0.18623839104813886,0.2047094180892369
2019,30,13,81.0,1044.0,6385.0,ok,6.115900383141763,0.019515112996990484,1.6868159279712793,0.011569201282359932,-0.1374522900088665,-0.12842406811480336
2019,30,14,29.0,1021.0,12466.0,ok,12.209598432908912,0.019085182346673644,0.7841307119657822,0.024339286875816796,0.0994672638848233,0.10458231041434612
2019,30,15,53.0,948.0,7161.0,ok,7.55379746835443,0.017720619847841936,0.5432798675033386,0.03261784746281444,0.029729649596410557,0.030175987808609854
2019,30,16,74.0,5944.0,170937.0,ok,28.757907133243606,0.11110903415144774,2.249127739890164,0.049400944277568574,0.1932349137709613,0.21316774985865292
2019,30,17,12.0,1013.0,-26435.0,ok,-26.095755182625865,0.018935641250911267,5.412539850278901,0.0034984760897299513,,
2019,30,18,85.0,1820.0,18015.0,ok,9.898351648351648,0.03402059928594127,0.5813327620873409,0.058521730589871576,0.11742213666410461,0.12459406188941988
2019,30,19,15.0,1183.0,11512.0,ok,9.731191885038038,0.022113389535861824,1.4537775872316567,0.015210985318580303,0.17033638751402938,0.18570364014269797
2019,30,20,8.0,94.0,498.0,ok,5.297872340425532,0.0017571078752079555,0.6960291826036636,0.002524474431711431,0.09937428451708905,0.10447961182401233
2019,30,21,80.0,1268.0,14959.0,ok,11.797318611987382,0.023702263678337103,0.7700512753865023,0.030780110930198147,0.0,0.0
2019,30,22,25.0,4258.0,105452.0,ok,24.765617660873648,0.07959324821952633,2.7481277793366017,0.02896271738817769,0.7419009116858958,1.0999234920024068
2019,30,23,12.0,557.0,6188.0,ok,11.10951526032316,0.010411798792455651,0.5731179643053805,0.018166938468025095,-0.09504393711842722,-0.09066701988033891
2019,30,24,168.0,3757.0,36673.0,ok,9.761245674740485,0.07022823709740733,0.8849980048591217,0.07935411911870537,0.0,0.0
2019,30,25,62.0,4344.0,238918.0,ok,54.99953959484346,0.0812008149989719,1.9132845813915065,0.04244053173726808,1.6068660778418091,3.98715734870477
2019,30,26,108.0,5100.0,44982.0,ok,8.82,0.09533244854851675,1.182853686637534,0.08059530069142845,-0.194625570210461,-0.17685719044919082
2019,30,27,11.0,821.0,5688.0,ok,6.928136419001218,0.015346654952614166,0.5608620821992324,0.02736261808328602,-0.43877849653334433,-0.3551764055262168
2019,30,28,9.0,924.0,6490.0,ok,7.023809523809524,0.0172719965605548,0.32472072176538963,0.053190312175500146,-0.3760682945853152,-0.31344455657813874
2019,30,29,31.0,1141.0,6449.0,ok,5.652059596844873,0.021328298783109333,0.3273595926015238,0.06515250893860641,-0.4358429705092156,-0.3532807280396729
2019,30,30,5.0,312.0,2360.0,ok,7.564102564102564,0.005832102734732789,0.36832543119015704,0.01583410278211776,-0.4005920111403891,-0.3300766734564737
2019,30,31,21.0,885.0,10539.0,ok,11.908474576271187,0.016542983718713197,0.11993019850904789,0.13793843355862656,0.019679898835509663,0.01987482465156258
2019,30,32,80.0,1301.0,7755.0,ok,5.960799385088394,0.024319120698356917,1.2481304253474101,0.019484438648779693,-0.30208142285991757,-0.26072213167943575
2019,31,09,172.0,7553.0,51407.0,ok,6.806169733880577,0.22584021050113623,1.5330078404550873,0.14731836624794659,0.19120672500825567,0.21070971018793755
2019,31,10,36.0,849.0,11346.0,ok,13.363957597173146,0.025385719411553643,1.8936227394956537,0.013405901229468156,0.09716679799376612,0.10204417704933638
2019,31,11,70.0,2749.0,8422.0,ok,3.0636595125500183,0.08219710560937687,2.6527173038182186,0.03098600272673818,-0.16267440734861968,-0.1501321459000716
2019,31,12,27.0,708.0,8299.0,ok,11.721751412429379,0.021169716541083603,1.8660527010122634,0.011344650946674672,0.6535605808169463,0.9223734237281107
2019,31,13,15.0,176.0,949.0,ok,5.392045454545454,0.005262528405693099,0.45487396037590827,0.011569201282359932,0.088971208240615,0.09304918506414352
2019,31,14,35.0,1738.0,26479.0,ok,15.235327963176065,0.051967468006219354,2.135126976865274,0.024339286875816796,0.6732524985445171,0.9606038225836415
2019,31,15,30.0,681.0,4960.0,ok,7.283406754772393,0.020362396842482956,0.6242716312195907,0.03261784746281444,0.3456686451157144,0.412934355541913
2019,31,16,6.0,207.0,1782.0,ok,8.608695652173912,0.006189451022604951,0.12529013590971758,0.049400944277568574,-0.6605143369127526,-0.4834144328751929
2019,31,17,7.0,58.0,622.0,ok,10.724137931034482,0.0017342423155124985,0.495713639605399,0.0034984760897299513,-0.185422494627803,-0.16924677907662314
2019,31,18,30.0,1126.0,10727.0,ok,9.52664298401421,0.03366822150460471,0.5753114469658508,0.058521730589871576,0.4315369861523065,0.5396220837571641
2019,31,19,9.0,490.0,2765.0,ok,5.642857142857143,0.014651357493122833,0.9632089694561811,0.015210985318580303,-0.022218779521263794,-0.021973760469323107
2019,31,20,2.0,39.0,,suppressed,,0.0011661284535342661,0.46192919955370915,0.002524474431711431,,
2019,31,21,37.0,525.0,3429.0,ok,6.531428571428571,0.01569788302834589,0.5100008594493014,0.030780110930198147,-0.23885588480423212,-0.21247163100001104
2019,31,22,7.0,740.0,4419.0,ok,5.971621621621622,0.022126539887573255,0.7639662947028962,0.02896271738817769,-0.3281461812882114,-0.27974227619256653
2019,31,23,1.0,72.0,,suppressed,,0.002152852529601722,0.11850387083056796,0.018166938468025095,,
2019,31,24,66.0,2119.0,17907.0,ok,8.450684285040113,0.0633596459753618,0.7984418033874521,0.07935411911870537,0.20821809038065744,0.23148171458016473
2019,31,25,18.0,488.0,3841.0,ok,7.870901639344262,0.014591556033967229,0.3438118100003451,0.04244053173726808,0.015104580841739658,0.015219231545894113
2019,31,26,53.0,1303.0,9668.0,ok,7.419800460475825,0.03896065063987561,0.48341094711021027,0.08059530069142845,-0.015104580828871554,-0.014991078833141673
2019,31,27,8.0,616.0,3334.0,ok,5.412337662337662,0.018418849419925845,0.6731391478645342,0.02736261808328602,-0.3332975640850123,-0.28344305918144846
2019,31,28,54.0,4953.0,34434.0,ok,6.952150211992731,0.1480983135988518,2.784309915501248,0.053190312175500146,-0.033932343191826024,-0.03336309800735445
2019,31,29,76.0,3653.0,23951.0,ok,6.556528880372297,0.1092273651477096,1.6764874741912883,0.06515250893860641,0.06498904386980764,0.06714733251503446
2019,31,30,9.0,612.0,6163.0,ok,10.070261437908497,0.01829924650161464,1.1556857217246872,0.01583410278211776,0.23797164180111552,0.2686732150274293
2019,31,31,19.0,1533.0,9385.0,ok,6.121983039791259,0.045837818442770004,0.3323063577004304,0.13793843355862656,-0.29329363223994165,-0.25419688329717083
2019,31,32,27.0,456.0,2333.0,ok,5.116228070175438,0.013634732687477575,0.6997754943446377,0.019484438648779693,-0.10247786274924689,-0.09740186942708967
2019,32,09,251.0,5664.0,27262.0,ok,4.813206214689266,0.13528554708959323,0.918320984241019,0.14731836624794659,-0.2945212318931013,-0.25511186921145806
2019,32,10,48.0,712.0,6043.0,ok,8.487359550561798,0.017006234026799148,1.268563279387508,0.013405901229468156,-0.4960784856627459,-0.39108615180953704
2019,32,11,105.0,2758.0,11450.0,ok,4.151559100797679,0.06587527169369671,2.1259686922073424,0.03098600272673818,0.001937545692962117,0.0019394239474903757
2019,32,12,62.0,997.0,14852.0,ok,14.896690070210632,0.023813504669548808,2.0990954046522683,0.011344650946674672,0.7539915382164211,1.1254669899654242
2019,32,13,38.0,515.0,2771.0,ok,5.380582524271845,0.012300857477249384,1.063241720584898,0.011569201282359932,-0.05241882816284815,-0.05106865556974704
2019,32,14,37.0,1308.0,11351.0,ok,8.678134556574923,0.031241789476198437,1.2835951043101381,0.024339286875816796,-0.028819724910280065,-0.028408397557075155
2019,32,15,38.0,706.0,4175.0,ok,5.913597733711049,0.016862923065899156,0.5169845461176896,0.03261784746281444,-0.001937545692962117,-0.0019356698630036313
2019,32,16,9.0,1009.0,14729.0,ok,14.597621407333994,0.024100126591348796,0.48784748841920234,0.049400944277568574,-0.2716904305731334,-0.23790985561395636
2019,32,17,8.0,60.0,959.0,ok,15.983333333333333,0.0014331096089999283,0.4096382459799948,0.0034984760897299513,0.07436505880984501,0.07719997506770886
2019,32,18,30.0,1249.0,9226.0,ok,7.386709367493995,0.029832565027348507,0.5097690161697246,0.058521730589871576,0.03786506521577182,0.03859108135958833
2019,32,19,11.0,584.0,2968.0,ok,5.082191780821918,0.013948933527599303,0.9170302406748498,0.015210985318580303,-0.2661285579449121,-0.23365939800485863
2019,32,20,3.0,80.0,433.0,ok,5.4125,0.0019108128119999044,0.7569150980485456,0.002524474431711431,0.33390890076187973,0.39641592535295317
2019,32,21,103.0,1824.0,16376.0,ok,8.978070175438596,0.043566532113597824,1.4154117966759832,0.030780110930198147,-0.05995849499960937,-0.05819637766723334
2019,32,22,33.0,4516.0,73327.0,ok,16.237156775907884,0.10786538323739461,3.724283940339944,0.02896271738817769,0.5328756667792537,0.70382490318288
2019,32,23,5.0,407.0,7443.0,ok,18.28746928746929,0.009721260181049515,0.5351072332941248,0.018166938468025095,0.6164989957040472,0.8524313059719635
2019,32,24,84.0,1830.0,15902.0,ok,8.689617486338797,0.043709843074497816,0.5508200904998077,0.07935411911870537,0.09683771540722963,0.1016815731676595
2019,32,25,31.0,1587.0,25060.0,ok,15.79080025204789,0.037905749158048105,0.8931497228335179,0.04244053173726808,0.5720975892417032,0.7719800421806104
2019,32,26,88.0,2810.0,22379.0,ok,7.96405693950178,0.06711730002149664,0.8327693977898982,0.08059530069142845,-0.08358008677096618,-0.08018258148557383
2019,32,27,7.0,957.0,11774.0,ok,12.303030303030303,0.022858098263548857,0.8353768705163243,0.02736261808328602,0.348605057242091,0.4170894106087571
2019,32,28,27.0,6456.0,107915.0,ok,16.715458488228006,0.15420259392839228,2.8990729255283285,0.053190312175500146,0.7040887342723509,1.0220032628516047
2019,32,29,26.0,1663.0,11462.0,ok,6.8923631990378835,0.03972102132944801,0.6096621907051555,0.06515250893860641,-0.02432014606793076,-0.024026794247113323
2019,32,30,8.0,1202.0,8162.0,ok,6.790349417637271,0.028709962500298565,1.8131726751655393,0.01583410278211776,-0.2953745028091329,-0.255747189500448
2019,32,31,36.0,2720.0,29845.0,ok,10.972426470588236,0.06496763560799675,0.4709900926951169,0.13793843355862656,0.15094386189304118,0.16293137148358625
2019,32,32,23.0,253.0,1324.0,ok,5.233201581027668,0.006042945517949698,0.31014214096068743,0.019484438648779693,-0.21913395451778675,-0.1967858832127509
2019,33,09,328.0,20748.0,207421.0,ok,9.99715635241951,0.13735303463616141,0.9323551308258954,0.14731836624794659,0.12857340575381918,0.1372048956100393
2019,33,10,60.0,1212.0,54430.0,ok,44.90924092409241,0.008023514458214172,0.5985061594051804,0.013405901229468156,0.8621445387941383,1.368234021520014
2019,33,11,428.0,11949.0,96371.0,ok,8.06519374006193,0.07910311407689863,2.5528660400148886,0.03098600272673818,0.3581687132862852,0.43070697939530256
2019,33,12,93.0,2162.0,22974.0,ok,10.626271970397779,0.014312572820675776,1.26161420813666,0.011344650946674672,0.1083392999949654,0.11442580591520919
2019,33,13,85.0,1690.0,11668.0,ok,6.9041420118343195,0.011187903823747484,0.967042023964625,0.011569201282359932,-0.11093656468411668,-0.10500447854806204
2019,33,14,69.0,3704.0,40920.0,ok,11.047516198704104,0.024520707552166083,1.007453820536112,0.024339286875816796,-0.09526330874150164,-0.09086647985337395
2019,33,15,150.0,4746.0,45501.0,ok,9.587231352718078,0.031418811566571336,0.9632398827785909,0.03261784746281444,0.17339758484660264,0.18933887420874537
2019,33,16,112.0,12041.0,239488.0,ok,19.889377958641308,0.07971215972884228,1.6135756288577077,0.049400944277568574,-0.27020582580009894,-0.23677761268945346
2019,33,17,20.0,1399.0,6810.0,ok,4.867762687634024,0.009261465946403983,2.6472857635333673,0.0034984760897299513,-1.422389644765935,-0.7588629041455822
2019,33,18,181.0,8276.0,101326.0,ok,12.24335427742871,0.054787628429191826,0.9361928958176432,0.058521730589871576,0.2353233776461067,0.26531787809791085
2019,33,19,64.0,4783.0,40313.0,ok,8.428392222454526,0.031663753839635635,2.0816372625748434,0.015210985318580303,-0.06810776191478654,-0.06584019869591264
2019,33,20,8.0,188.0,871.0,ok,4.632978723404255,0.0012445715496239805,0.49300223998713316,0.002524474431711431,-0.12944479393669414,-0.12141690980886538
2019,33,21,240.0,5683.0,88273.0,ok,15.532817174027802,0.03762180913038873,1.2222765933399622,0.030780110930198147,0.1803689556725722,0.19765916475683376
2019,33,22,84.0,8951.0,60814.0,ok,6.7941012177410345,0.05925616989725665,2.0459464871015336,0.02896271738817769,-0.6462144249094623,-0.47597423441670605
2019,33,23,40.0,1946.0,25778.0,ok,13.246659815005138,0.012882639550895032,0.7091255124560064,0.018166938468025095,-0.013814275387013186,-0.013719296144266865
2019,33,24,308.0,8499.0,95769.0,ok,11.268266854924109,0.05626390212901176,0.7090230822781476,0.07935411911870537,0.04885671166807308,0.050069877198623734
2019,33,25,99.0,6117.0,90919.0,ok,14.86333169854504,0.04049491579281856,0.9541566548578131,0.04244053173726808,0.2037246859088039,0.22596058276567255
2019,33,26,313.0,10767.0,121723.0,ok,11.305191789727873,0.07127820146170956,0.884396495207694,0.08059530069142845,-0.04109916732918313,-0.04026604902408996
2019,33,27,22.0,1199.0,11345.0,ok,9.462051709758132,0.00793745365956996,0.29008385218877925,0.02736261808328602,-0.22179391409925273,-0.19891956129189334
2019,33,28,43.0,7887.0,89924.0,ok,11.401546849245594,0.05221242453129965,0.9816153054155053,0.053190312175500146,0.013661204362454705,0.013754944998360535
2019,33,29,103.0,5248.0,46222.0,ok,8.807545731707316,0.03474208240652473,0.5332424333691032,0.06515250893860641,-0.08696795379981355,-0.08329352787843482
2019,33,30,9.0,845.0,11688.0,ok,13.831952662721893,0.005593951911873742,0.3532850575020437,0.01583410278211776,0.10826180700111132,0.11433944906914907
2019,33,31,211.0,19440.0,282833.0,ok,14.549022633744856,0.12869399428026693,0.9329814103302068,0.13793843355862656,0.12523962361061572,0.13342001472550696
2019,33,32,77.0,1576.0,11206.0,ok,7.1104060913705585,0.010433216820252092,0.5354640699851788,0.019484438648779693,-0.22044045997233383,-0.197834601610173
2019,34,09,521.0,27788.0,234547.0,ok,8.4405858644019,0.1270953489542122,0.8627257564090977,0.14731836624794659,-0.10151883595627274,-0.09653583842949316
2019,34,10,71.0,1512.0,15892.0,ok,10.510582010582011,0.006915509126916973,0.5158555928873816,0.013405901229468156,-0.6509597611354927,-0.47845502212437163
2019,34,11,297.0,6582.0,44972.0,ok,6.832573685809784,0.03010441869931714,0.971548959212467,0.03098600272673818,0.13146912771201313,0.1405026972511408
2019,34,12,151.0,3499.0,53027.0,ok,15.154901400400114,0.01600354922955191,1.4106691607151518,0.011344650946674672,0.4024906065745203,0.4955448768696097
2019,34,13,158.0,3037.0,17995.0,ok,5.9252551860388545,0.01389047699632728,1.200642694107734,0.011569201282359932,-0.32467760761288345,-0.27723967148698564
2019,34,14,90.0,2470.0,28125.0,ok,11.38663967611336,0.011297161073733415,0.46415333084216737,0.024339286875816796,-0.12587149848195256,-0.11827185709123299
2019,34,15,203.0,4551.0,35025.0,ok,7.696110744891232,0.02081513362208938,0.6381516636197225,0.03261784746281444,-0.10716273301428557,-0.1016205349041248
2019,34,16,91.0,6616.0,193588.0,ok,29.260580411124547,0.03025992617968432,0.6125374043391395,0.049400944277568574,0.05500631230171411,0.056547283899676386
2019,34,17,20.0,241.0,4997.0,ok,20.734439834024897,0.0011022736108379566,0.31507250087367084,0.0034984760897299513,-0.03407126671611781,-0.03349737728499855
2019,34,18,235.0,14748.0,188787.0,ok,12.800854353132628,0.06745365648397587,1.1526257990677082,0.058521730589871576,0.21900873554202838,0.2448421510109634
2019,34,19,67.0,4223.0,44114.0,ok,10.446128344778593,0.019314943811488343,1.2698022782189549,0.015210985318580303,0.08567434631645836,0.08945148664085255
2019,34,20,4.0,194.0,1123.0,ok,5.788659793814433,0.0008873073879774423,0.3514820260532031,0.002524474431711431,0.032412712390211026,0.0329437260199027
2019,34,21,177.0,4710.0,58332.0,ok,12.384713375796178,0.021542359780277076,0.6998792119082983,0.030780110930198147,-0.10696642260164123,-0.10144415634871358
2019,34,22,135.0,10462.0,50617.0,ok,4.838176256929842,0.047850566458865984,1.6521435408681002,0.02896271738817769,-1.0465746246701346,-0.6488615274658819
2019,34,23,52.0,5194.0,84156.0,ok,16.202541393916057,0.02375605450079812,1.3076531603060255,0.018166938468025095,0.12676512417077299,0.13515036708404424
2019,34,24,615.0,13853.0,135945.0,ok,9.813397819966795,0.06336015075078097,0.7984481644361887,0.07935411911870537,-0.15022851943779492,-0.13948868960595917
2019,34,25,206.0,11238.0,187510.0,ok,16.68535326570564,0.05139979601077575,1.2111016028020292,0.04244053173726808,0.2585154752314979,0.29500619021839075
2019,34,26,568.0,22299.0,302079.0,ok,13.546750975380062,0.10199003837375765,1.2654588728968486,0.08059530069142845,0.07894222488252979,0.0821417993946252
2019,34,27,43.0,3002.0,40772.0,ok,13.581612258494337,0.013730395766537534,0.5017939337802075,0.02736261808328602,0.0787904064835593,0.08197752282960012
2019,34,28,32.0,6144.0,142530.0,ok,23.1982421875,0.028101116452234048,0.5283126814431,0.053190312175500146,0.663145402332458,0.9408876157542396
2019,34,29,172.0,8775.0,89891.0,ok,10.243988603988605,0.04013465118300029,0.6160108311534005,0.06515250893860641,0.003271003174614831,0.0032763587432676285
2019,34,30,10.0,778.0,4516.0,ok,5.804627249357327,0.0035583770507548974,0.22472868211854416,0.01583410278211776,-0.8209073933067453,-0.5599678089667289
2019,34,31,471.0,52619.0,715411.0,ok,13.596058457971456,0.24066612086590225,1.7447357828926946,0.13793843355862656,-0.00334753866835992,-0.0033419419076578874
2019,34,32,188.0,4104.0,37740.0,ok,9.195906432748538,0.01877066763020321,0.9633671243271262,0.019484438648779693,-0.024084660933459637,-0.023796940002949775
2019,35,09,332.0,12458.0,77974.0,ok,6.258950072242736,0.1303342574671758,0.8847115318114145,0.14731836624794659,-0.21136804549858423,-0.19052391198065657
2019,35,10,31.0,1160.0,14498.0,ok,12.498275862068965,0.012135795365381598,0.9052577038763587,0.013405901229468156,-0.28856155665656635,-0.25065932317892975
2019,35,11,66.0,2545.0,13760.0,ok,5.406679764243615,0.02662551655594497,0.8592756152109128,0.03098600272673818,0.08659294776188431,0.09045271814715107
2019,35,12,56.0,1389.0,10677.0,ok,7.686825053995681,0.014531568760788826,1.2809181022046605,0.011344650946674672,-0.08713550549940366,-0.08344711073897008
2019,35,13,27.0,271.0,1659.0,ok,6.121771217712177,0.002835172882774494,0.24506211047580323,0.011569201282359932,-0.10285983285599765,-0.09774656909470222
2019,35,14,39.0,2091.0,22605.0,ok,10.810616929698709,0.021875817335355967,0.8987862893013312,0.024339286875816796,0.011406552846946028,0.011471855627884955
2019,35,15,68.0,1931.0,10760.0,ok,5.572242361470741,0.020201914526337815,0.6193515543712304,0.03261784746281444,-0.2408902240020656,-0.2140721023277278
2019,35,16,88.0,15264.0,892898.0,ok,58.49698637316562,0.15969032798033164,3.2325359426953715,0.049400944277568574,0.9369303794085281,1.552135295125344
2019,35,17,17.0,1268.0,7774.0,ok,6.130914826498422,0.01326567976146885,3.791845198088186,0.0034984760897299513,-1.0633333072411462,-0.6546971107436685
2019,35,18,82.0,4573.0,38919.0,ok,8.51060572928056,0.04784223466025004,0.8175123014651612,0.058521730589871576,0.0,0.0
2019,35,19,20.0,2859.0,102676.0,ok,35.91325638335082,0.029910550818643092,1.9663782583569513,0.015210985318580303,1.5097394767156112,3.5255516291468334
2019,35,20,,,,absent_from_source,,0.0,0.0,0.002524474431711431,,
2019,35,21,131.0,4194.0,95436.0,ok,22.755364806866954,0.04387717738138829,1.4255041991528596,0.030780110930198147,0.6905616517721616,0.9948356216258822
2019,35,22,52.0,6707.0,80770.0,ok,12.042642015804384,0.07016791337552963,2.422697857907888,0.02896271738817769,0.05453144528028864,0.05604568354413502
2019,35,23,15.0,1859.0,20444.0,ok,10.997310381925766,0.019448658262279647,1.0705523275983158,0.018166938468025095,-0.07156218885119318,-0.06906161819385201
2019,35,24,189.0,5873.0,63742.0,ok,10.853396901072706,0.06144269498352252,0.774284884841463,0.07935411911870537,0.1396910744041382,0.14991850472106305
2019,35,25,73.0,3499.0,36058.0,ok,10.305230065733067,0.036606162054715695,0.8625283557079216,0.04244053173726808,-0.03417420875214056,-0.0335968659119334
2019,35,26,135.0,6288.0,99079.0,ok,15.756838422391857,0.06578438039441335,0.816230969176218,0.08059530069142845,0.4192600042260809,0.5208357271049546
2019,35,27,10.0,778.0,,suppressed,,0.008139352408850761,0.2974624863774473,0.02736261808328602,,
2019,35,28,17.0,2350.0,31326.0,ok,13.330212765957446,0.0245854475074541,0.46221664250315003,0.053190312175500146,0.2982920507248169,0.3475552849139001
2019,35,29,62.0,2168.0,12374.0,ok,5.7075645756457565,0.022681383062195953,0.3481275461482036,0.06515250893860641,-0.3924375782599391,-0.3245914947890966
2019,35,30,1.0,70.0,,suppressed,,0.0007323324789454412,0.046250330001173214,0.01583410278211776,,
2019,35,31,114.0,15002.0,297511.0,ok,19.831422477003066,0.15694931213056443,1.1378214764477361,0.13793843355862656,0.5633302643202883,0.7565124213032481
2019,35,32,46.0,988.0,6851.0,ok,6.934210526315789,0.010336349845687084,0.5304925654778588,0.019484438648779693,-0.11718582383683954,-0.11058009761241921
2019,36,09,252.0,7232.0,48476.0,ok,6.702986725663717,0.15256096531938232,1.0355868667631847,0.14731836624794659,-0.14151103924640684,-0.1319544070371937
2019,36,10,16.0,587.0,11340.0,ok,19.31856899488927,0.012382921272466459,0.9236918175442741,0.013405901229468156,0.14823074722887972,0.15978048162175118
2019,36,11,100.0,1958.0,8366.0,ok,4.2727272727272725,0.04130453126318454,1.3330061198097807,0.03098600272673818,-0.14747365563692683,-0.13711482981784037
2019,36,12,76.0,1387.0,11950.0,ok,8.615717375630858,0.029259134250274238,2.5791127807991865,0.011344650946674672,0.0282610503136754,0.028664182481652326
2019,36,13,68.0,1515.0,11592.0,ok,7.651485148514851,0.031959328326723484,2.762448983876983,0.011569201282359932,0.12150471408251984,0.12919468902955591
2019,36,14,35.0,2251.0,32756.0,ok,14.551754775655265,0.04748544426630664,1.9509792751359354,0.024339286875816796,0.3099056922224327,0.3632965386027161
2019,36,15,45.0,1047.0,6794.0,ok,6.48901623686724,0.02208674373470593,0.6771367656889573,0.03261784746281444,-0.08726058724712182,-0.08356174760659564
2019,36,16,45.0,6977.0,428186.0,ok,61.37107639386556,0.1471816724327061,2.97932913196432,0.049400944277568574,0.9862100473401482,1.681054124805776
2019,36,17,4.0,29.0,,suppressed,,0.000611762720445532,0.17486548564428067,0.0034984760897299513,,
2019,36,18,33.0,1808.0,18146.0,ok,10.03650442477876,0.03814024132984558,0.6517278444333386,0.058521730589871576,0.16623202038859775,0.18084705053273153
2019,36,19,13.0,460.0,3652.0,ok,7.939130434782609,0.009703822462239473,0.6379483155759936,0.015210985318580303,0.0017529932153238818,0.0017545306061443452
2019,36,20,3.0,41.0,175.0,ok,4.2682926829268295,0.0008649059151126488,0.3426083085841746,0.002524474431711431,-0.0817678649599606,-0.07851415697656924
2019,36,21,58.0,1003.0,8137.0,ok,8.112662013958126,0.021158552020926504,0.6874098689543058,0.030780110930198147,-0.3394969785841745,-0.28787155145697446
2019,36,22,11.0,565.0,5710.0,ok,10.106194690265486,0.011918825415576744,0.4115230368695272,0.02896271738817769,-0.11945758536048867,-0.11259835415824658
2019,36,23,1.0,42.0,,suppressed,,0.0008860011813349084,0.0487699775553445,0.018166938468025095,,
2019,36,24,103.0,3169.0,31256.0,ok,9.86304828021458,0.06685089865834107,0.8424376629817942,0.07935411911870537,0.04532449221281498,0.04636734288045637
2019,36,25,33.0,2137.0,20912.0,ok,9.785680861020122,0.04508058391696903,1.062205916646955,0.04244053173726808,-0.0845893177495301,-0.08111042143779576
2019,36,26,76.0,2631.0,27223.0,ok,10.347016343595591,0.055501645430765335,0.688646173593445,0.08059530069142845,0.0,0.0
2019,36,27,4.0,36.0,214.0,ok,5.944444444444445,0.0007594295840013502,0.027754273428434634,0.02736261808328602,-0.5569630439398582,-0.4270535624947252
2019,36,28,10.0,8950.0,162265.0,ok,18.130167597765364,0.18880263268922454,3.5495680504050218,0.053190312175500146,0.6071524743637897,0.8351981775937547
2019,36,29,37.0,2172.0,9254.0,ok,4.260589318600369,0.045818918234748124,0.7032563899868163,0.06515250893860641,-0.6835062531860052,-0.4951562245875483
2019,36,30,1.0,61.0,,suppressed,,0.0012868112395578433,0.08126833943575909,0.01583410278211776,,
2019,36,31,22.0,539.0,4810.0,ok,8.923933209647496,0.011370348493797991,0.0824306047303732,0.13793843355862656,-0.23388436684129468,-0.20854667114710115
2019,36,32,43.0,807.0,20294.0,ok,25.147459727385378,0.0170238798413636,0.873716720724197,0.019484438648779693,1.1724201046694211,2.2297996410290395
2019,37,09,378.0,14246.0,119550.0,ok,8.391829285413449,0.20328196347031963,1.3798820109651677,0.14731836624794659,0.0,0.0
2019,37,10,21.0,290.0,3484.0,ok,12.013793103448275,0.004138127853881278,0.3086795720070696,0.013405901229468156,-0.40997487731829263,-0.33633307698024856
2019,37,11,114.0,2743.0,17158.0,ok,6.2551950419249,0.03914098173515982,1.2631826725227975,0.03098600272673818,0.15049205856129322,0.16240607388989284
2019,37,12,35.0,1430.0,17867.0,ok,12.494405594405594,0.020405251141552512,1.7986671637115172,0.011344650946674672,0.316759622862665,0.37267257316133384
2019,37,13,54.0,719.0,6490.0,ok,9.026425591098748,0.010259703196347033,0.8868117120574651,0.011569201282359932,0.20356711791716064,0.22576742583688666
2019,37,14,70.0,3417.0,35824.0,ok,10.484050336552531,0.048758561643835616,2.003286369588811,0.024339286875816796,-0.10114509262306881,-0.09619811161467601
2019,37,15,107.0,3275.0,25201.0,ok,7.694961832061069,0.04673230593607306,1.4327219473740451,0.03261784746281444,0.0,0.0
2019,37,16,43.0,3753.0,72916.0,ok,19.428723687716495,0.05355308219178082,1.084049768176144,0.049400944277568574,-0.2471703168891139,-0.21899233659254605
2019,37,17,7.0,958.0,12029.0,ok,12.556367432150314,0.013670091324200913,3.907441689920514,0.0034984760897299513,-0.42832741352611825,-0.3484019621417971
2019,37,18,91.0,4004.0,35767.0,ok,8.932817182817184,0.05713470319634703,0.9762989340960364,0.058521730589871576,-0.0334593313376208,-0.03290575913917378
2019,37,19,13.0,693.0,8646.0,ok,12.476190476190476,0.009888698630136986,0.6501024373521606,0.015210985318580303,0.3705770249358802,0.44857023470013574
2019,37,20,17.0,396.0,2589.0,ok,6.537878787878788,0.0056506849315068495,2.2383609279322543,0.002524474431711431,0.26143671423249093,0.2987947437487712
2019,37,21,113.0,2970.0,29550.0,ok,9.94949494949495,0.04238013698630137,1.3768675844739249,0.030780110930198147,-0.21859552236679658,-0.19635329045767072
2019,37,22,27.0,694.0,10316.0,ok,14.864553314121038,0.00990296803652968,0.34192123286649817,0.02896271738817769,0.1831789675449279,0.20102933411917812
2019,37,23,10.0,1000.0,64940.0,ok,64.94,0.014269406392694063,0.7854601598287503,0.018166938468025095,1.6223728137635933,4.065094595142154
2019,37,24,241.0,6927.0,76772.0,ok,11.083008517395697,0.09884417808219179,1.2456086612760624,0.07935411911870537,0.07874810438659319,0.08193175387958236
2019,37,25,86.0,3887.0,41140.0,ok,10.583997941857474,0.05546518264840183,1.3068917937165354,0.04244053173726808,-0.08936054802505983,-0.08548421273486119
2019,37,26,116.0,4034.0,62434.0,ok,15.476945959345562,0.057562785388127855,0.714220120705497,0.08059530069142845,0.3194590749933294,0.3763830429282224
2019,37,27,9.0,345.0,3813.0,ok,11.052173913043479,0.004922945205479452,0.17991499170492561,0.02736261808328602,-0.019987259764794985,-0.019788838652049005
2019,37,28,13.0,2641.0,19036.0,ok,7.207875804619462,0.03768550228310502,0.7085031228762603,0.053190312175500146,-0.398444786724904,-0.32863665226215966
2019,37,29,73.0,5966.0,54327.0,ok,9.106101240362051,0.08513127853881279,1.3066462048151128,0.06515250893860641,-0.007163368849765317,-0.00713777307691346
2019,37,30,,,,absent_from_source,,0.0,0.0,0.01583410278211776,,
2019,37,31,78.0,4419.0,107656.0,ok,24.362072867164517,0.06305650684931507,0.45713515241939306,0.13793843355862656,0.6872120911731333,0.9881649769272776
2019,37,32,58.0,1273.0,10481.0,ok,8.233307148468185,0.018164954337899542,0.9322800962006268,0.019484438648779693,-0.027343289372286944,-0.026972845697697218
2019,38,09,350.0,13745.0,100063.0,ok,7.279956347762822,0.1757919912008083,1.1932795324714551,0.14731836624794659,-0.05830725225906962,-0.05663994660374235
2019,38,10,41.0,750.0,10901.0,ok,14.534666666666666,0.009592142117177608,0.7155163948316029,0.013405901229468156,-0.13566728162725353,-0.12686690841307555
2019,38,11,246.0,7744.0,70678.0,ok,9.12680785123967,0.09904206474056453,3.1963485453094598,0.03098600272673818,0.6121221439799401,0.844341206314998
2019,38,12,70.0,1294.0,11150.0,ok,8.616692426584235,0.0165496425328371,1.4588057940811399,0.011344650946674672,0.02900634309577997,0.029431124234641254
2019,38,13,47.0,589.0,3353.0,ok,5.6926994906621395,0.007533028942690148,0.6511278314585197,0.011569201282359932,-0.17357836116037606,-0.15934872582849943
2019,38,14,223.0,10391.0,153959.0,ok,14.816572033490521,0.13289593165279004,5.46014073176621,0.024339286875816796,0.32857251706898205,0.3889839617218157
2019,38,15,72.0,1697.0,9720.0,ok,5.72775486152033,0.0217038202304672,0.6653970730352566,0.03261784746281444,-0.21141576487734504,-0.1905625387550684
2019,38,16,49.0,4388.0,92511.0,ok,21.082725615314494,0.05612042614690046,1.1360193001894296,0.049400944277568574,-0.08164246636797451,-0.07839859670392268
2019,38,17,12.0,675.0,-4313.0,ok,-6.3896296296296295,0.008632927905459848,2.4676252414022435,0.0034984760897299513,,
2019,38,18,83.0,3912.0,75319.0,ok,19.253323108384457,0.050032613283198406,0.854940767795025,0.058521730589871576,0.8183189344527618,1.266686184878672
2019,38,19,13.0,427.0,1693.0,ok,3.9648711943793913,0.005461126245379785,0.3590251473524854,0.015210985318580303,-0.6919452621123725,-0.4993986794794897
2019,38,20,1.0,48.0,,suppressed,,0.000613897095499367,0.24317817910446582,0.002524474431711431,,
2019,38,21,111.0,1940.0,18197.0,ok,9.379896907216494,0.024811674276432747,0.8060943747961022,0.030780110930198147,-0.19372213106351654,-0.17611319498480718
2019,38,22,38.0,1095.0,13284.0,ok,12.131506849315068,0.014004527491079308,0.48353637897236207,0.02896271738817769,0.06383191138144319,0.06591321582267172
2019,38,23,17.0,1646.0,93325.0,ok,56.69805589307412,0.021051554566499125,1.1587838316043801,0.018166938468025095,1.5704753797195738,3.808933720049003
2019,38,24,163.0,3344.0,30600.0,ok,9.150717703349283,0.04276816431978923,0.5389532993972572,0.07935411911870537,-0.02900634309577997,-0.028589697301529163
2019,38,25,76.0,4802.0,82446.0,ok,17.169096209912535,0.0614152885955825,1.4470904600295622,0.04244053173726808,0.47823366548375595,0.6132223937374766
2019,38,26,197.0,7535.0,89386.0,ok,11.862773722627738,0.0963690544705777,1.1957155521950529,0.08059530069142845,0.13733916411419012,0.147217177442115
2019,38,27,12.0,268.0,,suppressed,,0.003427592116538132,0.12526550296120303,0.02736261808328602,,
2019,38,28,18.0,2320.0,19506.0,ok,8.407758620689656,0.029671692949136068,0.5578401730607453,0.053190312175500146,-0.16063774171225775,-0.148399485420072
2019,38,29,43.0,3460.0,56848.0,ok,16.43005780346821,0.044251748967246034,0.6792025309254739,0.06515250893860641,0.6668308366094253,0.9480538266895813
2019,38,30,1.0,11.0,,suppressed,,0.00014068475105193825,0.008884920919600229,0.01583410278211776,,
2019,38,31,125.0,5291.0,98526.0,ok,18.62143262143262,0.0676693652559823,0.49057658195909176,0.13793843355862656,0.5023241777831673,0.6525576485332425
2019,38,32,47.0,817.0,5114.0,ok,6.2594859241126075,0.010449040146312141,0.53627617067462,0.019484438648779693,-0.2176065929090184,-0.1955581474475878
2019,39,09,278.0,6381.0,40990.0,ok,6.42375803165648,0.25106232294617564,1.704216041356453,0.14731836624794659,0.0,0.0
2019,39,10,37.0,569.0,5411.0,ok,9.509666080843585,0.022387472458293988,1.669971460708886,0.013405901229468156,-0.37646631007562636,-0.31371776190599515
2019,39,11,58.0,1342.0,5528.0,ok,4.1192250372578245,0.05280138495435946,1.7040398989185055,0.03098600272673818,0.0,0.0
2019,39,12,83.0,1003.0,7729.0,ok,7.705882352941177,0.039463330185709786,3.478584786011175,0.011344650946674672,0.10071782904652157,0.1059645266655845
2019,39,13,25.0,274.0,1500.0,ok,5.474452554744525,0.01078061063896758,0.9318370711904934,0.011569201282359932,-0.029241834639561648,-0.02881842928007663
2019,39,14,58.0,2690.0,24825.0,ok,9.228624535315985,0.10583884167453572,4.3484775135172855,0.024339286875816796,0.03856505568931068,0.03931833972971233
2019,39,15,47.0,747.0,4151.0,ok,5.556894243641231,0.029390934844192633,0.9010691118627431,0.03261784746281444,-0.05827122554415687,-0.056605959827826305
2019,39,16,14.0,297.0,4112.0,ok,13.845117845117844,0.011685552407932011,0.23654512234168074,0.049400944277568574,-0.3187350033564686,-0.27293180558880475
2019,39,17,6.0,48.0,579.0,ok,12.0625,0.0018885741265344666,0.5398276501241563,0.0034984760897299513,-0.20119863016609052,-0.18225001439440072
2019,39,18,25.0,702.0,4783.0,ok,6.813390313390314,0.02762039660056657,0.4719682128700901,0.058521730589871576,-0.0370460921016329,-0.036368281485677764
2019,39,19,,,,absent_from_source,,0.0,0.0,0.015210985318580303,,
2019,39,20,1.0,89.0,,suppressed,,0.0035017311929493233,1.3871129566463365,0.002524474431711431,,
2019,39,21,95.0,1470.0,22012.0,ok,14.974149659863945,0.05783758262511804,1.8790569909341686,0.030780110930198147,0.457463263720707,0.5800606995232236
2019,39,22,22.0,965.0,12098.0,ok,12.53678756476684,0.03796820900220334,1.3109339325218705,0.02896271738817769,0.280122107096506,0.3232913857415508
2019,39,23,2.0,181.0,,suppressed,,0.007121498268807051,0.39200321404408983,0.018166938468025095,,
2019,39,24,82.0,1094.0,8536.0,ok,7.802559414990859,0.04304375196726472,0.5424261833576127,0.07935411911870537,-0.004958038198772163,-0.0049457674154289475
2019,39,25,35.0,813.0,2735.0,ok,3.3640836408364083,0.031987724268177524,0.7537069626318634,0.04244053173726808,-0.9682929563533785,-0.6202692979668409
2019,39,26,98.0,2930.0,31744.0,ok,10.834129692832764,0.11528171230720806,1.4303775942046781,0.08059530069142845,0.23006404253545443,0.25868061644633206
2019,39,27,12.0,558.0,4854.0,ok,8.698924731182796,0.021954674220963172,0.8023601452952268,0.02736261808328602,0.00784024003237227,0.007871055194366606
2019,39,28,9.0,589.0,,suppressed,,0.023174378344350016,0.4356879551277443,0.053190312175500146,,
2019,39,29,27.0,752.0,3584.0,ok,4.76595744680851,0.029587661315706643,0.4541292698887048,0.06515250893860641,-0.387354354821407,-0.32114950164622963
2019,39,30,,,,absent_from_source,,0.0,0.0,0.01583410278211776,,
2019,39,31,30.0,824.0,9792.0,ok,11.883495145631068,0.032420522505508344,0.2350361800486083,0.13793843355862656,0.23659025244326712,0.2669218932567259
2019,39,32,40.0,1098.0,8116.0,ok,7.391621129326047,0.04320113314447592,2.2172121005488448,0.019484438648779693,0.13207123360930725,0.14118960742661715
2019,40,09,844.0,45187.0,411405.0,ok,9.104499081594264,0.20313054892494145,1.3788542060197657,0.14731836624794659,0.14131164004891592,0.15178353393707844
2019,40,10,144.0,3751.0,137104.0,ok,36.551319648093845,0.016861988824605646,1.2578034505834264,0.013405901229468156,0.762488470998003,1.1436038849772263
2019,40,11,225.0,4713.0,22078.0,ok,4.684489709314661,0.02118649782201184,0.6837441411482794,0.03098600272673818,-0.07886180449829154,-0.07583236856989367
2019,40,12,165.0,2418.0,18027.0,ok,7.455334987593052,0.010869711804291244,0.9581354116035944,0.011344650946674672,-0.13979001450809295,-0.13045919281644838
2019,40,13,284.0,4587.0,28071.0,ok,6.119686069326357,0.020620086040646787,1.7823258094823828,0.011569201282359932,-0.12527706223192106,-0.11774757010825926
2019,40,14,117.0,3548.0,31294.0,ok,8.820180383314543,0.015949436510184174,0.6552959662113736,0.024339286875816796,-0.2141563854326244,-0.19277786263188457
2019,40,15,298.0,9118.0,75780.0,ok,8.31103312129853,0.040988433511798,1.2566259486781381,0.03261784746281444,0.13681958909784772,0.14662126688192265
2019,40,16,138.0,8468.0,197264.0,ok,23.295229097779877,0.038066467973010026,0.7705615455268701,0.049400944277568574,-0.005872838072170761,-0.005855626668405358
2019,40,17,33.0,854.0,13750.0,ok,16.10070257611241,0.0038390131848075773,1.0973386944324985,0.0034984760897299513,-0.11989093376202646,-0.1129828249320798
2019,40,18,249.0,11629.0,101775.0,ok,8.751827328231146,0.052276211154715826,0.8932786270637617,0.058521730589871576,0.005872838085038864,0.005890117007502622
2019,40,19,48.0,4998.0,122347.0,ok,24.47919167667067,0.02246766732748041,1.4770685039078981,0.015210985318580303,1.104379868734479,2.0173527337365376
2019,40,20,10.0,180.0,1171.0,ok,6.5055555555555555,0.0008091596876643605,0.32052599840189405,0.002524474431711431,0.31628193092409723,0.3720170151287012
2019,40,21,305.0,10547.0,123810.0,ok,11.738883094718878,0.04741226236553339,1.5403538497003129,0.030780110930198147,0.00659083221498353,0.006612599544956218
2019,40,22,159.0,10927.0,226076.0,ok,20.689667795369267,0.04912048837282482,1.695990321435631,0.02896271738817769,0.5736354688706543,0.7747072306967195
2019,40,23,50.0,2871.0,38190.0,ok,13.301985370950888,0.01290609701824655,0.7104167298723479,0.018166938468025095,0.09662381966854817,0.10144595337370833
2019,40,24,706.0,20324.0,210415.0,ok,10.353030899429246,0.09136311940050258,1.151334302682297,0.07935411911870537,0.07041572293111183,0.07295414019022416
2019,40,25,185.0,6238.0,77846.0,ok,12.479320294966335,0.028041878509168228,0.6607334395045754,0.04244053173726808,0.13517059001509601,0.14473204755313765
2019,40,26,401.0,15844.0,161037.0,ok,10.163910628629134,0.07122403384085627,0.8837244011725754,0.08059530069142845,-0.04124773928873698,-0.04040862798595666
2019,40,27,44.0,1313.0,10383.0,ok,7.907844630616908,0.005902370388351697,0.2157092705963344,0.02736261808328602,-0.2949576721091846,-0.2554368974153682
2019,40,28,54.0,7187.0,67011.0,ok,9.323918185612913,0.032307948195798665,0.6074028685750024,0.053190312175500146,-0.08123465765439235,-0.07802268297597187
2019,40,29,202.0,13101.0,91419.0,ok,6.978016945271353,0.058893339267171045,0.9039304890417433,0.06515250893860641,-0.2135417800566153,-0.19228158707543402
2019,40,30,9.0,685.0,6164.0,ok,8.998540145985402,0.0030793021447227055,0.19447278997079107,0.01583410278211776,-0.21538693471863118,-0.19377057833860128
2019,40,31,153.0,31810.0,377300.0,ok,11.861049984281673,0.14299649813668505,1.0366690011446933,0.13793843355862656,0.027245952572864697,0.027620517594514924
2019,40,32,186.0,2155.0,14947.0,ok,6.935962877030162,0.00968743959398165,0.4971885394598408,0.019484438648779693,-0.13900970425593498,-0.12978041641628268
2019,41,09,270.0,16727.0,132932.0,ok,7.947151312249656,0.27019561600465214,1.834093215165684,0.14731836624794659,-0.12012442075640406,-0.11318990772973693
2019,41,10,49.0,1393.0,16725.0,ok,12.00646087580761,0.022501494176748994,1.678476798507763,0.013405901229468156,-0.47626481245090424,-0.37890101427660444
2019,41,11,67.0,2499.0,11230.0,ok,4.493797519007603,0.04036700211607734,1.3027495825153397,0.03098600272673818,-0.24590158109383942,-0.21800081535735943
2019,41,12,38.0,749.0,7343.0,ok,9.80373831775701,0.012098793351317298,1.066475593492251,0.011344650946674672,0.008562973760479958,0.0085997408906853
2019,41,13,47.0,1051.0,5865.0,ok,5.580399619410086,0.016977078521007317,1.4674373888621863,0.011569201282359932,-0.34300837520666516,-0.29036773178158226
2019,41,14,37.0,1636.0,28769.0,ok,17.584963325183374,0.026426736879512816,1.0857646328894741,0.024339286875816796,0.3503645696462192,0.4195849918637329
2019,41,15,45.0,951.0,7773.0,ok,8.173501577287066,0.015361752305878173,0.4709615594159346,0.03261784746281444,-0.00534783185504617,-0.005333557658940529
2019,41,16,36.0,2627.0,81402.0,ok,30.986676817662733,0.04243461967144265,0.8589839787882534,0.049400944277568574,0.1539550102635568,0.16643840784139557
2019,41,17,7.0,49.0,1411.0,ok,28.79591836734694,0.0007915098454132812,0.22624417749683068,0.0034984760897299513,0.3359989068354955,0.3993374951040149
2019,41,18,60.0,2412.0,19454.0,ok,8.065505804311774,0.03896166830891499,0.6657641172979619,0.058521730589871576,-0.20127415624930634,-0.18231177351562167
2019,41,19,12.0,1879.0,25143.0,ok,13.381053751995742,0.03035197958227664,1.9953986508159685,0.015210985318580303,0.3749153348943953,0.4548682328311019
2019,41,20,6.0,394.0,1422.0,ok,3.6091370558375635,0.006364385287608833,2.5210733797348026,0.002524474431711431,-0.3983867845566756,-0.3285977106029823
2019,41,21,185.0,3234.0,24022.0,ok,7.427952999381571,0.05223964979727656,1.697188483684918,0.030780110930198147,-0.5765464287842739,-0.4381646417078923
2019,41,22,12.0,1139.0,11577.0,ok,10.164179104477611,0.018398565590320964,0.6352499782299809,0.02896271738817769,-0.26261018354831844,-0.230958376034776
2019,41,23,5.0,1467.0,31541.0,ok,21.500340831629174,0.023696835575944562,1.3043934517449056,0.018166938468025095,0.4512984033734125,0.5703498098652935
2019,41,24,126.0,3584.0,39416.0,ok,10.997767857142858,0.05789329155022857,0.7295562245940419,0.07935411911870537,0.00534783185504617,0.005362157032650462
2019,41,25,34.0,944.0,6285.0,ok,6.657838983050848,0.015248679470819131,0.3592952031142647,0.04244053173726808,-0.6185882568582995,-0.4612955867159221
2019,41,26,108.0,4519.0,47486.0,ok,10.508077008187652,0.07299659166168608,0.9057177159889855,0.08059530069142845,-0.13342771528762098,-0.12490927762736534
2019,41,27,4.0,103.0,3775.0,ok,36.650485436893206,0.0016637860015830197,0.060805073422389895,0.02736261808328602,1.1131328395051288,2.043879458482086
2019,41,28,11.0,3918.0,75281.0,ok,19.214139867279226,0.06328848110875991,1.1898497775298085,0.053190312175500146,0.516347951381114,0.6758960062888428
2019,41,29,54.0,4961.0,57097.0,ok,11.509171537996371,0.0801363335325569,1.229980776458967,0.06515250893860641,0.16135678751637117,0.17510415652243716
2019,41,30,4.0,366.0,3960.0,ok,10.819672131147541,0.005912093947372672,0.3733772622752894,0.01583410278211776,-0.1565642258877702,-0.144923402114319
2019,41,31,46.0,3848.0,100051.0,ok,26.000779625779625,0.06215775275816951,0.4506195347778198,0.13793843355862656,0.6866316507039657,0.9870113003679595
2019,41,32,40.0,1457.0,16384.0,ok,11.245024021962937,0.023535302954431646,1.2079025410314121,0.019484438648779693,0.21871522630161008,0.24447683195166195
2019,42,09,544.0,14907.0,103548.0,ok,6.946266854497887,0.2728720483250961,1.8522608909864933,0.14731836624794659,0.08204496813944169,0.08550462185524804
2019,42,10,43.0,733.0,6469.0,ok,8.82537517053206,0.013417536152297273,1.0008678956102959,0.013405901229468156,-0.4473000536910965,-0.36064796044859637
2019,42,11,96.0,3675.0,13946.0,ok,3.794829931972789,0.06727073036792972,2.171003822635084,0.03098600272673818,-0.07818154603825937,-0.07520348184161832
2019,42,12,25.0,308.0,2039.0,ok,6.62012987012987,0.005637927878455061,0.4969679459470406,0.011344650946674672,-0.047307256753932846,-0.046205707174865426
2019,42,13,36.0,342.0,2325.0,ok,6.798245614035087,0.006260296540362438,0.5411174365085848,0.011569201282359932,0.19117437136065893,0.21067053994628568
2019,42,14,15.0,399.0,1614.0,ok,4.045112781954887,0.007303679297089511,0.3000777851197585,0.024339286875816796,-0.782391622944547,-0.5426890130646795
2019,42,15,63.0,1007.0,5922.0,ok,5.880834160873883,0.018433095368844958,0.5651229864220615,0.03261784746281444,0.0022319332221964576,0.0022344258392572704
2019,42,16,16.0,437.0,5846.0,ok,13.377574370709382,0.007999267801574226,0.1619254028147483,0.049400944277568574,-0.3492440153695684,-0.29477897549633936
2019,42,17,7.0,69.0,807.0,ok,11.695652173913043,0.0012630422844590885,0.3610264160920943,0.0034984760897299513,-0.22823902741490523,-0.20406601294720647
2019,42,18,29.0,925.0,7872.0,ok,8.51027027027027,0.016932088596009517,0.28932993650977185,0.058521730589871576,0.18918167520714577,0.20826044351061995
2019,42,19,6.0,85.0,557.0,ok,6.552941176470588,0.0015559216547684422,0.10228934038006567,0.015210985318580303,-0.0022319332030904665,-0.0022294442922175636
2019,42,20,1.0,6.0,,suppressed,,0.00010982976386600769,0.04350599177649432,0.002524474431711431,,
2019,42,21,168.0,2749.0,21057.0,ok,7.659876318661332,0.05032033681127586,1.6348328609143166,0.030780110930198147,-0.20902235170927444,-0.18862290022431777
2019,42,22,26.0,926.0,9152.0,ok,9.883369330453563,0.016950393556653853,0.5852487295813218,0.02896271738817769,0.04615216448563248,0.04723375061871077
2019,42,23,4.0,48.0,113.0,ok,2.3541666666666665,0.0008786381109280615,0.048364676991366345,0.018166938468025095,-1.4238050206449209,-0.7592039623548653
2019,42,24,168.0,4182.0,33231.0,ok,7.946197991391679,0.07655134541460736,0.9646801736919874,0.07935411911870537,0.017127631741629293,0.017275150639149875
2019,42,25,58.0,4935.0,167432.0,ok,33.927456940222896,0.09033498077979132,2.128507280234332,0.04244053173726808,1.3466199698841823,2.8444093262073578
2019,42,26,44.0,1635.0,15818.0,ok,9.674617737003057,0.029928610653487096,0.3713443637126363,0.08059530069142845,0.12071236795357716,0.12830033035648772
2019,42,27,7.0,593.0,5358.0,ok,9.035413153456998,0.010854841662090426,0.3967033282067741,0.02736261808328602,0.049636372977565464,0.05088889529100996
2019,42,28,16.0,4773.0,192331.0,ok,40.29562120259795,0.08736957715540912,1.6425844027223475,0.053190312175500146,1.593722855819832,3.922038902908205
2019,42,29,40.0,2321.0,16535.0,ok,7.124084446359328,0.042485813655500644,0.6520978907433216,0.06515250893860641,0.018472319918668326,0.018643988630882322
2019,42,30,3.0,1090.0,,suppressed,,0.01995240710232473,1.26009079117877,0.01583410278211776,,
2019,42,31,131.0,7795.0,42636.0,ok,5.469660038486209,0.1426871682225883,1.0344264795637501,0.13793843355862656,-0.5354998523386176,-0.4146233848663034
2019,42,32,35.0,690.0,4358.0,ok,6.315942028985507,0.012630422844590884,0.6482312922770257,0.019484438648779693,-0.021355021610062055,-0.021128617620699987
2019,43,09,468.0,18281.0,129600.0,ok,7.089327717302117,0.19420807172982332,1.3182882533665778,0.14731836624794659,-0.006507101170467055,-0.0064859758340491645
2019,43,10,78.0,1739.0,19689.0,ok,11.322024151811386,0.018474253965218686,1.3780687809790468,0.013405901229468156,-0.3071195111381382,-0.264437312279926
2019,43,11,122.0,3566.0,12946.0,ok,3.6303982052720136,0.03788337529612986,1.2225963971609626,0.03098600272673818,-0.23141701356716574,-0.20659146508470969
2019,43,12,120.0,2034.0,13600.0,ok,6.686332350049164,0.021608184338846925,1.904702439979494,0.011344650946674672,-0.14629496131643252,-0.1360971523209884
2019,43,13,46.0,597.0,3419.0,ok,5.726968174204355,0.006342225196800204,0.5481990538508887,0.011569201282359932,-0.08924214542875043,-0.08537592528065172
2019,43,14,23.0,1450.0,33940.0,ok,23.406896551724138,0.015404064548342204,0.632888902083959,0.024339286875816796,0.8641914364117627,1.373086518684838
2019,43,15,84.0,2269.0,15213.0,ok,6.704715733803438,0.02410470514495756,0.7390035523477698,0.03261784746281444,0.024406224885252004,0.0247064946324229
2019,43,16,40.0,3753.0,67824.0,ok,18.071942446043167,0.039869968448226406,0.8070689544760405,0.049400944277568574,-0.15740138356502906,-0.1456389365035406
2019,43,17,18.0,196.0,3882.0,ok,19.806122448979593,0.0020822045872241875,0.5951747371767556,0.0034984760897299513,0.18959670133358683,0.20876200723604785
2019,43,18,99.0,5365.0,57715.0,ok,10.757688723205964,0.056995038828866154,0.9739123955218499,0.058521730589871576,0.314590490894438,0.3696982921711694
2019,43,19,16.0,2125.0,13798.0,ok,6.493176470588235,0.022574922182915298,1.484119648405676,0.015210985318580303,-0.12033227696977841,-0.11337421756186292
2019,43,20,1.0,41.0,,suppressed,,0.00043556320447036575,0.17253619169162349,0.002524474431711431,,
2019,43,21,151.0,3237.0,35809.0,ok,11.06240345999382,0.03438824616757497,1.1172229445683026,0.030780110930198147,0.049595882495932705,0.050846345154940666
2019,43,22,26.0,1278.0,14493.0,ok,11.34037558685446,0.01357682378812506,0.4687689903595507,0.02896271738817769,0.07472989172001186,0.0775930447674658
2019,43,23,14.0,1221.0,13397.0,ok,10.972153972153972,0.012971284698983331,0.7140049888875648,0.018166938468025095,0.006430565639653663,0.006451286117863794
2019,43,24,181.0,6815.0,81885.0,ok,12.01540719002201,0.07239910337720835,0.9123546979194231,0.07935411911870537,0.32168560422124315,0.37945101419852056
2019,43,25,29.0,542.0,3728.0,ok,6.878228782287823,0.005757933093242396,0.13567061621393903,0.04244053173726808,-0.35818169362947094,-0.3010539305793353
2019,43,26,151.0,9859.0,196659.0,ok,19.94715488386246,0.10473701543593503,1.2995424613767106,0.08059530069142845,0.7353549489563559,1.0862223635509585
2019,43,27,14.0,646.0,4759.0,ok,7.36687306501548,0.006862776343606251,0.25080846879189017,0.02736261808328602,-0.2634601528680117,-0.23161176010317117
2019,43,28,46.0,11422.0,147920.0,ok,12.950446506741375,0.12134153466976873,2.2812713388371417,0.053190312175500146,0.34967210255190406,0.4186023162438162
2019,43,29,57.0,4645.0,56966.0,ok,12.263939720129171,0.049346124018654854,0.7573940715798679,0.06515250893860641,0.4527161150689649,0.5725776920309964
2019,43,30,4.0,542.0,,suppressed,,0.005757933093242396,0.36364126041578543,0.01583410278211776,,
2019,43,31,82.0,11577.0,75724.0,ok,6.540900060464715,0.12298817605252255,0.891616447132192,0.13793843355862656,-0.46557974880895303,-0.37222894984902016
2019,43,32,52.0,931.0,5305.0,ok,5.698174006444683,0.00989047178931489,0.5076087624384462,0.019484438648779693,-0.23322437782956276,-0.20802414823603674
2019,44,09,258.0,7279.0,49502.0,ok,6.800659431240555,0.11025613838440448,0.7484208601583057,0.14731836624794659,-0.11476518321357297,-0.10842452378331831
2019,44,10,63.0,1569.0,51887.0,ok,33.07010834926705,0.023765885578394097,1.772792829933221,0.013405901229468156,0.6980732735113255,1.0098764921898131
2019,44,11,60.0,1959.0,9618.0,ok,4.909647779479326,0.02967327587512686,0.9576348436038007,0.03098600272673818,0.003755699730945153,0.0037627612086755273
2019,44,12,103.0,1415.0,11663.0,ok,8.242402826855123,0.02143322376891501,1.889280143537381,0.011344650946674672,-0.003755699730945153,-0.0037486559116265868
2019,44,13,51.0,816.0,4580.0,ok,5.612745098039215,0.012360078159317773,1.068360542586784,0.011569201282359932,-0.17607564944391252,-0.1614454552474434
2019,44,14,16.0,729.0,14441.0,ok,19.809327846364884,0.011042275708508157,0.4536811519929789,0.024339286875816796,0.6306265132434858,0.8787872957340972
2019,44,15,60.0,1117.0,6233.0,ok,5.58012533572068,0.016919371696026902,0.5187151517375761,0.03261784746281444,-0.22588080697097168,-0.2021868102306705
2019,44,16,34.0,3041.0,131815.0,ok,43.34593883590924,0.04606249715990851,0.9324213905932169,0.049400944277568574,0.6507638877636498,0.9170046462388035
2019,44,17,11.0,702.0,33346.0,ok,47.5014245014245,0.010633302534118965,3.0394098062678925,0.0034984760897299513,0.9976781470171551,1.7119776991502746
2019,44,18,76.0,3368.0,33547.0,ok,9.960510688836104,0.05101561671639982,0.8717380057319964,0.058521730589871576,0.17091095625920794,0.1863851041505807
2019,44,19,14.0,1025.0,8303.0,ok,8.100487804878048,0.015525833472182251,1.0206987349608023,0.015210985318580303,0.034153004059620566,0.03474291448352403
2019,44,20,5.0,99.0,321.0,ok,3.242424242424242,0.0014995683060937003,0.5940120792101228,0.002524474431711431,-0.34438101879724825,-0.29134113574503084
2019,44,21,119.0,3661.0,51601.0,ok,14.09478284621688,0.0554537330162529,1.801609264567258,0.030780110930198147,0.22516116707418887,0.25252456564527925
2019,44,22,13.0,2662.0,107635.0,ok,40.43388429752066,0.04032172556385283,1.3921941447494073,0.02896271738817769,1.279341477195879,2.594272035966148
2019,44,23,13.0,1282.0,99152.0,ok,77.34165366614664,0.01941865220618307,1.068900642800165,0.018166938468025095,1.892615477282059,5.636704149830052
2019,44,24,141.0,3757.0,32280.0,ok,8.591961671546446,0.056907859858525575,0.7171380703426049,0.07935411911870537,-0.0803642276347618,-0.07721981687312775
2019,44,25,30.0,2288.0,37677.0,ok,16.46722027972028,0.034656689740832185,0.816594145317913,0.04244053173726808,0.4481417372786552,0.5654005555449899
2019,44,26,77.0,3140.0,24271.0,ok,7.7296178343949045,0.04756206546600221,0.5901344750620252,0.08059530069142845,-0.27935929968331485,-0.24373187250520395
2019,44,27,15.0,3016.0,27361.0,ok,9.071949602122016,0.045683818294733336,1.6695704393374005,0.02736261808328602,-0.12195344847078869,-0.11481042552814721
2019,44,28,29.0,6368.0,105890.0,ok,16.628454773869347,0.09645708053742104,1.8134332473771397,0.053190312175500146,0.5329700567034005,0.7039857346765677
2019,44,29,41.0,2352.0,12506.0,ok,5.317176870748299,0.03562610763568064,0.5468109857327417,0.06515250893860641,-0.4496917621039057,-0.362175276924451
2019,44,30,12.0,4267.0,9526.0,ok,2.2324818373564566,0.06463290870809918,4.081880078553762,0.01583410278211776,-1.573663104732871,-0.7927155148277862
2019,44,31,99.0,9626.0,75159.0,ok,7.807916060669021,0.1458065102470501,1.057040496150621,0.13793843355862656,-0.3552035800192176,-0.29896928716545174
2019,44,32,31.0,481.0,2131.0,ok,4.43035343035343,0.007285781365970402,0.3739282150900821,0.019484438648779693,-0.5515779395203094,-0.42395986363251065
2019,45,09,358.0,13851.0,83546.0,ok,6.031766659446971,0.2505381206475536,1.7006577457279244,0.14731836624794659,-0.12575018489978762,-0.11816488500326867
2019,45,10,101.0,2929.0,55887.0,ok,19.08057357459884,0.052980012661662294,3.951991869461516,0.013405901229468156,0.2571088320895696,0.29318585922037155
2019,45,11,87.0,4086.0,42614.0,ok,10.429270680372001,0.07390793162702361,2.3852038056928073,0.03098600272673818,0.866164472023381,1.377773324993103
2019,45,12,126.0,2997.0,18228.0,ok,6.082082082082082,0.05421000271321335,4.778463697827856,0.011344650946674672,-0.1987058864797883,-0.18020903051281675
2019,45,13,37.0,461.0,2767.0,ok,6.002169197396963,0.008338609025956407,0.7207592661276151,0.011569201282359932,0.0,0.0
2019,45,14,15.0,820.0,13149.0,ok,16.035365853658536,0.014832232974586235,0.6093947226253105,0.024339286875816796,0.5282648667519577,0.6959869906821847
2019,45,15,54.0,993.0,7779.0,ok,7.833836858006042,0.017961472370444063,0.5506639391492897,0.03261784746281444,0.22235500024873878,0.24901469969901838
2019,45,16,21.0,1940.0,55854.0,ok,28.790721649484535,0.035090892647191826,0.7103283785432722,0.049400944277568574,0.3505986771499167,0.41991736626661746
2019,45,17,15.0,122.0,1756.0,ok,14.39344262295082,0.0022067468571945375,0.6307737427940738,0.0034984760897299513,-0.0873141888178739,-0.08361086881992236
2019,45,18,58.0,2220.0,26885.0,ok,12.11036036036036,0.04015555756534322,0.686164902517305,0.058521730589871576,0.4753385611728501,0.6085587008270872
2019,45,19,10.0,2149.0,53497.0,ok,24.893904141461146,0.038871303246811977,2.5554756929079714,0.015210985318580303,1.2658463160708413,2.5460925816617292
2019,45,20,,,,absent_from_source,,0.0,0.0,0.002524474431711431,,
2019,45,21,103.0,2109.0,18843.0,ok,8.934566145092461,0.03814777968707606,1.2393645940258633,0.030780110930198147,-0.12172132549092918,-0.11460492883705078
2019,45,22,10.0,456.0,6548.0,ok,14.359649122807017,0.008248168580989418,0.28478572885416625,0.02896271738817769,0.35309008729678704,0.4234593732645993
2019,45,23,4.0,191.0,1408.0,ok,7.371727748691099,0.003454824997738989,0.19017100783490234,0.018166938468025095,-0.3489704469700974,-0.2945860229177319
2019,45,24,100.0,2191.0,17247.0,ok,7.871748060246463,0.03963100298453468,0.4994196070055405,0.07935411911870537,-0.058916514950985266,-0.05721452563676237
2019,45,25,21.0,678.0,9666.0,ok,14.256637168141593,0.01226372433752374,0.2889625514930733,0.04244053173726808,0.4129871813544996,0.5113256526620473
2019,45,26,70.0,2795.0,25617.0,ok,9.165295169946333,0.05055620873654698,0.6272848206139119,0.08059530069142845,0.0,0.0
2019,45,27,18.0,1509.0,13082.0,ok,8.669317428760769,0.02729492629103735,0.9975261215121072,0.02736261808328602,-0.058355945568039025,-0.056685880807938495
2019,45,28,25.0,5219.0,76088.0,ok,14.579038129909945,0.09440173645654337,1.7747919234816132,0.053190312175500146,0.5104340731196864,0.6660142099994102
2019,45,29,24.0,2242.0,12544.0,ok,5.595004460303301,0.04055349552319797,0.6224395066874826,0.06515250893860641,-0.28976548745678876,-0.2515609346517998
2019,45,30,5.0,1310.0,8110.0,ok,6.190839694656488,0.02369539658135118,1.4964786390114615,0.01583410278211776,-0.4447116371936565,-0.3589909074352452
2019,45,31,28.0,3061.0,18927.0,ok,6.183273440052271,0.05536764040879081,0.40139386087241935,0.13793843355862656,-0.4794992297543461,-0.38090666228337006
2019,45,32,47.0,956.0,5658.0,ok,5.918410041841004,0.017292213077688343,0.8874883895498499,0.019484438648779693,-0.15299482790529564,-0.1418658398489386
2019,46,09,629.0,24529.0,152143.0,ok,6.202576542052265,0.3526156146227161,2.3935618049771246,0.14731836624794659,-0.03280897248682851,-0.03227659627143612
2019,46,10,320.0,5500.0,84400.0,ok,15.345454545454546,0.07906502019751879,5.89777731792639,0.013405901229468156,0.10427379589070156,0.10990430055440453
2019,46,11,77.0,2007.0,6056.0,ok,3.0174389636273045,0.028851544642985495,0.9311154103168384,0.03098600272673818,-0.3090270414756861,-0.2658390830367492
2019,46,12,79.0,1075.0,7191.0,ok,6.689302325581395,0.015453617584060492,1.3621941879657598,0.011344650946674672,-0.03852700743843692,-0.03779428232278671
2019,46,13,41.0,365.0,2121.0,ok,5.810958904109589,0.0052470422494717015,0.45353539292916417,0.011569201282359932,0.03264104575964439,0.03317960847019238
2019,46,14,20.0,867.0,13022.0,ok,15.019607843137255,0.012463522274772508,0.5120742583118203,0.024339286875816796,0.5278411365073338,0.6952685019332008
2019,46,15,93.0,1588.0,9376.0,ok,5.904282115869018,0.022828227649756335,0.6998692257599575,0.03261784746281444,0.004596841664580805,0.004607423349121835
2019,46,16,20.0,436.0,8246.0,ok,18.912844036697248,0.006267699782930581,0.12687408863511437,0.049400944277568574,-0.004596841651712702,-0.00458629234581373
2019,46,17,17.0,174.0,2394.0,ok,13.758620689655173,0.0025013297298851402,0.7149769401677457,0.0034984760897299513,-0.0674049498085592,-0.06518342911263213
2019,46,18,33.0,825.0,5686.0,ok,6.8921212121212125,0.01185975302962782,0.2026555419685487,0.058521730589871576,-0.02332746576060834,-0.02305748383720799
2019,46,19,2.0,18.0,,suppressed,,0.00025875824791915243,0.017011274582132283,0.015210985318580303,,
2019,46,20,1.0,12.0,,suppressed,,0.00017250549861276828,0.0683332326308493,0.002524474431711431,,
2019,46,21,165.0,7280.0,77612.0,ok,10.660989010989011,0.10465333582507942,3.4000311455149688,0.030780110930198147,0.1199586576335175,0.12745023915487044
2019,46,22,7.0,138.0,1584.0,ok,11.478260869565217,0.0019838132340468354,0.06849541109898097,0.02896271738817769,0.1941392271050448,0.21426532983463542
2019,46,23,4.0,440.0,7787.0,ok,17.697727272727274,0.0063252016158015035,0.34817102655652404,0.018166938468025095,0.5918300545909548,0.8072928353917392
2019,46,24,135.0,2655.0,21654.0,ok,8.155932203389831,0.03816684156807498,0.4809686250940726,0.07935411911870537,0.041565252115615854,0.04244118112472205
2019,46,25,21.0,388.0,3068.0,ok,7.907216494845361,0.005577677788479508,0.13142337195510706,0.04244053173726808,-0.11144317867852982,-0.1054577809697961
2019,46,26,94.0,3513.0,29941.0,ok,8.52291488756049,0.05050098471888791,0.6265996191544557,0.08059530069142845,-0.007649300135165008,-0.007620118692163258
2019,46,27,16.0,446.0,2615.0,ok,5.86322869955157,0.006411454365107888,0.23431436076740822,0.02736261808328602,-0.3844291992746582,-0.31916085120762255
2019,46,28,58.0,12378.0,142356.0,ok,11.500727096461464,0.1779394218190705,3.3453351661476187,0.053190312175500146,0.3382759613184056,0.40252749334190074
2019,46,29,35.0,2599.0,47126.0,ok,18.13235859946133,0.03736181590788206,0.5734516830823555,0.06515250893860641,0.9510748651956865,1.5884904428507864
2019,46,30,4.0,421.0,2871.0,ok,6.819477434679335,0.006052067909664621,0.3822172934547023,0.01583410278211776,-0.28298314010150455,-0.2464675077660482
2019,46,31,19.0,734.0,8012.0,ok,10.915531335149863,0.010551586331814326,0.07649489746691732,0.13793843355862656,0.15385600589107115,0.16632293105523177
2019,46,32,54.0,1175.0,6321.0,ok,5.3795744680851065,0.016891163405833562,0.8669053140461633,0.019484438648779693,-0.18343700925363673,-0.16759569214486394
2019,47,09,345.0,11609.0,62162.0,ok,5.354638642432596,0.45778619030718876,3.107461764385197,0.14731836624794659,-0.10296411536597691,-0.09784065344135326
2019,47,10,93.0,1876.0,20506.0,ok,10.930703624733475,0.07397768050790646,5.518292223822488,0.013405901229468156,-0.1581234248821679,-0.146255597836868
2019,47,11,42.0,681.0,1807.0,ok,2.6534508076358296,0.026854371229149413,0.8666613588714516,0.03098600272673818,-0.36072809042716625,-0.3028314605035376
2019,47,12,9.0,66.0,326.0,ok,4.9393939393939394,0.002602626286525494,0.2294143996813205,0.011344650946674672,-0.2649475377121354,-0.2327537995889395
2019,47,13,40.0,429.0,2280.0,ok,5.314685314685315,0.01691707086241571,1.4622505434502129,0.011569201282359932,0.020215660724673096,0.020421381113315703
2019,47,14,6.0,391.0,1663.0,ok,4.253196930946292,0.01541858906108285,0.6334856538628731,0.024339286875816796,-0.6569980683746196,-0.48159478198253475
2019,47,15,72.0,1326.0,9122.0,ok,6.879336349924586,0.05228912812019401,1.603083348151823,0.03261784746281444,0.23428757110745604,0.2640079321087355
2019,47,16,27.0,694.0,3840.0,ok,5.53314121037464,0.027367009740131707,0.553977462178961,0.049400944277568574,-1.1568360135678057,-0.6855203823128752
2019,47,17,10.0,80.0,2018.0,ok,25.225,0.0031546985291218107,0.9017350549808454,0.0034984760897299513,0.6156114424544742,0.8507879039580188
2019,47,18,20.0,560.0,3981.0,ok,7.108928571428572,0.022082889703852675,0.3773451243028446,0.058521730589871576,0.08449158056099995,0.08816368246568906
2019,47,19,,,,absent_from_source,,0.0,0.0,0.015210985318580303,,
2019,47,20,3.0,19.0,,suppressed,,0.0007492409006664301,0.29679084535567785,0.002524474431711431,,
2019,47,21,149.0,2873.0,29177.0,ok,10.155586494953011,0.11329311092708703,3.680724581662764,0.030780110930198147,0.14823782602806404,0.15978869150393651
2019,47,22,8.0,674.0,5040.0,ok,7.4777448071216615,0.026578335107851257,0.9176740825672761,0.02896271738817769,-0.1575379970322641,-0.14575564575848596
2019,47,23,,,,absent_from_source,,0.0,0.0,0.018166938468025095,,
2019,47,24,147.0,2533.0,21425.0,ok,8.458349782866167,0.09988564217831933,1.2587329213358285,0.07935411911870537,0.15482021831186668,0.1674480564547869
2019,47,25,8.0,110.0,840.0,ok,7.636363636363637,0.00433771047754249,0.10220678912308347,0.04244053173726808,-0.06945106257071013,-0.06709421372157064
2019,47,26,13.0,301.0,2907.0,ok,9.6578073089701,0.011869553215820812,0.14727351488227866,0.08059530069142845,0.1942053433179647,0.21434561511377406
2019,47,27,11.0,183.0,1400.0,ok,7.6502732240437155,0.007216372885366142,0.2637310824352052,0.02736261808328602,-0.04154184806493841,-0.04069081073178807
2019,47,28,1.0,65.0,,suppressed,,0.002563192554911471,0.0481890865098569,0.053190312175500146,,
2019,47,29,10.0,306.0,2214.0,ok,7.235294117647059,0.012066721873890926,0.18520732463674527,0.06515250893860641,0.10919417939580958,0.11537891291818139
2019,47,30,,,,absent_from_source,,0.0,0.0,0.01583410278211776,,
2019,47,31,9.0,138.0,1196.0,ok,8.666666666666666,0.005441854962735124,0.039451332180180425,0.13793843355862656,0.0,0.0
2019,47,32,35.0,445.0,2752.0,ok,6.1842696629213485,0.017548010568240072,0.9006166861953244,0.019484438648779693,0.032809044666068155,0.03335319609541203
